{
	"textures": {
		"0": "item/crates/summer22_crate/armor/bootsanim"
	},
	"elements": [
		{
			"name": "boots_0",
			"from": [5, 0, 2],
			"to": [7, 1, 12],
			"faces": {
				"north": {"uv": [7, 2, 5, 3], "texture": "#0"},
				"east": {"uv": [6, 2, 7, 12], "rotation": 90, "texture": "#0"},
				"south": {"uv": [5, 11, 7, 12], "texture": "#0"},
				"west": {"uv": [5, 2, 6, 12], "rotation": 270, "texture": "#0"},
				"up": {"uv": [5, 2, 7, 12], "texture": "#0"},
				"down": {"uv": [5, 12, 7, 2], "texture": "#0"}
			}
		},
		{
			"name": "boots_1",
			"from": [9, 0, 2],
			"to": [11, 1, 12],
			"faces": {
				"north": {"uv": [11, 2, 9, 3], "texture": "#0"},
				"east": {"uv": [10, 2, 11, 12], "rotation": 90, "texture": "#0"},
				"south": {"uv": [9, 11, 11, 12], "texture": "#0"},
				"west": {"uv": [9, 2, 10, 12], "rotation": 270, "texture": "#0"},
				"up": {"uv": [9, 2, 11, 12], "texture": "#0"},
				"down": {"uv": [9, 12, 11, 2], "texture": "#0"}
			}
		},
		{
			"name": "boots_2",
			"from": [4, 0, 3],
			"to": [5, 1, 13],
			"faces": {
				"north": {"uv": [5, 3, 4, 4], "texture": "#0"},
				"east": {"uv": [4, 3, 5, 13], "rotation": 90, "texture": "#0"},
				"south": {"uv": [4, 12, 5, 13], "texture": "#0"},
				"west": {"uv": [4, 3, 5, 13], "rotation": 270, "texture": "#0"},
				"up": {"uv": [4, 3, 5, 13], "texture": "#0"},
				"down": {"uv": [4, 13, 5, 3], "texture": "#0"}
			}
		},
		{
			"name": "boots_3",
			"from": [11, 0, 3],
			"to": [12, 1, 13],
			"faces": {
				"north": {"uv": [12, 3, 11, 4], "texture": "#0"},
				"east": {"uv": [11, 3, 12, 13], "rotation": 90, "texture": "#0"},
				"south": {"uv": [11, 12, 12, 13], "texture": "#0"},
				"west": {"uv": [11, 3, 12, 13], "rotation": 270, "texture": "#0"},
				"up": {"uv": [11, 3, 12, 13], "texture": "#0"},
				"down": {"uv": [11, 13, 12, 3], "texture": "#0"}
			}
		},
		{
			"name": "boots_4",
			"from": [3, 0, 4],
			"to": [4, 1, 13],
			"faces": {
				"north": {"uv": [4, 4, 3, 5], "texture": "#0"},
				"east": {"uv": [3, 4, 4, 13], "rotation": 90, "texture": "#0"},
				"south": {"uv": [3, 12, 4, 13], "texture": "#0"},
				"west": {"uv": [3, 4, 4, 13], "rotation": 270, "texture": "#0"},
				"up": {"uv": [3, 4, 4, 13], "texture": "#0"},
				"down": {"uv": [3, 13, 4, 4], "texture": "#0"}
			}
		},
		{
			"name": "boots_5",
			"from": [12, 0, 4],
			"to": [13, 1, 13],
			"faces": {
				"north": {"uv": [13, 4, 12, 5], "texture": "#0"},
				"east": {"uv": [12, 4, 13, 13], "rotation": 90, "texture": "#0"},
				"south": {"uv": [12, 12, 13, 13], "texture": "#0"},
				"west": {"uv": [12, 4, 13, 13], "rotation": 270, "texture": "#0"},
				"up": {"uv": [12, 4, 13, 13], "texture": "#0"},
				"down": {"uv": [12, 13, 13, 4], "texture": "#0"}
			}
		},
		{
			"name": "boots_6",
			"from": [2, 0, 9],
			"to": [3, 1, 13],
			"faces": {
				"north": {"uv": [3, 9, 2, 10], "texture": "#0"},
				"east": {"uv": [2, 9, 3, 13], "rotation": 90, "texture": "#0"},
				"south": {"uv": [2, 12, 3, 13], "texture": "#0"},
				"west": {"uv": [2, 9, 3, 13], "rotation": 270, "texture": "#0"},
				"up": {"uv": [2, 9, 3, 13], "texture": "#0"},
				"down": {"uv": [2, 13, 3, 9], "texture": "#0"}
			}
		},
		{
			"name": "boots_7",
			"from": [13, 0, 9],
			"to": [14, 1, 13],
			"faces": {
				"north": {"uv": [14, 9, 13, 10], "texture": "#0"},
				"east": {"uv": [13, 9, 14, 13], "rotation": 90, "texture": "#0"},
				"south": {"uv": [13, 12, 14, 13], "texture": "#0"},
				"west": {"uv": [13, 9, 14, 13], "rotation": 270, "texture": "#0"},
				"up": {"uv": [13, 9, 14, 13], "texture": "#0"},
				"down": {"uv": [13, 13, 14, 9], "texture": "#0"}
			}
		},
		{
			"name": "boots_8",
			"from": [1, 0, 10],
			"to": [2, 1, 13],
			"faces": {
				"north": {"uv": [2, 10, 1, 11], "texture": "#0"},
				"east": {"uv": [1, 10, 2, 13], "rotation": 90, "texture": "#0"},
				"south": {"uv": [1, 12, 2, 13], "texture": "#0"},
				"west": {"uv": [1, 10, 2, 13], "rotation": 270, "texture": "#0"},
				"up": {"uv": [1, 10, 2, 13], "texture": "#0"},
				"down": {"uv": [1, 13, 2, 10], "texture": "#0"}
			}
		},
		{
			"name": "boots_9",
			"from": [14, 0, 10],
			"to": [15, 1, 13],
			"faces": {
				"north": {"uv": [15, 10, 14, 11], "texture": "#0"},
				"east": {"uv": [14, 10, 15, 13], "rotation": 90, "texture": "#0"},
				"south": {"uv": [14, 12, 15, 13], "texture": "#0"},
				"west": {"uv": [14, 10, 15, 13], "rotation": 270, "texture": "#0"},
				"up": {"uv": [14, 10, 15, 13], "texture": "#0"},
				"down": {"uv": [14, 13, 15, 10], "texture": "#0"}
			}
		}
	],
	"gui_light": "front",
	"display": {
		"thirdperson_righthand": {
			"rotation": [-180, 0, 90],
			"translation": [-4.25, 0, 0],
			"scale": [0.6, 0.6, 0.6]
		},
		"thirdperson_lefthand": {
			"rotation": [-180, 0, 90],
			"translation": [-4.25, 0, 0],
			"scale": [0.6, 0.6, 0.6]
		},
		"firstperson_righthand": {
			"rotation": [45, 0, -90],
			"translation": [7, 2.75, -1.25],
			"scale": [0.6, 0.6, 0.6]
		},
		"firstperson_lefthand": {
			"rotation": [45, 0, -90],
			"translation": [7, 2.75, -1.25],
			"scale": [0.6, 0.6, 0.6]
		},
		"ground": {
			"translation": [0, 2.5, 0],
			"scale": [0.6, 0.6, 0.6]
		},
		"gui": {
			"rotation": [90, 0, 0]
		},
		"fixed": {
			"rotation": [90, 0, 0],
			"translation": [0, 0, 6.75]
		}
	},
	"groups": [
		{
			"name": "boots",
			"origin": [8, 8, 8],
			"color": 0,
			"boneType": "",
			"children": [0, 1, 2, 3, 4, 5, 6, 7, 8, 9]
		}
	]
}