{
	"textures": {
		"0": "item/crates/summer22_crate/armor/leggingsanim"
	},
	"elements": [
		{
			"name": "leggings_0",
			"from": [3, 0, 2],
			"to": [13, 1, 6],
			"faces": {
				"north": {"uv": [13, 2, 3, 3], "texture": "#0"},
				"east": {"uv": [12, 2, 13, 6], "rotation": 90, "texture": "#0"},
				"south": {"uv": [3, 5, 13, 6], "texture": "#0"},
				"west": {"uv": [3, 2, 4, 6], "rotation": 270, "texture": "#0"},
				"up": {"uv": [3, 2, 13, 6], "texture": "#0"},
				"down": {"uv": [3, 6, 13, 2], "texture": "#0"}
			}
		},
		{
			"name": "leggings_1",
			"from": [3, 0, 6],
			"to": [7, 1, 14],
			"faces": {
				"north": {"uv": [7, 6, 3, 7], "texture": "#0"},
				"east": {"uv": [6, 6, 7, 14], "rotation": 90, "texture": "#0"},
				"south": {"uv": [3, 13, 7, 14], "texture": "#0"},
				"west": {"uv": [3, 6, 4, 14], "rotation": 270, "texture": "#0"},
				"up": {"uv": [3, 6, 7, 14], "texture": "#0"},
				"down": {"uv": [3, 14, 7, 6], "texture": "#0"}
			}
		},
		{
			"name": "leggings_2",
			"from": [9, 0, 6],
			"to": [13, 1, 14],
			"faces": {
				"north": {"uv": [13, 6, 9, 7], "texture": "#0"},
				"east": {"uv": [12, 6, 13, 14], "rotation": 90, "texture": "#0"},
				"south": {"uv": [9, 13, 13, 14], "texture": "#0"},
				"west": {"uv": [9, 6, 10, 14], "rotation": 270, "texture": "#0"},
				"up": {"uv": [9, 6, 13, 14], "texture": "#0"},
				"down": {"uv": [9, 14, 13, 6], "texture": "#0"}
			}
		}
	],
	"gui_light": "front",
	"display": {
		"thirdperson_righthand": {
			"rotation": [-180, 0, 90],
			"translation": [-4.25, 0, 0],
			"scale": [0.6, 0.6, 0.6]
		},
		"thirdperson_lefthand": {
			"rotation": [-180, 0, 90],
			"translation": [-4.25, 0, 0],
			"scale": [0.6, 0.6, 0.6]
		},
		"firstperson_righthand": {
			"rotation": [45, 0, -90],
			"translation": [7, 2.75, -1.25],
			"scale": [0.6, 0.6, 0.6]
		},
		"firstperson_lefthand": {
			"rotation": [45, 0, -90],
			"translation": [7, 2.75, -1.25],
			"scale": [0.6, 0.6, 0.6]
		},
		"ground": {
			"translation": [0, 2.5, 0],
			"scale": [0.6, 0.6, 0.6]
		},
		"gui": {
			"rotation": [90, 0, 0]
		},
		"fixed": {
			"rotation": [90, 0, 0],
			"translation": [0, 0, 6.75]
		}
	},
	"groups": [
		{
			"name": "leggings",
			"origin": [8, 8, 8],
			"color": 0,
			"boneType": "",
			"children": [0, 1, 2]
		}
	]
}