{
	"textures": {
		"0": "item/crates/summer22_crate/lifering"
	},
	"elements": [
		{
			"from": [0, 0, -7],
			"to": [16, 3, -4],
			"faces": {
				"north": {"uv": [0, 2.5, 4, 3.25], "texture": "#0"},
				"east": {"uv": [6.5, 4.5, 7.25, 5.25], "texture": "#0"},
				"south": {"uv": [3, 0, 7, 0.75], "texture": "#0"},
				"west": {"uv": [6.5, 5.25, 7.25, 6], "texture": "#0"},
				"up": {"uv": [7, 1.5, 3, 0.75], "texture": "#0"},
				"down": {"uv": [7, 1.5, 3, 2.25], "texture": "#0"}
			}
		},
		{
			"from": [0, 0, 6],
			"to": [16, 3, 9],
			"faces": {
				"north": {"uv": [0, 3.25, 4, 4], "texture": "#0"},
				"east": {"uv": [6, 6.75, 6.75, 7.5], "texture": "#0"},
				"south": {"uv": [0, 4, 4, 4.75], "texture": "#0"},
				"west": {"uv": [6.75, 6.75, 7.5, 7.5], "texture": "#0"},
				"up": {"uv": [8, 3, 4, 2.25], "texture": "#0"},
				"down": {"uv": [8, 3, 4, 3.75], "texture": "#0"}
			}
		},
		{
			"from": [2, 1.5, -12],
			"to": [14, 1.5, -7],
			"faces": {
				"north": {"uv": [0, 0, 3, 0], "texture": "#0"},
				"east": {"uv": [0, 0, 1.25, 0], "texture": "#0"},
				"south": {"uv": [0, 0, 3, 0], "texture": "#0"},
				"west": {"uv": [0, 0, 1.25, 0], "texture": "#0"},
				"up": {"uv": [3, 1.25, 0, 0], "texture": "#0"},
				"down": {"uv": [3, 0, 0, 1.25], "texture": "#0"}
			}
		},
		{
			"from": [0, 0, -4],
			"to": [3, 3, 6],
			"faces": {
				"north": {"uv": [7, 0, 7.75, 0.75], "texture": "#0"},
				"east": {"uv": [4, 3.75, 6.5, 4.5], "texture": "#0"},
				"south": {"uv": [7, 0.75, 7.75, 1.5], "texture": "#0"},
				"west": {"uv": [4, 4.5, 6.5, 5.25], "texture": "#0"},
				"up": {"uv": [0.75, 7.25, 0, 4.75], "texture": "#0"},
				"down": {"uv": [1.5, 4.75, 0.75, 7.25], "texture": "#0"}
			}
		},
		{
			"from": [13, 0, -4],
			"to": [16, 3, 6],
			"faces": {
				"north": {"uv": [7, 1.5, 7.75, 2.25], "texture": "#0"},
				"east": {"uv": [1.5, 4.75, 4, 5.5], "texture": "#0"},
				"south": {"uv": [0, 7.25, 0.75, 8], "texture": "#0"},
				"west": {"uv": [4, 5.25, 6.5, 6], "texture": "#0"},
				"up": {"uv": [2.25, 8, 1.5, 5.5], "texture": "#0"},
				"down": {"uv": [3, 5.5, 2.25, 8], "texture": "#0"}
			}
		},
		{
			"from": [16, 1.5, -4],
			"to": [19, 1.5, 6],
			"faces": {
				"north": {"uv": [0, 0, 0.75, 0], "texture": "#0"},
				"east": {"uv": [0, 0, 2.5, 0], "texture": "#0"},
				"south": {"uv": [0, 0, 0.75, 0], "texture": "#0"},
				"west": {"uv": [0, 0, 2.5, 0], "texture": "#0"},
				"up": {"uv": [3.75, 8, 3, 5.5], "texture": "#0"},
				"down": {"uv": [3.75, 5.5, 3, 8], "texture": "#0"}
			}
		},
		{
			"from": [-3, 1.5, -4],
			"to": [0, 1.5, 6],
			"faces": {
				"north": {"uv": [0, 0, 0.75, 0], "texture": "#0"},
				"east": {"uv": [0, 0, 2.5, 0], "texture": "#0"},
				"south": {"uv": [0, 0, 0.75, 0], "texture": "#0"},
				"west": {"uv": [0, 0, 2.5, 0], "texture": "#0"},
				"up": {"uv": [5.25, 8.5, 4.5, 6], "texture": "#0"},
				"down": {"uv": [5.25, 6, 4.5, 8.5], "texture": "#0"}
			}
		},
		{
			"from": [4, 1.5, 3],
			"to": [12, 1.5, 6],
			"faces": {
				"north": {"uv": [0, 0, 2, 0], "texture": "#0"},
				"east": {"uv": [0, 0, 0.75, 0], "texture": "#0"},
				"south": {"uv": [0, 0, 2, 0], "texture": "#0"},
				"west": {"uv": [0, 0, 0.75, 0], "texture": "#0"},
				"up": {"uv": [8, 6.75, 6, 6], "texture": "#0"},
				"down": {"uv": [8, 6, 6, 6.75], "texture": "#0"}
			}
		}
	],
	"gui_light": "front",
	"display": {
		"thirdperson_righthand": {
			"rotation": [-47, 0, -90],
			"translation": [6.75, 2.5, 9.75]
		},
		"thirdperson_lefthand": {
			"rotation": [-47, 0, -90],
			"translation": [6.75, 1.75, 9.25]
		},
		"firstperson_righthand": {
			"rotation": [-76, 0, -90],
			"translation": [9.25, 0, 0]
		},
		"firstperson_lefthand": {
			"rotation": [-76, 0, -90],
			"translation": [9.25, 0, 0]
		},
		"ground": {
			"translation": [0, 4, 5.5],
			"scale": [0.7, 0.7, 0.7]
		},
		"gui": {
			"rotation": [30, 45, 0],
			"translation": [3.75, 2.25, 0],
			"scale": [0.7, 0.7, 0.7]
		},
		"head": {
			"rotation": [-90, 35, -180],
			"translation": [5.5, -70, 15],
			"scale": [1.25, 1.25, 1.25]
		},
		"fixed": {
			"rotation": [-90, 0, 0],
			"translation": [0, 0, -8]
		}
	},
	"groups": [
		{
			"name": "group",
			"origin": [0, 0, 0],
			"color": 0,
			"children": [0, 1, 2, 3, 4, 5, 6, 7]
		}
	]
}