{
	"textures": {
		"0": "item/crates/summer22_crate/icecream"
	},
	"elements": [
		{
			"from": [7.25, -11, 7.5],
			"to": [8.25, -9.5, 8.5],
			"rotation": {"angle": 0, "axis": "y", "origin": [7.25, -3, 4]},
			"faces": {
				"north": {"uv": [10, 11, 11, 12.5], "texture": "#0"},
				"east": {"uv": [11, 11, 12, 12.5], "texture": "#0"},
				"south": {"uv": [11.5, 6, 12.5, 7.5], "texture": "#0"},
				"west": {"uv": [11.5, 7.5, 12.5, 9], "texture": "#0"},
				"up": {"uv": [13, 3, 12, 2], "texture": "#0"},
				"down": {"uv": [4, 12, 3, 13], "texture": "#0"}
			}
		},
		{
			"from": [6.75, -8.5, 7],
			"to": [8.75, -6.5, 9],
			"rotation": {"angle": 0, "axis": "y", "origin": [7.25, -3, 4]},
			"faces": {
				"north": {"uv": [0, 0, 2, 2], "texture": "#0"},
				"east": {"uv": [0, 2, 2, 4], "texture": "#0"},
				"south": {"uv": [2, 0, 4, 2], "texture": "#0"},
				"west": {"uv": [2, 2, 4, 4], "texture": "#0"},
				"up": {"uv": [2, 6, 0, 4], "texture": "#0"},
				"down": {"uv": [6, 0, 4, 2], "texture": "#0"}
			}
		},
		{
			"from": [6.75, -4.5, 7],
			"to": [8.75, -2.5, 9],
			"rotation": {"angle": 0, "axis": "y", "origin": [7.25, -3, 4]},
			"faces": {
				"north": {"uv": [0, 0, 2, 2], "texture": "#0"},
				"east": {"uv": [0, 2, 2, 4], "texture": "#0"},
				"south": {"uv": [2, 0, 4, 2], "texture": "#0"},
				"west": {"uv": [2, 2, 4, 4], "texture": "#0"},
				"up": {"uv": [2, 6, 0, 4], "texture": "#0"},
				"down": {"uv": [6, 0, 4, 2], "texture": "#0"}
			}
		},
		{
			"from": [6.75, -9.5, 7],
			"to": [8.75, -8.5, 9],
			"rotation": {"angle": 0, "axis": "y", "origin": [7.25, -3, 4]},
			"faces": {
				"north": {"uv": [8, 10, 10, 11], "texture": "#0"},
				"east": {"uv": [10, 9, 12, 10], "texture": "#0"},
				"south": {"uv": [10, 10, 12, 11], "texture": "#0"},
				"west": {"uv": [8, 11, 10, 12], "texture": "#0"},
				"up": {"uv": [4, 6, 2, 4], "texture": "#0"},
				"down": {"uv": [6, 2, 4, 4], "texture": "#0"}
			}
		},
		{
			"from": [6.75, -6.5, 7],
			"to": [8.75, -4.5, 9],
			"rotation": {"angle": 0, "axis": "y", "origin": [7.25, -3, 4]},
			"faces": {
				"north": {"uv": [6, 4, 8, 6], "texture": "#0"},
				"east": {"uv": [6, 6, 8, 8], "texture": "#0"},
				"south": {"uv": [0, 8, 2, 10], "texture": "#0"},
				"west": {"uv": [8, 0, 10, 2], "texture": "#0"},
				"up": {"uv": [4, 10, 2, 8], "texture": "#0"},
				"down": {"uv": [10, 2, 8, 4], "texture": "#0"}
			}
		},
		{
			"from": [6.75, -2.5, 7],
			"to": [8.75, -0.5, 9],
			"rotation": {"angle": 0, "axis": "y", "origin": [7.25, -3, 4]},
			"faces": {
				"north": {"uv": [6, 4, 8, 6], "texture": "#0"},
				"east": {"uv": [6, 6, 8, 8], "texture": "#0"},
				"south": {"uv": [0, 8, 2, 10], "texture": "#0"},
				"west": {"uv": [8, 0, 10, 2], "texture": "#0"},
				"up": {"uv": [4, 10, 2, 8], "texture": "#0"},
				"down": {"uv": [10, 2, 8, 4], "texture": "#0"}
			}
		},
		{
			"from": [6.75, -0.5, 7],
			"to": [8.75, 1.5, 9],
			"rotation": {"angle": 0, "axis": "y", "origin": [7.25, -3, 4]},
			"faces": {
				"north": {"uv": [0, 0, 2, 2], "texture": "#0"},
				"east": {"uv": [0, 2, 2, 4], "texture": "#0"},
				"south": {"uv": [2, 0, 4, 2], "texture": "#0"},
				"west": {"uv": [2, 2, 4, 4], "texture": "#0"},
				"up": {"uv": [2, 6, 0, 4], "texture": "#0"},
				"down": {"uv": [6, 0, 4, 2], "texture": "#0"}
			}
		},
		{
			"from": [6.75, 1.5, 7],
			"to": [8.75, 3.5, 9],
			"rotation": {"angle": 0, "axis": "y", "origin": [7.25, -3, 4]},
			"faces": {
				"north": {"uv": [6, 4, 8, 6], "texture": "#0"},
				"east": {"uv": [6, 6, 8, 8], "texture": "#0"},
				"south": {"uv": [0, 8, 2, 10], "texture": "#0"},
				"west": {"uv": [8, 0, 10, 2], "texture": "#0"},
				"up": {"uv": [4, 10, 2, 8], "texture": "#0"},
				"down": {"uv": [10, 2, 8, 4], "texture": "#0"}
			}
		},
		{
			"from": [6.75, 3.5, 7],
			"to": [8.75, 5.5, 9],
			"rotation": {"angle": 0, "axis": "y", "origin": [7.25, -3, 4]},
			"faces": {
				"north": {"uv": [0, 0, 2, 2], "texture": "#0"},
				"east": {"uv": [0, 2, 2, 4], "texture": "#0"},
				"south": {"uv": [2, 0, 4, 2], "texture": "#0"},
				"west": {"uv": [2, 2, 4, 4], "texture": "#0"},
				"up": {"uv": [2, 6, 0, 4], "texture": "#0"},
				"down": {"uv": [6, 0, 4, 2], "texture": "#0"}
			}
		},
		{
			"from": [7, -9.5, 7.25],
			"to": [8.5, -8.5, 8.75],
			"rotation": {"angle": 0, "axis": "y", "origin": [7.5, -3, 4]},
			"faces": {
				"north": {"uv": [0, 12, 1.5, 13], "texture": "#0"},
				"east": {"uv": [12, 0, 13.5, 1], "texture": "#0"},
				"south": {"uv": [12, 1, 13.5, 2], "texture": "#0"},
				"west": {"uv": [1.5, 12, 3, 13], "texture": "#0"},
				"up": {"uv": [11.5, 7.5, 10, 6], "texture": "#0"},
				"down": {"uv": [11.5, 7.5, 10, 9], "texture": "#0"}
			}
		},
		{
			"from": [6.75, 5.5, 7],
			"to": [8.75, 7.5, 9],
			"rotation": {"angle": 0, "axis": "y", "origin": [7.25, -4.5, 4]},
			"faces": {
				"north": {"uv": [6, 4, 8, 6], "texture": "#0"},
				"east": {"uv": [6, 6, 8, 8], "texture": "#0"},
				"south": {"uv": [0, 8, 2, 10], "texture": "#0"},
				"west": {"uv": [8, 0, 10, 2], "texture": "#0"},
				"up": {"uv": [4, 10, 2, 8], "texture": "#0"},
				"down": {"uv": [10, 2, 8, 4], "texture": "#0"}
			}
		},
		{
			"from": [6.75, 7.5, 7],
			"to": [8.75, 9.5, 9],
			"rotation": {"angle": 0, "axis": "y", "origin": [7.25, -3, 4]},
			"faces": {
				"north": {"uv": [0, 0, 2, 2], "texture": "#0"},
				"east": {"uv": [0, 2, 2, 4], "texture": "#0"},
				"south": {"uv": [2, 0, 4, 2], "texture": "#0"},
				"west": {"uv": [2, 2, 4, 4], "texture": "#0"},
				"up": {"uv": [2, 6, 0, 4], "texture": "#0"},
				"down": {"uv": [6, 0, 4, 2], "texture": "#0"}
			}
		},
		{
			"from": [6.75, 9.5, 7],
			"to": [8.75, 11.5, 9],
			"rotation": {"angle": 0, "axis": "y", "origin": [7.25, -4.5, 4]},
			"faces": {
				"north": {"uv": [6, 4, 8, 6], "texture": "#0"},
				"east": {"uv": [6, 6, 8, 8], "texture": "#0"},
				"south": {"uv": [0, 8, 2, 10], "texture": "#0"},
				"west": {"uv": [8, 0, 10, 2], "texture": "#0"},
				"up": {"uv": [4, 10, 2, 8], "texture": "#0"},
				"down": {"uv": [10, 2, 8, 4], "texture": "#0"}
			}
		},
		{
			"from": [6.75, 13.5, 7],
			"to": [8.75, 15.5, 9],
			"rotation": {"angle": 0, "axis": "y", "origin": [7.25, -4.5, 4]},
			"faces": {
				"north": {"uv": [6, 4, 8, 6], "texture": "#0"},
				"east": {"uv": [6, 6, 8, 8], "texture": "#0"},
				"south": {"uv": [0, 8, 2, 10], "texture": "#0"},
				"west": {"uv": [8, 0, 10, 2], "texture": "#0"},
				"up": {"uv": [4, 10, 2, 8], "texture": "#0"},
				"down": {"uv": [10, 2, 8, 4], "texture": "#0"}
			}
		},
		{
			"from": [6.75, 11.5, 7],
			"to": [8.75, 13.5, 9],
			"rotation": {"angle": 0, "axis": "y", "origin": [7.25, -3, 4]},
			"faces": {
				"north": {"uv": [0, 0, 2, 2], "texture": "#0"},
				"east": {"uv": [0, 2, 2, 4], "texture": "#0"},
				"south": {"uv": [2, 0, 4, 2], "texture": "#0"},
				"west": {"uv": [2, 2, 4, 4], "texture": "#0"},
				"up": {"uv": [2, 6, 0, 4], "texture": "#0"},
				"down": {"uv": [6, 0, 4, 2], "texture": "#0"}
			}
		},
		{
			"from": [6.75, 15.5, 7],
			"to": [8.75, 17.5, 9],
			"rotation": {"angle": 0, "axis": "y", "origin": [7.25, -3, 4]},
			"faces": {
				"north": {"uv": [0, 0, 2, 2], "texture": "#0"},
				"east": {"uv": [0, 2, 2, 4], "texture": "#0"},
				"south": {"uv": [2, 0, 4, 2], "texture": "#0"},
				"west": {"uv": [2, 2, 4, 4], "texture": "#0"},
				"up": {"uv": [2, 6, 0, 4], "texture": "#0"},
				"down": {"uv": [6, 0, 4, 2], "texture": "#0"}
			}
		},
		{
			"from": [6.75, 17.5, 7],
			"to": [8.75, 19.5, 9],
			"rotation": {"angle": 0, "axis": "y", "origin": [7.25, 7.5, 4]},
			"faces": {
				"north": {"uv": [6, 4, 8, 6], "texture": "#0"},
				"east": {"uv": [6, 6, 8, 8], "texture": "#0"},
				"south": {"uv": [0, 8, 2, 10], "texture": "#0"},
				"west": {"uv": [8, 0, 10, 2], "texture": "#0"},
				"up": {"uv": [4, 10, 2, 8], "texture": "#0"},
				"down": {"uv": [10, 2, 8, 4], "texture": "#0"}
			}
		},
		{
			"from": [7.25, 19.5, 7.5],
			"to": [8.25, 20.5, 8.5],
			"rotation": {"angle": 0, "axis": "y", "origin": [7.25, 7.5, 4]},
			"faces": {
				"north": {"uv": [12, 3, 13, 4], "texture": "#0"},
				"east": {"uv": [4, 12, 5, 13], "texture": "#0"},
				"south": {"uv": [12, 4, 13, 5], "texture": "#0"},
				"west": {"uv": [5, 12, 6, 13], "texture": "#0"},
				"up": {"uv": [13, 6, 12, 5], "texture": "#0"},
				"down": {"uv": [7, 12, 6, 13], "texture": "#0"}
			}
		},
		{
			"from": [7.5, 20.5, 8],
			"to": [8, 22, 8],
			"rotation": {"angle": 45, "axis": "z", "origin": [8, 20.5, 8]},
			"faces": {
				"north": {"uv": [7, 12, 7.5, 13.5], "texture": "#0"},
				"east": {"uv": [0, 0, 0, 1.5], "texture": "#0"},
				"south": {"uv": [7.5, 12, 8, 13.5], "texture": "#0"},
				"west": {"uv": [0, 0, 0, 1.5], "texture": "#0"},
				"up": {"uv": [0.5, 0, 0, 0], "texture": "#0"},
				"down": {"uv": [0.5, 0, 0, 0], "texture": "#0"}
			}
		}
	],
	"gui_light": "front",
	"display": {
		"thirdperson_righthand": {
			"translation": [0, 26.75, 1],
			"scale": [1.5, 1.5, 1.5]
		},
		"thirdperson_lefthand": {
			"translation": [0, 26.75, 1],
			"scale": [1.5, 1.5, 1.5]
		},
		"firstperson_righthand": {
			"rotation": [-27, 0, 0],
			"translation": [6.5, 8.5, -6]
		},
		"firstperson_lefthand": {
			"rotation": [-27, 0, 0],
			"translation": [6.5, 8.5, -6]
		},
		"ground": {
			"rotation": [61, 0, 0],
			"translation": [0, 8.5, 3.75],
			"scale": [1.2, 1.2, 1.2]
		},
		"gui": {
			"rotation": [0, -22, 41],
			"translation": [-2, 4, 0]
		},
		"head": {
			"translation": [0, 12.25, 0]
		},
		"fixed": {
			"translation": [0, 3.25, -1.75]
		}
	},
	"groups": [
		{
			"name": "group",
			"origin": [7.5, 0, 0],
			"color": 0,
			"boneType": "",
			"children": [0, 1, 2, 3, 4, 5, 6, 7, 8, 9, 10, 11, 12, 13, 14, 15, 16, 17, 18]
		}
	]
}