{
	"textures": {
		"0": "item/crates/summer22_crate/rod"
	},
	"elements": [
		{
			"from": [6.5, -16, 6.5],
			"to": [9.5, -11, 9.5],
			"faces": {
				"north": {"uv": [5.75, 6.5, 6.5, 7.75], "texture": "#0"},
				"east": {"uv": [7, 0, 7.75, 1.25], "texture": "#0"},
				"south": {"uv": [7, 1.25, 7.75, 2.5], "texture": "#0"},
				"west": {"uv": [6.75, 7.5, 7.5, 8.75], "texture": "#0"},
				"up": {"uv": [8.25, 8.25, 7.5, 7.5], "texture": "#0"},
				"down": {"uv": [8.5, 0, 7.75, 0.75], "texture": "#0"}
			}
		},
		{
			"from": [7, -11, 7],
			"to": [9, -2, 9],
			"rotation": {"angle": 0, "axis": "y", "origin": [7, 0, 0]},
			"faces": {
				"north": {"uv": [5.5, 2.5, 6, 4.75], "texture": "#0"},
				"east": {"uv": [6, 2.5, 6.5, 4.75], "texture": "#0"},
				"south": {"uv": [4.75, 6.5, 5.25, 8.75], "texture": "#0"},
				"west": {"uv": [5.25, 6.5, 5.75, 8.75], "texture": "#0"},
				"up": {"uv": [3.75, 8.5, 3.25, 8], "texture": "#0"},
				"down": {"uv": [8.75, 3.25, 8.25, 3.75], "texture": "#0"}
			}
		},
		{
			"from": [6, -2, 6],
			"to": [10, 0, 10],
			"rotation": {"angle": 0, "axis": "y", "origin": [7, 0, 0]},
			"faces": {
				"north": {"uv": [7.75, 7, 8.75, 7.5], "texture": "#0"},
				"east": {"uv": [2.25, 8, 3.25, 8.5], "texture": "#0"},
				"south": {"uv": [8.25, 2.25, 9.25, 2.75], "texture": "#0"},
				"west": {"uv": [8.25, 2.75, 9.25, 3.25], "texture": "#0"},
				"up": {"uv": [7.75, 6.5, 6.75, 5.5], "texture": "#0"},
				"down": {"uv": [7.75, 6.5, 6.75, 7.5], "texture": "#0"}
			}
		},
		{
			"from": [5, -2, 6],
			"to": [11, 3, 6],
			"rotation": {"angle": -45, "axis": "x", "origin": [7, -2, 6]},
			"faces": {
				"north": {"uv": [5.5, 1.25, 4, 2.5], "texture": "#0"},
				"east": {"uv": [0, 0, 0, 1.25], "texture": "#0"},
				"south": {"uv": [4, 1.25, 5.5, 2.5], "texture": "#0"},
				"west": {"uv": [0, 0, 0, 1.25], "texture": "#0"},
				"up": {"uv": [1.5, 0, 0, 0], "texture": "#0"},
				"down": {"uv": [1.5, 0, 0, 0], "texture": "#0"}
			}
		},
		{
			"from": [5, 3, 1],
			"to": [11, 3, 6],
			"rotation": {"angle": -45, "axis": "x", "origin": [7, -2, 6]},
			"faces": {
				"north": {"uv": [0, 0, 1.5, 0], "texture": "#0"},
				"east": {"uv": [0, 0, 1.25, 0], "texture": "#0"},
				"south": {"uv": [0, 0, 1.5, 0], "texture": "#0"},
				"west": {"uv": [0, 0, 1.25, 0], "texture": "#0"},
				"up": {"uv": [5.5, 3.75, 4, 2.5], "texture": "#0"},
				"down": {"uv": [5.5, 2.5, 4, 3.75], "texture": "#0"}
			}
		},
		{
			"from": [5, -5, -1.07107],
			"to": [11, -2, -1.07107],
			"rotation": {"angle": 0, "axis": "x", "origin": [7, -2, 6]},
			"faces": {
				"north": {"uv": [6.75, 2.5, 8.25, 3.25], "texture": "#0"},
				"east": {"uv": [0, 0, 0, 0.75], "texture": "#0"},
				"south": {"uv": [8.25, 2.5, 6.75, 3.25], "texture": "#0"},
				"west": {"uv": [0, 0, 0, 0.75], "texture": "#0"},
				"up": {"uv": [1.5, 0, 0, 0], "texture": "#0"},
				"down": {"uv": [1.5, 0, 0, 0], "texture": "#0"}
			}
		},
		{
			"from": [5, 3, 10],
			"to": [11, 3, 15],
			"rotation": {"angle": 45, "axis": "x", "origin": [9, -2, 10]},
			"faces": {
				"north": {"uv": [0, 0, 1.5, 0], "texture": "#0"},
				"east": {"uv": [0, 0, 1.25, 0], "texture": "#0"},
				"south": {"uv": [0, 0, 1.5, 0], "texture": "#0"},
				"west": {"uv": [0, 0, 1.25, 0], "texture": "#0"},
				"up": {"uv": [4, 2.5, 5.5, 3.75], "texture": "#0"},
				"down": {"uv": [4, 3.75, 5.5, 2.5], "texture": "#0"}
			}
		},
		{
			"from": [5, -5, 17.07107],
			"to": [11, -2, 17.07107],
			"rotation": {"angle": 0, "axis": "x", "origin": [9, -2, 10]},
			"faces": {
				"north": {"uv": [8.25, 2.5, 6.75, 3.25], "texture": "#0"},
				"east": {"uv": [0, 0, 0, 0.75], "texture": "#0"},
				"south": {"uv": [6.75, 2.5, 8.25, 3.25], "texture": "#0"},
				"west": {"uv": [0, 0, 0, 0.75], "texture": "#0"},
				"up": {"uv": [0, 0, 1.5, 0], "texture": "#0"},
				"down": {"uv": [0, 0, 1.5, 0], "texture": "#0"}
			}
		},
		{
			"from": [5, -2, 10],
			"to": [11, 3, 10],
			"rotation": {"angle": 45, "axis": "x", "origin": [9, -2, 10]},
			"faces": {
				"north": {"uv": [4, 1.25, 5.5, 2.5], "texture": "#0"},
				"east": {"uv": [0, 0, 0, 1.25], "texture": "#0"},
				"south": {"uv": [5.5, 1.25, 4, 2.5], "texture": "#0"},
				"west": {"uv": [0, 0, 0, 1.25], "texture": "#0"},
				"up": {"uv": [0, 0, 1.5, 0], "texture": "#0"},
				"down": {"uv": [0, 0, 1.5, 0], "texture": "#0"}
			}
		},
		{
			"from": [1, -2, 5],
			"to": [6, -2, 11],
			"rotation": {"angle": -45, "axis": "z", "origin": [6, -2, 6]},
			"faces": {
				"north": {"uv": [0, 0, 1.25, 0], "texture": "#0"},
				"east": {"uv": [0, 0, 1.5, 0], "texture": "#0"},
				"south": {"uv": [0, 0, 1.25, 0], "texture": "#0"},
				"west": {"uv": [0, 0, 1.5, 0], "texture": "#0"},
				"up": {"uv": [5.25, 6.5, 4, 5], "texture": "#0"},
				"down": {"uv": [5.25, 5, 4, 6.5], "texture": "#0"}
			}
		},
		{
			"from": [1, -7, 5],
			"to": [1, -2, 11],
			"rotation": {"angle": -45, "axis": "z", "origin": [6, -2, 6]},
			"faces": {
				"north": {"uv": [0, 0, 0, 1.25], "texture": "#0"},
				"east": {"uv": [7, 1.25, 5.5, 2.5], "texture": "#0"},
				"south": {"uv": [0, 0, 0, 1.25], "texture": "#0"},
				"west": {"uv": [5.5, 1.25, 7, 2.5], "texture": "#0"},
				"up": {"uv": [0, 1.5, 0, 0], "texture": "#0"},
				"down": {"uv": [0, 0, 0, 1.5], "texture": "#0"}
			}
		},
		{
			"from": [-1.07107, -5, 5],
			"to": [-1.07107, -2, 11],
			"rotation": {"angle": 0, "axis": "z", "origin": [6, -2, 6]},
			"faces": {
				"north": {"uv": [0, 0, 0, 0.75], "texture": "#0"},
				"east": {"uv": [8.25, 4.75, 6.75, 5.5], "texture": "#0"},
				"south": {"uv": [0, 0, 0, 0.75], "texture": "#0"},
				"west": {"uv": [6.75, 4.75, 8.25, 5.5], "texture": "#0"},
				"up": {"uv": [0, 1.5, 0, 0], "texture": "#0"},
				"down": {"uv": [0, 0, 0, 1.5], "texture": "#0"}
			}
		},
		{
			"from": [10, -2, 5],
			"to": [15, -2, 11],
			"rotation": {"angle": 45, "axis": "z", "origin": [10, -2, 6]},
			"faces": {
				"north": {"uv": [1.25, 0, 0, 0], "texture": "#0"},
				"east": {"uv": [1.5, 0, 0, 0], "texture": "#0"},
				"south": {"uv": [1.25, 0, 0, 0], "texture": "#0"},
				"west": {"uv": [1.5, 0, 0, 0], "texture": "#0"},
				"up": {"uv": [4, 6.5, 5.25, 5], "texture": "#0"},
				"down": {"uv": [4, 5, 5.25, 6.5], "texture": "#0"}
			}
		},
		{
			"from": [15, -7, 5],
			"to": [15, -2, 11],
			"rotation": {"angle": 45, "axis": "z", "origin": [10, -2, 6]},
			"faces": {
				"north": {"uv": [0, 0, 0, 1.25], "texture": "#0"},
				"east": {"uv": [7, 1.25, 5.5, 2.5], "texture": "#0"},
				"south": {"uv": [0, 0, 0, 1.25], "texture": "#0"},
				"west": {"uv": [5.5, 1.25, 7, 2.5], "texture": "#0"},
				"up": {"uv": [0, 1.5, 0, 0], "texture": "#0"},
				"down": {"uv": [0, 0, 0, 1.5], "texture": "#0"}
			}
		},
		{
			"from": [17.07107, -5, 5],
			"to": [17.07107, -2, 11],
			"rotation": {"angle": 0, "axis": "z", "origin": [10, -2, 6]},
			"faces": {
				"north": {"uv": [0, 0, 0, 0.75], "texture": "#0"},
				"east": {"uv": [8.25, 4.75, 6.75, 5.5], "texture": "#0"},
				"south": {"uv": [0, 0, 0, 0.75], "texture": "#0"},
				"west": {"uv": [6.75, 4.75, 8.25, 5.5], "texture": "#0"},
				"up": {"uv": [0, 1.5, 0, 0], "texture": "#0"},
				"down": {"uv": [0, 0, 0, 1.5], "texture": "#0"}
			}
		},
		{
			"from": [7.5, 0, 7.5],
			"to": [8.5, 23, 8.5],
			"rotation": {"angle": 0, "axis": "y", "origin": [7.5, 0, 0]},
			"faces": {
				"north": {"uv": [6.5, 2.5, 6.75, 8.25], "texture": "#0"},
				"east": {"uv": [4, 6.5, 4.25, 12.25], "texture": "#0"},
				"south": {"uv": [4.25, 6.5, 4.5, 12.25], "texture": "#0"},
				"west": {"uv": [4.5, 6.5, 4.75, 12.25], "texture": "#0"},
				"up": {"uv": [4, 8.25, 3.75, 8], "texture": "#0"},
				"down": {"uv": [4, 8.25, 3.75, 8.5], "texture": "#0"}
			}
		},
		{
			"from": [7.25, 1, 7.25],
			"to": [8.75, 2, 8.75],
			"rotation": {"angle": 0, "axis": "y", "origin": [7.5, 0, 0]},
			"faces": {
				"north": {"uv": [5.5, 4.75, 6, 5], "texture": "#0"},
				"east": {"uv": [6, 4.75, 6.5, 5], "texture": "#0"},
				"south": {"uv": [7.75, 2.25, 8.25, 2.5], "texture": "#0"},
				"west": {"uv": [8.25, 5.25, 8.75, 5.5], "texture": "#0"},
				"up": {"uv": [8.75, 4.25, 8.25, 3.75], "texture": "#0"},
				"down": {"uv": [8.75, 4.25, 8.25, 4.75], "texture": "#0"}
			}
		},
		{
			"from": [7.25, 6, 7.25],
			"to": [8.75, 7, 8.75],
			"rotation": {"angle": 0, "axis": "y", "origin": [7.5, 0, 0]},
			"faces": {
				"north": {"uv": [8.25, 8, 8.75, 8.25], "texture": "#0"},
				"east": {"uv": [8.5, 2, 9, 2.25], "texture": "#0"},
				"south": {"uv": [2.25, 8.5, 2.75, 8.75], "texture": "#0"},
				"west": {"uv": [2.75, 8.5, 3.25, 8.75], "texture": "#0"},
				"up": {"uv": [8.75, 5.25, 8.25, 4.75], "texture": "#0"},
				"down": {"uv": [8, 8.25, 7.5, 8.75], "texture": "#0"}
			}
		},
		{
			"from": [7.25, 11, 7.25],
			"to": [8.75, 12, 8.75],
			"rotation": {"angle": 0, "axis": "y", "origin": [7.5, 0, 0]},
			"faces": {
				"north": {"uv": [3.25, 8.5, 3.75, 8.75], "texture": "#0"},
				"east": {"uv": [8.5, 5.5, 9, 5.75], "texture": "#0"},
				"south": {"uv": [5.75, 8.5, 6.25, 8.75], "texture": "#0"},
				"west": {"uv": [8.5, 5.75, 9, 6], "texture": "#0"},
				"up": {"uv": [8.75, 8, 8.25, 7.5], "texture": "#0"},
				"down": {"uv": [8.5, 8.25, 8, 8.75], "texture": "#0"}
			}
		},
		{
			"from": [7.25, 21, 7.25],
			"to": [8.75, 22, 8.75],
			"rotation": {"angle": 0, "axis": "y", "origin": [7.5, 0, 0]},
			"faces": {
				"north": {"uv": [8.5, 6, 9, 6.25], "texture": "#0"},
				"east": {"uv": [6.25, 8.5, 6.75, 8.75], "texture": "#0"},
				"south": {"uv": [8.5, 6.25, 9, 6.5], "texture": "#0"},
				"west": {"uv": [8.5, 6.5, 9, 6.75], "texture": "#0"},
				"up": {"uv": [9, 0.5, 8.5, 0], "texture": "#0"},
				"down": {"uv": [9, 0.5, 8.5, 1], "texture": "#0"}
			}
		},
		{
			"from": [7.25, 16, 7.25],
			"to": [8.75, 17, 8.75],
			"rotation": {"angle": 0, "axis": "y", "origin": [7.5, 0, 0]},
			"faces": {
				"north": {"uv": [8.5, 6.75, 9, 7], "texture": "#0"},
				"east": {"uv": [8.5, 8.25, 9, 8.5], "texture": "#0"},
				"south": {"uv": [8.5, 8.5, 9, 8.75], "texture": "#0"},
				"west": {"uv": [0, 8.75, 0.5, 9], "texture": "#0"},
				"up": {"uv": [9, 1.5, 8.5, 1], "texture": "#0"},
				"down": {"uv": [9, 1.5, 8.5, 2], "texture": "#0"}
			}
		},
		{
			"from": [5, -5, 9],
			"to": [8, -2, 12],
			"faces": {
				"north": {"uv": [7.75, 0.75, 8.5, 1.5], "texture": "#0"},
				"east": {"uv": [7.75, 1.5, 8.5, 2.25], "texture": "#0"},
				"south": {"uv": [7.75, 5.5, 8.5, 6.25], "texture": "#0"},
				"west": {"uv": [5.75, 7.75, 6.5, 8.5], "texture": "#0"},
				"up": {"uv": [8.5, 7, 7.75, 6.25], "texture": "#0"},
				"down": {"uv": [0.75, 8, 0, 8.75], "texture": "#0"}
			}
		},
		{
			"from": [6, -3.5, 12],
			"to": [9, -3.5, 15],
			"rotation": {"angle": -22.5, "axis": "z", "origin": [6, -3.5, 12]},
			"faces": {
				"north": {"uv": [0, 0, 0.75, 0], "texture": "#0"},
				"east": {"uv": [0, 0, 0.75, 0], "texture": "#0"},
				"south": {"uv": [0, 0, 0.75, 0], "texture": "#0"},
				"west": {"uv": [0, 0, 0.75, 0], "texture": "#0"},
				"up": {"uv": [1.5, 8.75, 0.75, 8], "texture": "#0"},
				"down": {"uv": [2.25, 8, 1.5, 8.75], "texture": "#0"}
			}
		}
	],
	"display": {
		"thirdperson_righthand": {
			"rotation": [0, -90, 0],
			"translation": [0, 13.5, 1.25]
		},
		"thirdperson_lefthand": {
			"rotation": [0, -90, 0],
			"translation": [0, 13.5, 1.25]
		},
		"firstperson_righthand": {
			"rotation": [-11, -84, 0],
			"translation": [8.75, 10.25, -6]
		},
		"firstperson_lefthand": {
			"rotation": [-11, -84, 0],
			"translation": [8.75, 10.25, -6]
		},
		"ground": {
			"rotation": [73, 0, 0],
			"translation": [0, 4, 4.25],
			"scale": [0.7, 0.7, 0.7]
		},
		"gui": {
			"rotation": [19, -33, 46],
			"translation": [-2.75, 3.25, 0],
			"scale": [0.7, 0.7, 0.7]
		},
		"fixed": {
			"translation": [0, 6.5, -1.75]
		}
	},
	"groups": [
		{
			"name": "group",
			"origin": [6, -3.5, 12],
			"color": 0,
			"boneType": "",
			"children": [0, 1, 2, 3, 4, 5, 6, 7, 8, 9, 10, 11, 12, 13, 14, 15, 16, 17, 18, 19, 20, 21, 22]
		}
	]
}