{
	"textures": {
		"0": "item/crates/summer22_crate/sandbucket"
	},
	"elements": [
		{
			"from": [12, 12, 2],
			"to": [14, 14, 14],
			"faces": {
				"north": {"uv": [2.75, 8.5, 3.25, 9], "texture": "#0"},
				"east": {"uv": [7, 2.5, 10, 3], "texture": "#0"},
				"south": {"uv": [3.25, 8.5, 3.75, 9], "texture": "#0"},
				"west": {"uv": [7, 3, 10, 3.5], "texture": "#0"},
				"up": {"uv": [0.5, 10.5, 0, 7.5], "texture": "#0"},
				"down": {"uv": [1, 7.5, 0.5, 10.5], "texture": "#0"}
			}
		},
		{
			"from": [4, 12, 12],
			"to": [12, 14, 14],
			"faces": {
				"north": {"uv": [7.5, 0.5, 9.5, 1], "texture": "#0"},
				"east": {"uv": [8.5, 6, 9, 6.5], "texture": "#0"},
				"south": {"uv": [7.5, 1, 9.5, 1.5], "texture": "#0"},
				"west": {"uv": [8.5, 6.5, 9, 7], "texture": "#0"},
				"up": {"uv": [9.5, 2, 7.5, 1.5], "texture": "#0"},
				"down": {"uv": [4, 7.5, 2, 8], "texture": "#0"}
			}
		},
		{
			"from": [4, 12, 2],
			"to": [12, 14, 4],
			"faces": {
				"north": {"uv": [7.5, 2, 9.5, 2.5], "texture": "#0"},
				"east": {"uv": [8.5, 7, 9, 7.5], "texture": "#0"},
				"south": {"uv": [4, 7.5, 6, 8], "texture": "#0"},
				"west": {"uv": [8.25, 8.5, 8.75, 9], "texture": "#0"},
				"up": {"uv": [8, 8, 6, 7.5], "texture": "#0"},
				"down": {"uv": [4, 8, 2, 8.5], "texture": "#0"}
			}
		},
		{
			"from": [2, 12, 2],
			"to": [4, 14, 14],
			"faces": {
				"north": {"uv": [8.75, 8.5, 9.25, 9], "texture": "#0"},
				"east": {"uv": [7, 3.5, 10, 4], "texture": "#0"},
				"south": {"uv": [2.75, 9, 3.25, 9.5], "texture": "#0"},
				"west": {"uv": [7, 4, 10, 4.5], "texture": "#0"},
				"up": {"uv": [1.5, 10.5, 1, 7.5], "texture": "#0"},
				"down": {"uv": [2, 7.5, 1.5, 10.5], "texture": "#0"}
			}
		},
		{
			"from": [13.975, 14, 7],
			"to": [13.975, 21, 9],
			"rotation": {"angle": 22.5, "axis": "x", "origin": [2, 14, 7]},
			"faces": {
				"north": {"uv": [0, 0, 0, 1.75], "texture": "#0"},
				"east": {"uv": [4, 8, 4.5, 9.75], "texture": "#0"},
				"south": {"uv": [0, 0, 0, 1.75], "texture": "#0"},
				"west": {"uv": [4.5, 8, 5, 9.75], "texture": "#0"},
				"up": {"uv": [0, 0.5, 0, 0], "texture": "#0"},
				"down": {"uv": [0, 0, 0, 0.5], "texture": "#0"}
			}
		},
		{
			"from": [2.025, 21, 7],
			"to": [13.975, 21, 9],
			"rotation": {"angle": 22.5, "axis": "x", "origin": [2, 14, 7]},
			"faces": {
				"north": {"uv": [0, 0, 3, 0], "texture": "#0"},
				"east": {"uv": [0, 0, 0.5, 0], "texture": "#0"},
				"south": {"uv": [0, 0, 3, 0], "texture": "#0"},
				"west": {"uv": [0, 0, 0.5, 0], "texture": "#0"},
				"up": {"uv": [10, 5, 7, 4.5], "texture": "#0"},
				"down": {"uv": [10.5, 0, 7.5, 0.5], "texture": "#0"}
			}
		},
		{
			"from": [2.025, 14, 7],
			"to": [2.025, 21, 9],
			"rotation": {"angle": 22.5, "axis": "x", "origin": [2, 14, 7]},
			"faces": {
				"north": {"uv": [0, 0, 0, 1.75], "texture": "#0"},
				"east": {"uv": [5, 8, 5.5, 9.75], "texture": "#0"},
				"south": {"uv": [0, 0, 0, 1.75], "texture": "#0"},
				"west": {"uv": [5.5, 8, 6, 9.75], "texture": "#0"},
				"up": {"uv": [0, 0.5, 0, 0], "texture": "#0"},
				"down": {"uv": [0, 0, 0, 0.5], "texture": "#0"}
			}
		},
		{
			"from": [12, 2, 3],
			"to": [13, 12, 13],
			"faces": {
				"north": {"uv": [6, 8, 6.25, 10.5], "texture": "#0"},
				"east": {"uv": [0, 0, 2.5, 2.5], "texture": "#0"},
				"south": {"uv": [6.25, 8, 6.5, 10.5], "texture": "#0"},
				"west": {"uv": [0, 2.5, 2.5, 5], "texture": "#0"},
				"up": {"uv": [6.75, 10.5, 6.5, 8], "texture": "#0"},
				"down": {"uv": [7, 8, 6.75, 10.5], "texture": "#0"}
			}
		},
		{
			"from": [3, 2, 3],
			"to": [4, 12, 13],
			"faces": {
				"north": {"uv": [7, 8, 7.25, 10.5], "texture": "#0"},
				"east": {"uv": [2.5, 0, 5, 2.5], "texture": "#0"},
				"south": {"uv": [7.25, 8, 7.5, 10.5], "texture": "#0"},
				"west": {"uv": [0, 0, 2.5, 2.5], "texture": "#0"},
				"up": {"uv": [7.75, 10.5, 7.5, 8], "texture": "#0"},
				"down": {"uv": [8.25, 7.5, 8, 10], "texture": "#0"}
			}
		},
		{
			"from": [3, 1, 3],
			"to": [13, 2, 13],
			"faces": {
				"north": {"uv": [8.25, 7.5, 10.75, 7.75], "texture": "#0"},
				"east": {"uv": [8.25, 7.75, 10.75, 8], "texture": "#0"},
				"south": {"uv": [8.25, 8, 10.75, 8.25], "texture": "#0"},
				"west": {"uv": [8.25, 8.25, 10.75, 8.5], "texture": "#0"},
				"up": {"uv": [2.5, 7.5, 0, 5], "texture": "#0"},
				"down": {"uv": [7.5, 0, 5, 2.5], "texture": "#0"}
			}
		},
		{
			"from": [4, 2, 12],
			"to": [12, 12, 13],
			"faces": {
				"north": {"uv": [2.5, 5, 4.5, 7.5], "texture": "#0"},
				"east": {"uv": [7.75, 8, 8, 10.5], "texture": "#0"},
				"south": {"uv": [4.5, 5, 6.5, 7.5], "texture": "#0"},
				"west": {"uv": [2, 8.5, 2.25, 11], "texture": "#0"},
				"up": {"uv": [10.5, 5.25, 8.5, 5], "texture": "#0"},
				"down": {"uv": [10.5, 5.25, 8.5, 5.5], "texture": "#0"}
			}
		},
		{
			"from": [4, 2, 3],
			"to": [12, 12, 4],
			"faces": {
				"north": {"uv": [4.5, 5, 6.5, 7.5], "texture": "#0"},
				"east": {"uv": [2.25, 8.5, 2.5, 11], "texture": "#0"},
				"south": {"uv": [6.5, 5, 8.5, 7.5], "texture": "#0"},
				"west": {"uv": [2.5, 8.5, 2.75, 11], "texture": "#0"},
				"up": {"uv": [10.5, 5.75, 8.5, 5.5], "texture": "#0"},
				"down": {"uv": [10.5, 5.75, 8.5, 6], "texture": "#0"}
			}
		}
	],
	"gui_light": "front",
	"display": {
		"thirdperson_righthand": {
			"rotation": [53, 0, 0],
			"translation": [0, -4.25, -5],
			"scale": [0.5, 0.5, 0.5]
		},
		"thirdperson_lefthand": {
			"rotation": [53, 0, 0],
			"translation": [0, -4.25, -5],
			"scale": [0.5, 0.5, 0.5]
		},
		"firstperson_righthand": {
			"scale": [0.5, 0.5, 0.5]
		},
		"firstperson_lefthand": {
			"scale": [0.5, 0.5, 0.5]
		},
		"ground": {
			"scale": [0.5, 0.5, 0.5]
		},
		"gui": {
			"rotation": [30, -145, 0],
			"translation": [0, -1.25, 0],
			"scale": [0.7, 0.7, 0.7]
		},
		"head": {
			"rotation": [-172, 0, 0],
			"translation": [0, 7.5, 0.75],
			"scale": [1.6, 1.6, 1.6]
		},
		"fixed": {
			"translation": [0, -1, -5.5]
		}
	},
	"groups": [
		{
			"name": "group",
			"origin": [0, 0, 0],
			"color": 0,
			"boneType": "",
			"children": [0, 1, 2, 3, 4, 5, 6, 7, 8, 9, 10, 11]
		}
	]
}