{
	"textures": {
		"0": "item/crates/summer22_crate/sharkhead"
	},
	"elements": [
		{
			"from": [3, 0, 0],
			"to": [13, 5, 15],
			"faces": {
				"north": {"uv": [7.5, 7, 10, 8.25], "texture": "#0"},
				"east": {"uv": [7.5, 0, 11.25, 1.25], "texture": "#0"},
				"south": {"uv": [7.5, 8.25, 10, 9.5], "texture": "#0"},
				"west": {"uv": [7.5, 1.25, 11.25, 2.5], "texture": "#0"},
				"up": {"uv": [2.5, 3.75, 0, 0], "texture": "#0"},
				"down": {"uv": [5, 0, 2.5, 3.75], "texture": "#0"}
			}
		},
		{
			"from": [3, -1, 0],
			"to": [13, 0, 15],
			"faces": {
				"north": {"uv": [7.25, 9.75, 9.75, 10], "texture": "#0"},
				"east": {"uv": [9, 4.5, 12.75, 4.75], "texture": "#0"},
				"south": {"uv": [9.75, 9.75, 12.25, 10], "texture": "#0"},
				"west": {"uv": [9, 4.75, 12.75, 5], "texture": "#0"},
				"up": {"uv": [2.5, 7.5, 0, 3.75], "texture": "#0"},
				"down": {"uv": [5, 3.75, 2.5, 7.5], "texture": "#0"}
			}
		},
		{
			"from": [3.025, -1, 2],
			"to": [12.95, 0, 15],
			"rotation": {"angle": -22.5, "axis": "x", "origin": [4, -1, 15]},
			"faces": {
				"north": {"uv": [2.5, 10, 5, 10.25], "texture": "#0"},
				"east": {"uv": [7.5, 9.5, 10.75, 9.75], "texture": "#0"},
				"south": {"uv": [5, 10, 7.5, 10.25], "texture": "#0"},
				"west": {"uv": [4, 9.75, 7.25, 10], "texture": "#0"},
				"up": {"uv": [7.5, 3.25, 5, 0], "texture": "#0"},
				"down": {"uv": [7.5, 3.25, 5, 6.5], "texture": "#0"}
			}
		},
		{
			"from": [3.0375, -5, 2],
			"to": [12.9625, -1, 15],
			"rotation": {"angle": -22.5, "axis": "x", "origin": [4.0125, -1, 15]},
			"faces": {
				"north": {"uv": [9, 2.5, 11.5, 3.5], "texture": "#0"},
				"east": {"uv": [7.5, 5, 10.75, 6], "texture": "#0"},
				"south": {"uv": [9, 3.5, 11.5, 4.5], "texture": "#0"},
				"west": {"uv": [7.5, 6, 10.75, 7], "texture": "#0"},
				"up": {"uv": [7.5, 9.75, 5, 6.5], "texture": "#0"},
				"down": {"uv": [2.5, 7.5, 0, 10.75], "texture": "#0"}
			}
		},
		{
			"from": [7.5, 8, 1],
			"to": [8.5, 18, 7],
			"rotation": {"angle": 45, "axis": "x", "origin": [7.5, 0, 0]},
			"faces": {
				"north": {"uv": [10, 7, 10.25, 9.5], "texture": "#0"},
				"east": {"uv": [2.5, 7.5, 4, 10], "texture": "#0"},
				"south": {"uv": [7.5, 10, 7.75, 12.5], "texture": "#0"},
				"west": {"uv": [7.5, 2.5, 9, 5], "texture": "#0"},
				"up": {"uv": [4.25, 9, 4, 7.5], "texture": "#0"},
				"down": {"uv": [4.5, 7.5, 4.25, 9], "texture": "#0"}
			}
		}
	],
	"gui_light": "front",
	"display": {
		"thirdperson_righthand": {
			"translation": [0, 2, 0],
			"scale": [0.5, 0.5, 0.5]
		},
		"thirdperson_lefthand": {
			"translation": [0, 2, 0],
			"scale": [0.5, 0.5, 0.5]
		},
		"firstperson_righthand": {
			"rotation": [0, 99, 0],
			"translation": [0, 9.25, 0],
			"scale": [0.5, 0.5, 0.5]
		},
		"firstperson_lefthand": {
			"rotation": [0, 99, 0],
			"translation": [0, 9.25, 0],
			"scale": [0.5, 0.5, 0.5]
		},
		"ground": {
			"translation": [0, 3.75, 0],
			"scale": [0.5, 0.5, 0.5]
		},
		"gui": {
			"rotation": [30, -145, 0],
			"translation": [0, 4.75, 0],
			"scale": [0.7, 0.7, 0.7]
		},
		"head": {
			"rotation": [14, 0, 0],
			"translation": [0, 14.25, -0.75],
			"scale": [1.6, 1.6, 1.6]
		},
		"fixed": {
			"translation": [0, 6.75, -6.25]
		}
	},
	"groups": [
		{
			"name": "group",
			"origin": [7.5, 0, 0],
			"color": 0,
			"boneType": "",
			"children": [0, 1, 2, 3, 4]
		}
	]
}