{
	"credit": "Made with Blockbench",
	"textures": {
		"0": "item/crates/summer22_crate/surfboard"
	},
	"elements": [
		{
			"from": [3, 0, -3],
			"to": [13, 1, 23],
			"rotation": {"angle": 0, "axis": "y", "origin": [3, 0, 0]},
			"faces": {
				"north": {"uv": [7.25, 4.75, 9.75, 5], "texture": "#0", "tintindex": 0},
				"east": {"uv": [5, 7, 11.5, 7.25], "texture": "#0", "tintindex": 0},
				"south": {"uv": [5, 7.25, 7.5, 7.5], "texture": "#0", "tintindex": 0},
				"west": {"uv": [7.25, 4.5, 13.75, 4.75], "texture": "#0", "tintindex": 0},
				"up": {"uv": [2.5, 6.5, 0, 0], "texture": "#0", "tintindex": 0},
				"down": {"uv": [2.5, 0, 0, 6.5], "texture": "#0", "tintindex": 0}
			}
		},
		{
			"from": [3, 1.025, -3],
			"to": [13, 1.025, 23],
			"rotation": {"angle": 0, "axis": "y", "origin": [3, 0, 0]},
			"faces": {
				"north": {"uv": [7.25, 4.75, 9.75, 5], "texture": "#0"},
				"east": {"uv": [5, 7, 11.5, 7.25], "texture": "#0"},
				"south": {"uv": [5, 7.25, 7.5, 7.5], "texture": "#0"},
				"west": {"uv": [7.25, 4.5, 13.75, 4.75], "texture": "#0"},
				"up": {"uv": [2.5, 14.25, 0, 7.75], "texture": "#0"},
				"down": {"uv": [2.5, 7.75, 0, 14.25], "texture": "#0"}
			}
		},
		{
			"from": [8, -5, 14],
			"to": [8, 0, 23],
			"rotation": {"angle": 0, "axis": "y", "origin": [-2, 0, 0]},
			"faces": {
				"north": {"uv": [0, 0, 0, 1.25], "texture": "#0"},
				"east": {"uv": [5, 4.5, 7.25, 5.75], "texture": "#0", "tintindex": 0},
				"south": {"uv": [0, 0, 0, 1.25], "texture": "#0"},
				"west": {"uv": [5, 5.75, 7.25, 7], "texture": "#0", "tintindex": 0},
				"up": {"uv": [0, 2.25, 0, 0], "texture": "#0"},
				"down": {"uv": [0, 0, 0, 2.25], "texture": "#0"}
			}
		},
		{
			"from": [3, 0.5, -12],
			"to": [13, 0.5, -3],
			"rotation": {"angle": 0, "axis": "y", "origin": [3, 0, 0]},
			"faces": {
				"north": {"uv": [0, 0, 2.5, 0], "texture": "#0"},
				"east": {"uv": [0, 0, 2.25, 0], "texture": "#0"},
				"south": {"uv": [0, 0, 2.5, 0], "texture": "#0"},
				"west": {"uv": [0, 0, 2.25, 0], "texture": "#0"},
				"up": {"uv": [7.5, 2.25, 5, 0], "texture": "#0", "tintindex": 0},
				"down": {"uv": [7.5, 0, 5, 2.25], "texture": "#0", "tintindex": 0}
			}
		},
		{
			"from": [3, 0.525, -12],
			"to": [13, 0.525, -3],
			"rotation": {"angle": 0, "axis": "y", "origin": [3, 0, 0]},
			"faces": {
				"north": {"uv": [0, 0, 2.5, 0], "texture": "#0"},
				"east": {"uv": [0, 0, 2.25, 0], "texture": "#0"},
				"south": {"uv": [0, 0, 2.5, 0], "texture": "#0"},
				"west": {"uv": [0, 0, 2.25, 0], "texture": "#0"},
				"up": {"uv": [5, 10, 2.5, 7.75], "texture": "#0"},
				"down": {"uv": [5, 7.75, 2.5, 10], "texture": "#0"}
			}
		},
		{
			"from": [3, 0.5, 23],
			"to": [13, 0.5, 27],
			"rotation": {"angle": 0, "axis": "y", "origin": [3, 0, 0]},
			"faces": {
				"north": {"uv": [0, 0, 2.5, 0], "texture": "#0"},
				"east": {"uv": [0, 0, 1, 0], "texture": "#0"},
				"south": {"uv": [0, 0, 2.5, 0], "texture": "#0"},
				"west": {"uv": [0, 0, 1, 0], "texture": "#0"},
				"up": {"uv": [2.5, 7.5, 0, 6.5], "texture": "#0", "tintindex": 0},
				"down": {"uv": [2.5, 6.5, 0, 7.5], "texture": "#0", "tintindex": 0}
			}
		}
	],
	"gui_light": "front",
	"display": {
		"thirdperson_righthand": {
			"rotation": [86, 0, 90],
			"translation": [-9.25, -1.75, 3]
		},
		"thirdperson_lefthand": {
			"rotation": [86, 0, 90],
			"translation": [-9.25, -1.75, 3]
		},
		"firstperson_righthand": {
			"rotation": [63, 0, 87]
		},
		"firstperson_lefthand": {
			"rotation": [63, 0, 87]
		},
		"ground": {
			"translation": [0, 6.5, 0],
			"scale": [0.7, 0.7, 0.7]
		},
		"gui": {
			"rotation": [90, -30, 0],
			"translation": [0, -0.25, 0],
			"scale": [0.45, 0.45, 0.45]
		},
		"head": {
			"rotation": [110, 0, 0],
			"translation": [0, -20.5, 11.25],
			"scale": [1.6, 1.6, 1.6]
		},
		"fixed": {
			"rotation": [90, 0, 0],
			"translation": [0, 0, 5.25]
		}
	},
	"groups": [
		{
			"name": "group",
			"origin": [3, 0, 0],
			"color": 0,
			"boneType": "",
			"children": [0, 1, 2, 3, 4, 5]
		}
	]
}