{
	"textures": {
		"0": "item/crates/starwars22_bundle/black_cape"
	},
	"elements": [
		{
			"from": [-1, -13, 4],
			"to": [17, -13, 32],
			"rotation": {"angle": 0, "axis": "x", "origin": [0, 0, 9]},
			"faces": {
				"north": {"uv": [4.5, 0, 0, 0], "rotation": 180, "texture": "#0"},
				"east": {"uv": [0, 0, 0, 7], "rotation": 90, "texture": "#0"},
				"south": {"uv": [4.5, 0, 0, 0], "texture": "#0"},
				"west": {"uv": [0, 0, 0, 7], "rotation": 270, "texture": "#0"},
				"up": {"uv": [4.5, 0, 9, 7], "texture": "#0"},
				"down": {"uv": [4.5, 0, 9, 7], "rotation": 180, "texture": "#0"}
			}
		},
		{
			"from": [17, -16, 4],
			"to": [17, -13, 32],
			"rotation": {"angle": 0, "axis": "x", "origin": [0, 0, 9]},
			"faces": {
				"north": {"uv": [0, 0.75, 0, 0], "rotation": 180, "texture": "#0"},
				"east": {"uv": [0, 7, 0.75, 14], "rotation": 90, "texture": "#0"},
				"south": {"uv": [0, 0, 0, 0.75], "texture": "#0"},
				"west": {"uv": [0.75, 7, 0, 14], "rotation": 270, "texture": "#0"},
				"up": {"uv": [0, 0, 0, 7], "texture": "#0"},
				"down": {"uv": [0, 0, 0, 7], "rotation": 180, "texture": "#0"}
			}
		},
		{
			"from": [-1, -16, 4],
			"to": [-1, -13, 32],
			"rotation": {"angle": 0, "axis": "x", "origin": [0, 0, 9]},
			"faces": {
				"north": {"uv": [0, 0.75, 0, 0], "rotation": 180, "texture": "#0"},
				"east": {"uv": [3, 7, 2.25, 14], "rotation": 90, "texture": "#0"},
				"south": {"uv": [0, 0, 0, 0.75], "texture": "#0"},
				"west": {"uv": [2.25, 7, 3, 14], "rotation": 270, "texture": "#0"},
				"up": {"uv": [0, 0, 0, 7], "texture": "#0"},
				"down": {"uv": [0, 0, 0, 7], "rotation": 180, "texture": "#0"}
			}
		}
	],
	"gui_light": "front",
	"display": {
		"thirdperson_righthand": {
			"rotation": [0, 180, 0],
			"translation": [0, 11.5, 0.75],
			"scale": [0.5, 0.5, 0.5]
		},
		"thirdperson_lefthand": {
			"rotation": [0, 180, 0],
			"translation": [0, 11, 2.25],
			"scale": [0.5, 0.5, 0.5]
		},
		"firstperson_righthand": {
			"rotation": [89, 180, 0],
			"translation": [3.75, -2.25, 8.5],
			"scale": [0.4, 0.4, 0.4]
		},
		"firstperson_lefthand": {
			"rotation": [85, 180, 0],
			"translation": [3, -3.75, 8.25],
			"scale": [0.4, 0.4, 0.4]
		},
		"ground": {
			"translation": [0, 9.5, -3.25],
			"scale": [0.4, 0.4, 0.4]
		},
		"gui": {
			"rotation": [90, 30, -45],
			"translation": [3.75, 8.25, 0],
			"scale": [0.5, 0.5, 0.5]
		},
		"head": {
			"rotation": [74, 0, 0],
			"translation": [0, -67.5, 25.5]
		},
		"fixed": {
			"rotation": [-90, -180, 0],
			"translation": [0, 8.25, -23.75]
		}
	},
	"groups": [
		{
			"name": "group",
			"origin": [0, 0, 0],
			"color": 0,
			"children": [0, 1, 2]
		}
	]
}