{
	"textures": {
		"0": "item/crates/starwars22_bundle/blaster"
	},
	"elements": [
		{
			"from": [6.9, 8.05, 9.1],
			"to": [8.35, 8.75, 18],
			"rotation": {"angle": -45, "axis": "z", "origin": [8, 9, 23]},
			"faces": {
				"north": {"uv": [10, 13, 10.5, 13.5], "texture": "#0"},
				"east": {"uv": [8.5, 4, 13, 4.5], "texture": "#0"},
				"south": {"uv": [10.5, 13, 11, 13.5], "texture": "#0"},
				"west": {"uv": [8.5, 4.5, 13, 5], "texture": "#0"},
				"up": {"uv": [0.5, 12.5, 0, 8], "texture": "#0"},
				"down": {"uv": [1, 8, 0.5, 12.5], "texture": "#0"}
			}
		},
		{
			"from": [7.65, 8.05, 9.1],
			"to": [9.1, 8.75, 18],
			"rotation": {"angle": 45, "axis": "z", "origin": [8, 9, 23]},
			"faces": {
				"north": {"uv": [11, 13, 11.5, 13.5], "texture": "#0"},
				"east": {"uv": [8.5, 5, 13, 5.5], "texture": "#0"},
				"south": {"uv": [11.5, 13, 12, 13.5], "texture": "#0"},
				"west": {"uv": [8.5, 5.5, 13, 6], "texture": "#0"},
				"up": {"uv": [1.5, 12.5, 1, 8], "texture": "#0"},
				"down": {"uv": [2, 8, 1.5, 12.5], "texture": "#0"}
			}
		},
		{
			"from": [7, 0.35, 19],
			"to": [9, 8.35, 22],
			"rotation": {"angle": -22.5, "axis": "x", "origin": [8, 0.6, 19]},
			"faces": {
				"north": {"uv": [3, 6.5, 4, 10.5], "texture": "#0"},
				"east": {"uv": [6, 2, 7.5, 6], "texture": "#0"},
				"south": {"uv": [4, 6.5, 5, 10.5], "texture": "#0"},
				"west": {"uv": [6, 6, 7.5, 10], "texture": "#0"},
				"up": {"uv": [9.5, 10.5, 8.5, 9], "texture": "#0"},
				"down": {"uv": [10.5, 9, 9.5, 10.5], "texture": "#0"}
			}
		},
		{
			"from": [6.825, -0.95, 20.45],
			"to": [9.175, 0.55, 22.2],
			"rotation": {"angle": -22.5, "axis": "x", "origin": [8, 0.5, 18.9]},
			"faces": {
				"north": {"uv": [4, 10.5, 5, 11.5], "texture": "#0"},
				"east": {"uv": [10.5, 9.5, 11.5, 10.5], "texture": "#0"},
				"south": {"uv": [6, 11, 7, 12], "texture": "#0"},
				"west": {"uv": [7, 11, 8, 12], "texture": "#0"},
				"up": {"uv": [9, 12, 8, 11], "texture": "#0"},
				"down": {"uv": [10, 11, 9, 12], "texture": "#0"}
			}
		},
		{
			"from": [6.8, -0.225, 18.6],
			"to": [9.2, 1.175, 20.9],
			"rotation": {"angle": 0, "axis": "y", "origin": [8, 1, 18.8]},
			"faces": {
				"north": {"uv": [2, 12.5, 3, 13], "texture": "#0"},
				"east": {"uv": [4, 12.5, 5, 13], "texture": "#0"},
				"south": {"uv": [12.5, 7.5, 13.5, 8], "texture": "#0"},
				"west": {"uv": [12.5, 8, 13.5, 8.5], "texture": "#0"},
				"up": {"uv": [11, 12, 10, 11], "texture": "#0"},
				"down": {"uv": [12, 10.5, 11, 11.5], "texture": "#0"}
			}
		},
		{
			"from": [6.8, 7.775, 17.1],
			"to": [9.2, 9.175, 20.65],
			"rotation": {"angle": 0, "axis": "y", "origin": [8, 9, 17.3]},
			"faces": {
				"north": {"uv": [12.5, 8.5, 13.5, 9], "texture": "#0"},
				"east": {"uv": [11.5, 6, 13.5, 6.5], "texture": "#0"},
				"south": {"uv": [12.5, 9.5, 13.5, 10], "texture": "#0"},
				"west": {"uv": [11.5, 6.5, 13.5, 7], "texture": "#0"},
				"up": {"uv": [3, 10, 2, 8], "texture": "#0"},
				"down": {"uv": [8.5, 9, 7.5, 11], "texture": "#0"}
			}
		},
		{
			"from": [6.55, 9.075, 9.1],
			"to": [9.45, 10.475, 21.65],
			"rotation": {"angle": 0, "axis": "y", "origin": [8, 10.3, 17.3]},
			"faces": {
				"north": {"uv": [12, 10.5, 13.5, 11], "texture": "#0"},
				"east": {"uv": [7.5, 2, 14, 2.5], "texture": "#0"},
				"south": {"uv": [12, 11, 13.5, 11.5], "texture": "#0"},
				"west": {"uv": [7.5, 2.5, 14, 3], "texture": "#0"},
				"up": {"uv": [4.5, 6.5, 3, 0], "texture": "#0"},
				"down": {"uv": [6, 0, 4.5, 6.5], "texture": "#0"}
			}
		},
		{
			"from": [6.55, 10.475, 4.1],
			"to": [9.45, 12.875, 19.65],
			"rotation": {"angle": 0, "axis": "y", "origin": [8, 11.7, 17.3]},
			"faces": {
				"north": {"uv": [6, 10, 7.5, 11], "texture": "#0"},
				"east": {"uv": [6, 0, 14, 1], "texture": "#0"},
				"south": {"uv": [10, 6, 11.5, 7], "texture": "#0"},
				"west": {"uv": [6, 1, 14, 2], "texture": "#0"},
				"up": {"uv": [1.5, 8, 0, 0], "texture": "#0"},
				"down": {"uv": [3, 0, 1.5, 8], "texture": "#0"}
			}
		},
		{
			"from": [6.65, 14.725, 18.15],
			"to": [9.35, 17.625, 19.2],
			"rotation": {"angle": -22.5, "axis": "x", "origin": [8, 16.45, 31.35]},
			"faces": {
				"north": {"uv": [8.5, 6, 10, 7.5], "texture": "#0"},
				"east": {"uv": [12, 11.5, 12.5, 13], "texture": "#0"},
				"south": {"uv": [8.5, 7.5, 10, 9], "texture": "#0"},
				"west": {"uv": [0, 12.5, 0.5, 14], "texture": "#0"},
				"up": {"uv": [2, 13, 0.5, 12.5], "texture": "#0"},
				"down": {"uv": [14, 7, 12.5, 7.5], "texture": "#0"}
			}
		},
		{
			"from": [7.05, 9.075, 4.55],
			"to": [8.95, 10.475, 9.1],
			"rotation": {"angle": 0, "axis": "y", "origin": [8, 10.3, 6.75]},
			"faces": {
				"north": {"uv": [12.5, 10, 13.5, 10.5], "texture": "#0"},
				"east": {"uv": [8.5, 10.5, 11, 11], "texture": "#0"},
				"south": {"uv": [11, 12.5, 12, 13], "texture": "#0"},
				"west": {"uv": [10.5, 9, 13, 9.5], "texture": "#0"},
				"up": {"uv": [8.5, 6.5, 7.5, 4], "texture": "#0"},
				"down": {"uv": [8.5, 6.5, 7.5, 9], "texture": "#0"}
			}
		},
		{
			"from": [7, 10.675, 1.25],
			"to": [9, 12.675, 4.55],
			"rotation": {"angle": 0, "axis": "y", "origin": [7.75, 12.2, 2.2]},
			"faces": {
				"north": {"uv": [2, 11.5, 3, 12.5], "texture": "#0"},
				"east": {"uv": [10, 7, 11.5, 8], "texture": "#0"},
				"south": {"uv": [4, 11.5, 5, 12.5], "texture": "#0"},
				"west": {"uv": [10, 8, 11.5, 9], "texture": "#0"},
				"up": {"uv": [3, 11.5, 2, 10], "texture": "#0"},
				"down": {"uv": [4, 10.5, 3, 12], "texture": "#0"}
			}
		},
		{
			"from": [7.55, 8.075, 4.1],
			"to": [8.45, 9.075, 17.25],
			"rotation": {"angle": 0, "axis": "y", "origin": [8, 8.9, 17.3]},
			"faces": {
				"north": {"uv": [13, 11.5, 13.5, 12], "texture": "#0"},
				"east": {"uv": [7.5, 3, 14, 3.5], "texture": "#0"},
				"south": {"uv": [12, 13, 12.5, 13.5], "texture": "#0"},
				"west": {"uv": [7.5, 3.5, 14, 4], "texture": "#0"},
				"up": {"uv": [5.5, 13, 5, 6.5], "texture": "#0"},
				"down": {"uv": [6, 6.5, 5.5, 13], "texture": "#0"}
			}
		},
		{
			"from": [6.825, 6.525, 16.025],
			"to": [9.175, 8.1, 17.4],
			"rotation": {"angle": 0, "axis": "y", "origin": [8, 7, 14.3]},
			"faces": {
				"north": {"uv": [11.5, 7, 12.5, 8], "texture": "#0"},
				"east": {"uv": [12.5, 11.5, 13, 12.5], "texture": "#0"},
				"south": {"uv": [11.5, 8, 12.5, 9], "texture": "#0"},
				"west": {"uv": [12.5, 12.5, 13, 13.5], "texture": "#0"},
				"up": {"uv": [1.5, 13.5, 0.5, 13], "texture": "#0"},
				"down": {"uv": [2.5, 13, 1.5, 13.5], "texture": "#0"}
			}
		},
		{
			"from": [7.425, 5.525, 15.525],
			"to": [8.575, 6.85, 17.15],
			"rotation": {"angle": 0, "axis": "y", "origin": [8, 6, 14.05]},
			"faces": {
				"north": {"uv": [13, 12, 13.5, 12.5], "texture": "#0"},
				"east": {"uv": [2.5, 13, 3.5, 13.5], "texture": "#0"},
				"south": {"uv": [13, 12.5, 13.5, 13], "texture": "#0"},
				"west": {"uv": [3.5, 13, 4.5, 13.5], "texture": "#0"},
				"up": {"uv": [13.5, 5, 13, 4], "texture": "#0"},
				"down": {"uv": [5, 13, 4.5, 14], "texture": "#0"}
			}
		},
		{
			"from": [6.85, 6.35, 16.3],
			"to": [9.15, 7.75, 17.85],
			"rotation": {"angle": -45, "axis": "x", "origin": [8, 7.575, 15.75]},
			"faces": {
				"north": {"uv": [5, 13, 6, 13.5], "texture": "#0"},
				"east": {"uv": [13, 5, 14, 5.5], "texture": "#0"},
				"south": {"uv": [13, 5.5, 14, 6], "texture": "#0"},
				"west": {"uv": [6, 13, 7, 13.5], "texture": "#0"},
				"up": {"uv": [12.5, 10.5, 11.5, 9.5], "texture": "#0"},
				"down": {"uv": [12, 11.5, 11, 12.5], "texture": "#0"}
			}
		},
		{
			"from": [6.9, 6.175, 16.55],
			"to": [9.1, 7.1, 17.475],
			"rotation": {"angle": 45, "axis": "x", "origin": [8, 6.925, 16.725]},
			"faces": {
				"north": {"uv": [7, 13, 8, 13.5], "texture": "#0"},
				"east": {"uv": [13, 13, 13.5, 13.5], "texture": "#0"},
				"south": {"uv": [8, 13, 9, 13.5], "texture": "#0"},
				"west": {"uv": [0.5, 13.5, 1, 14], "texture": "#0"},
				"up": {"uv": [10, 13.5, 9, 13], "texture": "#0"},
				"down": {"uv": [14, 9, 13, 9.5], "texture": "#0"}
			}
		},
		{
			"from": [6.9, 7.525, 14.55],
			"to": [9.1, 9.7, 16.725],
			"rotation": {"angle": 45, "axis": "x", "origin": [8, 8.275, 15.975]},
			"faces": {
				"north": {"uv": [3, 12, 4, 13], "texture": "#0"},
				"east": {"uv": [6, 12, 7, 13], "texture": "#0"},
				"south": {"uv": [7, 12, 8, 13], "texture": "#0"},
				"west": {"uv": [8, 12, 9, 13], "texture": "#0"},
				"up": {"uv": [10, 13, 9, 12], "texture": "#0"},
				"down": {"uv": [11, 12, 10, 13], "texture": "#0"}
			}
		}
	],
	"groups": [
		{
			"name": "main",
			"origin": [8, 8, 8],
			"color": 0,
			"boneType": "",
			"children": [0, 1, 2, 3, 4, 5, 6, 7, 8, 9, 10, 11, 12, 13, 14, 15, 16]
		}
	]
}