{
	"textures": {
		"0": "item/crates/starwars22_bundle/green_lightsaber"
	},
	"elements": [
		{
			"from": [7.5, -16, 6.5],
			"to": [9.5, -7, 8.5],
			"faces": {
				"north": {"uv": [6, 0, 6.5, 2.25], "texture": "#0"},
				"east": {"uv": [6, 2.25, 6.5, 4.5], "texture": "#0"},
				"south": {"uv": [6, 4.5, 6.5, 6.75], "texture": "#0"},
				"west": {"uv": [6.5, 0, 7, 2.25], "texture": "#0"},
				"up": {"uv": [7, 4.25, 6.5, 3.75], "texture": "#0"},
				"down": {"uv": [7, 4.25, 6.5, 4.75], "texture": "#0"}
			}
		},
		{
			"from": [7.5, -7, 6.5],
			"to": [9.5, 31, 8.5],
			"faces": {
				"north": {"uv": [3, 0, 3.5, 9.5], "texture": "#0"},
				"east": {"uv": [3.5, 0, 4, 9.5], "texture": "#0"},
				"south": {"uv": [4, 0, 4.5, 9.5], "texture": "#0"},
				"west": {"uv": [4.5, 0, 5, 9.5], "texture": "#0"},
				"up": {"uv": [7, 5.25, 6.5, 4.75], "texture": "#0"},
				"down": {"uv": [7, 5.25, 6.5, 5.75], "texture": "#0"}
			}
		},
		{
			"from": [7, -7, 6],
			"to": [10, 32, 9],
			"faces": {
				"north": {"uv": [0, 0, 0.75, 9.75], "texture": "#0"},
				"east": {"uv": [0.75, 0, 1.5, 9.75], "texture": "#0"},
				"south": {"uv": [1.5, 0, 2.25, 9.75], "texture": "#0"},
				"west": {"uv": [2.25, 0, 3, 9.75], "texture": "#0"},
				"up": {"uv": [7.25, 3, 6.5, 2.25], "texture": "#0"},
				"down": {"uv": [7.25, 3, 6.5, 3.75], "texture": "#0"}
			}
		},
		{
			"from": [8, -7, 7],
			"to": [9, 30, 8],
			"faces": {
				"north": {"uv": [5, 0, 5.25, 9.25], "texture": "#0"},
				"east": {"uv": [5.25, 0, 5.5, 9.25], "texture": "#0"},
				"south": {"uv": [5.5, 0, 5.75, 9.25], "texture": "#0"},
				"west": {"uv": [5.75, 0, 6, 9.25], "texture": "#0"},
				"up": {"uv": [6.75, 6, 6.5, 5.75], "texture": "#0"},
				"down": {"uv": [6.75, 6, 6.5, 6.25], "texture": "#0"}
			}
		}
	],
	"gui_light": "front",
	"display": {
		"thirdperson_righthand": {
			"translation": [0, 11.25, 0],
			"scale": [0.7, 0.7, 0.7]
		},
		"thirdperson_lefthand": {
			"translation": [0, 11.25, 0],
			"scale": [0.7, 0.7, 0.7]
		},
		"firstperson_righthand": {
			"rotation": [-16, 0, 0],
			"translation": [5.5, 8.5, -3.5],
			"scale": [0.5, 0.5, 0.5]
		},
		"firstperson_lefthand": {
			"rotation": [-16, -90, 0],
			"translation": [5.5, 8.5, -3.5],
			"scale": [0.5, 0.5, 0.5]
		},
		"ground": {
			"rotation": [66, 0, 0],
			"translation": [0, 3.75, 2],
			"scale": [0.57852, 0.6, 0.6]
		},
		"gui": {
			"rotation": [-39, -43, -72],
			"translation": [0, 0.5, 0],
			"scale": [0.6, 0.6, 0.6]
		},
		"head": {
			"rotation": [0, 0, 108]
		}
	},
	"groups": [
		{
			"name": "group",
			"origin": [0, 0, 0],
			"color": 0,
			"boneType": "",
			"children": [0, 1, 2, 3]
		}
	]
}