{
	"textures": {
		"0": "item/crates/starwars22_bundle/jetpack"
	},
	"elements": [
		{
			"from": [2, -6, 7],
			"to": [14, 5, 10],
			"rotation": {"angle": 0, "axis": "y", "origin": [0, -6, 0]},
			"faces": {
				"north": {"uv": [0, 0, 3, 2.75], "texture": "#0"},
				"east": {"uv": [6, 1.5, 6.75, 4.25], "texture": "#0"},
				"south": {"uv": [0, 2.75, 3, 5.5], "texture": "#0"},
				"west": {"uv": [6, 4.25, 6.75, 7], "texture": "#0"},
				"up": {"uv": [9, 0.75, 6, 0], "texture": "#0"},
				"down": {"uv": [9, 0.75, 6, 1.5], "texture": "#0"}
			}
		},
		{
			"from": [5, 5, 7.05],
			"to": [11, 9, 9.95],
			"rotation": {"angle": 0, "axis": "y", "origin": [0, -6, 0]},
			"faces": {
				"north": {"uv": [6.75, 6, 8.25, 7], "texture": "#0"},
				"east": {"uv": [6.5, 8.75, 7.25, 9.75], "texture": "#0"},
				"south": {"uv": [6, 7, 7.5, 8], "texture": "#0"},
				"west": {"uv": [8.75, 8.5, 9.5, 9.5], "texture": "#0"},
				"up": {"uv": [9, 2.25, 7.5, 1.5], "texture": "#0"},
				"down": {"uv": [9, 2.25, 7.5, 3], "texture": "#0"}
			}
		},
		{
			"from": [9, 2, 7.025],
			"to": [14, 5, 9.975],
			"rotation": {"angle": -45, "axis": "z", "origin": [14, 5, 7]},
			"faces": {
				"north": {"uv": [7.5, 5.25, 8.75, 6], "texture": "#0"},
				"east": {"uv": [8.75, 5.25, 9.5, 6], "texture": "#0"},
				"south": {"uv": [6, 8, 7.25, 8.75], "texture": "#0"},
				"west": {"uv": [9, 0, 9.75, 0.75], "texture": "#0"},
				"up": {"uv": [9.25, 7.75, 8, 7], "texture": "#0"},
				"down": {"uv": [9.25, 7.75, 8, 8.5], "texture": "#0"}
			}
		},
		{
			"from": [2, 2, 7.025],
			"to": [7, 5, 9.975],
			"rotation": {"angle": 45, "axis": "z", "origin": [2, 5, 7]},
			"faces": {
				"north": {"uv": [8.25, 6, 9.5, 6.75], "texture": "#0"},
				"east": {"uv": [9, 0.75, 9.75, 1.5], "texture": "#0"},
				"south": {"uv": [8.5, 3, 9.75, 3.75], "texture": "#0"},
				"west": {"uv": [9, 1.5, 9.75, 2.25], "texture": "#0"},
				"up": {"uv": [9.75, 4.5, 8.5, 3.75], "texture": "#0"},
				"down": {"uv": [9.75, 4.5, 8.5, 5.25], "texture": "#0"}
			}
		},
		{
			"from": [6.5, -6, 4],
			"to": [9.5, 10, 7],
			"rotation": {"angle": 0, "axis": "y", "origin": [5.5, -6, 0]},
			"faces": {
				"north": {"uv": [3, 0, 3.75, 4], "texture": "#0"},
				"east": {"uv": [3.75, 0, 4.5, 4], "texture": "#0"},
				"south": {"uv": [3, 4, 3.75, 8], "texture": "#0"},
				"west": {"uv": [3.75, 4, 4.5, 8], "texture": "#0"},
				"up": {"uv": [9.75, 3, 9, 2.25], "texture": "#0"},
				"down": {"uv": [4.25, 9.25, 3.5, 10], "texture": "#0"}
			}
		},
		{
			"from": [7.5, -5, 3],
			"to": [8.5, 8, 4],
			"rotation": {"angle": 0, "axis": "y", "origin": [5.5, -6, 0]},
			"faces": {
				"north": {"uv": [7.25, 8, 7.5, 11.25], "texture": "#0"},
				"east": {"uv": [5.75, 8.75, 6, 12], "texture": "#0"},
				"south": {"uv": [6, 8.75, 6.25, 12], "texture": "#0"},
				"west": {"uv": [6.25, 8.75, 6.5, 12], "texture": "#0"},
				"up": {"uv": [8.5, 7, 8.25, 6.75], "texture": "#0"},
				"down": {"uv": [8.75, 6.75, 8.5, 7], "texture": "#0"}
			}
		},
		{
			"from": [12.5, -6, 4],
			"to": [15.5, 7, 7],
			"rotation": {"angle": 0, "axis": "y", "origin": [5.5, -6, 0]},
			"faces": {
				"north": {"uv": [4.5, 0, 5.25, 3.25], "texture": "#0"},
				"east": {"uv": [4.5, 3.25, 5.25, 6.5], "texture": "#0"},
				"south": {"uv": [5.25, 0, 6, 3.25], "texture": "#0"},
				"west": {"uv": [5.25, 3.25, 6, 6.5], "texture": "#0"},
				"up": {"uv": [10, 7.5, 9.25, 6.75], "texture": "#0"},
				"down": {"uv": [10, 7.5, 9.25, 8.25], "texture": "#0"}
			}
		},
		{
			"from": [13, 7, 4.5],
			"to": [15, 9, 6.5],
			"rotation": {"angle": 0, "axis": "y", "origin": [5.5, -6, 0]},
			"faces": {
				"north": {"uv": [7.5, 9.25, 8, 9.75], "texture": "#0"},
				"east": {"uv": [8.25, 9.75, 8.75, 10.25], "texture": "#0"},
				"south": {"uv": [10, 6.75, 10.5, 7.25], "texture": "#0"},
				"west": {"uv": [10, 7.25, 10.5, 7.75], "texture": "#0"},
				"up": {"uv": [10.5, 8.25, 10, 7.75], "texture": "#0"},
				"down": {"uv": [3.5, 10.25, 3, 10.75], "texture": "#0"}
			}
		},
		{
			"from": [1, 7, 4.5],
			"to": [3, 9, 6.5],
			"rotation": {"angle": 0, "axis": "y", "origin": [10.5, -6, 0]},
			"faces": {
				"north": {"uv": [10.25, 5.25, 10.75, 5.75], "texture": "#0"},
				"east": {"uv": [10.25, 5.75, 10.75, 6.25], "texture": "#0"},
				"south": {"uv": [10.25, 6.25, 10.75, 6.75], "texture": "#0"},
				"west": {"uv": [8.25, 10.25, 8.75, 10.75], "texture": "#0"},
				"up": {"uv": [10.75, 8.75, 10.25, 8.25], "texture": "#0"},
				"down": {"uv": [9.25, 10.25, 8.75, 10.75], "texture": "#0"}
			}
		},
		{
			"from": [13, -8, 4.5],
			"to": [15, -6, 6.5],
			"rotation": {"angle": 0, "axis": "y", "origin": [5.5, -6, 0]},
			"faces": {
				"north": {"uv": [10.25, 8.75, 10.75, 9.25], "texture": "#0"},
				"east": {"uv": [10.25, 9.25, 10.75, 9.75], "texture": "#0"},
				"south": {"uv": [10.25, 9.75, 10.75, 10.25], "texture": "#0"},
				"west": {"uv": [10.25, 10.25, 10.75, 10.75], "texture": "#0"},
				"up": {"uv": [11, 0.5, 10.5, 0], "texture": "#0"},
				"down": {"uv": [11, 0.5, 10.5, 1], "texture": "#0"}
			}
		},
		{
			"from": [1, -8, 4.5],
			"to": [3, -6, 6.5],
			"rotation": {"angle": 0, "axis": "y", "origin": [10.5, -6, 0]},
			"faces": {
				"north": {"uv": [10.5, 1, 11, 1.5], "texture": "#0"},
				"east": {"uv": [10.5, 1.5, 11, 2], "texture": "#0"},
				"south": {"uv": [10.5, 2, 11, 2.5], "texture": "#0"},
				"west": {"uv": [2.25, 10.5, 2.75, 11], "texture": "#0"},
				"up": {"uv": [11, 3, 10.5, 2.5], "texture": "#0"},
				"down": {"uv": [11, 3, 10.5, 3.5], "texture": "#0"}
			}
		},
		{
			"from": [0.5, -6, 4],
			"to": [3.5, 7, 7],
			"rotation": {"angle": 0, "axis": "y", "origin": [10.5, -6, 0]},
			"faces": {
				"north": {"uv": [0, 5.5, 0.75, 8.75], "texture": "#0"},
				"east": {"uv": [0.75, 5.5, 1.5, 8.75], "texture": "#0"},
				"south": {"uv": [1.5, 5.5, 2.25, 8.75], "texture": "#0"},
				"west": {"uv": [2.25, 5.5, 3, 8.75], "texture": "#0"},
				"up": {"uv": [10.25, 6, 9.5, 5.25], "texture": "#0"},
				"down": {"uv": [10.25, 6, 9.5, 6.75], "texture": "#0"}
			}
		},
		{
			"from": [12.5, -11, 4],
			"to": [15.5, -8, 7],
			"rotation": {"angle": 0, "axis": "y", "origin": [5.5, -6, 0]},
			"faces": {
				"north": {"uv": [9.5, 8.25, 10.25, 9], "texture": "#0"},
				"east": {"uv": [8.75, 9.5, 9.5, 10.25], "texture": "#0"},
				"south": {"uv": [9.5, 9, 10.25, 9.75], "texture": "#0"},
				"west": {"uv": [9.75, 0, 10.5, 0.75], "texture": "#0"},
				"up": {"uv": [10.5, 1.5, 9.75, 0.75], "texture": "#0"},
				"down": {"uv": [10.5, 1.5, 9.75, 2.25], "texture": "#0"}
			}
		},
		{
			"from": [12.5, -16, 4],
			"to": [15.5, -11, 7],
			"rotation": {"angle": 0, "axis": "y", "origin": [5.5, -6, 0]},
			"faces": {
				"north": {"uv": [3.5, 8, 4.25, 9.25], "texture": "#0"},
				"east": {"uv": [8, 8.5, 8.75, 9.75], "texture": "#0"},
				"south": {"uv": [0, 8.75, 0.75, 10], "texture": "#0"},
				"west": {"uv": [0.75, 8.75, 1.5, 10], "texture": "#0"},
				"up": {"uv": [10.5, 3, 9.75, 2.25], "texture": "#0"},
				"down": {"uv": [10.5, 3, 9.75, 3.75], "texture": "#0"}
			}
		},
		{
			"from": [0.5, -16, 4],
			"to": [3.5, -11, 7],
			"rotation": {"angle": 0, "axis": "y", "origin": [10.5, -6, 0]},
			"faces": {
				"north": {"uv": [1.5, 8.75, 2.25, 10], "texture": "#0"},
				"east": {"uv": [2.25, 8.75, 3, 10], "texture": "#0"},
				"south": {"uv": [4.25, 8.75, 5, 10], "texture": "#0"},
				"west": {"uv": [5, 8.75, 5.75, 10], "texture": "#0"},
				"up": {"uv": [10.5, 4.5, 9.75, 3.75], "texture": "#0"},
				"down": {"uv": [10.5, 4.5, 9.75, 5.25], "texture": "#0"}
			}
		},
		{
			"from": [0.5, -11, 4],
			"to": [3.5, -8, 7],
			"rotation": {"angle": 0, "axis": "y", "origin": [10.5, -6, 0]},
			"faces": {
				"north": {"uv": [6.5, 9.75, 7.25, 10.5], "texture": "#0"},
				"east": {"uv": [7.5, 9.75, 8.25, 10.5], "texture": "#0"},
				"south": {"uv": [9.5, 9.75, 10.25, 10.5], "texture": "#0"},
				"west": {"uv": [0, 10, 0.75, 10.75], "texture": "#0"},
				"up": {"uv": [1.5, 10.75, 0.75, 10], "texture": "#0"},
				"down": {"uv": [2.25, 10, 1.5, 10.75], "texture": "#0"}
			}
		},
		{
			"from": [3.5, -4, 5],
			"to": [6.5, 5, 7],
			"rotation": {"angle": 0, "axis": "y", "origin": [5.5, -6, 0]},
			"faces": {
				"north": {"uv": [4.5, 6.5, 5.25, 8.75], "texture": "#0"},
				"east": {"uv": [7.5, 3, 8, 5.25], "texture": "#0"},
				"south": {"uv": [5.25, 6.5, 6, 8.75], "texture": "#0"},
				"west": {"uv": [7.5, 7, 8, 9.25], "texture": "#0"},
				"up": {"uv": [3, 10.5, 2.25, 10], "texture": "#0"},
				"down": {"uv": [4.25, 10, 3.5, 10.5], "texture": "#0"}
			}
		},
		{
			"from": [9.5, -4, 5],
			"to": [12.5, 5, 7],
			"rotation": {"angle": 0, "axis": "y", "origin": [10.5, -6, 0]},
			"faces": {
				"north": {"uv": [6.75, 1.5, 7.5, 3.75], "texture": "#0"},
				"east": {"uv": [3, 8, 3.5, 10.25], "texture": "#0"},
				"south": {"uv": [6.75, 3.75, 7.5, 6], "texture": "#0"},
				"west": {"uv": [8, 3, 8.5, 5.25], "texture": "#0"},
				"up": {"uv": [5, 10.5, 4.25, 10], "texture": "#0"},
				"down": {"uv": [5.75, 10, 5, 10.5], "texture": "#0"}
			}
		},
		{
			"from": [10, 5, 5.5],
			"to": [11, 8, 6.5],
			"rotation": {"angle": 0, "axis": "y", "origin": [10.5, -6, 0]},
			"faces": {
				"north": {"uv": [4.25, 8, 4.5, 8.75], "texture": "#0"},
				"east": {"uv": [9.25, 10.25, 9.5, 11], "texture": "#0"},
				"south": {"uv": [2.75, 10.5, 3, 11.25], "texture": "#0"},
				"west": {"uv": [5, 10.5, 5.25, 11.25], "texture": "#0"},
				"up": {"uv": [9, 7, 8.75, 6.75], "texture": "#0"},
				"down": {"uv": [9.25, 6.75, 9, 7], "texture": "#0"}
			}
		},
		{
			"from": [5, 5, 5.5],
			"to": [6, 7, 6.5],
			"rotation": {"angle": 0, "axis": "y", "origin": [5.5, -6, 0]},
			"faces": {
				"north": {"uv": [5.25, 10.5, 5.5, 11], "texture": "#0"},
				"east": {"uv": [5.5, 10.5, 5.75, 11], "texture": "#0"},
				"south": {"uv": [6.5, 10.5, 6.75, 11], "texture": "#0"},
				"west": {"uv": [6.75, 10.5, 7, 11], "texture": "#0"},
				"up": {"uv": [9.5, 8.5, 9.25, 8.25], "texture": "#0"},
				"down": {"uv": [10.75, 5, 10.5, 5.25], "texture": "#0"}
			}
		},
		{
			"from": [7, 10, 4.5],
			"to": [9, 12, 6.5],
			"rotation": {"angle": 0, "axis": "y", "origin": [5.5, -6, 0]},
			"faces": {
				"north": {"uv": [3.5, 10.5, 4, 11], "texture": "#0"},
				"east": {"uv": [10.5, 3.5, 11, 4], "texture": "#0"},
				"south": {"uv": [4, 10.5, 4.5, 11], "texture": "#0"},
				"west": {"uv": [10.5, 4, 11, 4.5], "texture": "#0"},
				"up": {"uv": [5, 11, 4.5, 10.5], "texture": "#0"},
				"down": {"uv": [11, 4.5, 10.5, 5], "texture": "#0"}
			}
		}
	],
	"gui_light": "front",
	"display": {
		"thirdperson_righthand": {
			"rotation": [0, -122, 0],
			"translation": [1.25, -1.5, -2.75],
			"scale": [0.6, 0.6, 0.6]
		},
		"thirdperson_lefthand": {
			"rotation": [0, -122, 0],
			"translation": [1.25, -1.5, -2.75],
			"scale": [0.6, 0.6, 0.6]
		},
		"firstperson_righthand": {
			"rotation": [0, 141, 0],
			"translation": [2.5, 4.25, -2],
			"scale": [0.6, 0.6, 0.6]
		},
		"firstperson_lefthand": {
			"rotation": [0, 141, 0],
			"translation": [2.5, 4.5, -2],
			"scale": [0.6, 0.6, 0.6]
		},
		"ground": {
			"translation": [0, 6.75, 0],
			"scale": [0.6, 0.6, 0.6]
		},
		"gui": {
			"rotation": [30, -145, 0],
			"translation": [-0.25, 6, 0],
			"scale": [0.6, 0.6, 0.6]
		},
		"head": {
			"rotation": [-8, -180, 0],
			"translation": [0, -70, 6],
			"scale": [1.25, 1.25, 1.25]
		}
	},
	"groups": [
		{
			"name": "group",
			"origin": [5.5, 0, 0],
			"color": 0,
			"children": [0, 1, 2, 3, 4, 5, 6, 7, 8, 9, 10, 11, 12, 13, 14, 15, 16, 17, 18, 19, 20]
		}
	]
}