{
	"textures": {
		"1": "item/crates/christmas20/frostbow"
	},
	"elements": [
		{
			"from": [7.25, 10.75, -0.25],
			"to": [8.75, 15, 1.75],
			"rotation": {"angle": 22.5, "axis": "x", "origin": [8, 7, 1]},
			"faces": {
				"north": {"uv": [3, 5.875, 3.125, 6.375], "texture": "#1"},
				"east": {"uv": [2.75, 5.875, 3, 6.375], "texture": "#1"},
				"south": {"uv": [3.375, 5.875, 3.5, 6.375], "texture": "#1"},
				"west": {"uv": [3.125, 5.875, 3.375, 6.375], "texture": "#1"},
				"up": {"uv": [3.125, 5.875, 3, 5.625], "texture": "#1"},
				"down": {"uv": [3.25, 5.625, 3.125, 5.875], "texture": "#1"}
			}
		},
		{
			"from": [6.75, 12.35196, 0.27844],
			"to": [9.25, 14.60196, 2.27844],
			"rotation": {"angle": 22.5, "axis": "x", "origin": [8, 6.85196, 2.02844]},
			"faces": {
				"north": {"uv": [2, 5.875, 2.25, 6.125], "texture": "#1"},
				"east": {"uv": [1.75, 5.875, 2, 6.125], "texture": "#1"},
				"south": {"uv": [2.5, 5.875, 2.75, 6.125], "texture": "#1"},
				"west": {"uv": [2.25, 5.875, 2.5, 6.125], "texture": "#1"},
				"up": {"uv": [2.25, 5.875, 2, 5.625], "texture": "#1"},
				"down": {"uv": [2.5, 5.625, 2.25, 5.875], "texture": "#1"}
			}
		},
		{
			"from": [8, 20.75, 3.38326],
			"to": [8, 31.75, 14.38326],
			"rotation": {"angle": 22.5, "axis": "x", "origin": [8, 13.78284, 2.28425]},
			"faces": {
				"north": {"uv": [1.375, 10.375, 1.375, 11.75], "texture": "#1"},
				"east": {"uv": [2.75, 10.375, 1.375, 11.75], "texture": "#1"},
				"south": {"uv": [2.75, 10.375, 2.75, 11.75], "texture": "#1"},
				"west": {"uv": [1.375, 10.375, 2.75, 11.75], "texture": "#1"},
				"up": {"uv": [1.375, 10.375, 1.375, 9], "texture": "#1"},
				"down": {"uv": [1.375, 9, 1.375, 10.375], "texture": "#1"}
			}
		},
		{
			"from": [6.75, 12.78164, 0.45025],
			"to": [9.25, 17.28164, 2.95025],
			"rotation": {"angle": 45, "axis": "x", "origin": [8, 13.78284, 2.28425]},
			"faces": {
				"north": {"uv": [3.5, 4.875, 3.75, 5.375], "texture": "#1"},
				"east": {"uv": [3.25, 4.875, 3.5, 5.375], "texture": "#1"},
				"south": {"uv": [4, 4.875, 4.25, 5.375], "texture": "#1"},
				"west": {"uv": [3.75, 4.875, 4, 5.375], "texture": "#1"},
				"up": {"uv": [3.75, 4.875, 3.5, 4.625], "texture": "#1"},
				"down": {"uv": [4, 4.625, 3.75, 4.875], "texture": "#1"}
			}
		},
		{
			"from": [7, 15.08636, 1.38478],
			"to": [9, 16.58636, 5.38478],
			"rotation": {"angle": -22.5, "axis": "x", "origin": [8, 13.78284, 2.28425]},
			"faces": {
				"north": {"uv": [0.5, 6.875, 0.75, 7], "texture": "#1"},
				"east": {"uv": [0, 6.875, 0.5, 7], "texture": "#1"},
				"south": {"uv": [1.25, 6.875, 1.5, 7], "texture": "#1"},
				"west": {"uv": [0.75, 6.875, 1.25, 7], "texture": "#1"},
				"up": {"uv": [0.75, 6.875, 0.5, 6.375], "texture": "#1"},
				"down": {"uv": [1, 6.375, 0.75, 6.875], "texture": "#1"}
			}
		},
		{
			"from": [7, 13.40203, 1.93674],
			"to": [9, 19.40203, 4.43674],
			"rotation": {"angle": 22.5, "axis": "x", "origin": [8, 13.78284, 2.28425]},
			"faces": {
				"north": {"uv": [1.5, 4.875, 1.75, 5.625], "texture": "#1"},
				"east": {"uv": [1.25, 4.875, 1.5, 5.625], "texture": "#1"},
				"south": {"uv": [2, 4.875, 2.25, 5.625], "texture": "#1"},
				"west": {"uv": [1.75, 4.875, 2, 5.625], "texture": "#1"},
				"up": {"uv": [1.75, 4.875, 1.5, 4.625], "texture": "#1"},
				"down": {"uv": [2, 4.625, 1.75, 4.875], "texture": "#1"}
			}
		},
		{
			"from": [7.25, 18.84131, -0.18718],
			"to": [8.75, 21.70691, 2.06282],
			"rotation": {"angle": 45, "axis": "x", "origin": [8, 13.78284, 2.28425]},
			"faces": {
				"north": {"uv": [0.25, 7.375, 0.375, 7.625], "texture": "#1"},
				"east": {"uv": [0, 7.375, 0.25, 7.625], "texture": "#1"},
				"south": {"uv": [0.625, 7.375, 0.75, 7.625], "texture": "#1"},
				"west": {"uv": [0.375, 7.375, 0.625, 7.625], "texture": "#1"},
				"up": {"uv": [0.375, 7.375, 0.25, 7.125], "texture": "#1"},
				"down": {"uv": [0.5, 7.125, 0.375, 7.375], "texture": "#1"}
			}
		},
		{
			"from": [7.5, 17.26162, 8.59592],
			"to": [8.5, 19.01162, 14.46152],
			"rotation": {"angle": -22.5, "axis": "x", "origin": [8, 13.78284, 2.28425]},
			"faces": {
				"north": {"uv": [0.625, 4, 0.75, 4.125], "texture": "#1"},
				"east": {"uv": [0, 4, 0.625, 4.125], "texture": "#1"},
				"south": {"uv": [1.375, 4, 1.5, 4.125], "texture": "#1"},
				"west": {"uv": [0.75, 4, 1.375, 4.125], "texture": "#1"},
				"up": {"uv": [0.75, 4, 0.625, 3.375], "texture": "#1"},
				"down": {"uv": [0.875, 3.375, 0.75, 4], "texture": "#1"}
			}
		},
		{
			"from": [7.25, 23.67388, 6.52779],
			"to": [8.75, 26.17388, 9.02779],
			"rotation": {"angle": 22.5, "axis": "x", "origin": [8, 13.78284, 2.28425]},
			"faces": {
				"north": {"uv": [3.5, 6.625, 3.625, 6.875], "texture": "#1"},
				"east": {"uv": [3.25, 6.625, 3.5, 6.875], "texture": "#1"},
				"south": {"uv": [3.875, 6.625, 4, 6.875], "texture": "#1"},
				"west": {"uv": [3.625, 6.625, 3.875, 6.875], "texture": "#1"},
				"up": {"uv": [3.625, 6.625, 3.5, 6.375], "texture": "#1"},
				"down": {"uv": [3.75, 6.375, 3.625, 6.625], "texture": "#1"}
			}
		},
		{
			"from": [7, 24.42388, 7.27779],
			"to": [9, 25.42388, 8.27779],
			"rotation": {"angle": 22.5, "axis": "x", "origin": [8, 13.78284, 2.28425]},
			"faces": {
				"north": {"uv": [3.875, 7.75, 4.125, 7.875], "texture": "#1"},
				"east": {"uv": [3.75, 7.75, 3.875, 7.875], "texture": "#1"},
				"south": {"uv": [4.25, 7.75, 4.5, 7.875], "texture": "#1"},
				"west": {"uv": [4.125, 7.75, 4.25, 7.875], "texture": "#1"},
				"up": {"uv": [4.125, 7.75, 3.875, 7.625], "texture": "#1"},
				"down": {"uv": [4.375, 7.625, 4.125, 7.75], "texture": "#1"}
			}
		},
		{
			"from": [7.325, 22.03448, 11.11229],
			"to": [8.675, 26.9606, 12.21229],
			"rotation": {"angle": 0, "axis": "y", "origin": [8, 13.78284, 2.28425]},
			"faces": {
				"north": {"uv": [2.875, 6.5, 3, 7.125], "texture": "#1"},
				"east": {"uv": [2.75, 6.5, 2.875, 7.125], "texture": "#1"},
				"south": {"uv": [3.125, 6.5, 3.25, 7.125], "texture": "#1"},
				"west": {"uv": [3, 6.5, 3.125, 7.125], "texture": "#1"},
				"up": {"uv": [3, 6.5, 2.875, 6.375], "texture": "#1"},
				"down": {"uv": [3.125, 6.375, 3, 6.5], "texture": "#1"}
			}
		},
		{
			"from": [7.325, 25.51495, 2.9044],
			"to": [8.675, 26.61495, 7.83052],
			"rotation": {"angle": 45, "axis": "x", "origin": [8, 13.78284, 2.28425]},
			"faces": {
				"north": {"uv": [5.375, 3.125, 5.5, 3.25], "texture": "#1"},
				"east": {"uv": [4.75, 3.125, 5.375, 3.25], "texture": "#1"},
				"south": {"uv": [6.125, 3.125, 6.25, 3.25], "texture": "#1"},
				"west": {"uv": [5.5, 3.125, 6.125, 3.25], "texture": "#1"},
				"up": {"uv": [5.5, 3.125, 5.375, 2.5], "texture": "#1"},
				"down": {"uv": [5.625, 2.5, 5.5, 3.125], "texture": "#1"}
			}
		},
		{
			"from": [7.45, 27.89547, 0.96261],
			"to": [8.55, 29.82159, 2.06261],
			"rotation": {"angle": 45, "axis": "x", "origin": [8, 13.78284, 2.28425]},
			"faces": {
				"north": {"uv": [4.125, 8.125, 4.25, 8.375], "texture": "#1"},
				"east": {"uv": [4, 8.125, 4.125, 8.375], "texture": "#1"},
				"south": {"uv": [4.375, 8.125, 4.5, 8.375], "texture": "#1"},
				"west": {"uv": [4.25, 8.125, 4.375, 8.375], "texture": "#1"},
				"up": {"uv": [4.25, 8.125, 4.125, 8], "texture": "#1"},
				"down": {"uv": [4.375, 8, 4.25, 8.125], "texture": "#1"}
			}
		},
		{
			"from": [7.45, 18.45642, 12.42566],
			"to": [8.55, 20.38254, 13.52566],
			"rotation": {"angle": 0, "axis": "y", "origin": [8, 13.78284, 2.28425]},
			"faces": {
				"north": {"uv": [2.125, 8.125, 2.25, 8.375], "texture": "#1"},
				"east": {"uv": [2, 8.125, 2.125, 8.375], "texture": "#1"},
				"south": {"uv": [2.375, 8.125, 2.5, 8.375], "texture": "#1"},
				"west": {"uv": [2.25, 8.125, 2.375, 8.375], "texture": "#1"},
				"up": {"uv": [2.25, 8.125, 2.125, 8], "texture": "#1"},
				"down": {"uv": [2.375, 8, 2.25, 8.125], "texture": "#1"}
			}
		},
		{
			"from": [7.45, 27.18098, -0.58761],
			"to": [8.55, 28.28098, 1.33851],
			"rotation": {"angle": 45, "axis": "x", "origin": [8, 13.78284, 2.28425]},
			"faces": {
				"north": {"uv": [1.75, 7.875, 1.875, 8], "texture": "#1"},
				"east": {"uv": [1.5, 7.875, 1.75, 8], "texture": "#1"},
				"south": {"uv": [2.125, 7.875, 2.25, 8], "texture": "#1"},
				"west": {"uv": [1.875, 7.875, 2.125, 8], "texture": "#1"},
				"up": {"uv": [1.875, 7.875, 1.75, 7.625], "texture": "#1"},
				"down": {"uv": [2, 7.625, 1.875, 7.875], "texture": "#1"}
			}
		},
		{
			"from": [7.45, 19.99702, 13.14975],
			"to": [8.55, 21.09702, 15.07587],
			"rotation": {"angle": 0, "axis": "y", "origin": [8, 13.78284, 2.28425]},
			"faces": {
				"north": {"uv": [0.25, 7.875, 0.375, 8], "texture": "#1"},
				"east": {"uv": [0, 7.875, 0.25, 8], "texture": "#1"},
				"south": {"uv": [0.625, 7.875, 0.75, 8], "texture": "#1"},
				"west": {"uv": [0.375, 7.875, 0.625, 8], "texture": "#1"},
				"up": {"uv": [0.375, 7.875, 0.25, 7.625], "texture": "#1"},
				"down": {"uv": [0.5, 7.625, 0.375, 7.875], "texture": "#1"}
			}
		},
		{
			"from": [7.45, 27.70447, 9.98949],
			"to": [8.55, 29.6306, 11.08949],
			"rotation": {"angle": 22.5, "axis": "x", "origin": [8, 13.78284, 2.28425]},
			"faces": {
				"north": {"uv": [3.625, 8.125, 3.75, 8.375], "texture": "#1"},
				"east": {"uv": [3.5, 8.125, 3.625, 8.375], "texture": "#1"},
				"south": {"uv": [3.875, 8.125, 4, 8.375], "texture": "#1"},
				"west": {"uv": [3.75, 8.125, 3.875, 8.375], "texture": "#1"},
				"up": {"uv": [3.75, 8.125, 3.625, 8], "texture": "#1"},
				"down": {"uv": [3.875, 8, 3.75, 8.125], "texture": "#1"}
			}
		},
		{
			"from": [7.45, 26.20447, 8.48949],
			"to": [8.55, 27.8806, 9.58949],
			"rotation": {"angle": 22.5, "axis": "x", "origin": [8, 13.78284, 2.28425]},
			"faces": {
				"north": {"uv": [3.125, 8.125, 3.25, 8.375], "texture": "#1"},
				"east": {"uv": [3, 8.125, 3.125, 8.375], "texture": "#1"},
				"south": {"uv": [3.375, 8.125, 3.5, 8.375], "texture": "#1"},
				"west": {"uv": [3.25, 8.125, 3.375, 8.375], "texture": "#1"},
				"up": {"uv": [3.25, 8.125, 3.125, 8], "texture": "#1"},
				"down": {"uv": [3.375, 8, 3.25, 8.125], "texture": "#1"}
			}
		},
		{
			"from": [7.45, 23.20447, 4.48949],
			"to": [8.55, 24.8806, 5.58949],
			"rotation": {"angle": 22.5, "axis": "x", "origin": [8, 13.78284, 2.28425]},
			"faces": {
				"north": {"uv": [2.625, 8.125, 2.75, 8.375], "texture": "#1"},
				"east": {"uv": [2.5, 8.125, 2.625, 8.375], "texture": "#1"},
				"south": {"uv": [2.875, 8.125, 3, 8.375], "texture": "#1"},
				"west": {"uv": [2.75, 8.125, 2.875, 8.375], "texture": "#1"},
				"up": {"uv": [2.75, 8.125, 2.625, 8], "texture": "#1"},
				"down": {"uv": [2.875, 8, 2.75, 8.125], "texture": "#1"}
			}
		},
		{
			"from": [7.45, 22.10447, 5.58949],
			"to": [8.55, 23.20447, 7.26561],
			"rotation": {"angle": 22.5, "axis": "x", "origin": [8, 13.78284, 2.28425]},
			"faces": {
				"north": {"uv": [4.75, 7.375, 4.875, 7.5], "texture": "#1"},
				"east": {"uv": [4.5, 7.375, 4.75, 7.5], "texture": "#1"},
				"south": {"uv": [5.125, 7.375, 5.25, 7.5], "texture": "#1"},
				"west": {"uv": [4.875, 7.375, 5.125, 7.5], "texture": "#1"},
				"up": {"uv": [4.875, 7.375, 4.75, 7.125], "texture": "#1"},
				"down": {"uv": [5, 7.125, 4.875, 7.375], "texture": "#1"}
			}
		},
		{
			"from": [7.45, 25.62144, 8.70143],
			"to": [8.55, 26.72144, 10.37755],
			"rotation": {"angle": 22.5, "axis": "x", "origin": [8, 13.78284, 2.28425]},
			"faces": {
				"north": {"uv": [1, 7.875, 1.125, 8], "texture": "#1"},
				"east": {"uv": [0.75, 7.875, 1, 8], "texture": "#1"},
				"south": {"uv": [1.375, 7.875, 1.5, 8], "texture": "#1"},
				"west": {"uv": [1.125, 7.875, 1.375, 8], "texture": "#1"},
				"up": {"uv": [1.125, 7.875, 1, 7.625], "texture": "#1"},
				"down": {"uv": [1.25, 7.625, 1.125, 7.875], "texture": "#1"}
			}
		},
		{
			"from": [7.45, 27.15403, 10.51672],
			"to": [8.55, 28.25403, 12.44284],
			"rotation": {"angle": 22.5, "axis": "x", "origin": [8, 13.78284, 2.28425]},
			"faces": {
				"north": {"uv": [2.5, 7.875, 2.625, 8], "texture": "#1"},
				"east": {"uv": [2.25, 7.875, 2.5, 8], "texture": "#1"},
				"south": {"uv": [2.875, 7.875, 3, 8], "texture": "#1"},
				"west": {"uv": [2.625, 7.875, 2.875, 8], "texture": "#1"},
				"up": {"uv": [2.625, 7.875, 2.5, 7.625], "texture": "#1"},
				"down": {"uv": [2.75, 7.625, 2.625, 7.875], "texture": "#1"}
			}
		},
		{
			"from": [7.325, 17.32327, 14.63635],
			"to": [8.675, 18.42327, 20.56247],
			"rotation": {"angle": -22.5, "axis": "x", "origin": [8, 13.78284, 2.28425]},
			"faces": {
				"north": {"uv": [0.75, 3.25, 0.875, 3.375], "texture": "#1"},
				"east": {"uv": [0, 3.25, 0.75, 3.375], "texture": "#1"},
				"south": {"uv": [1.625, 3.25, 1.75, 3.375], "texture": "#1"},
				"west": {"uv": [0.875, 3.25, 1.625, 3.375], "texture": "#1"},
				"up": {"uv": [0.875, 3.25, 0.75, 2.5], "texture": "#1"},
				"down": {"uv": [1, 2.5, 0.875, 3.25], "texture": "#1"}
			}
		},
		{
			"from": [7, 9.96612, -1.56598],
			"to": [9, 12.96612, 1.43402],
			"rotation": {"angle": 45, "axis": "x", "origin": [8, 10.96612, 0.43402]},
			"faces": {
				"north": {"uv": [0.375, 5, 0.625, 5.375], "texture": "#1"},
				"east": {"uv": [0, 5, 0.375, 5.375], "texture": "#1"},
				"south": {"uv": [1, 5, 1.25, 5.375], "texture": "#1"},
				"west": {"uv": [0.625, 5, 1, 5.375], "texture": "#1"},
				"up": {"uv": [0.625, 5, 0.375, 4.625], "texture": "#1"},
				"down": {"uv": [0.875, 4.625, 0.625, 5], "texture": "#1"}
			}
		},
		{
			"from": [7.5, 3.75, 3.25],
			"to": [8.5, 12.5, 5.25],
			"rotation": {"angle": 0, "axis": "y", "origin": [0.5, 2.5, 12.25]},
			"faces": {
				"north": {"uv": [4, 3.625, 4.125, 4.625], "texture": "#1"},
				"east": {"uv": [3.75, 3.625, 4, 4.625], "texture": "#1"},
				"south": {"uv": [4.375, 3.625, 4.5, 4.625], "texture": "#1"},
				"west": {"uv": [4.125, 3.625, 4.375, 4.625], "texture": "#1"},
				"up": {"uv": [4.125, 3.625, 4, 3.375], "texture": "#1"},
				"down": {"uv": [4.25, 3.375, 4.125, 3.625], "texture": "#1"}
			}
		},
		{
			"from": [7.25, 1, -0.25],
			"to": [8.75, 5.25, 1.75],
			"rotation": {"angle": -22.5, "axis": "x", "origin": [8, 9, 1]},
			"faces": {
				"north": {"uv": [1.25, 5.875, 1.375, 6.375], "texture": "#1"},
				"east": {"uv": [1, 5.875, 1.25, 6.375], "texture": "#1"},
				"south": {"uv": [1.625, 5.875, 1.75, 6.375], "texture": "#1"},
				"west": {"uv": [1.375, 5.875, 1.625, 6.375], "texture": "#1"},
				"up": {"uv": [1.375, 5.875, 1.25, 5.625], "texture": "#1"},
				"down": {"uv": [1.5, 5.625, 1.375, 5.875], "texture": "#1"}
			}
		},
		{
			"from": [6.75, 1.39804, 0.27844],
			"to": [9.25, 3.64804, 2.27844],
			"rotation": {"angle": -22.5, "axis": "x", "origin": [8, 9.14804, 2.02844]},
			"faces": {
				"north": {"uv": [0.25, 5.875, 0.5, 6.125], "texture": "#1"},
				"east": {"uv": [0, 5.875, 0.25, 6.125], "texture": "#1"},
				"south": {"uv": [0.75, 5.875, 1, 6.125], "texture": "#1"},
				"west": {"uv": [0.5, 5.875, 0.75, 6.125], "texture": "#1"},
				"up": {"uv": [0.5, 5.875, 0.25, 5.625], "texture": "#1"},
				"down": {"uv": [0.75, 5.625, 0.5, 5.875], "texture": "#1"}
			}
		},
		{
			"from": [6.75, -1.317, 0.41708],
			"to": [9.25, 3.183, 2.91708],
			"rotation": {"angle": -45, "axis": "x", "origin": [8, 2.28284, 2.17878]},
			"faces": {
				"north": {"uv": [2.5, 4.875, 2.75, 5.375], "texture": "#1"},
				"east": {"uv": [2.25, 4.875, 2.5, 5.375], "texture": "#1"},
				"south": {"uv": [3, 4.875, 3.25, 5.375], "texture": "#1"},
				"west": {"uv": [2.75, 4.875, 3, 5.375], "texture": "#1"},
				"up": {"uv": [2.75, 4.875, 2.5, 4.625], "texture": "#1"},
				"down": {"uv": [3, 4.625, 2.75, 4.875], "texture": "#1"}
			}
		},
		{
			"from": [7, -0.49255, 0.68886],
			"to": [9, 1.00745, 4.68886],
			"rotation": {"angle": 22.5, "axis": "x", "origin": [8, 2.28284, 2.17878]},
			"faces": {
				"north": {"uv": [4, 6.125, 4.25, 6.25], "texture": "#1"},
				"east": {"uv": [3.5, 6.125, 4, 6.25], "texture": "#1"},
				"south": {"uv": [4.75, 6.125, 5, 6.25], "texture": "#1"},
				"west": {"uv": [4.25, 6.125, 4.75, 6.25], "texture": "#1"},
				"up": {"uv": [4.25, 6.125, 4, 5.625], "texture": "#1"},
				"down": {"uv": [4.5, 5.625, 4.25, 6.125], "texture": "#1"}
			}
		},
		{
			"from": [7, -3.40203, 1.93674],
			"to": [9, 2.59797, 4.43674],
			"rotation": {"angle": -22.5, "axis": "x", "origin": [8, 2.28284, 2.17878]},
			"faces": {
				"north": {"uv": [3, 3.625, 3.25, 4.375], "texture": "#1"},
				"east": {"uv": [2.75, 3.625, 3, 4.375], "texture": "#1"},
				"south": {"uv": [3.5, 3.625, 3.75, 4.375], "texture": "#1"},
				"west": {"uv": [3.25, 3.625, 3.5, 4.375], "texture": "#1"},
				"up": {"uv": [3.25, 3.625, 3, 3.375], "texture": "#1"},
				"down": {"uv": [3.5, 3.375, 3.25, 3.625], "texture": "#1"}
			}
		},
		{
			"from": [7.25, -5.74227, -0.22034],
			"to": [8.75, -2.87667, 2.02966],
			"rotation": {"angle": -45, "axis": "x", "origin": [8, 2.28284, 2.17878]},
			"faces": {
				"north": {"uv": [2.25, 6.625, 2.375, 6.875], "texture": "#1"},
				"east": {"uv": [2, 6.625, 2.25, 6.875], "texture": "#1"},
				"south": {"uv": [2.625, 6.625, 2.75, 6.875], "texture": "#1"},
				"west": {"uv": [2.375, 6.625, 2.625, 6.875], "texture": "#1"},
				"up": {"uv": [2.375, 6.625, 2.25, 6.375], "texture": "#1"},
				"down": {"uv": [2.5, 6.375, 2.375, 6.625], "texture": "#1"}
			}
		},
		{
			"from": [7.5, -2.9178, 8.61148],
			"to": [8.5, -1.1678, 14.47708],
			"rotation": {"angle": 22.5, "axis": "x", "origin": [8, 2.28284, 2.17878]},
			"faces": {
				"north": {"uv": [3.875, 3.125, 4, 3.25], "texture": "#1"},
				"east": {"uv": [3.25, 3.125, 3.875, 3.25], "texture": "#1"},
				"south": {"uv": [4.625, 3.125, 4.75, 3.25], "texture": "#1"},
				"west": {"uv": [4, 3.125, 4.625, 3.25], "texture": "#1"},
				"up": {"uv": [4, 3.125, 3.875, 2.5], "texture": "#1"},
				"down": {"uv": [4.125, 2.5, 4, 3.125], "texture": "#1"}
			}
		},
		{
			"from": [7.25, -10.17388, 6.52779],
			"to": [8.75, -7.67388, 9.02779],
			"rotation": {"angle": -22.5, "axis": "x", "origin": [8, 2.28284, 2.17878]},
			"faces": {
				"north": {"uv": [1.5, 6.625, 1.625, 6.875], "texture": "#1"},
				"east": {"uv": [1.25, 6.625, 1.5, 6.875], "texture": "#1"},
				"south": {"uv": [1.875, 6.625, 2, 6.875], "texture": "#1"},
				"west": {"uv": [1.625, 6.625, 1.875, 6.875], "texture": "#1"},
				"up": {"uv": [1.625, 6.625, 1.5, 6.375], "texture": "#1"},
				"down": {"uv": [1.75, 6.375, 1.625, 6.625], "texture": "#1"}
			}
		},
		{
			"from": [8, -16, 3.38326],
			"to": [8, -5, 14.38326],
			"rotation": {"angle": -22.5, "axis": "x", "origin": [8, 2.28284, 2.17878]},
			"faces": {
				"north": {"uv": [1.375, 10.375, 1.375, 11.75], "texture": "#1"},
				"east": {"uv": [2.75, 10.375, 1.375, 11.75], "texture": "#1"},
				"south": {"uv": [2.75, 10.375, 2.75, 11.75], "texture": "#1"},
				"west": {"uv": [1.375, 10.375, 2.75, 11.75], "texture": "#1"},
				"up": {"uv": [1.375, 10.375, 1.375, 9], "texture": "#1"},
				"down": {"uv": [1.375, 9, 1.375, 10.375], "texture": "#1"}
			}
		},
		{
			"from": [7, -9.42388, 7.27779],
			"to": [9, -8.42388, 8.27779],
			"rotation": {"angle": -22.5, "axis": "x", "origin": [8, 2.28284, 2.17878]},
			"faces": {
				"north": {"uv": [3.125, 7.75, 3.375, 7.875], "texture": "#1"},
				"east": {"uv": [3, 7.75, 3.125, 7.875], "texture": "#1"},
				"south": {"uv": [3.5, 7.75, 3.75, 7.875], "texture": "#1"},
				"west": {"uv": [3.375, 7.75, 3.5, 7.875], "texture": "#1"},
				"up": {"uv": [3.375, 7.75, 3.125, 7.625], "texture": "#1"},
				"down": {"uv": [3.625, 7.625, 3.375, 7.75], "texture": "#1"}
			}
		},
		{
			"from": [7.325, -10.91524, 11.1294],
			"to": [8.675, -5.98912, 12.2294],
			"rotation": {"angle": 0, "axis": "y", "origin": [8, 2.28284, 2.17878]},
			"faces": {
				"north": {"uv": [0.875, 6.5, 1, 7.125], "texture": "#1"},
				"east": {"uv": [0.75, 6.5, 0.875, 7.125], "texture": "#1"},
				"south": {"uv": [1.125, 6.5, 1.25, 7.125], "texture": "#1"},
				"west": {"uv": [1, 6.5, 1.125, 7.125], "texture": "#1"},
				"up": {"uv": [1, 6.5, 0.875, 6.375], "texture": "#1"},
				"down": {"uv": [1.125, 6.375, 1, 6.5], "texture": "#1"}
			}
		},
		{
			"from": [7.325, -10.65031, 2.87123],
			"to": [8.675, -9.55031, 7.79735],
			"rotation": {"angle": -45, "axis": "x", "origin": [8, 2.28284, 2.17878]},
			"faces": {
				"north": {"uv": [2.375, 3.125, 2.5, 3.25], "texture": "#1"},
				"east": {"uv": [1.75, 3.125, 2.375, 3.25], "texture": "#1"},
				"south": {"uv": [3.125, 3.125, 3.25, 3.25], "texture": "#1"},
				"west": {"uv": [2.5, 3.125, 3.125, 3.25], "texture": "#1"},
				"up": {"uv": [2.5, 3.125, 2.375, 2.5], "texture": "#1"},
				"down": {"uv": [2.625, 2.5, 2.5, 3.125], "texture": "#1"}
			}
		},
		{
			"from": [7.45, -13.85695, 0.92944],
			"to": [8.55, -11.93083, 2.02944],
			"rotation": {"angle": -45, "axis": "x", "origin": [8, 2.28284, 2.17878]},
			"faces": {
				"north": {"uv": [1.625, 8.125, 1.75, 8.375], "texture": "#1"},
				"east": {"uv": [1.5, 8.125, 1.625, 8.375], "texture": "#1"},
				"south": {"uv": [1.875, 8.125, 2, 8.375], "texture": "#1"},
				"west": {"uv": [1.75, 8.125, 1.875, 8.375], "texture": "#1"},
				"up": {"uv": [1.75, 8.125, 1.625, 8], "texture": "#1"},
				"down": {"uv": [1.875, 8, 1.75, 8.125], "texture": "#1"}
			}
		},
		{
			"from": [7.45, -4.33718, 12.44276],
			"to": [8.55, -2.41106, 13.54276],
			"rotation": {"angle": 0, "axis": "y", "origin": [8, 2.28284, 2.17878]},
			"faces": {
				"north": {"uv": [1.125, 8.125, 1.25, 8.375], "texture": "#1"},
				"east": {"uv": [1, 8.125, 1.125, 8.375], "texture": "#1"},
				"south": {"uv": [1.375, 8.125, 1.5, 8.375], "texture": "#1"},
				"west": {"uv": [1.25, 8.125, 1.375, 8.375], "texture": "#1"},
				"up": {"uv": [1.25, 8.125, 1.125, 8], "texture": "#1"},
				"down": {"uv": [1.375, 8, 1.25, 8.125], "texture": "#1"}
			}
		},
		{
			"from": [7.45, -12.31635, -0.62078],
			"to": [8.55, -11.21635, 1.30534],
			"rotation": {"angle": -45, "axis": "x", "origin": [8, 2.28284, 2.17878]},
			"faces": {
				"north": {"uv": [4, 7.375, 4.125, 7.5], "texture": "#1"},
				"east": {"uv": [3.75, 7.375, 4, 7.5], "texture": "#1"},
				"south": {"uv": [4.375, 7.375, 4.5, 7.5], "texture": "#1"},
				"west": {"uv": [4.125, 7.375, 4.375, 7.5], "texture": "#1"},
				"up": {"uv": [4.125, 7.375, 4, 7.125], "texture": "#1"},
				"down": {"uv": [4.25, 7.125, 4.125, 7.375], "texture": "#1"}
			}
		},
		{
			"from": [7.45, -5.05166, 13.16686],
			"to": [8.55, -3.95166, 15.09298],
			"rotation": {"angle": 0, "axis": "y", "origin": [8, 2.28284, 2.17878]},
			"faces": {
				"north": {"uv": [3.25, 7.375, 3.375, 7.5], "texture": "#1"},
				"east": {"uv": [3, 7.375, 3.25, 7.5], "texture": "#1"},
				"south": {"uv": [3.625, 7.375, 3.75, 7.5], "texture": "#1"},
				"west": {"uv": [3.375, 7.375, 3.625, 7.5], "texture": "#1"},
				"up": {"uv": [3.375, 7.375, 3.25, 7.125], "texture": "#1"},
				"down": {"uv": [3.5, 7.125, 3.375, 7.375], "texture": "#1"}
			}
		},
		{
			"from": [7.45, -13.6306, 9.98949],
			"to": [8.55, -11.70447, 11.08949],
			"rotation": {"angle": -22.5, "axis": "x", "origin": [8, 2.28284, 2.17878]},
			"faces": {
				"north": {"uv": [0.625, 8.125, 0.75, 8.375], "texture": "#1"},
				"east": {"uv": [0.5, 8.125, 0.625, 8.375], "texture": "#1"},
				"south": {"uv": [0.875, 8.125, 1, 8.375], "texture": "#1"},
				"west": {"uv": [0.75, 8.125, 0.875, 8.375], "texture": "#1"},
				"up": {"uv": [0.75, 8.125, 0.625, 8], "texture": "#1"},
				"down": {"uv": [0.875, 8, 0.75, 8.125], "texture": "#1"}
			}
		},
		{
			"from": [7.45, -11.8806, 8.48949],
			"to": [8.55, -10.20447, 9.58949],
			"rotation": {"angle": -22.5, "axis": "x", "origin": [8, 2.28284, 2.17878]},
			"faces": {
				"north": {"uv": [0.125, 8.125, 0.25, 8.375], "texture": "#1"},
				"east": {"uv": [0, 8.125, 0.125, 8.375], "texture": "#1"},
				"south": {"uv": [0.375, 8.125, 0.5, 8.375], "texture": "#1"},
				"west": {"uv": [0.25, 8.125, 0.375, 8.375], "texture": "#1"},
				"up": {"uv": [0.25, 8.125, 0.125, 8], "texture": "#1"},
				"down": {"uv": [0.375, 8, 0.25, 8.125], "texture": "#1"}
			}
		},
		{
			"from": [7.45, -8.8806, 4.48949],
			"to": [8.55, -7.20447, 5.58949],
			"rotation": {"angle": -22.5, "axis": "x", "origin": [8, 2.28284, 2.17878]},
			"faces": {
				"north": {"uv": [4.625, 7.75, 4.75, 8], "texture": "#1"},
				"east": {"uv": [4.5, 7.75, 4.625, 8], "texture": "#1"},
				"south": {"uv": [4.875, 7.75, 5, 8], "texture": "#1"},
				"west": {"uv": [4.75, 7.75, 4.875, 8], "texture": "#1"},
				"up": {"uv": [4.75, 7.75, 4.625, 7.625], "texture": "#1"},
				"down": {"uv": [4.875, 7.625, 4.75, 7.75], "texture": "#1"}
			}
		},
		{
			"from": [7.45, -7.20447, 5.58949],
			"to": [8.55, -6.10447, 7.26561],
			"rotation": {"angle": -22.5, "axis": "x", "origin": [8, 2.28284, 2.17878]},
			"faces": {
				"north": {"uv": [2.5, 7.375, 2.625, 7.5], "texture": "#1"},
				"east": {"uv": [2.25, 7.375, 2.5, 7.5], "texture": "#1"},
				"south": {"uv": [2.875, 7.375, 3, 7.5], "texture": "#1"},
				"west": {"uv": [2.625, 7.375, 2.875, 7.5], "texture": "#1"},
				"up": {"uv": [2.625, 7.375, 2.5, 7.125], "texture": "#1"},
				"down": {"uv": [2.75, 7.125, 2.625, 7.375], "texture": "#1"}
			}
		},
		{
			"from": [7.45, -10.72144, 8.70143],
			"to": [8.55, -9.62144, 10.37755],
			"rotation": {"angle": -22.5, "axis": "x", "origin": [8, 2.28284, 2.17878]},
			"faces": {
				"north": {"uv": [1.75, 7.375, 1.875, 7.5], "texture": "#1"},
				"east": {"uv": [1.5, 7.375, 1.75, 7.5], "texture": "#1"},
				"south": {"uv": [2.125, 7.375, 2.25, 7.5], "texture": "#1"},
				"west": {"uv": [1.875, 7.375, 2.125, 7.5], "texture": "#1"},
				"up": {"uv": [1.875, 7.375, 1.75, 7.125], "texture": "#1"},
				"down": {"uv": [2, 7.125, 1.875, 7.375], "texture": "#1"}
			}
		},
		{
			"from": [7.45, -12.25403, 10.51672],
			"to": [8.55, -11.15403, 12.44284],
			"rotation": {"angle": -22.5, "axis": "x", "origin": [8, 2.28284, 2.17878]},
			"faces": {
				"north": {"uv": [1, 7.375, 1.125, 7.5], "texture": "#1"},
				"east": {"uv": [0.75, 7.375, 1, 7.5], "texture": "#1"},
				"south": {"uv": [1.375, 7.375, 1.5, 7.5], "texture": "#1"},
				"west": {"uv": [1.125, 7.375, 1.375, 7.5], "texture": "#1"},
				"up": {"uv": [1.125, 7.375, 1, 7.125], "texture": "#1"},
				"down": {"uv": [1.25, 7.125, 1.125, 7.375], "texture": "#1"}
			}
		},
		{
			"from": [7.325, -2.32945, 14.6519],
			"to": [8.675, -1.22945, 20.57802],
			"rotation": {"angle": 22.5, "axis": "x", "origin": [8, 2.28284, 2.17878]},
			"faces": {
				"north": {"uv": [1.75, 0.75, 1.875, 0.875], "texture": "#1"},
				"east": {"uv": [1, 0.75, 1.75, 0.875], "texture": "#1"},
				"south": {"uv": [2.625, 0.75, 2.75, 0.875], "texture": "#1"},
				"west": {"uv": [1.875, 0.75, 2.625, 0.875], "texture": "#1"},
				"up": {"uv": [1.875, 0.75, 1.75, 0], "texture": "#1"},
				"down": {"uv": [2, 0, 1.875, 0.75], "texture": "#1"}
			}
		},
		{
			"from": [7, 3.03388, -1.56598],
			"to": [9, 6.03388, 1.43402],
			"rotation": {"angle": -45, "axis": "x", "origin": [8, 5.03388, 0.43402]},
			"faces": {
				"north": {"uv": [1.875, 3.75, 2.125, 4.125], "texture": "#1"},
				"east": {"uv": [1.5, 3.75, 1.875, 4.125], "texture": "#1"},
				"south": {"uv": [2.5, 3.75, 2.75, 4.125], "texture": "#1"},
				"west": {"uv": [2.125, 3.75, 2.5, 4.125], "texture": "#1"},
				"up": {"uv": [2.125, 3.75, 1.875, 3.375], "texture": "#1"},
				"down": {"uv": [2.375, 3.375, 2.125, 3.75], "texture": "#1"}
			}
		},
		{
			"from": [8, 2.44531, 12.00044],
			"to": [8, 18.44531, 14.00044],
			"rotation": {"angle": -45, "axis": "x", "origin": [8, 19.77143, 13.01563]},
			"faces": {
				"north": {"uv": [4, 9.125, 4, 11.125], "texture": "#1"},
				"east": {"uv": [4.25, 9.125, 4, 11.125], "texture": "#1"},
				"south": {"uv": [4.25, 9.125, 4.25, 11.125], "texture": "#1"},
				"west": {"uv": [4, 9.125, 4.25, 11.125], "texture": "#1"},
				"up": {"uv": [4, 9.125, 4, 8.875], "texture": "#1"},
				"down": {"uv": [4, 8.875, 4, 9.125], "texture": "#1"}
			}
		},
		{
			"from": [7.7, 2.8558, 12.46563],
			"to": [8.3, 21.4558, 13.06563],
			"rotation": {"angle": -45, "axis": "x", "origin": [8, 19.9058, 12.76563]},
			"faces": {
				"north": {"uv": [0.125, 0.125, 0.25, 2.5], "texture": "#1"},
				"east": {"uv": [0, 0.125, 0.125, 2.5], "texture": "#1"},
				"south": {"uv": [0.375, 0.125, 0.5, 2.5], "texture": "#1"},
				"west": {"uv": [0.25, 0.125, 0.375, 2.5], "texture": "#1"},
				"up": {"uv": [0.25, 0.125, 0.125, 0], "texture": "#1"},
				"down": {"uv": [0.375, 0, 0.25, 0.125], "texture": "#1"}
			}
		},
		{
			"from": [7.7, -5.33228, 12.46563],
			"to": [8.3, 13.26772, 13.06563],
			"rotation": {"angle": 45, "axis": "x", "origin": [8, -3.78228, 12.76563]},
			"faces": {
				"north": {"uv": [0.625, 0.125, 0.75, 2.5], "texture": "#1"},
				"east": {"uv": [0.5, 0.125, 0.625, 2.5], "texture": "#1"},
				"south": {"uv": [0.875, 0.125, 1, 2.5], "texture": "#1"},
				"west": {"uv": [0.75, 0.125, 0.875, 2.5], "texture": "#1"},
				"up": {"uv": [0.75, 0.125, 0.625, 0], "texture": "#1"},
				"down": {"uv": [0.875, 0, 0.75, 0.125], "texture": "#1"}
			}
		},
		{
			"from": [8, -1.30469, 11.75044],
			"to": [8, 13.69531, 13.75044],
			"rotation": {"angle": 45, "axis": "x", "origin": [8, -3.63081, 12.76563]},
			"faces": {
				"north": {"uv": [4, 9.125, 4, 11], "texture": "#1"},
				"east": {"uv": [4, 11, 4.25, 9.125], "texture": "#1"},
				"south": {"uv": [4.25, 9.125, 4.25, 11], "texture": "#1"},
				"west": {"uv": [4, 9.125, 4.25, 11], "texture": "#1"},
				"up": {"uv": [4, 9.125, 4, 8.875], "texture": "#1"},
				"down": {"uv": [4, 8.875, 4, 9.125], "texture": "#1"}
			}
		},
		{
			"from": [8, 9.20703, -2.01909],
			"to": [8, 14.20703, 2.98091],
			"rotation": {"angle": 0, "axis": "y", "origin": [8, 2.28284, 2.17878]},
			"faces": {
				"north": {"uv": [0.625, 13.875, 0.625, 14.5], "texture": "#1"},
				"east": {"uv": [1.25, 13.875, 0.625, 14.5], "texture": "#1"},
				"south": {"uv": [1.25, 13.875, 1.25, 14.5], "texture": "#1"},
				"west": {"uv": [0.625, 13.875, 1.25, 14.5], "texture": "#1"},
				"up": {"uv": [0.625, 13.875, 0.625, 13.25], "texture": "#1"},
				"down": {"uv": [0.625, 13.25, 0.625, 13.875], "texture": "#1"}
			}
		},
		{
			"from": [8, 1.95703, -2.01909],
			"to": [8, 6.95703, 2.98091],
			"rotation": {"angle": 0, "axis": "y", "origin": [8, 2.28284, 2.17878]},
			"faces": {
				"north": {"uv": [0.625, 13.875, 0.625, 14.5], "texture": "#1"},
				"east": {"uv": [1.25, 13.875, 0.625, 14.5], "texture": "#1"},
				"south": {"uv": [1.25, 13.875, 1.25, 14.5], "texture": "#1"},
				"west": {"uv": [0.625, 13.875, 1.25, 14.5], "texture": "#1"},
				"up": {"uv": [0.625, 13.875, 0.625, 13.25], "texture": "#1"},
				"down": {"uv": [0.625, 13.25, 0.625, 13.875], "texture": "#1"}
			}
		},
		{
			"from": [7, 6.46612, -0.56598],
			"to": [9, 9.46612, 2.43402],
			"rotation": {"angle": 45, "axis": "x", "origin": [8, 7.46612, 1.43402]},
			"faces": {
				"north": {"uv": [0.375, 5, 0.625, 5.375], "texture": "#1"},
				"east": {"uv": [0, 5, 0.375, 5.375], "texture": "#1"},
				"south": {"uv": [1, 5, 1.25, 5.375], "texture": "#1"},
				"west": {"uv": [0.625, 5, 1, 5.375], "texture": "#1"},
				"up": {"uv": [0.625, 5, 0.375, 4.625], "texture": "#1"},
				"down": {"uv": [0.875, 4.625, 0.625, 5], "texture": "#1"}
			}
		},
		{
			"from": [7.6, 7.85, 2.25],
			"to": [8.4, 8.65, 26],
			"rotation": {"angle": 0, "axis": "y", "origin": [0.5, 16.75, 27.25]},
			"faces": {
				"north": {"uv": [4.125, 3.625, 4, 3.375], "rotation": 180, "texture": "#1"},
				"east": {"uv": [3.75, 3.625, 4, 4.625], "rotation": 90, "texture": "#1"},
				"south": {"uv": [4.25, 3.375, 4.125, 3.625], "texture": "#1"},
				"west": {"uv": [4.125, 3.625, 4.375, 4.625], "rotation": 270, "texture": "#1"},
				"up": {"uv": [4.375, 3.625, 4.5, 4.625], "texture": "#1"},
				"down": {"uv": [4, 3.625, 4.125, 4.625], "rotation": 180, "texture": "#1"}
			}
		},
		{
			"from": [8, 5.125, 21.66828],
			"to": [8, 12.825, 29.36828],
			"rotation": {"angle": 45, "axis": "x", "origin": [8, 8.07701, 24.85015]},
			"faces": {
				"north": {"uv": [1.375, 10.375, 1.375, 11.75], "texture": "#1"},
				"east": {"uv": [2.75, 10.375, 1.375, 11.75], "texture": "#1"},
				"south": {"uv": [2.75, 10.375, 2.75, 11.75], "texture": "#1"},
				"west": {"uv": [1.375, 10.375, 2.75, 11.75], "texture": "#1"},
				"up": {"uv": [1.375, 10.375, 1.375, 9], "texture": "#1"},
				"down": {"uv": [1.375, 9, 1.375, 10.375], "texture": "#1"}
			}
		}
	],
	"display": {
		"thirdperson_righthand": {
			"rotation": [0, -4, 0],
			"translation": [-0.75, -2, 2.25],
			"scale": [0.5, 0.5, 0.5]
		},
		"thirdperson_lefthand": {
			"rotation": [0, -4, 0],
			"translation": [-1.25, -2, 5.75],
			"scale": [0.7, 0.7, 0.7]
		},
		"firstperson_righthand": {
			"rotation": [21, 0, 0],
			"translation": [0, 4.5, 1],
			"scale": [0.5, 0.5, 0.5]
		},
		"firstperson_lefthand": {
			"translation": [0, 4.5, 1],
			"scale": [0.5, 0.5, 0.5]
		},
		"ground": {
			"translation": [0, 20, 0]
		},
		"gui": {
			"rotation": [7, -120.25, 40.75],
			"translation": [0, 0, -3],
			"scale": [0.5, 0.5, 0.5]
		},
		"head": {
			"translation": [0, 0, -3.25]
		},
		"fixed": {
			"rotation": [0, 101, 0],
			"translation": [0, 0, -3],
			"scale": [0.7, 0.7, 0.7]
		}
	},
	"groups": [
		{
			"name": "group",
			"origin": [8, 8, 8],
			"color": 0,
			"children": [0, 1,
				{
					"name": "r",
					"origin": [7, 17.21716, 3.67878],
					"color": 0,
					"children": [2, 3, 4, 5, 6, 7, 8, 9, 10, 11, 12, 13, 14, 15, 16, 17, 18, 19, 20, 21, 22]
				}, 23]
		}, 24,
		{
			"name": "group",
			"origin": [8, 8, 8],
			"color": 0,
			"children": [25, 26,
				{
					"name": "r",
					"origin": [7, 17.21716, 3.67878],
					"color": 0,
					"children": [27, 28, 29, 30, 31, 32, 33, 34, 35, 36, 37, 38, 39, 40, 41, 42, 43, 44, 45, 46, 47]
				}, 48]
		},
		{
			"name": "group",
			"origin": [8, 23.82612, 8],
			"color": 0,
			"children": [49, 50]
		},
		{
			"name": "group",
			"origin": [7.25, 31.53284, 7.13582],
			"color": 0,
			"children": [51, 52]
		}, 53, 54, 55, 56, 57]
}