{
	"textures": {
		"0": "item/tools/multitool"
	},
	"elements": [
		{
			"from": [6.5, 1.5, 7],
			"to": [9.5, 4.5, 10],
			"rotation": {"angle": -45, "axis": "x", "origin": [8.0096, 2.50002, 7.99038]},
			"faces": {
				"north": {"uv": [4.5, 4.5, 5.5, 5.5], "texture": "#0"},
				"east": {"uv": [3.5, 4.5, 4.5, 5.5], "texture": "#0"},
				"south": {"uv": [6.5, 4.5, 7.5, 5.5], "texture": "#0"},
				"west": {"uv": [5.5, 4.5, 6.5, 5.5], "texture": "#0"},
				"up": {"uv": [5.5, 4.5, 4.5, 3.5], "texture": "#0"},
				"down": {"uv": [6.5, 3.5, 5.5, 4.5], "texture": "#0"}
			}
		},
		{
			"from": [7.25, 14.25, 19.75],
			"to": [8.75, 16.5, 22],
			"rotation": {"angle": -45, "axis": "x", "origin": [8.0096, 2.50002, 7.99038]},
			"faces": {
				"north": {"uv": [4.5, 4.5, 5.5, 5.5], "texture": "#0"},
				"east": {"uv": [3.5, 4.5, 4.5, 5.5], "texture": "#0"},
				"south": {"uv": [6.5, 4.5, 7.5, 5.5], "texture": "#0"},
				"west": {"uv": [5.5, 4.5, 6.5, 5.5], "texture": "#0"},
				"up": {"uv": [5.5, 4.5, 4.5, 3.5], "texture": "#0"},
				"down": {"uv": [6.5, 3.5, 5.5, 4.5], "texture": "#0"}
			}
		},
		{
			"from": [6.75, 10, 6],
			"to": [9.25, 12, 10],
			"faces": {
				"north": {"uv": [2.5, 2.5, 3, 3], "texture": "#0"},
				"east": {"uv": [0.5, 2.5, 2.125, 3], "texture": "#0"},
				"south": {"uv": [5.5, 2.5, 6, 3], "texture": "#0"},
				"west": {"uv": [3.5, 2.5, 5.125, 3], "texture": "#0"},
				"up": {"uv": [3, 2.5, 2.5, 0], "texture": "#0"},
				"down": {"uv": [3.5, 0, 3, 2.5], "texture": "#0"}
			}
		},
		{
			"from": [7, 4, 7],
			"to": [9, 10, 9],
			"faces": {
				"north": {"uv": [0.5, 0.5, 1, 2], "texture": "#0"},
				"east": {"uv": [0, 0.5, 0.5, 2], "texture": "#0"},
				"south": {"uv": [1.5, 0.5, 2, 2], "texture": "#0"},
				"west": {"uv": [1, 0.5, 1.5, 2], "texture": "#0"},
				"up": {"uv": [1, 0.5, 0.5, 0], "texture": "#0"},
				"down": {"uv": [1.5, 0, 1, 0.5], "texture": "#0"}
			}
		},
		{
			"from": [7.5, 12, 6.25],
			"to": [8.5, 20, 9.75],
			"faces": {
				"north": {"uv": [4.5, 6.5, 4.75, 8.5], "texture": "#0"},
				"east": {"uv": [5.75, 6.5, 4.75, 8.5], "texture": "#0"},
				"south": {"uv": [5.75, 6.5, 6, 8.5], "texture": "#0"},
				"west": {"uv": [4.75, 6.5, 5.625, 8.5], "texture": "#0"},
				"up": {"uv": [4.75, 6.5, 4.5, 5.5], "texture": "#0"},
				"down": {"uv": [5, 5.5, 4.75, 6.5], "texture": "#0"}
			}
		},
		{
			"from": [7.75, 20.77094, 8.47898],
			"to": [8.25, 22.77094, 11.47898],
			"rotation": {"angle": 22.5, "axis": "x", "origin": [7.97906, 21.24996, 6.47902]},
			"faces": {
				"north": {"uv": [4.5, 6.5, 4.75, 5.5], "texture": "#0"},
				"east": {"uv": [5.75, 9.5, 6.75, 8.625], "rotation": 270, "texture": "#0"},
				"south": {"uv": [3, 7.5, 3.25, 8.5], "rotation": 180, "texture": "#0"},
				"west": {"uv": [6.75, 9.5, 5.75, 8.625], "rotation": 90, "texture": "#0"},
				"up": {"uv": [3.25, 8.375, 3.5, 7.375], "rotation": 180, "texture": "#0"},
				"down": {"uv": [5.75, 8.5, 6, 7.875], "texture": "#0"}
			}
		},
		{
			"from": [7.75, 19.02094, 4.47898],
			"to": [8.25, 22.52094, 7.47898],
			"rotation": {"angle": 0, "axis": "x", "origin": [7.97906, 21.24996, 6.47902]},
			"faces": {
				"north": {"uv": [4.5, 6.5, 4.75, 5.5], "texture": "#0"},
				"east": {"uv": [5.75, 8.5, 4.75, 7.625], "rotation": 270, "texture": "#0"},
				"south": {"uv": [4.75, 5.5, 5, 6.5], "rotation": 180, "texture": "#0"},
				"west": {"uv": [4.75, 8.5, 5.75, 7.625], "rotation": 90, "texture": "#0"},
				"up": {"uv": [4.5, 7.875, 4.75, 6.875], "rotation": 180, "texture": "#0"},
				"down": {"uv": [5.75, 8.5, 6, 7.875], "texture": "#0"}
			}
		},
		{
			"from": [8, 17.02094, 1.47898],
			"to": [8, 24.52094, 7.47898],
			"rotation": {"angle": 0, "axis": "x", "origin": [7.97906, 21.24996, 6.47902]},
			"faces": {
				"north": {"uv": [4.5, 6.5, 4.75, 5.5], "texture": "#0"},
				"east": {"uv": [5.625, 10.125, 3.875, 8.625], "rotation": 270, "texture": "#0"},
				"south": {"uv": [4.75, 5.5, 5, 6.5], "rotation": 180, "texture": "#0"},
				"west": {"uv": [3.875, 10.125, 5.625, 8.625], "rotation": 90, "texture": "#0"},
				"up": {"uv": [4.5, 7.875, 4.75, 6.875], "rotation": 180, "texture": "#0"},
				"down": {"uv": [5.75, 8.5, 6, 7.875], "texture": "#0"}
			}
		},
		{
			"from": [7.5, 18.02094, 1.72898],
			"to": [8.5, 23.52094, 4.47898],
			"rotation": {"angle": 0, "axis": "x", "origin": [7.97906, 21.24996, 6.47902]},
			"faces": {
				"north": {"uv": [4.5, 7.5, 4.75, 6.75], "texture": "#0"},
				"east": {"uv": [6, 8.5, 4.5, 7.625], "rotation": 270, "texture": "#0"},
				"south": {"uv": [4.75, 5.5, 5, 6.5], "rotation": 180, "texture": "#0"},
				"west": {"uv": [4.5, 8.5, 6, 7.625], "rotation": 90, "texture": "#0"},
				"up": {"uv": [4.5, 7.75, 4.75, 6.75], "rotation": 180, "texture": "#0"},
				"down": {"uv": [5.75, 8.375, 6, 7.75], "texture": "#0"}
			}
		},
		{
			"from": [8, 22.52094, 10.47898],
			"to": [8, 24.52094, 15.47898],
			"rotation": {"angle": 45, "axis": "x", "origin": [7.97906, 21.24996, 6.47902]},
			"faces": {
				"north": {"uv": [4.5, 6.5, 4.75, 5.5], "texture": "#0"},
				"east": {"uv": [7, 8.5, 6, 6.5], "rotation": 270, "texture": "#0"},
				"south": {"uv": [4.75, 5.5, 5, 6.5], "rotation": 180, "texture": "#0"},
				"west": {"uv": [6, 8.5, 7, 6.5], "rotation": 90, "texture": "#0"},
				"up": {"uv": [4.5, 8.5, 4.75, 6.5], "rotation": 180, "texture": "#0"},
				"down": {"uv": [5.75, 8.5, 6, 6.5], "texture": "#0"}
			}
		},
		{
			"from": [8, 20, 5.5],
			"to": [8, 29, 10.5],
			"faces": {
				"north": {"uv": [1.5, 4.5, 1.75, 6.75], "texture": "#0"},
				"east": {"uv": [0, 4.5, 1.5, 6.75], "texture": "#0"},
				"south": {"uv": [3.25, 4.5, 3.5, 6.75], "texture": "#0"},
				"west": {"uv": [1.75, 4.5, 3.25, 6.75], "texture": "#0"},
				"up": {"uv": [1.75, 4.5, 1.5, 3], "texture": "#0"},
				"down": {"uv": [2, 3, 1.75, 4.5], "texture": "#0"}
			}
		}
	],
	"display": {
		"thirdperson_righthand": {
			"translation": [0, -1.5, 1.75],
			"scale": [0.91, 0.91, 0.91]
		},
		"firstperson_righthand": {
			"rotation": [-4, -3, 0],
			"translation": [1.5, -1.25, 0],
			"scale": [0.91, 0.91, 0.911]
		},
		"gui": {
			"rotation": [90, 45, -90],
			"translation": [-3.5, -4.25, 0],
			"scale": [0.8, 0.8, 0.8]
		}
	}
}