{
	"textures": {
		"0": "item/crates/christmas20_crate/santabow"
	},
	"elements": [
		{
			"from": [7.25, 9, 1.25],
			"to": [8.75, 12, 2.75],
			"rotation": {"angle": 0, "axis": "y", "origin": [8, 9, 2.25]},
			"faces": {
				"north": {"uv": [5.2505, 6.0005, 5.7495, 6.7495], "texture": "#0"},
				"east": {"uv": [5.7505, 6.0005, 6.2495, 6.7495], "texture": "#0"},
				"south": {"uv": [6.0005, 0.0005, 6.4995, 0.7495], "texture": "#0"},
				"west": {"uv": [6.0005, 2.5005, 6.4995, 3.2495], "texture": "#0"},
				"up": {"uv": [6.9995, 3.2495, 6.5005, 2.7505], "texture": "#0"},
				"down": {"uv": [6.9995, 3.2505, 6.5005, 3.7495], "texture": "#0"}
			}
		},
		{
			"from": [7.25, 4, 1.25],
			"to": [8.75, 7, 2.75],
			"rotation": {"angle": 0, "axis": "y", "origin": [8, 9, 2.25]},
			"faces": {
				"north": {"uv": [6.0005, 3.2505, 6.4995, 3.9995], "texture": "#0"},
				"east": {"uv": [6.0005, 4.0005, 6.4995, 4.7495], "texture": "#0"},
				"south": {"uv": [6.0005, 4.7505, 6.4995, 5.4995], "texture": "#0"},
				"west": {"uv": [1.5005, 6.2505, 1.9995, 6.9995], "texture": "#0"},
				"up": {"uv": [6.9995, 4.2495, 6.5005, 3.7505], "texture": "#0"},
				"down": {"uv": [6.9995, 4.2505, 6.5005, 4.7495], "texture": "#0"}
			}
		},
		{
			"from": [7.5, 8.5, 1],
			"to": [8.5, 9.25, 3],
			"rotation": {"angle": 45, "axis": "z", "origin": [8, 8, 1.25]},
			"faces": {
				"north": {"uv": [0.5005, 0.2505, 0.7495, 0.4995], "texture": "#0"},
				"east": {"uv": [0.2505, 0.0005, 0.7495, 0.2495], "texture": "#0"},
				"south": {"uv": [1.5005, 0.7505, 1.7495, 0.9995], "texture": "#0"},
				"west": {"uv": [1.0005, 0.7505, 1.4995, 0.9995], "texture": "#0"},
				"up": {"uv": [1.7495, 4.9995, 1.5005, 4.5005], "texture": "#0"},
				"down": {"uv": [4.7495, 2.0005, 4.5005, 2.4995], "texture": "#0"}
			}
		},
		{
			"from": [6.75, 6.75, 1],
			"to": [7.5, 9.25, 3],
			"rotation": {"angle": 45, "axis": "z", "origin": [8, 8, 1.25]},
			"faces": {
				"north": {"uv": [2.2505, 3.5005, 2.4995, 4.2495], "texture": "#0"},
				"east": {"uv": [3.0005, 6.2505, 3.4995, 6.9995], "texture": "#0"},
				"south": {"uv": [4.0005, 3.2505, 4.2495, 3.9995], "texture": "#0"},
				"west": {"uv": [4.2505, 6.2505, 4.7495, 6.9995], "texture": "#0"},
				"up": {"uv": [3.2495, 6.2495, 3.0005, 5.7505], "texture": "#0"},
				"down": {"uv": [5.9995, 2.5005, 5.7505, 2.9995], "texture": "#0"}
			}
		},
		{
			"from": [7.5, 6.75, 1],
			"to": [8.5, 7.5, 3],
			"rotation": {"angle": 45, "axis": "z", "origin": [8, 8, 1.25]},
			"faces": {
				"north": {"uv": [5.2505, 3.0005, 5.4995, 3.2495], "texture": "#0"},
				"east": {"uv": [4.0005, 1.5005, 4.4995, 1.7495], "texture": "#0"},
				"south": {"uv": [6.5005, 5.2505, 6.7495, 5.4995], "texture": "#0"},
				"west": {"uv": [5.5005, 5.0005, 5.9995, 5.2495], "texture": "#0"},
				"up": {"uv": [3.7495, 6.7495, 3.5005, 6.2505], "texture": "#0"},
				"down": {"uv": [6.2495, 7.2505, 6.0005, 7.7495], "texture": "#0"}
			}
		},
		{
			"from": [8.5, 6.75, 1],
			"to": [9.25, 9.25, 3],
			"rotation": {"angle": 45, "axis": "z", "origin": [8, 8, 1.25]},
			"faces": {
				"north": {"uv": [2.0005, 5.0005, 2.2495, 5.7495], "texture": "#0"},
				"east": {"uv": [4.7505, 6.2505, 5.2495, 6.9995], "texture": "#0"},
				"south": {"uv": [5.2505, 4.5005, 5.4995, 5.2495], "texture": "#0"},
				"west": {"uv": [6.2505, 6.2505, 6.7495, 6.9995], "texture": "#0"},
				"up": {"uv": [7.4995, 2.4995, 7.2505, 2.0005], "texture": "#0"},
				"down": {"uv": [7.4995, 5.2505, 7.2505, 5.7495], "texture": "#0"}
			}
		},
		{
			"from": [7.75, -9, 7.5],
			"to": [8.25, 25, 8],
			"rotation": {"angle": 0, "axis": "y", "origin": [8, 9, 8.75]},
			"faces": {
				"north": {"uv": [0.0005, 0.0005, 0.2495, 8.4995], "texture": "#0"},
				"east": {"uv": [0.2505, 0.2505, 0.4995, 8.7495], "texture": "#0"},
				"south": {"uv": [0.5005, 0.5005, 0.7495, 8.9995], "texture": "#0"},
				"west": {"uv": [0.7505, 0.7505, 0.9995, 9.2495], "texture": "#0"},
				"up": {"uv": [4.2495, 6.9995, 4.0005, 6.7505], "texture": "#0"},
				"down": {"uv": [5.2495, 7.0005, 5.0005, 7.2495], "texture": "#0"}
			}
		},
		{
			"from": [7, 11.73148, -0.33626],
			"to": [9, 15.73148, 1.66374],
			"rotation": {"angle": 22.5, "axis": "x", "origin": [8, 9, 3]},
			"faces": {
				"north": {"uv": [5.2505, 2.0005, 5.7495, 2.9995], "texture": "#0"},
				"east": {"uv": [5.5005, 0.0005, 5.9995, 0.9995], "texture": "#0"},
				"south": {"uv": [5.5005, 3.0005, 5.9995, 3.9995], "texture": "#0"},
				"west": {"uv": [5.5005, 4.0005, 5.9995, 4.9995], "texture": "#0"},
				"up": {"uv": [6.9995, 5.2495, 6.5005, 4.7505], "texture": "#0"},
				"down": {"uv": [1.4995, 6.7505, 1.0005, 7.2495], "texture": "#0"}
			}
		},
		{
			"from": [7, 0.26852, -0.33626],
			"to": [9, 4.26852, 1.66374],
			"rotation": {"angle": -22.5, "axis": "x", "origin": [8, 7, 3]},
			"faces": {
				"north": {"uv": [1.0005, 5.7505, 1.4995, 6.7495], "texture": "#0"},
				"east": {"uv": [2.0005, 5.7505, 2.4995, 6.7495], "texture": "#0"},
				"south": {"uv": [2.5005, 5.7505, 2.9995, 6.7495], "texture": "#0"},
				"west": {"uv": [3.7505, 5.7505, 4.2495, 6.7495], "texture": "#0"},
				"up": {"uv": [2.4995, 7.2495, 2.0005, 6.7505], "texture": "#0"},
				"down": {"uv": [2.9995, 6.7505, 2.5005, 7.2495], "texture": "#0"}
			}
		},
		{
			"from": [7.25, 23.2, 3.95],
			"to": [8.75, 24.7, 8.95],
			"rotation": {"angle": -22.5, "axis": "x", "origin": [8, 24.95, 4.45]},
			"faces": {
				"north": {"uv": [3.5005, 6.7505, 3.9995, 7.2495], "texture": "#0"},
				"east": {"uv": [4.0005, 4.5005, 5.2495, 4.9995], "texture": "#0"},
				"south": {"uv": [5.2505, 6.7505, 5.7495, 7.2495], "texture": "#0"},
				"west": {"uv": [4.5005, 1.5005, 5.7495, 1.9995], "texture": "#0"},
				"up": {"uv": [1.4995, 5.7495, 1.0005, 4.5005], "texture": "#0"},
				"down": {"uv": [5.2495, 2.0005, 4.7505, 3.2495], "texture": "#0"}
			}
		},
		{
			"from": [7.25, -8.7, 3.95],
			"to": [8.75, -7.2, 8.95],
			"rotation": {"angle": 22.5, "axis": "x", "origin": [8, -8.95, 4.45]},
			"faces": {
				"north": {"uv": [6.0005, 0.7505, 6.4995, 0.9995], "texture": "#0"},
				"east": {"uv": [6.2505, 6.0005, 7.4995, 6.2495], "texture": "#0"},
				"south": {"uv": [6.7505, 5.7505, 7.2495, 5.9995], "texture": "#0"},
				"west": {"uv": [6.5005, 2.5005, 7.7495, 2.7495], "texture": "#0"},
				"up": {"uv": [1.9995, 6.2495, 1.5005, 5.0005], "texture": "#0"},
				"down": {"uv": [3.7495, 5.0005, 3.2505, 6.2495], "texture": "#0"}
			}
		},
		{
			"from": [6.25, 11.52373, 1.39439],
			"to": [9.75, 13.52373, 4.89439],
			"rotation": {"angle": -22.5, "axis": "x", "origin": [8, 9, 3]},
			"faces": {
				"north": {"uv": [5.5005, 1.0005, 6.4995, 1.4995], "texture": "#0"},
				"east": {"uv": [6.0005, 5.5005, 6.7495, 5.9995], "texture": "#0"},
				"south": {"uv": [4.2505, 5.7505, 5.2495, 6.2495], "texture": "#0"},
				"west": {"uv": [6.5005, 0.0005, 7.2495, 0.4995], "texture": "#0"},
				"up": {"uv": [1.7495, 0.7495, 0.7505, 0.0005], "texture": "#0"},
				"down": {"uv": [3.4995, 1.7505, 2.5005, 2.4995], "texture": "#0"}
			}
		},
		{
			"from": [6.25, 2.47627, 1.39439],
			"to": [9.75, 4.47627, 4.89439],
			"rotation": {"angle": 22.5, "axis": "x", "origin": [8, 7, 3]},
			"faces": {
				"north": {"uv": [5.7505, 1.5005, 6.7495, 1.9995], "texture": "#0"},
				"east": {"uv": [6.5005, 0.5005, 7.2495, 0.9995], "texture": "#0"},
				"south": {"uv": [5.7505, 2.0005, 6.7495, 2.4995], "texture": "#0"},
				"west": {"uv": [6.5005, 1.0005, 7.2495, 1.4995], "texture": "#0"},
				"up": {"uv": [4.2495, 3.2495, 3.2505, 2.5005], "texture": "#0"},
				"down": {"uv": [4.4995, 1.7505, 3.5005, 2.4995], "texture": "#0"}
			}
		},
		{
			"from": [7, 17.25305, 9.8566],
			"to": [9, 19.25305, 15.3566],
			"rotation": {"angle": -45, "axis": "x", "origin": [8, 9, 3]},
			"faces": {
				"north": {"uv": [5.7505, 6.7505, 6.2495, 7.2495], "texture": "#0"},
				"east": {"uv": [4.0005, 4.0005, 5.4995, 4.4995], "texture": "#0"},
				"south": {"uv": [6.7505, 6.7505, 7.2495, 7.2495], "texture": "#0"},
				"west": {"uv": [4.0005, 0.0005, 5.4995, 0.4995], "texture": "#0"},
				"up": {"uv": [2.2495, 4.9995, 1.7505, 3.5005], "texture": "#0"},
				"down": {"uv": [2.7495, 4.2505, 2.2505, 5.7495], "texture": "#0"}
			}
		},
		{
			"from": [7, -3.25305, 9.8566],
			"to": [9, -1.25305, 15.3566],
			"rotation": {"angle": 45, "axis": "x", "origin": [8, 7, 3]},
			"faces": {
				"north": {"uv": [6.7505, 1.5005, 7.2495, 1.9995], "texture": "#0"},
				"east": {"uv": [4.0005, 0.5005, 5.4995, 0.9995], "texture": "#0"},
				"south": {"uv": [6.7505, 2.0005, 7.2495, 2.4995], "texture": "#0"},
				"west": {"uv": [4.0005, 1.0005, 5.4995, 1.4995], "texture": "#0"},
				"up": {"uv": [3.2495, 5.7495, 2.7505, 4.2505], "texture": "#0"},
				"down": {"uv": [4.7495, 2.5005, 4.2505, 3.9995], "texture": "#0"}
			}
		},
		{
			"from": [6.75, 14.08761, 4.60057],
			"to": [9.25, 21.08761, 7.10057],
			"rotation": {"angle": -22.5, "axis": "x", "origin": [8, 9, 3]},
			"faces": {
				"north": {"uv": [1.0005, 1.0005, 1.7495, 2.7495], "texture": "#0"},
				"east": {"uv": [1.7505, 1.7505, 2.4995, 3.4995], "texture": "#0"},
				"south": {"uv": [1.7505, 0.0005, 2.4995, 1.7495], "texture": "#0"},
				"west": {"uv": [2.5005, 2.5005, 3.2495, 4.2495], "texture": "#0"},
				"up": {"uv": [5.4995, 3.9995, 4.7505, 3.2505], "texture": "#0"},
				"down": {"uv": [4.4995, 5.0005, 3.7505, 5.7495], "texture": "#0"}
			}
		},
		{
			"from": [6.75, -5.08761, 4.60057],
			"to": [9.25, 1.91239, 7.10057],
			"rotation": {"angle": 22.5, "axis": "x", "origin": [8, 7, 3]},
			"faces": {
				"north": {"uv": [2.5005, 0.0005, 3.2495, 1.7495], "texture": "#0"},
				"east": {"uv": [1.0005, 2.7505, 1.7495, 4.4995], "texture": "#0"},
				"south": {"uv": [3.2505, 3.2505, 3.9995, 4.9995], "texture": "#0"},
				"west": {"uv": [3.2505, 0.0005, 3.9995, 1.7495], "texture": "#0"},
				"up": {"uv": [5.2495, 5.7495, 4.5005, 5.0005], "texture": "#0"},
				"down": {"uv": [5.9995, 5.2505, 5.2505, 5.9995], "texture": "#0"}
			}
		},
		{
			"from": [7, -7.5, 10],
			"to": [9, -5.5, 12],
			"rotation": {"angle": -22.5, "axis": "x", "origin": [16, -13.5, 18]},
			"faces": {
				"north": {"uv": [6.7505, 5.2505, 7.2495, 5.7495], "texture": "#0"},
				"east": {"uv": [6.7505, 6.2505, 7.2495, 6.7495], "texture": "#0"},
				"south": {"uv": [1.5005, 7.0005, 1.9995, 7.4995], "texture": "#0"},
				"west": {"uv": [3.0005, 7.0005, 3.4995, 7.4995], "texture": "#0"},
				"up": {"uv": [4.4995, 7.4995, 4.0005, 7.0005], "texture": "#0"},
				"down": {"uv": [4.9995, 7.0005, 4.5005, 7.4995], "texture": "#0"}
			}
		},
		{
			"from": [7, 21.5, 10],
			"to": [9, 23.5, 12],
			"rotation": {"angle": 22.5, "axis": "x", "origin": [16, 29.5, 18]},
			"faces": {
				"north": {"uv": [6.2505, 7.0005, 6.7495, 7.4995], "texture": "#0"},
				"east": {"uv": [7.0005, 2.7505, 7.4995, 3.2495], "texture": "#0"},
				"south": {"uv": [7.0005, 3.2505, 7.4995, 3.7495], "texture": "#0"},
				"west": {"uv": [7.0005, 3.7505, 7.4995, 4.2495], "texture": "#0"},
				"up": {"uv": [7.4995, 4.7495, 7.0005, 4.2505], "texture": "#0"},
				"down": {"uv": [7.4995, 4.7505, 7.0005, 5.2495], "texture": "#0"}
			}
		},
		{
			"from": [7.25, 17.15, 2.25],
			"to": [8.75, 18.75, 4.25],
			"rotation": {"angle": 22.5, "axis": "x", "origin": [16, 24.75, 10.25]},
			"faces": {
				"north": {"uv": [1.0005, 7.2505, 1.4995, 7.7495], "texture": "#0"},
				"east": {"uv": [2.0005, 7.2505, 2.4995, 7.7495], "texture": "#0"},
				"south": {"uv": [2.5005, 7.2505, 2.9995, 7.7495], "texture": "#0"},
				"west": {"uv": [3.5005, 7.2505, 3.9995, 7.7495], "texture": "#0"},
				"up": {"uv": [5.4995, 7.7495, 5.0005, 7.2505], "texture": "#0"},
				"down": {"uv": [5.9995, 7.2505, 5.5005, 7.7495], "texture": "#0"}
			}
		},
		{
			"from": [7.25, -2.75, 2.25],
			"to": [8.75, -1.15, 4.25],
			"rotation": {"angle": -22.5, "axis": "x", "origin": [16, -8.75, 10.25]},
			"faces": {
				"north": {"uv": [6.7505, 7.2505, 7.2495, 7.7495], "texture": "#0"},
				"east": {"uv": [7.2505, 7.2505, 7.7495, 7.7495], "texture": "#0"},
				"south": {"uv": [7.2505, 0.0005, 7.7495, 0.4995], "texture": "#0"},
				"west": {"uv": [7.2505, 0.5005, 7.7495, 0.9995], "texture": "#0"},
				"up": {"uv": [7.7495, 1.4995, 7.2505, 1.0005], "texture": "#0"},
				"down": {"uv": [7.7495, 1.5005, 7.2505, 1.9995], "texture": "#0"}
			}
		}
	],
	"gui_light": "front",
	"display": {
		"thirdperson_righthand": {
			"translation": [0, -2, 5.25],
			"scale": [0.7, 0.7, 0.7]
		},
		"thirdperson_lefthand": {
			"translation": [0, -2, 5.25],
			"scale": [0.7, 0.7, 0.7]
		},
		"firstperson_righthand": {
			"rotation": [6, 0, 0],
			"translation": [6.5, 0, 0]
		},
		"firstperson_lefthand": {
			"rotation": [6, 0, 0],
			"translation": [6.5, 0, 0]
		},
		"ground": {
			"translation": [0, 9, 0],
			"scale": [0.7, 0.7, 0.7]
		},
		"gui": {
			"rotation": [-90, -45, 90],
			"translation": [-0.75, 0.75, 0],
			"scale": [0.7, 0.7, 0.7]
		},
		"fixed": {
			"rotation": [0, 90, 0],
			"translation": [3.25, 0, 0]
		}
	},
	"groups": [
		{
			"name": "main",
			"origin": [8, 8, 8],
			"children": [0, 1, 2, 3, 4, 5, 6, 7, 8, 9, 10, 11, 12, 13, 14, 15, 16, 17, 18, 19, 20]
		}
	]
}