{
	"textures": {
		"0": "item/cosmetics/handhelds/bone_axe"
	},
	"elements": [
		{
			"from": [7, -11, 7],
			"to": [9, 21, 9],
			"rotation": {"angle": 0, "axis": "y", "origin": [1, 0, -1]},
			"faces": {
				"north": {"uv": [0, 0, 0.5, 8], "texture": "#0"},
				"east": {"uv": [0.75, 0, 1.25, 8], "texture": "#0"},
				"south": {"uv": [1.5, 0, 2, 8], "texture": "#0"},
				"west": {"uv": [2.25, 0, 2.75, 8], "texture": "#0"},
				"up": {"uv": [5.75, 9.25, 5.25, 8.75], "texture": "#0"},
				"down": {"uv": [9.25, 6, 8.75, 6.5], "texture": "#0"}
			}
		},
		{
			"from": [6.525, 18, 6.5],
			"to": [9.45, 20, 9.5],
			"rotation": {"angle": 0, "axis": "y", "origin": [1, 1.5, -1]},
			"faces": {
				"north": {"uv": [7.75, 6, 8.5, 6.5], "texture": "#0"},
				"east": {"uv": [7.75, 6.75, 8.5, 7.25], "texture": "#0"},
				"south": {"uv": [3, 8, 3.75, 8.5], "texture": "#0"},
				"west": {"uv": [8, 3.5, 8.75, 4], "texture": "#0"},
				"up": {"uv": [3.75, 7.75, 3, 7], "texture": "#0"},
				"down": {"uv": [7.75, 4, 7, 4.75], "texture": "#0"}
			}
		},
		{
			"from": [7.5, 15.9939, 19.65685],
			"to": [8.5, 17.9939, 22.65685],
			"rotation": {"angle": -45, "axis": "x", "origin": [1, -0.5061, 12.15685]},
			"faces": {
				"north": {"uv": [9.25, 2, 9.5, 2.5], "texture": "#0"},
				"east": {"uv": [8, 4.25, 8.75, 4.75], "texture": "#0"},
				"south": {"uv": [9.25, 2.75, 9.5, 3.25], "texture": "#0"},
				"west": {"uv": [0, 8.25, 0.75, 8.75], "texture": "#0"},
				"up": {"uv": [9.25, 9.75, 9, 9], "texture": "#0"},
				"down": {"uv": [9.5, 0, 9.25, 0.75], "texture": "#0"}
			}
		},
		{
			"from": [7, 15.9939, 16.65685],
			"to": [9, 20.9939, 19.65685],
			"rotation": {"angle": -45, "axis": "x", "origin": [1, -0.5061, 12.15685]},
			"faces": {
				"north": {"uv": [4, 5.75, 4.5, 7], "texture": "#0"},
				"east": {"uv": [5, 0, 5.75, 1.25], "texture": "#0"},
				"south": {"uv": [6, 0, 6.5, 1.25], "texture": "#0"},
				"west": {"uv": [5, 1.5, 5.75, 2.75], "texture": "#0"},
				"up": {"uv": [1.5, 9, 1, 8.25], "texture": "#0"},
				"down": {"uv": [2.25, 8.25, 1.75, 9], "texture": "#0"}
			}
		},
		{
			"from": [7.025, 17.87868, 0.13604],
			"to": [8.975, 19.87868, 3.13604],
			"rotation": {"angle": 0, "axis": "x", "origin": [8, 20.37868, 1.63604]},
			"faces": {
				"north": {"uv": [7.5, 9, 8, 9.5], "texture": "#0"},
				"east": {"uv": [6.5, 8.25, 7.25, 8.75], "texture": "#0"},
				"south": {"uv": [9, 7.5, 9.5, 8], "texture": "#0"},
				"west": {"uv": [7.5, 8.25, 8.25, 8.75], "texture": "#0"},
				"up": {"uv": [9, 0.75, 8.5, 0], "texture": "#0"},
				"down": {"uv": [9, 1, 8.5, 1.75], "texture": "#0"}
			}
		},
		{
			"from": [7.025, 19.87868, 1.13604],
			"to": [8.975, 23.87868, 3.13604],
			"rotation": {"angle": 0, "axis": "x", "origin": [8, 20.37868, 1.63604]},
			"faces": {
				"north": {"uv": [7, 5, 7.5, 6], "texture": "#0"},
				"east": {"uv": [7, 6.25, 7.5, 7.25], "texture": "#0"},
				"south": {"uv": [4, 7.25, 4.5, 8.25], "texture": "#0"},
				"west": {"uv": [5.75, 7.5, 6.25, 8.5], "texture": "#0"},
				"up": {"uv": [8.75, 9.5, 8.25, 9], "texture": "#0"},
				"down": {"uv": [9.5, 8.25, 9, 8.75], "texture": "#0"}
			}
		},
		{
			"from": [8, 17.26136, -0.78784],
			"to": [8, 24.26136, 2.21216],
			"rotation": {"angle": 0, "axis": "x", "origin": [8, 20.76136, 1.71216]},
			"faces": {
				"north": {"uv": [6, 9.75, 6, 11.5], "texture": "#0"},
				"east": {"uv": [3, 0, 3.75, 1.75], "texture": "#0"},
				"south": {"uv": [6.25, 9.75, 6.25, 11.5], "texture": "#0"},
				"west": {"uv": [3, 2, 3.75, 3.75], "texture": "#0"},
				"up": {"uv": [9.75, 4.75, 9.75, 4], "texture": "#0"},
				"down": {"uv": [6.5, 9.75, 6.5, 10.5], "texture": "#0"}
			}
		},
		{
			"from": [8, 13.05426, 0.9548],
			"to": [8, 20.05426, 3.9548],
			"rotation": {"angle": -45, "axis": "x", "origin": [8, 16.55426, 3.4548]},
			"faces": {
				"north": {"uv": [6.75, 9.75, 6.75, 11.5], "texture": "#0"},
				"east": {"uv": [4, 0, 4.75, 1.75], "texture": "#0"},
				"south": {"uv": [7, 9.75, 7, 11.5], "texture": "#0"},
				"west": {"uv": [4, 2, 4.75, 3.75], "texture": "#0"},
				"up": {"uv": [7.25, 10.5, 7.25, 9.75], "texture": "#0"},
				"down": {"uv": [7.5, 9.75, 7.5, 10.5], "texture": "#0"}
			}
		},
		{
			"from": [7.5, 23.49496, 0.06515],
			"to": [8.5, 25.49496, 1.06515],
			"rotation": {"angle": 22.5, "axis": "x", "origin": [8, 20.99496, 1.56515]},
			"faces": {
				"north": {"uv": [9.5, 9, 9.75, 9.5], "texture": "#0"},
				"east": {"uv": [0, 9.75, 0.25, 10.25], "texture": "#0"},
				"south": {"uv": [9.75, 0, 10, 0.5], "texture": "#0"},
				"west": {"uv": [9.75, 0.75, 10, 1.25], "texture": "#0"},
				"up": {"uv": [2.5, 10, 2.25, 9.75], "texture": "#0"},
				"down": {"uv": [10, 2.5, 9.75, 2.75], "texture": "#0"}
			}
		},
		{
			"from": [8, 23.49496, -0.93485],
			"to": [8, 29.49496, 2.06515],
			"rotation": {"angle": 22.5, "axis": "x", "origin": [8, 20.99496, 1.56515]},
			"faces": {
				"north": {"uv": [4.5, 9.5, 4.5, 11], "texture": "#0"},
				"east": {"uv": [3, 4, 3.75, 5.5], "texture": "#0"},
				"south": {"uv": [5.75, 9.5, 5.75, 11], "texture": "#0"},
				"west": {"uv": [4, 4, 4.75, 5.5], "texture": "#0"},
				"up": {"uv": [0.5, 10.5, 0.5, 9.75], "texture": "#0"},
				"down": {"uv": [2.75, 9.75, 2.75, 10.5], "texture": "#0"}
			}
		},
		{
			"from": [7.025, 11.46447, 4.79289],
			"to": [8.975, 16.46447, 5.79289],
			"rotation": {"angle": 0, "axis": "x", "origin": [8, 13.46447, 4.29289]},
			"faces": {
				"north": {"uv": [6, 1.5, 6.5, 2.75], "texture": "#0"},
				"east": {"uv": [2.5, 8.25, 2.75, 9.5], "texture": "#0"},
				"south": {"uv": [6, 3, 6.5, 4.25], "texture": "#0"},
				"west": {"uv": [8.5, 7.5, 8.75, 8.75], "texture": "#0"},
				"up": {"uv": [9.75, 5.25, 9.25, 5], "texture": "#0"},
				"down": {"uv": [9.75, 5.5, 9.25, 5.75], "texture": "#0"}
			}
		},
		{
			"from": [7.025, 13.46447, 3.81789],
			"to": [8.975, 16.46447, 4.79289],
			"rotation": {"angle": 0, "axis": "x", "origin": [8, 13.46447, 4.29289]},
			"faces": {
				"north": {"uv": [4, 8.5, 4.5, 9.25], "texture": "#0"},
				"east": {"uv": [1.25, 9.25, 1.5, 10], "texture": "#0"},
				"south": {"uv": [8.5, 5, 9, 5.75], "texture": "#0"},
				"west": {"uv": [1.75, 9.25, 2, 10], "texture": "#0"},
				"up": {"uv": [10.25, 1.75, 9.75, 1.5], "texture": "#0"},
				"down": {"uv": [10.25, 2, 9.75, 2.25], "texture": "#0"}
			}
		},
		{
			"from": [7.5, 11.46447, 3.79289],
			"to": [8.5, 16.46447, 4.79289],
			"rotation": {"angle": 0, "axis": "x", "origin": [8, 13.46447, 4.29289]},
			"faces": {
				"north": {"uv": [8.75, 2, 9, 3.25], "texture": "#0"},
				"east": {"uv": [3, 8.75, 3.25, 10], "texture": "#0"},
				"south": {"uv": [3.5, 8.75, 3.75, 10], "texture": "#0"},
				"west": {"uv": [4.75, 8.75, 5, 10], "texture": "#0"},
				"up": {"uv": [10, 3.25, 9.75, 3], "texture": "#0"},
				"down": {"uv": [10, 3.5, 9.75, 3.75], "texture": "#0"}
			}
		},
		{
			"from": [8, 7.26685, 3.00902],
			"to": [8, 10.26685, 4.00902],
			"rotation": {"angle": 22.5, "axis": "x", "origin": [8, 9.26685, 3.25902]},
			"faces": {
				"north": {"uv": [4.75, 5.75, 4.75, 6.5], "texture": "#0"},
				"east": {"uv": [0.75, 9.25, 1, 10], "texture": "#0"},
				"south": {"uv": [5.5, 7.75, 5.5, 8.5], "texture": "#0"},
				"west": {"uv": [9.25, 1, 9.5, 1.75], "texture": "#0"},
				"up": {"uv": [6.75, 4.25, 6.75, 4], "texture": "#0"},
				"down": {"uv": [5.75, 6.75, 5.75, 7], "texture": "#0"}
			}
		},
		{
			"from": [7.5, 10.26685, 2.75902],
			"to": [8.5, 12.26685, 4.75902],
			"rotation": {"angle": 22.5, "axis": "x", "origin": [8, 9.26685, 3.25902]},
			"faces": {
				"north": {"uv": [4, 9.5, 4.25, 10], "texture": "#0"},
				"east": {"uv": [6, 9, 6.5, 9.5], "texture": "#0"},
				"south": {"uv": [5.25, 9.5, 5.5, 10], "texture": "#0"},
				"west": {"uv": [6.75, 9, 7.25, 9.5], "texture": "#0"},
				"up": {"uv": [9.75, 6.5, 9.5, 6], "texture": "#0"},
				"down": {"uv": [9.75, 6.75, 9.5, 7.25], "texture": "#0"}
			}
		},
		{
			"from": [6.5, 20.70711, 7.70711],
			"to": [9.5, 24.70711, 10.70711],
			"rotation": {"angle": 45, "axis": "x", "origin": [8, 21.70711, 7.70711]},
			"faces": {
				"north": {"uv": [5, 3, 5.75, 4], "texture": "#0"},
				"east": {"uv": [5, 4.25, 5.75, 5.25], "texture": "#0"},
				"south": {"uv": [5, 5.5, 5.75, 6.5], "texture": "#0"},
				"west": {"uv": [3, 5.75, 3.75, 6.75], "texture": "#0"},
				"up": {"uv": [6.75, 5.25, 6, 4.5], "texture": "#0"},
				"down": {"uv": [6.75, 5.5, 6, 6.25], "texture": "#0"}
			}
		},
		{
			"from": [6.5, -13.70711, 7.70711],
			"to": [9.5, -10.70711, 10.70711],
			"rotation": {"angle": -45, "axis": "x", "origin": [8, -11.70711, 7.70711]},
			"faces": {
				"north": {"uv": [6, 6.5, 6.75, 7.25], "texture": "#0"},
				"east": {"uv": [6.75, 0, 7.5, 0.75], "texture": "#0"},
				"south": {"uv": [6.75, 1, 7.5, 1.75], "texture": "#0"},
				"west": {"uv": [6.75, 2, 7.5, 2.75], "texture": "#0"},
				"up": {"uv": [7.5, 3.75, 6.75, 3], "texture": "#0"},
				"down": {"uv": [5.5, 6.75, 4.75, 7.5], "texture": "#0"}
			}
		},
		{
			"from": [7.25, 19.70711, 5.70711],
			"to": [9.25, 21.70711, 8.70711],
			"rotation": {"angle": 22.5, "axis": "x", "origin": [8, 21.70711, 7.70711]},
			"faces": {
				"north": {"uv": [8.75, 6.75, 9.25, 7.25], "texture": "#0"},
				"east": {"uv": [6.5, 7.5, 7.25, 8], "texture": "#0"},
				"south": {"uv": [0, 9, 0.5, 9.5], "texture": "#0"},
				"west": {"uv": [7.5, 7.5, 8.25, 8], "texture": "#0"},
				"up": {"uv": [8.25, 0.75, 7.75, 0], "texture": "#0"},
				"down": {"uv": [8.25, 1, 7.75, 1.75], "texture": "#0"}
			}
		},
		{
			"from": [7.25, -12.45711, 5.70711],
			"to": [9.25, -10.45711, 8.70711],
			"rotation": {"angle": -22.5, "axis": "x", "origin": [8, -11.70711, 7.70711]},
			"faces": {
				"north": {"uv": [9, 3.5, 9.5, 4], "texture": "#0"},
				"east": {"uv": [7.75, 2, 8.5, 2.5], "texture": "#0"},
				"south": {"uv": [9, 4.25, 9.5, 4.75], "texture": "#0"},
				"west": {"uv": [7.75, 2.75, 8.5, 3.25], "texture": "#0"},
				"up": {"uv": [5.25, 8.5, 4.75, 7.75], "texture": "#0"},
				"down": {"uv": [8.25, 5, 7.75, 5.75], "texture": "#0"}
			}
		}
	],
	"gui_light": "front",
	"display": {
		"thirdperson_righthand": {
			"translation": [0, 0, 2]
		},
		"thirdperson_lefthand": {
			"translation": [0, 0, 2]
		},
		"firstperson_righthand": {
			"translation": [0, 2.25, 0],
			"scale": [0.5, 0.5, 0.5]
		},
		"firstperson_lefthand": {
			"translation": [0, 2.25, 0],
			"scale": [0.5, 0.5, 0.5]
		},
		"ground": {
			"rotation": [64, 50, 0],
			"scale": [0.3, 0.3, 0.3]
		},
		"gui": {
			"rotation": [-66, 44, 60],
			"translation": [0.5, 0.75, 0],
			"scale": [0.5, 0.5, 0.5]
		},
		"head": {
			"rotation": [84, 128, -83],
			"translation": [-2.75, -13, 4.5],
			"scale": [1.3, 1.3, 1.3]
		},
		"fixed": {
			"rotation": [-85, -46, -87],
			"translation": [-0.5, 0.25, -0.75],
			"scale": [0.55, 0.55, 0.55]
		}
	}
}