{"textures": {		"0": "item/cosmetics/handhelds/dragonsword"},	"elements": [		{			"from": [7.10044, -10.97277, 7.10044],			"to": [8.89956, 0.62149, 8.89956],			"rotation": {"angle": 0, "axis": "y", "origin": [15.19647, -3.8763, 14.29691]},			"faces": {				"north": {"uv": [4.49988, 4.00012, 4.00012, 6.99988], "texture": "#0"},				"east": {"uv": [4.00012, 4.00012, 4.49988, 6.99988], "texture": "#0"},				"south": {"uv": [4.00012, 4.00012, 4.49988, 6.99988], "texture": "#0"},				"west": {"uv": [4.00012, 4.00012, 4.49988, 6.99988], "texture": "#0"},				"up": {"uv": [4.99988, 4.49988, 4.50012, 4.00012], "texture": "#0"},				"down": {"uv": [7.74988, 5.50013, 7.25013, 5.99988], "texture": "#0"}			}		},		{			"from": [6.20088, 1.52105, 7.55022],			"to": [9.79912, 25.52801, 8.44978],			"rotation": {"angle": 0, "axis": "y", "origin": [15.19647, 8.71752, 14.29691]},			"faces": {				"north": {"uv": [1.99988, 1.00013, 1.00013, 6.99988], "texture": "#0"},				"east": {"uv": [4.50012, 4.50012, 4.74988, 10.49988], "texture": "#0"},				"south": {"uv": [1.00013, 1.00013, 1.99988, 6.99988], "texture": "#0"},				"west": {"uv": [4.75012, 4.75012, 4.99988, 10.74988], "texture": "#0"},				"up": {"uv": [9.99987, 2.24987, 9.00013, 2.00013], "texture": "#0"},				"down": {"uv": [9.99987, 7.00013, 9.00013, 7.24988], "texture": "#0"}			}		},		{			"from": [5.91977, 1.52105, 7.94378],			"to": [10.08023, 25.52801, 7.94378],			"rotation": {"angle": 0, "axis": "y", "origin": [15.19647, 8.71752, 14.29691]},			"faces": {				"north": {"uv": [2.00013, 2.00013, 2.99988, 7.99988], "texture": "#0"},				"east": {"uv": [0.00013, 0.00013, 0.00013, 5.99988], "texture": "#0"},				"south": {"uv": [3.00013, 3.00013, 3.99988, 8.99987], "texture": "#0"},				"west": {"uv": [0.00013, 0.00013, 0.00013, 5.99988], "texture": "#0"},				"up": {"uv": [0.99988, 0.00013, 0.00013, 0.00013], "texture": "#0"},				"down": {"uv": [0.99988, 0.00013, 0.00013, 0.00013], "texture": "#0"}			}		},		{			"from": [7.32533, 11.64108, 7.32533],			"to": [8.67467, 24.12245, 8.67467],			"rotation": {"angle": 0, "axis": "y", "origin": [15.19647, 8.71752, 14.0158]},			"faces": {				"north": {"uv": [7.24988, 7.00013, 7.00013, 9.99987], "texture": "#0"},				"east": {"uv": [6.75013, 7.00013, 6.99988, 9.99987], "texture": "#0"},				"south": {"uv": [7.00013, 7.00013, 7.24988, 9.99987], "texture": "#0"},				"west": {"uv": [7.00013, 3.00013, 7.24988, 5.99988], "texture": "#0"},				"up": {"uv": [4.99988, 4.74988, 4.75012, 4.50012], "texture": "#0"},				"down": {"uv": [8.24987, 5.25013, 8.00013, 5.49988], "texture": "#0"}			}		},		{			"from": [7.04422, 6.86218, 7.32533],			"to": [8.95578, 11.75353, 8.67467],			"rotation": {"angle": 0, "axis": "y", "origin": [15.19647, 8.71752, 14.0158]},			"faces": {				"north": {"uv": [8.24987, 5.50013, 7.75013, 6.74988], "texture": "#0"},				"east": {"uv": [4.25012, 8.75013, 4.49988, 9.99987], "texture": "#0"},				"south": {"uv": [7.75013, 5.50013, 8.24987, 6.74988], "texture": "#0"},				"west": {"uv": [3.75013, 9.00013, 3.99988, 10.24987], "texture": "#0"},				"up": {"uv": [7.74988, 7.24988, 7.25013, 7.00013], "texture": "#0"},				"down": {"uv": [8.74987, 0.75013, 8.25013, 0.99988], "texture": "#0"}			}		},		{			"from": [7.32533, 25.13446, 7.66267],			"to": [8.67467, 27.4958, 8.33733],			"rotation": {"angle": 0, "axis": "y", "origin": [15.19647, 12.09086, 14.0158]},			"faces": {				"north": {"uv": [11.49988, 4.75012, 11.25013, 5.24988], "texture": "#0"},				"east": {"uv": [7.75013, 11.25013, 7.99988, 11.74988], "texture": "#0"},				"south": {"uv": [11.25013, 4.75012, 11.49988, 5.24988], "texture": "#0"},				"west": {"uv": [11.25013, 5.25013, 11.49988, 5.74988], "texture": "#0"},				"up": {"uv": [8.99987, 1.74988, 8.75013, 1.50013], "texture": "#0"},				"down": {"uv": [8.99987, 5.00012, 8.75013, 5.24988], "texture": "#0"}			}		},		{			"from": [5.7511, -0.27807, 6.56071],			"to": [9.34934, 3.32017, 9.43929],			"rotation": {"angle": 45, "axis": "z", "origin": [8, 1.97083, 6.65066]},			"faces": {				"north": {"uv": [2.99988, 0.00013, 2.00013, 0.99988], "texture": "#0"},				"east": {"uv": [7.00013, 6.00013, 7.74988, 6.99988], "texture": "#0"},				"south": {"uv": [2.00013, 0.00013, 2.99988, 0.99988], "texture": "#0"},				"west": {"uv": [7.25013, 7.25013, 7.99988, 8.24987], "texture": "#0"},				"up": {"uv": [8.24987, 3.74988, 7.25013, 3.00013], "texture": "#0"},				"down": {"uv": [8.24987, 3.75013, 7.25013, 4.49988], "texture": "#0"}			}		},		{			"from": [5.7511, 11.52864, 7.12293],			"to": [7.66267, 13.4402, 8.87707],			"rotation": {"angle": 45, "axis": "z", "origin": [8, 13.77753, 6.65066]},			"faces": {				"north": {"uv": [9.74987, 7.25013, 9.25013, 7.74988], "texture": "#0"},				"east": {"uv": [9.25013, 4.25012, 9.74987, 4.74988], "texture": "#0"},				"south": {"uv": [9.25013, 7.25013, 9.74987, 7.74988], "texture": "#0"},				"west": {"uv": [0.00013, 9.50013, 0.49988, 9.99987], "texture": "#0"},				"up": {"uv": [0.99988, 9.99987, 0.50013, 9.50013], "texture": "#0"},				"down": {"uv": [1.49988, 9.50013, 1.00013, 9.99987], "texture": "#0"}			}		},		{			"from": [8.58111, -0.73418, 6.27959],			"to": [9.63045, 3.42628, 9.72041],			"rotation": {"angle": 45, "axis": "z", "origin": [8, 1.79583, 6.65066]},			"faces": {				"north": {"uv": [1.74988, 9.50013, 1.50013, 10.49988], "texture": "#0"},				"east": {"uv": [7.25013, 4.50012, 7.99988, 5.49988], "texture": "#0"},				"south": {"uv": [1.50013, 9.50013, 1.74988, 10.49988], "texture": "#0"},				"west": {"uv": [7.50013, 0.00013, 8.24987, 0.99988], "texture": "#0"},				"up": {"uv": [8.24987, 10.74988, 8.00013, 10.00013], "texture": "#0"},				"down": {"uv": [8.49987, 10.00013, 8.25013, 10.74988], "texture": "#0"}			}		},		{			"from": [8.56222, -12.70322, 6.56071],			"to": [9.63045, -10.22943, 9.43929],			"rotation": {"angle": 45, "axis": "z", "origin": [8, -11.85988, 6.65066]},			"faces": {				"north": {"uv": [11.49988, 6.25013, 11.25013, 6.74988], "texture": "#0"},				"east": {"uv": [8.00013, 8.75013, 8.74987, 9.24987], "texture": "#0"},				"south": {"uv": [11.25013, 6.25013, 11.49988, 6.74988], "texture": "#0"},				"west": {"uv": [8.75013, 8.75013, 9.49987, 9.24987], "texture": "#0"},				"up": {"uv": [8.74987, 10.74988, 8.50013, 10.00013], "texture": "#0"},				"down": {"uv": [8.99987, 10.00013, 8.75013, 10.74988], "texture": "#0"}			}		},		{			"from": [5.46999, 2.37694, 6.27959],			"to": [8.58111, 3.42628, 9.72041],			"rotation": {"angle": 45, "axis": "z", "origin": [8, 1.79583, 6.65066]},			"faces": {				"north": {"uv": [9.74987, 10.00013, 9.00013, 10.24987], "texture": "#0"},				"east": {"uv": [7.25013, 9.50013, 7.99988, 9.74987], "texture": "#0"},				"south": {"uv": [9.00013, 10.00013, 9.74987, 10.24987], "texture": "#0"},				"west": {"uv": [9.75013, 10.00013, 10.49988, 10.24987], "texture": "#0"},				"up": {"uv": [2.74988, 8.74987, 2.00013, 8.00013], "texture": "#0"},				"down": {"uv": [8.74987, 8.00013, 8.00013, 8.74987], "texture": "#0"}			}		},		{			"from": [7.15666, -11.29766, 6.56071],			"to": [8.56222, -10.22943, 9.43929],			"rotation": {"angle": 45, "axis": "z", "origin": [8, -11.85988, 6.65066]},			"faces": {				"north": {"uv": [6.24988, 11.75013, 6.00013, 11.99988], "texture": "#0"},				"east": {"uv": [10.00013, 2.00013, 10.74988, 2.24987], "texture": "#0"},				"south": {"uv": [6.00013, 11.75013, 6.24988, 11.99988], "texture": "#0"},				"west": {"uv": [10.00013, 7.00013, 10.74988, 7.24988], "texture": "#0"},				"up": {"uv": [3.99988, 10.99988, 3.75013, 10.25013], "texture": "#0"},				"down": {"uv": [5.99988, 10.25013, 5.75013, 10.99988], "texture": "#0"}			}		},		{			"from": [3.74959, 2.67136, 8.05892],			"to": [7.63568, 6.55745, 8.05892],			"rotation": {"angle": 45, "axis": "z", "origin": [6.17839, 5.10017, 6.54272]},			"faces": {				"north": {"uv": [2.00013, 1.00013, 2.99988, 1.99988], "texture": "#0"},				"east": {"uv": [0.00013, 0.00013, 0.00013, 0.99988], "texture": "#0"},				"south": {"uv": [4.00012, 3.00013, 4.99988, 3.99988], "texture": "#0"},				"west": {"uv": [0.00013, 0.00013, 0.00013, 0.99988], "texture": "#0"},				"up": {"uv": [0.99988, 0.00013, 0.00013, 0.00013], "texture": "#0"},				"down": {"uv": [0.99988, 0.00013, 0.00013, 0.00013], "texture": "#0"}			}		},		{			"from": [8.36432, 2.67136, 8.05892],			"to": [12.25041, 6.55745, 8.05892],			"rotation": {"angle": -45, "axis": "z", "origin": [9.82161, 5.10017, 6.54272]},			"faces": {				"north": {"uv": [4.50012, 0.00013, 5.49988, 0.99988], "texture": "#0"},				"east": {"uv": [0.00013, 0.00013, 0.00013, 0.99988], "texture": "#0"},				"south": {"uv": [4.50012, 1.00013, 5.49988, 1.99988], "texture": "#0"},				"west": {"uv": [0.00013, 0.00013, 0.00013, 0.99988], "texture": "#0"},				"up": {"uv": [0.99988, 0.00013, 0.00013, 0.00013], "texture": "#0"},				"down": {"uv": [0.99988, 0.00013, 0.00013, 0.00013], "texture": "#0"}			}		},		{			"from": [4.06443, 2.81416, 7.68515],			"to": [7.66267, 6.4124, 8.31485],			"rotation": {"angle": 45, "axis": "z", "origin": [6.31333, 5.06306, 6.65066]},			"faces": {				"north": {"uv": [5.99988, 5.00012, 5.00012, 5.99988], "texture": "#0"},				"east": {"uv": [1.75013, 9.50013, 1.99988, 10.49988], "texture": "#0"},				"south": {"uv": [5.00012, 5.00012, 5.99988, 5.99988], "texture": "#0"},				"west": {"uv": [2.00013, 9.50013, 2.24987, 10.49988], "texture": "#0"},				"up": {"uv": [10.24987, 1.49988, 9.25013, 1.25013], "texture": "#0"},				"down": {"uv": [10.24987, 4.75012, 9.25013, 4.99988], "texture": "#0"}			}		},		{			"from": [4.62666, 4.88195, 7.12293],			"to": [8.42167, 5.85017, 8.85207],			"rotation": {"angle": 45, "axis": "z", "origin": [6.31333, 5.06306, 6.08844]},			"faces": {				"north": {"uv": [10.49988, 9.50013, 9.50013, 9.74987], "texture": "#0"},				"east": {"uv": [8.25013, 4.25012, 8.74987, 4.49988], "texture": "#0"},				"south": {"uv": [9.50013, 9.50013, 10.49988, 9.74987], "texture": "#0"},				"west": {"uv": [11.25013, 4.00012, 11.74988, 4.24988], "texture": "#0"},				"up": {"uv": [8.99987, 2.24987, 8.00013, 1.75013], "texture": "#0"},				"down": {"uv": [5.99988, 8.75013, 5.00012, 9.24987], "texture": "#0"}			}		},		{			"from": [8.33733, 2.81416, 7.68515],			"to": [11.93557, 6.4124, 8.31485],			"rotation": {"angle": -45, "axis": "z", "origin": [9.68667, 5.06306, 6.65066]},			"faces": {				"north": {"uv": [5.99988, 4.00012, 5.00012, 4.99988], "texture": "#0"},				"east": {"uv": [3.00013, 9.50013, 3.24988, 10.49988], "texture": "#0"},				"south": {"uv": [5.00012, 4.00012, 5.99988, 4.99988], "texture": "#0"},				"west": {"uv": [3.25013, 9.50013, 3.49988, 10.49988], "texture": "#0"},				"up": {"uv": [10.49988, 2.49987, 9.50013, 2.25013], "texture": "#0"},				"down": {"uv": [10.49988, 2.50013, 9.50013, 2.74988], "texture": "#0"}			}		},		{			"from": [6.51011, 4.78195, 7.12293],			"to": [11.37334, 5.85017, 8.87707],			"rotation": {"angle": -45, "axis": "z", "origin": [9.68667, 5.06306, 6.08844]},			"faces": {				"north": {"uv": [10.24987, 0.50013, 9.00013, 0.74988], "texture": "#0"},				"east": {"uv": [11.25013, 6.75013, 11.74988, 6.99988], "texture": "#0"},				"south": {"uv": [9.00013, 0.50013, 10.24987, 0.74988], "texture": "#0"},				"west": {"uv": [11.25013, 8.00013, 11.74988, 8.24987], "texture": "#0"},				"up": {"uv": [8.74987, 2.74988, 7.50013, 2.25013], "texture": "#0"},				"down": {"uv": [8.99987, 6.75013, 7.75013, 7.24988], "texture": "#0"}			}		},		{			"from": [10.43012, 2.81416, 7.15104],			"to": [11.34523, 5.82206, 8.84896],			"rotation": {"angle": -45, "axis": "z", "origin": [9.68667, 5.06306, 6.08844]},			"faces": {				"north": {"uv": [9.49987, 10.25013, 9.25013, 10.99988], "texture": "#0"},				"east": {"uv": [6.00013, 8.75013, 6.49988, 9.49987], "texture": "#0"},				"south": {"uv": [9.25013, 10.25013, 9.49987, 10.99988], "texture": "#0"},				"west": {"uv": [8.75013, 0.75013, 9.24987, 1.49988], "texture": "#0"},				"up": {"uv": [11.49988, 9.24987, 11.25013, 8.75013], "texture": "#0"},				"down": {"uv": [11.49988, 9.25013, 11.25013, 9.74987], "texture": "#0"}			}		},		{			"from": [4.65477, 2.81416, 7.15104],			"to": [5.51988, 5.82206, 8.84896],			"rotation": {"angle": 45, "axis": "z", "origin": [6.31333, 5.06306, 6.08844]},			"faces": {				"north": {"uv": [9.99987, 10.25013, 9.75013, 10.99988], "texture": "#0"},				"east": {"uv": [8.75013, 4.25012, 9.24987, 4.99988], "texture": "#0"},				"south": {"uv": [9.75013, 10.25013, 9.99987, 10.99988], "texture": "#0"},				"west": {"uv": [8.75013, 7.25013, 9.24987, 7.99988], "texture": "#0"},				"up": {"uv": [3.74988, 11.99988, 3.50013, 11.50013], "texture": "#0"},				"down": {"uv": [5.49988, 11.50013, 5.25013, 11.99988], "texture": "#0"}			}		},		{			"from": [7.747, 30.92536, 7.99438],			"to": [8.81522, 31.99359, 8.00562],			"rotation": {"angle": 45, "axis": "z", "origin": [8, 31.17837, 6.65066]},			"faces": {				"north": {"uv": [6.25013, 11.75013, 6.49988, 11.99988], "texture": "#0"},				"east": {"uv": [6.50013, 11.75013, 6.74988, 11.99988], "texture": "#0"},				"south": {"uv": [6.75013, 11.75013, 6.99988, 11.99988], "texture": "#0"},				"west": {"uv": [7.00013, 11.75013, 7.24988, 11.99988], "texture": "#0"},				"up": {"uv": [7.49988, 11.99988, 7.25013, 11.75013], "texture": "#0"},				"down": {"uv": [7.74988, 11.75013, 7.50013, 11.99988], "texture": "#0"}			}		},		{			"from": [7.747, 30.92536, 7.71327],			"to": [8.59034, 31.7687, 8.28673],			"rotation": {"angle": 45, "axis": "z", "origin": [8, 31.17837, 6.65066]},			"faces": {				"north": {"uv": [9.99987, 11.75013, 9.75013, 11.99988], "texture": "#0"},				"east": {"uv": [9.50013, 11.75013, 9.74987, 11.99988], "texture": "#0"},				"south": {"uv": [9.75013, 11.75013, 9.99987, 11.99988], "texture": "#0"},				"west": {"uv": [10.00013, 11.75013, 10.24987, 11.99988], "texture": "#0"},				"up": {"uv": [10.74988, 11.99988, 10.50013, 11.75013], "texture": "#0"},				"down": {"uv": [10.99988, 11.75013, 10.75013, 11.99988], "texture": "#0"}			}		},		{			"from": [8, 27.83313, 7.43215],			"to": [8.95578, 28.78891, 8.56785],			"rotation": {"angle": 45, "axis": "z", "origin": [8, 27.83313, 6.65066]},			"faces": {				"north": {"uv": [11.74988, 11.75013, 11.50013, 11.99988], "texture": "#0"},				"east": {"uv": [11.25013, 11.75013, 11.49988, 11.99988], "texture": "#0"},				"south": {"uv": [11.50013, 11.75013, 11.74988, 11.99988], "texture": "#0"},				"west": {"uv": [11.75013, 11.75013, 11.99988, 11.99988], "texture": "#0"},				"up": {"uv": [11.99988, 0.74988, 11.75013, 0.50013], "texture": "#0"},				"down": {"uv": [11.99988, 2.00013, 11.75013, 2.24987], "texture": "#0"}			}		},		{			"from": [8, -15.51434, 7.43215],			"to": [8.95578, -14.55856, 8.56785],			"rotation": {"angle": -45, "axis": "z", "origin": [8, -14.55856, 6.65066]},			"faces": {				"north": {"uv": [11.99988, 7.00013, 11.75013, 7.24988], "texture": "#0"},				"east": {"uv": [11.75013, 6.75013, 11.99988, 6.99988], "texture": "#0"},				"south": {"uv": [11.75013, 7.00013, 11.99988, 7.24988], "texture": "#0"},				"west": {"uv": [11.75013, 7.75013, 11.99988, 7.99988], "texture": "#0"},				"up": {"uv": [11.99988, 8.24987, 11.75013, 8.00013], "texture": "#0"},				"down": {"uv": [11.99988, 8.25013, 11.75013, 8.49987], "texture": "#0"}			}		},		{			"from": [5.13266, 7.50874, 7.71327],			"to": [8.73089, 8.85807, 8.28673],			"rotation": {"angle": -45, "axis": "z", "origin": [7.38155, 8.85807, 6.65066]},			"faces": {				"north": {"uv": [10.49988, 8.25013, 9.50013, 8.49987], "texture": "#0"},				"east": {"uv": [11.75013, 9.75013, 11.99988, 9.99987], "texture": "#0"},				"south": {"uv": [9.50013, 8.25013, 10.49988, 8.49987], "texture": "#0"},				"west": {"uv": [11.75013, 10.00013, 11.99988, 10.24987], "texture": "#0"},				"up": {"uv": [10.49988, 8.99987, 9.50013, 8.75013], "texture": "#0"},				"down": {"uv": [10.49988, 9.00013, 9.50013, 9.24987], "texture": "#0"}			}		},		{			"from": [4.90327, 7.31983, 7.97144],			"to": [8.78936, 8.77711, 7.97144],			"rotation": {"angle": -45, "axis": "z", "origin": [7.33208, 8.77711, 6.54272]},			"faces": {				"north": {"uv": [9.50013, 9.25013, 10.49988, 9.49987], "texture": "#0"},				"east": {"uv": [0.00013, 0.00013, 0.00013, 0.24988], "texture": "#0"},				"south": {"uv": [7.25013, 9.75013, 8.24987, 9.99987], "texture": "#0"},				"west": {"uv": [0.00013, 0.00013, 0.00013, 0.24988], "texture": "#0"},				"up": {"uv": [0.99988, 0.00013, 0.00013, 0.00013], "texture": "#0"},				"down": {"uv": [0.99988, 0.00013, 0.00013, 0.00013], "texture": "#0"}			}		},		{			"from": [7.21064, 7.31983, 7.97144],			"to": [11.09673, 8.77711, 7.97144],			"rotation": {"angle": 45, "axis": "z", "origin": [8.66792, 8.77711, 6.54272]},			"faces": {				"north": {"uv": [8.25013, 9.75013, 9.24987, 9.99987], "texture": "#0"},				"east": {"uv": [0.00013, 0.00013, 0.00013, 0.24988], "texture": "#0"},				"south": {"uv": [9.25013, 9.75013, 10.24987, 9.99987], "texture": "#0"},				"west": {"uv": [0.00013, 0.00013, 0.00013, 0.24988], "texture": "#0"},				"up": {"uv": [0.99988, 0.00013, 0.00013, 0.00013], "texture": "#0"},				"down": {"uv": [0.99988, 0.00013, 0.00013, 0.00013], "texture": "#0"}			}		},		{			"from": [5.36204, 13.10624, 7.7362],			"to": [8.67242, 14.34763, 8.2638],			"rotation": {"angle": -45, "axis": "z", "origin": [7.43103, 14.34763, 6.75861]},			"faces": {				"north": {"uv": [10.74988, 10.25013, 10.00013, 10.49988], "texture": "#0"},				"east": {"uv": [11.75013, 11.00013, 11.99988, 11.24988], "texture": "#0"},				"south": {"uv": [10.00013, 10.25013, 10.74988, 10.49988], "texture": "#0"},				"west": {"uv": [11.75013, 11.50013, 11.99988, 11.74988], "texture": "#0"},				"up": {"uv": [10.99988, 0.74988, 10.25013, 0.50013], "texture": "#0"},				"down": {"uv": [10.99988, 1.25013, 10.25013, 1.49988], "texture": "#0"}			}		},		{			"from": [5.15101, 12.85913, 8.00379],			"to": [8.72621, 14.19983, 8.00379],			"rotation": {"angle": -45, "axis": "z", "origin": [7.38551, 14.19983, 6.6593]},			"faces": {				"north": {"uv": [9.75013, 0.00013, 10.74988, 0.24988], "texture": "#0"},				"east": {"uv": [0.00013, 0.00013, 0.00013, 0.24988], "texture": "#0"},				"south": {"uv": [9.75013, 0.25013, 10.74988, 0.49988], "texture": "#0"},				"west": {"uv": [0.00013, 0.00013, 0.00013, 0.24988], "texture": "#0"},				"up": {"uv": [0.99988, 0.00013, 0.00013, 0.00013], "texture": "#0"},				"down": {"uv": [0.99988, 0.00013, 0.00013, 0.00013], "texture": "#0"}			}		},		{			"from": [7.27379, 12.85913, 8.00379],			"to": [10.84899, 14.19983, 8.00379],			"rotation": {"angle": 45, "axis": "z", "origin": [8.61449, 14.19983, 6.6593]},			"faces": {				"north": {"uv": [9.75013, 0.75013, 10.74988, 0.99988], "texture": "#0"},				"east": {"uv": [0.00013, 0.00013, 0.00013, 0.24988], "texture": "#0"},				"south": {"uv": [9.75013, 1.00013, 10.74988, 1.24988], "texture": "#0"},				"west": {"uv": [0.00013, 0.00013, 0.00013, 0.24988], "texture": "#0"},				"up": {"uv": [0.99988, 0.00013, 0.00013, 0.00013], "texture": "#0"},				"down": {"uv": [0.99988, 0.00013, 0.00013, 0.00013], "texture": "#0"}			}		},		{			"from": [5.59143, 18.47885, 7.75914],			"to": [8.61395, 19.61229, 8.24086],			"rotation": {"angle": -45, "axis": "z", "origin": [7.48051, 19.61229, 6.86656]},			"faces": {				"north": {"uv": [10.99988, 7.75013, 10.25013, 7.99988], "texture": "#0"},				"east": {"uv": [0.00013, 12.00013, 0.24988, 12.24988], "texture": "#0"},				"south": {"uv": [10.25013, 7.75013, 10.99988, 7.99988], "texture": "#0"},				"west": {"uv": [0.25013, 12.00013, 0.49988, 12.24988], "texture": "#0"},				"up": {"uv": [10.99988, 9.99987, 10.25013, 9.75013], "texture": "#0"},				"down": {"uv": [2.24987, 10.50013, 1.50013, 10.74988], "texture": "#0"}			}		},		{			"from": [5.39875, 18.32422, 8.02098],			"to": [8.66306, 19.54833, 8.02098],			"rotation": {"angle": -45, "axis": "z", "origin": [7.43895, 19.54833, 6.77588]},			"faces": {				"north": {"uv": [3.00013, 10.50013, 3.74988, 10.74988], "texture": "#0"},				"east": {"uv": [0.00013, 0.00013, 0.00013, 0.24988], "texture": "#0"},				"south": {"uv": [10.00013, 10.50013, 10.74988, 10.74988], "texture": "#0"},				"west": {"uv": [0.00013, 0.00013, 0.00013, 0.24988], "texture": "#0"},				"up": {"uv": [0.74988, 0.00013, 0.00013, 0.00013], "texture": "#0"},				"down": {"uv": [0.74988, 0.00013, 0.00013, 0.00013], "texture": "#0"}			}		},		{			"from": [7.33694, 18.32422, 8.02098],			"to": [10.60125, 19.54833, 8.02098],			"rotation": {"angle": 45, "axis": "z", "origin": [8.56105, 19.54833, 6.77588]},			"faces": {				"north": {"uv": [10.50013, 2.25013, 11.24988, 2.49987], "texture": "#0"},				"east": {"uv": [0.00013, 0.00013, 0.00013, 0.24988], "texture": "#0"},				"south": {"uv": [10.50013, 2.50013, 11.24988, 2.74988], "texture": "#0"},				"west": {"uv": [0.00013, 0.00013, 0.00013, 0.24988], "texture": "#0"},				"up": {"uv": [0.74988, 0.00013, 0.00013, 0.00013], "texture": "#0"},				"down": {"uv": [0.74988, 0.00013, 0.00013, 0.00013], "texture": "#0"}			}		},		{			"from": [5.13266, 23.25101, 7.62893],			"to": [8.73089, 24.60034, 8.37107],			"rotation": {"angle": -45, "axis": "z", "origin": [7.38155, 24.60034, 6.65066]},			"faces": {				"north": {"uv": [10.74988, 1.75013, 9.75013, 1.99988], "texture": "#0"},				"east": {"uv": [0.50013, 12.00013, 0.74988, 12.24988], "texture": "#0"},				"south": {"uv": [9.75013, 1.75013, 10.74988, 1.99988], "texture": "#0"},				"west": {"uv": [0.75013, 12.00013, 0.99988, 12.24988], "texture": "#0"},				"up": {"uv": [10.74988, 2.99988, 9.75013, 2.75013], "texture": "#0"},				"down": {"uv": [10.74988, 3.00013, 9.75013, 3.24988], "texture": "#0"}			}		},		{			"from": [4.90327, 23.00026, 7.97144],			"to": [8.78936, 24.45754, 7.97144],			"rotation": {"angle": -45, "axis": "z", "origin": [7.33208, 24.45754, 6.54272]},			"faces": {				"north": {"uv": [9.75013, 3.25013, 10.74988, 3.49988], "texture": "#0"},				"east": {"uv": [0.00013, 0.00013, 0.00013, 0.24988], "texture": "#0"},				"south": {"uv": [9.75013, 3.50013, 10.74988, 3.74988], "texture": "#0"},				"west": {"uv": [0.00013, 0.00013, 0.00013, 0.24988], "texture": "#0"},				"up": {"uv": [0.99988, 0.00013, 0.00013, 0.00013], "texture": "#0"},				"down": {"uv": [0.99988, 0.00013, 0.00013, 0.00013], "texture": "#0"}			}		},		{			"from": [7.21064, 23.00026, 7.97144],			"to": [11.09673, 24.45754, 7.97144],			"rotation": {"angle": 45, "axis": "z", "origin": [8.66792, 24.45754, 6.54272]},			"faces": {				"north": {"uv": [9.75013, 3.75013, 10.74988, 3.99988], "texture": "#0"},				"east": {"uv": [0.00013, 0.00013, 0.00013, 0.24988], "texture": "#0"},				"south": {"uv": [9.75013, 4.00012, 10.74988, 4.24988], "texture": "#0"},				"west": {"uv": [0.00013, 0.00013, 0.00013, 0.24988], "texture": "#0"},				"up": {"uv": [0.99988, 0.00013, 0.00013, 0.00013], "texture": "#0"},				"down": {"uv": [0.99988, 0.00013, 0.00013, 0.00013], "texture": "#0"}			}		},		{			"from": [6.25711, 23.25101, 7.34782],			"to": [8.73089, 24.60034, 8.65218],			"rotation": {"angle": -45, "axis": "z", "origin": [8.506, 24.60034, 6.65066]},			"faces": {				"north": {"uv": [11.74988, 10.00013, 11.25013, 10.24987], "texture": "#0"},				"east": {"uv": [2.25013, 12.00013, 2.49987, 12.24988], "texture": "#0"},				"south": {"uv": [11.25013, 10.00013, 11.74988, 10.24987], "texture": "#0"},				"west": {"uv": [2.50013, 12.00013, 2.74988, 12.24988], "texture": "#0"},				"up": {"uv": [11.74988, 11.24988, 11.25013, 11.00013], "texture": "#0"},				"down": {"uv": [6.49988, 11.50013, 6.00013, 11.74988], "texture": "#0"}			}		},		{			"from": [6.25711, -11.32577, 7.34782],			"to": [8.73089, -9.97643, 8.65218],			"rotation": {"angle": 45, "axis": "z", "origin": [8.506, -11.32577, 6.65066]},			"faces": {				"north": {"uv": [7.49988, 11.50013, 7.00013, 11.74988], "texture": "#0"},				"east": {"uv": [3.50013, 12.00013, 3.74988, 12.24988], "texture": "#0"},				"south": {"uv": [7.00013, 11.50013, 7.49988, 11.74988], "texture": "#0"},				"west": {"uv": [4.00012, 12.00013, 4.24988, 12.24988], "texture": "#0"},				"up": {"uv": [9.24987, 11.74988, 8.75013, 11.50013], "texture": "#0"},				"down": {"uv": [9.74987, 11.50013, 9.25013, 11.74988], "texture": "#0"}			}		},		{			"from": [7.26911, 23.25101, 7.37593],			"to": [9.74289, 24.60034, 8.62407],			"rotation": {"angle": 45, "axis": "z", "origin": [7.494, 24.60034, 6.65066]},			"faces": {				"north": {"uv": [11.74988, 11.50013, 11.25013, 11.74988], "texture": "#0"},				"east": {"uv": [5.25013, 12.00013, 5.49988, 12.24988], "texture": "#0"},				"south": {"uv": [11.25013, 11.50013, 11.74988, 11.74988], "texture": "#0"},				"west": {"uv": [5.50013, 12.00013, 5.74988, 12.24988], "texture": "#0"},				"up": {"uv": [11.99988, 0.24988, 11.50013, 0.00013], "texture": "#0"},				"down": {"uv": [11.99988, 0.25013, 11.50013, 0.49988], "texture": "#0"}			}		},		{			"from": [7.26911, -11.32577, 7.37593],			"to": [9.74289, -9.97643, 8.62407],			"rotation": {"angle": -45, "axis": "z", "origin": [7.494, -11.32577, 6.65066]},			"faces": {				"north": {"uv": [11.99988, 1.00013, 11.50013, 1.24988], "texture": "#0"},				"east": {"uv": [6.00013, 12.00013, 6.24988, 12.24988], "texture": "#0"},				"south": {"uv": [11.50013, 1.00013, 11.99988, 1.24988], "texture": "#0"},				"west": {"uv": [6.25013, 12.00013, 6.49988, 12.24988], "texture": "#0"},				"up": {"uv": [11.99988, 4.49988, 11.50013, 4.25012], "texture": "#0"},				"down": {"uv": [11.99988, 4.50012, 11.50013, 4.74988], "texture": "#0"}			}		},		{			"from": [7.26911, 7.50874, 7.71327],			"to": [10.86734, 8.85807, 8.28673],			"rotation": {"angle": 45, "axis": "z", "origin": [8.61845, 8.85807, 6.65066]},			"faces": {				"north": {"uv": [10.74988, 4.50012, 9.75013, 4.74988], "texture": "#0"},				"east": {"uv": [6.50013, 12.00013, 6.74988, 12.24988], "texture": "#0"},				"south": {"uv": [9.75013, 4.50012, 10.74988, 4.74988], "texture": "#0"},				"west": {"uv": [6.75013, 12.00013, 6.99988, 12.24988], "texture": "#0"},				"up": {"uv": [10.74988, 5.24988, 9.75013, 5.00012], "texture": "#0"},				"down": {"uv": [10.74988, 5.25013, 9.75013, 5.49988], "texture": "#0"}			}		},		{			"from": [7.32758, 13.10624, 7.7362],			"to": [10.63796, 14.34763, 8.2638],			"rotation": {"angle": 45, "axis": "z", "origin": [8.56897, 14.34763, 6.75861]},			"faces": {				"north": {"uv": [11.24988, 8.25013, 10.50013, 8.49987], "texture": "#0"},				"east": {"uv": [7.00013, 12.00013, 7.24988, 12.24988], "texture": "#0"},				"south": {"uv": [10.50013, 8.25013, 11.24988, 8.49987], "texture": "#0"},				"west": {"uv": [7.25013, 12.00013, 7.49988, 12.24988], "texture": "#0"},				"up": {"uv": [11.24988, 8.99987, 10.50013, 8.75013], "texture": "#0"},				"down": {"uv": [11.24988, 9.00013, 10.50013, 9.24987], "texture": "#0"}			}		},		{			"from": [7.38605, 18.47885, 7.75914],			"to": [10.40857, 19.61229, 8.24086],			"rotation": {"angle": 45, "axis": "z", "origin": [8.51949, 19.61229, 6.86656]},			"faces": {				"north": {"uv": [11.24988, 9.50013, 10.50013, 9.74987], "texture": "#0"},				"east": {"uv": [7.50013, 12.00013, 7.74988, 12.24988], "texture": "#0"},				"south": {"uv": [10.50013, 9.50013, 11.24988, 9.74987], "texture": "#0"},				"west": {"uv": [7.75013, 12.00013, 7.99988, 12.24988], "texture": "#0"},				"up": {"uv": [11.24988, 10.24987, 10.50013, 10.00013], "texture": "#0"},				"down": {"uv": [2.24987, 10.75013, 1.50013, 10.99988], "texture": "#0"}			}		},		{			"from": [7.44745, 18.67214, 7.41778],			"to": [9.15571, 19.69224, 8.58222],			"rotation": {"angle": 45, "axis": "z", "origin": [7.45554, 19.69224, 7.2329]},			"faces": {				"north": {"uv": [11.99988, 5.00012, 11.50013, 5.24988], "texture": "#0"},				"east": {"uv": [8.00013, 12.00013, 8.24987, 12.24988], "texture": "#0"},				"south": {"uv": [11.50013, 5.00012, 11.99988, 5.24988], "texture": "#0"},				"west": {"uv": [8.25013, 12.00013, 8.49987, 12.24988], "texture": "#0"},				"up": {"uv": [11.99988, 5.49988, 11.50013, 5.25013], "texture": "#0"},				"down": {"uv": [11.99988, 5.50013, 11.50013, 5.74988], "texture": "#0"}			}		},		{			"from": [7.4143, 13.42903, 7.43907],			"to": [9.22505, 14.51035, 8.56093],			"rotation": {"angle": 45, "axis": "z", "origin": [7.42288, 14.51035, 7.18688]},			"faces": {				"north": {"uv": [11.99988, 6.00013, 11.50013, 6.24988], "texture": "#0"},				"east": {"uv": [8.50013, 12.00013, 8.74987, 12.24988], "texture": "#0"},				"south": {"uv": [11.50013, 6.00013, 11.99988, 6.24988], "texture": "#0"},				"west": {"uv": [8.75013, 12.00013, 8.99987, 12.24988], "texture": "#0"},				"up": {"uv": [11.99988, 6.49988, 11.50013, 6.25013], "texture": "#0"},				"down": {"uv": [11.99988, 6.50013, 11.50013, 6.74988], "texture": "#0"}			}		},		{			"from": [6.84429, 18.67214, 7.41778],			"to": [8.55255, 19.69224, 8.58222],			"rotation": {"angle": -45, "axis": "z", "origin": [8.54446, 19.69224, 7.2329]},			"faces": {				"north": {"uv": [11.99988, 7.50013, 11.50013, 7.74988], "texture": "#0"},				"east": {"uv": [9.00013, 12.00013, 9.24987, 12.24988], "texture": "#0"},				"south": {"uv": [11.50013, 7.50013, 11.99988, 7.74988], "texture": "#0"},				"west": {"uv": [9.25013, 12.00013, 9.49987, 12.24988], "texture": "#0"},				"up": {"uv": [11.99988, 8.74987, 11.50013, 8.50013], "texture": "#0"},				"down": {"uv": [11.99988, 8.75013, 11.50013, 8.99987], "texture": "#0"}			}		},		{			"from": [6.77495, 13.42903, 7.43907],			"to": [8.5857, 14.51035, 8.56093],			"rotation": {"angle": -45, "axis": "z", "origin": [8.57712, 14.51035, 7.18688]},			"faces": {				"north": {"uv": [11.99988, 9.25013, 11.50013, 9.49987], "texture": "#0"},				"east": {"uv": [9.50013, 12.00013, 9.74987, 12.24988], "texture": "#0"},				"south": {"uv": [11.50013, 9.25013, 11.99988, 9.49987], "texture": "#0"},				"west": {"uv": [9.75013, 12.00013, 9.99987, 12.24988], "texture": "#0"},				"up": {"uv": [11.99988, 9.74987, 11.50013, 9.50013], "texture": "#0"},				"down": {"uv": [11.99988, 10.25013, 11.50013, 10.49988], "texture": "#0"}			}		},		{			"from": [7.26911, 23.25101, 7.65704],			"to": [10.86734, 24.60034, 8.34296],			"rotation": {"angle": 45, "axis": "z", "origin": [8.61845, 24.60034, 6.65066]},			"faces": {				"north": {"uv": [10.74988, 5.75013, 9.75013, 5.99988], "texture": "#0"},				"east": {"uv": [10.00013, 12.00013, 10.24987, 12.24988], "texture": "#0"},				"south": {"uv": [9.75013, 5.75013, 10.74988, 5.99988], "texture": "#0"},				"west": {"uv": [10.25013, 12.00013, 10.49988, 12.24988], "texture": "#0"},				"up": {"uv": [10.74988, 6.24988, 9.75013, 6.00013], "texture": "#0"},				"down": {"uv": [10.74988, 6.25013, 9.75013, 6.49988], "texture": "#0"}			}		},		{			"from": [5.18888, 8.54885, 7.68515],			"to": [8.78711, 12.14708, 8.31485],			"rotation": {"angle": -22.5, "axis": "z", "origin": [7.43778, 9.89819, 6.65066]},			"faces": {				"north": {"uv": [6.49988, 1.00013, 5.50013, 1.99988], "texture": "#0"},				"east": {"uv": [3.50013, 9.50013, 3.74988, 10.49988], "texture": "#0"},				"south": {"uv": [5.50013, 1.00013, 6.49988, 1.99988], "texture": "#0"},				"west": {"uv": [6.00013, 9.50013, 6.24988, 10.49988], "texture": "#0"},				"up": {"uv": [10.74988, 6.74988, 9.75013, 6.50013], "texture": "#0"},				"down": {"uv": [10.74988, 6.75013, 9.75013, 6.99988], "texture": "#0"}			}		},		{			"from": [4.96399, 8.44315, 7.94108],			"to": [8.85008, 12.32924, 7.94108],			"rotation": {"angle": -22.5, "axis": "z", "origin": [7.3928, 9.90044, 6.54272]},			"faces": {				"north": {"uv": [5.50013, 2.00013, 6.49988, 2.99988], "texture": "#0"},				"east": {"uv": [0.00013, 0.00013, 0.00013, 0.99988], "texture": "#0"},				"south": {"uv": [0.00013, 6.00013, 0.99988, 6.99988], "texture": "#0"},				"west": {"uv": [0.00013, 0.00013, 0.00013, 0.99988], "texture": "#0"},				"up": {"uv": [0.99988, 0.00013, 0.00013, 0.00013], "texture": "#0"},				"down": {"uv": [0.99988, 0.00013, 0.00013, 0.00013], "texture": "#0"}			}		},		{			"from": [7.14992, 8.44315, 7.94108],			"to": [11.03601, 12.32924, 7.94108],			"rotation": {"angle": 22.5, "axis": "z", "origin": [8.6072, 9.90044, 6.54272]},			"faces": {				"north": {"uv": [5.00012, 6.00013, 5.99988, 6.99988], "texture": "#0"},				"east": {"uv": [0.00013, 0.00013, 0.00013, 0.99988], "texture": "#0"},				"south": {"uv": [6.00013, 6.00013, 6.99988, 6.99988], "texture": "#0"},				"west": {"uv": [0.00013, 0.00013, 0.00013, 0.99988], "texture": "#0"},				"up": {"uv": [0.99988, 0.00013, 0.00013, 0.00013], "texture": "#0"},				"down": {"uv": [0.99988, 0.00013, 0.00013, 0.00013], "texture": "#0"}			}		},		{			"from": [5.63866, 19.35255, 7.73553],			"to": [8.66118, 22.37506, 8.26447],			"rotation": {"angle": -22.5, "axis": "z", "origin": [7.52773, 20.48599, 6.86656]},			"faces": {				"north": {"uv": [8.74987, 4.50012, 8.00013, 5.24988], "texture": "#0"},				"east": {"uv": [2.25013, 10.50013, 2.49987, 11.24988], "texture": "#0"},				"south": {"uv": [8.00013, 4.50012, 8.74987, 5.24988], "texture": "#0"},				"west": {"uv": [2.50013, 10.50013, 2.74988, 11.24988], "texture": "#0"},				"up": {"uv": [3.49988, 10.99988, 2.75013, 10.75013], "texture": "#0"},				"down": {"uv": [5.24988, 10.75013, 4.50012, 10.99988], "texture": "#0"}			}		},		{			"from": [5.44975, 19.26781, 7.99548],			"to": [8.71407, 22.53213, 7.99548],			"rotation": {"angle": -22.5, "axis": "z", "origin": [7.48995, 20.49193, 6.77588]},			"faces": {				"north": {"uv": [8.00013, 7.25013, 8.74987, 7.99988], "texture": "#0"},				"east": {"uv": [0.00013, 0.00013, 0.00013, 0.74988], "texture": "#0"},				"south": {"uv": [7.25013, 8.25013, 7.99988, 8.99987], "texture": "#0"},				"west": {"uv": [0.00013, 0.00013, 0.00013, 0.74988], "texture": "#0"},				"up": {"uv": [0.74988, 0.00013, 0.00013, 0.00013], "texture": "#0"},				"down": {"uv": [0.74988, 0.00013, 0.00013, 0.00013], "texture": "#0"}			}		},		{			"from": [7.28593, 19.26781, 7.99548],			"to": [10.55025, 22.53213, 7.99548],			"rotation": {"angle": 22.5, "axis": "z", "origin": [8.51005, 20.49193, 6.77588]},			"faces": {				"north": {"uv": [8.25013, 0.00013, 8.99987, 0.74988], "texture": "#0"},				"east": {"uv": [0.00013, 0.00013, 0.00013, 0.74988], "texture": "#0"},				"south": {"uv": [8.25013, 2.75013, 8.99987, 3.49988], "texture": "#0"},				"west": {"uv": [0.00013, 0.00013, 0.00013, 0.74988], "texture": "#0"},				"up": {"uv": [0.74988, 0.00013, 0.00013, 0.00013], "texture": "#0"},				"down": {"uv": [0.74988, 0.00013, 0.00013, 0.00013], "texture": "#0"}			}		},		{			"from": [5.41377, 14.06314, 7.71034],			"to": [8.72414, 17.37352, 8.28966],			"rotation": {"angle": -22.5, "axis": "z", "origin": [7.48275, 15.30453, 6.75861]},			"faces": {				"north": {"uv": [8.99987, 5.25013, 8.25013, 5.99988], "texture": "#0"},				"east": {"uv": [4.00012, 10.50013, 4.24988, 11.24988], "texture": "#0"},				"south": {"uv": [8.25013, 5.25013, 8.99987, 5.99988], "texture": "#0"},				"west": {"uv": [6.00013, 10.50013, 6.24988, 11.24988], "texture": "#0"},				"up": {"uv": [8.74987, 10.99988, 8.00013, 10.75013], "texture": "#0"},				"down": {"uv": [10.74988, 10.75013, 10.00013, 10.99988], "texture": "#0"}			}		},		{			"from": [5.20687, 13.89259, 8.03172],			"to": [8.78208, 17.46779, 8.03172],			"rotation": {"angle": -22.5, "axis": "z", "origin": [7.44137, 15.23329, 6.6593]},			"faces": {				"north": {"uv": [6.00013, 3.00013, 6.99988, 3.99988], "texture": "#0"},				"east": {"uv": [0.00013, 0.00013, 0.00013, 0.99988], "texture": "#0"},				"south": {"uv": [6.00013, 4.00012, 6.99988, 4.99988], "texture": "#0"},				"west": {"uv": [0.00013, 0.00013, 0.00013, 0.99988], "texture": "#0"},				"up": {"uv": [0.99988, 0.00013, 0.00013, 0.00013], "texture": "#0"},				"down": {"uv": [0.99988, 0.00013, 0.00013, 0.00013], "texture": "#0"}			}		},		{			"from": [7.21792, 13.89259, 8.03172],			"to": [10.79313, 17.46779, 8.03172],			"rotation": {"angle": 22.5, "axis": "z", "origin": [8.55863, 15.23329, 6.6593]},			"faces": {				"north": {"uv": [6.00013, 5.00012, 6.99988, 5.99988], "texture": "#0"},				"east": {"uv": [0.00013, 0.00013, 0.00013, 0.99988], "texture": "#0"},				"south": {"uv": [6.50013, 0.00013, 7.49988, 0.99988], "texture": "#0"},				"west": {"uv": [0.00013, 0.00013, 0.00013, 0.99988], "texture": "#0"},				"up": {"uv": [0.99988, 0.00013, 0.00013, 0.00013], "texture": "#0"},				"down": {"uv": [0.99988, 0.00013, 0.00013, 0.00013], "texture": "#0"}			}		},		{			"from": [5.18888, 24.29112, 7.65704],			"to": [6.70688, 30.98159, 8.34296],			"rotation": {"angle": -22.5, "axis": "z", "origin": [7.43778, 25.64046, 6.65066]},			"faces": {				"north": {"uv": [0.99988, 7.00013, 0.50013, 8.74987], "texture": "#0"},				"east": {"uv": [2.75013, 8.00013, 2.99988, 9.74987], "texture": "#0"},				"south": {"uv": [0.50013, 7.00013, 0.99988, 8.74987], "texture": "#0"},				"west": {"uv": [2.25013, 8.75013, 2.49987, 10.49988], "texture": "#0"},				"up": {"uv": [11.99988, 10.74988, 11.50013, 10.50013], "texture": "#0"},				"down": {"uv": [11.99988, 10.75013, 11.50013, 10.99988], "texture": "#0"}			}		},		{			"from": [4.96399, 24.12358, 7.97684],			"to": [6.60344, 31.06817, 7.97684],			"rotation": {"angle": -22.5, "axis": "z", "origin": [7.3928, 25.58086, 6.54272]},			"faces": {				"north": {"uv": [1.00013, 7.00013, 1.49988, 8.74987], "texture": "#0"},				"east": {"uv": [0.00013, 0.00013, 0.00013, 1.74988], "texture": "#0"},				"south": {"uv": [1.50013, 7.00013, 1.99988, 8.74987], "texture": "#0"},				"west": {"uv": [0.00013, 0.00013, 0.00013, 1.74988], "texture": "#0"},				"up": {"uv": [0.49988, 0.00013, 0.00013, 0.00013], "texture": "#0"},				"down": {"uv": [0.49988, 0.00013, 0.00013, 0.00013], "texture": "#0"}			}		},		{			"from": [9.39656, 24.12358, 7.97684],			"to": [11.03601, 31.06817, 7.97684],			"rotation": {"angle": 22.5, "axis": "z", "origin": [8.6072, 25.58086, 6.54272]},			"faces": {				"north": {"uv": [4.00012, 7.00013, 4.49988, 8.74987], "texture": "#0"},				"east": {"uv": [0.00013, 0.00013, 0.00013, 1.74988], "texture": "#0"},				"south": {"uv": [5.00012, 7.00013, 5.49988, 8.74987], "texture": "#0"},				"west": {"uv": [0.00013, 0.00013, 0.00013, 1.74988], "texture": "#0"},				"up": {"uv": [0.49988, 0.00013, 0.00013, 0.00013], "texture": "#0"},				"down": {"uv": [0.49988, 0.00013, 0.00013, 0.00013], "texture": "#0"}			}		},		{			"from": [6.31333, 24.29112, 7.37593],			"to": [7.55022, 27.88936, 8.62407],			"rotation": {"angle": -22.5, "axis": "z", "origin": [8.56222, 25.64046, 6.65066]},			"faces": {				"north": {"uv": [5.24988, 9.75013, 5.00012, 10.74988], "texture": "#0"},				"east": {"uv": [2.75013, 9.75013, 2.99988, 10.74988], "texture": "#0"},				"south": {"uv": [5.00012, 9.75013, 5.24988, 10.74988], "texture": "#0"},				"west": {"uv": [5.25013, 9.75013, 5.49988, 10.74988], "texture": "#0"},				"up": {"uv": [10.74988, 12.24988, 10.50013, 12.00013], "texture": "#0"},				"down": {"uv": [10.99988, 12.00013, 10.75013, 12.24988], "texture": "#0"}			}		},		{			"from": [6.31333, -14.61478, 7.37593],			"to": [7.55022, -11.01655, 8.62407],			"rotation": {"angle": 22.5, "axis": "z", "origin": [8.56222, -12.36588, 6.65066]},			"faces": {				"north": {"uv": [0.49988, 10.00013, 0.25013, 10.99988], "texture": "#0"},				"east": {"uv": [0.00013, 10.00013, 0.24988, 10.99988], "texture": "#0"},				"south": {"uv": [0.25013, 10.00013, 0.49988, 10.99988], "texture": "#0"},				"west": {"uv": [0.50013, 10.00013, 0.74988, 10.99988], "texture": "#0"},				"up": {"uv": [11.24988, 12.24988, 11.00013, 12.00013], "texture": "#0"},				"down": {"uv": [11.49988, 12.00013, 11.25013, 12.24988], "texture": "#0"}			}		},		{			"from": [7.21289, 8.54885, 7.68515],			"to": [10.81112, 12.14708, 8.31485],			"rotation": {"angle": 22.5, "axis": "z", "origin": [8.56222, 9.89819, 6.65066]},			"faces": {				"north": {"uv": [7.49988, 2.00013, 6.50013, 2.99988], "texture": "#0"},				"east": {"uv": [0.75013, 10.00013, 0.99988, 10.99988], "texture": "#0"},				"south": {"uv": [6.50013, 2.00013, 7.49988, 2.99988], "texture": "#0"},				"west": {"uv": [1.00013, 10.00013, 1.24988, 10.99988], "texture": "#0"},				"up": {"uv": [10.74988, 7.49988, 9.75013, 7.25013], "texture": "#0"},				"down": {"uv": [10.74988, 7.50013, 9.75013, 7.74988], "texture": "#0"}			}		},		{			"from": [7.27586, 14.06314, 7.71034],			"to": [10.58623, 17.37352, 8.28966],			"rotation": {"angle": 22.5, "axis": "z", "origin": [8.51725, 15.30453, 6.75861]},			"faces": {				"north": {"uv": [0.74988, 8.75013, 0.00013, 9.49987], "texture": "#0"},				"east": {"uv": [6.25013, 10.50013, 6.49988, 11.24988], "texture": "#0"},				"south": {"uv": [0.00013, 8.75013, 0.74988, 9.49987], "texture": "#0"},				"west": {"uv": [3.50013, 10.75013, 3.74988, 11.49988], "texture": "#0"},				"up": {"uv": [11.49988, 10.99988, 10.75013, 10.75013], "texture": "#0"},				"down": {"uv": [11.49988, 0.00013, 10.75013, 0.24988], "texture": "#0"}			}		},		{			"from": [7.33882, 19.35255, 7.73553],			"to": [10.36134, 22.37506, 8.26447],			"rotation": {"angle": 22.5, "axis": "z", "origin": [8.47227, 20.48599, 6.86656]},			"faces": {				"north": {"uv": [2.24987, 8.75013, 1.50013, 9.49987], "texture": "#0"},				"east": {"uv": [5.25013, 10.75013, 5.49988, 11.49988], "texture": "#0"},				"south": {"uv": [1.50013, 8.75013, 2.24987, 9.49987], "texture": "#0"},				"west": {"uv": [5.50013, 10.75013, 5.74988, 11.49988], "texture": "#0"},				"up": {"uv": [11.49988, 0.49988, 10.75013, 0.25013], "texture": "#0"},				"down": {"uv": [11.49988, 0.75013, 10.75013, 0.99988], "texture": "#0"}			}		},		{			"from": [8.16394, 19.45847, 7.39653],			"to": [9.1132, 22.17873, 8.60347],			"rotation": {"angle": 22.5, "axis": "z", "origin": [7.41304, 20.47857, 7.2329]},			"faces": {				"north": {"uv": [10.99988, 2.75013, 10.75013, 3.49988], "texture": "#0"},				"east": {"uv": [10.75013, 1.50013, 10.99988, 2.24987], "texture": "#0"},				"south": {"uv": [10.75013, 2.75013, 10.99988, 3.49988], "texture": "#0"},				"west": {"uv": [10.75013, 3.50013, 10.99988, 4.24988], "texture": "#0"},				"up": {"uv": [11.74988, 12.24988, 11.50013, 12.00013], "texture": "#0"},				"down": {"uv": [11.99988, 12.00013, 11.75013, 12.24988], "texture": "#0"}			}		},		{			"from": [8.17378, 14.26254, 7.41655],			"to": [9.18, 17.14602, 8.58345],			"rotation": {"angle": 22.5, "axis": "z", "origin": [7.37782, 15.34384, 7.18688]},			"faces": {				"north": {"uv": [10.99988, 6.50013, 10.75013, 7.24988], "texture": "#0"},				"east": {"uv": [10.75013, 5.75013, 10.99988, 6.49988], "texture": "#0"},				"south": {"uv": [10.75013, 6.50013, 10.99988, 7.24988], "texture": "#0"},				"west": {"uv": [0.00013, 11.00013, 0.24988, 11.74988], "texture": "#0"},				"up": {"uv": [12.24988, 12.24988, 12.00013, 12.00013], "texture": "#0"},				"down": {"uv": [12.24988, 0.00013, 12.00013, 0.24988], "texture": "#0"}			}		},		{			"from": [6.8868, 19.45847, 7.39653],			"to": [7.83606, 22.17873, 8.60347],			"rotation": {"angle": -22.5, "axis": "z", "origin": [8.58696, 20.47857, 7.2329]},			"faces": {				"north": {"uv": [0.99988, 11.00013, 0.75013, 11.74988], "texture": "#0"},				"east": {"uv": [0.50013, 11.00013, 0.74988, 11.74988], "texture": "#0"},				"south": {"uv": [0.75013, 11.00013, 0.99988, 11.74988], "texture": "#0"},				"west": {"uv": [1.00013, 11.00013, 1.24988, 11.74988], "texture": "#0"},				"up": {"uv": [12.24988, 0.49988, 12.00013, 0.25013], "texture": "#0"},				"down": {"uv": [12.24988, 0.50013, 12.00013, 0.74988], "texture": "#0"}			}		},		{			"from": [6.82, 14.26254, 7.41655],			"to": [7.82622, 17.14602, 8.58345],			"rotation": {"angle": -22.5, "axis": "z", "origin": [8.62218, 15.34384, 7.18688]},			"faces": {				"north": {"uv": [1.99988, 11.00013, 1.75013, 11.74988], "texture": "#0"},				"east": {"uv": [1.50013, 11.00013, 1.74988, 11.74988], "texture": "#0"},				"south": {"uv": [1.75013, 11.00013, 1.99988, 11.74988], "texture": "#0"},				"west": {"uv": [2.00013, 11.00013, 2.24987, 11.74988], "texture": "#0"},				"up": {"uv": [12.24988, 0.99988, 12.00013, 0.75013], "texture": "#0"},				"down": {"uv": [12.24988, 1.00013, 12.00013, 1.24988], "texture": "#0"}			}		},		{			"from": [9.29312, 24.29112, 7.68515],			"to": [10.81112, 30.98159, 8.31485],			"rotation": {"angle": 22.5, "axis": "z", "origin": [8.56222, 25.64046, 6.65066]},			"faces": {				"north": {"uv": [6.49988, 7.00013, 6.00013, 8.74987], "texture": "#0"},				"east": {"uv": [2.50013, 8.75013, 2.74988, 10.49988], "texture": "#0"},				"south": {"uv": [6.00013, 7.00013, 6.49988, 8.74987], "texture": "#0"},				"west": {"uv": [4.00012, 8.75013, 4.24988, 10.49988], "texture": "#0"},				"up": {"uv": [0.49988, 11.99988, 0.00013, 11.75013], "texture": "#0"},				"down": {"uv": [0.99988, 11.75013, 0.50013, 11.99988], "texture": "#0"}			}		},		{			"from": [8.44978, 24.29112, 7.40404],			"to": [9.68667, 27.88936, 8.59596],			"rotation": {"angle": 22.5, "axis": "z", "origin": [7.43778, 25.64046, 6.65066]},			"faces": {				"north": {"uv": [6.74988, 10.00013, 6.50013, 10.99988], "texture": "#0"},				"east": {"uv": [4.25012, 10.00013, 4.49988, 10.99988], "texture": "#0"},				"south": {"uv": [6.50013, 10.00013, 6.74988, 10.99988], "texture": "#0"},				"west": {"uv": [6.75013, 10.00013, 6.99988, 10.99988], "texture": "#0"},				"up": {"uv": [12.24988, 1.49988, 12.00013, 1.25013], "texture": "#0"},				"down": {"uv": [12.24988, 1.50013, 12.00013, 1.74988], "texture": "#0"}			}		},		{			"from": [8.44978, -14.61478, 7.40404],			"to": [9.68667, -11.01655, 8.59596],			"rotation": {"angle": -22.5, "axis": "z", "origin": [7.43778, -12.36588, 6.65066]},			"faces": {				"north": {"uv": [7.74988, 10.00013, 7.50013, 10.99988], "texture": "#0"},				"east": {"uv": [7.25013, 10.00013, 7.49988, 10.99988], "texture": "#0"},				"south": {"uv": [7.50013, 10.00013, 7.74988, 10.99988], "texture": "#0"},				"west": {"uv": [7.75013, 10.00013, 7.99988, 10.99988], "texture": "#0"},				"up": {"uv": [12.24988, 1.99988, 12.00013, 1.75013], "texture": "#0"},				"down": {"uv": [12.24988, 2.00013, 12.00013, 2.24987], "texture": "#0"}			}		},		{			"from": [7.55022, -10.28565, 6.39204],			"to": [8.44978, -9.3861, 9.60796],			"rotation": {"angle": 45, "axis": "z", "origin": [8, -8.93632, 6.65066]},			"faces": {				"north": {"uv": [12.24988, 2.50013, 12.00013, 2.74988], "texture": "#0"},				"east": {"uv": [10.75013, 1.00013, 11.49988, 1.24988], "texture": "#0"},				"south": {"uv": [12.00013, 2.50013, 12.24988, 2.74988], "texture": "#0"},				"west": {"uv": [10.75013, 4.25012, 11.49988, 4.49988], "texture": "#0"},				"up": {"uv": [2.99988, 11.74988, 2.75013, 11.00013], "texture": "#0"},				"down": {"uv": [3.24988, 11.00013, 3.00013, 11.74988], "texture": "#0"}			}		},		{			"from": [7.55022, -8.48654, 6.67315],			"to": [8.44978, -7.58698, 9.32685],			"rotation": {"angle": 45, "axis": "z", "origin": [8, -7.1372, 6.65066]},			"faces": {				"north": {"uv": [12.24988, 3.00013, 12.00013, 3.24988], "texture": "#0"},				"east": {"uv": [10.75013, 4.50012, 11.49988, 4.74988], "texture": "#0"},				"south": {"uv": [12.00013, 3.00013, 12.24988, 3.24988], "texture": "#0"},				"west": {"uv": [10.75013, 7.25013, 11.49988, 7.49988], "texture": "#0"},				"up": {"uv": [3.49988, 11.74988, 3.25013, 11.00013], "texture": "#0"},				"down": {"uv": [3.99988, 11.00013, 3.75013, 11.74988], "texture": "#0"}			}		},		{			"from": [7.55022, -6.79987, 6.67315],			"to": [8.44978, -5.90031, 9.32685],			"rotation": {"angle": 45, "axis": "z", "origin": [8, -5.45053, 6.65066]},			"faces": {				"north": {"uv": [12.24988, 3.50013, 12.00013, 3.74988], "texture": "#0"},				"east": {"uv": [10.75013, 7.50013, 11.49988, 7.74988], "texture": "#0"},				"south": {"uv": [12.00013, 3.50013, 12.24988, 3.74988], "texture": "#0"},				"west": {"uv": [10.75013, 8.50013, 11.49988, 8.74987], "texture": "#0"},				"up": {"uv": [4.49988, 11.74988, 4.25012, 11.00013], "texture": "#0"},				"down": {"uv": [4.74988, 11.00013, 4.50012, 11.74988], "texture": "#0"}			}		},		{			"from": [7.55022, -5.11319, 6.67315],			"to": [8.44978, -4.21364, 9.32685],			"rotation": {"angle": 45, "axis": "z", "origin": [8, -3.76386, 6.65066]},			"faces": {				"north": {"uv": [12.24988, 4.00012, 12.00013, 4.24988], "texture": "#0"},				"east": {"uv": [10.75013, 10.25013, 11.49988, 10.49988], "texture": "#0"},				"south": {"uv": [12.00013, 4.00012, 12.24988, 4.24988], "texture": "#0"},				"west": {"uv": [10.75013, 10.50013, 11.49988, 10.74988], "texture": "#0"},				"up": {"uv": [4.99988, 11.74988, 4.75012, 11.00013], "texture": "#0"},				"down": {"uv": [5.24988, 11.00013, 5.00012, 11.74988], "texture": "#0"}			}		},		{			"from": [7.55022, -3.42652, 6.67315],			"to": [8.44978, -2.52696, 9.32685],			"rotation": {"angle": 45, "axis": "z", "origin": [8, -2.07718, 6.65066]},			"faces": {				"north": {"uv": [12.24988, 4.50012, 12.00013, 4.74988], "texture": "#0"},				"east": {"uv": [6.50013, 11.00013, 7.24988, 11.24988], "texture": "#0"},				"south": {"uv": [12.00013, 4.50012, 12.24988, 4.74988], "texture": "#0"},				"west": {"uv": [7.25013, 11.00013, 7.99988, 11.24988], "texture": "#0"},				"up": {"uv": [5.99988, 11.74988, 5.75013, 11.00013], "texture": "#0"},				"down": {"uv": [8.24987, 11.00013, 8.00013, 11.74988], "texture": "#0"}			}		},		{			"from": [7.55022, -1.73985, 6.67315],			"to": [8.44978, -0.84029, 9.32685],			"rotation": {"angle": 45, "axis": "z", "origin": [8, -0.39051, 6.65066]},			"faces": {				"north": {"uv": [12.24988, 5.00012, 12.00013, 5.24988], "texture": "#0"},				"east": {"uv": [9.00013, 11.00013, 9.74987, 11.24988], "texture": "#0"},				"south": {"uv": [12.00013, 5.00012, 12.24988, 5.24988], "texture": "#0"},				"west": {"uv": [9.75013, 11.00013, 10.49988, 11.24988], "texture": "#0"},				"up": {"uv": [8.49987, 11.74988, 8.25013, 11.00013], "texture": "#0"},				"down": {"uv": [8.74987, 11.00013, 8.50013, 11.74988], "texture": "#0"}			}		},		{			"from": [6.65066, -10.28565, 6.39204],			"to": [7.55022, -8.48654, 9.60796],			"rotation": {"angle": 45, "axis": "z", "origin": [8, -8.93632, 6.65066]},			"faces": {				"north": {"uv": [10.49988, 11.50013, 10.25013, 11.99988], "texture": "#0"},				"east": {"uv": [8.75013, 2.25013, 9.49987, 2.74988], "texture": "#0"},				"south": {"uv": [10.25013, 11.50013, 10.49988, 11.99988], "texture": "#0"},				"west": {"uv": [8.75013, 8.00013, 9.49987, 8.49987], "texture": "#0"},				"up": {"uv": [10.74988, 11.74988, 10.50013, 11.00013], "texture": "#0"},				"down": {"uv": [10.99988, 11.00013, 10.75013, 11.74988], "texture": "#0"}			}		},		{			"from": [6.65066, -8.48654, 6.67315],			"to": [7.55022, -6.68742, 9.32685],			"rotation": {"angle": 45, "axis": "z", "origin": [8, -7.1372, 6.65066]},			"faces": {				"north": {"uv": [1.49988, 11.75013, 1.25013, 12.24988], "texture": "#0"},				"east": {"uv": [3.00013, 9.00013, 3.74988, 9.49987], "texture": "#0"},				"south": {"uv": [1.25013, 11.75013, 1.49988, 12.24988], "texture": "#0"},				"west": {"uv": [7.25013, 9.00013, 7.99988, 9.49987], "texture": "#0"},				"up": {"uv": [11.24988, 11.74988, 11.00013, 11.00013], "texture": "#0"},				"down": {"uv": [11.24988, 1.25013, 11.00013, 1.99988], "texture": "#0"}			}		},		{			"from": [6.65066, -6.79987, 6.67315],			"to": [7.55022, -5.00075, 9.32685],			"rotation": {"angle": 45, "axis": "z", "origin": [8, -5.45053, 6.65066]},			"faces": {				"north": {"uv": [1.99988, 11.75013, 1.75013, 12.24988], "texture": "#0"},				"east": {"uv": [9.00013, 0.00013, 9.74987, 0.49988], "texture": "#0"},				"south": {"uv": [1.75013, 11.75013, 1.99988, 12.24988], "texture": "#0"},				"west": {"uv": [9.00013, 1.50013, 9.74987, 1.99988], "texture": "#0"},				"up": {"uv": [11.24988, 3.49988, 11.00013, 2.75013], "texture": "#0"},				"down": {"uv": [11.24988, 3.50013, 11.00013, 4.24988], "texture": "#0"}			}		},		{			"from": [6.65066, -5.11319, 6.67315],			"to": [7.55022, -3.31408, 9.32685],			"rotation": {"angle": 45, "axis": "z", "origin": [8, -3.76386, 6.65066]},			"faces": {				"north": {"uv": [2.99988, 11.75013, 2.75013, 12.24988], "texture": "#0"},				"east": {"uv": [9.00013, 2.75013, 9.74987, 3.24988], "texture": "#0"},				"south": {"uv": [2.75013, 11.75013, 2.99988, 12.24988], "texture": "#0"},				"west": {"uv": [9.00013, 3.25013, 9.74987, 3.74988], "texture": "#0"},				"up": {"uv": [11.24988, 5.49988, 11.00013, 4.75012], "texture": "#0"},				"down": {"uv": [11.24988, 5.50013, 11.00013, 6.24988], "texture": "#0"}			}		},		{			"from": [6.65066, -3.42652, 6.67315],			"to": [7.55022, -1.6274, 9.32685],			"rotation": {"angle": 45, "axis": "z", "origin": [8, -2.07718, 6.65066]},			"faces": {				"north": {"uv": [3.49988, 11.75013, 3.25013, 12.24988], "texture": "#0"},				"east": {"uv": [9.00013, 3.75013, 9.74987, 4.24988], "texture": "#0"},				"south": {"uv": [3.25013, 11.75013, 3.49988, 12.24988], "texture": "#0"},				"west": {"uv": [9.00013, 5.00012, 9.74987, 5.49988], "texture": "#0"},				"up": {"uv": [11.24988, 6.99988, 11.00013, 6.25013], "texture": "#0"},				"down": {"uv": [2.49987, 11.25013, 2.25013, 11.99988], "texture": "#0"}			}		},		{			"from": [6.65066, -1.73985, 6.67315],			"to": [7.55022, 0.05927, 9.32685],			"rotation": {"angle": 45, "axis": "z", "origin": [8, -0.39051, 6.65066]},			"faces": {				"north": {"uv": [4.49988, 11.75013, 4.25012, 12.24988], "texture": "#0"},				"east": {"uv": [9.00013, 5.50013, 9.74987, 5.99988], "texture": "#0"},				"south": {"uv": [4.25012, 11.75013, 4.49988, 12.24988], "texture": "#0"},				"west": {"uv": [9.00013, 6.00013, 9.74987, 6.49988], "texture": "#0"},				"up": {"uv": [2.74988, 11.99988, 2.50013, 11.25013], "texture": "#0"},				"down": {"uv": [4.24988, 11.25013, 4.00012, 11.99988], "texture": "#0"}			}		},		{			"from": [4.5367, 1.28949, 7.25786],			"to": [7.50524, 3.16957, 8.74214],			"rotation": {"angle": 0, "axis": "y", "origin": [15.42136, 9.10665, 15.42136]},			"faces": {				"north": {"uv": [5.74988, 9.25013, 5.00012, 9.74987], "texture": "#0"},				"east": {"uv": [4.50012, 11.75013, 4.74988, 12.24988], "texture": "#0"},				"south": {"uv": [5.00012, 9.25013, 5.74988, 9.74987], "texture": "#0"},				"west": {"uv": [4.75012, 11.75013, 4.99988, 12.24988], "texture": "#0"},				"up": {"uv": [11.74988, 0.74988, 11.00013, 0.50013], "texture": "#0"},				"down": {"uv": [11.74988, 0.74988, 11.00013, 0.50013], "texture": "#0"}			}		},		{			"from": [8.49476, 1.28949, 7.25786],			"to": [11.4633, 3.16957, 8.74214],			"rotation": {"angle": 0, "axis": "y", "origin": [0.57864, 9.10665, 15.42136]},			"faces": {				"north": {"uv": [9.49987, 9.25013, 8.75013, 9.74987], "texture": "#0"},				"east": {"uv": [5.00012, 11.75013, 5.24988, 12.24988], "texture": "#0"},				"south": {"uv": [8.75013, 9.25013, 9.49987, 9.74987], "texture": "#0"},				"west": {"uv": [5.75013, 11.75013, 5.99988, 12.24988], "texture": "#0"},				"up": {"uv": [11.74988, 7.24988, 11.00013, 7.00013], "texture": "#0"},				"down": {"uv": [11.74988, 7.24988, 11.00013, 7.00013], "texture": "#0"}			}		},		{			"from": [4.04194, -1.778, 7.40629],			"to": [7.01049, -0.29373, 8.59371],			"rotation": {"angle": -22.5, "axis": "z", "origin": [13.93709, 5.89073, 15.42136]},			"faces": {				"north": {"uv": [6.74988, 11.25013, 6.00013, 11.49988], "texture": "#0"},				"east": {"uv": [12.00013, 5.25013, 12.24988, 5.49988], "texture": "#0"},				"south": {"uv": [6.00013, 11.25013, 6.74988, 11.49988], "texture": "#0"},				"west": {"uv": [12.00013, 5.50013, 12.24988, 5.74988], "texture": "#0"},				"up": {"uv": [7.49988, 11.49988, 6.75013, 11.25013], "texture": "#0"},				"down": {"uv": [7.49988, 11.49988, 6.75013, 11.25013], "texture": "#0"}			}		},		{			"from": [8.98951, -1.778, 7.40629],			"to": [11.95806, -0.29373, 8.59371],			"rotation": {"angle": 22.5, "axis": "z", "origin": [2.06291, 5.89073, 15.42136]},			"faces": {				"north": {"uv": [11.99988, 11.25013, 11.25013, 11.49988], "texture": "#0"},				"east": {"uv": [12.00013, 5.75013, 12.24988, 5.99988], "texture": "#0"},				"south": {"uv": [11.25013, 11.25013, 11.99988, 11.49988], "texture": "#0"},				"west": {"uv": [12.00013, 6.00013, 12.24988, 6.24988], "texture": "#0"},				"up": {"uv": [11.99988, 1.49988, 11.25013, 1.25013], "texture": "#0"},				"down": {"uv": [11.99988, 1.49988, 11.25013, 1.25013], "texture": "#0"}			}		},		{			"from": [2.55767, -4.49917, 7.50524],			"to": [5.52621, -3.50965, 8.49476],			"rotation": {"angle": -45, "axis": "z", "origin": [12.45281, 2.92219, 15.42136]},			"faces": {				"north": {"uv": [11.99988, 2.25013, 11.25013, 2.49987], "texture": "#0"},				"east": {"uv": [12.00013, 6.25013, 12.24988, 6.49988], "texture": "#0"},				"south": {"uv": [11.25013, 2.25013, 11.99988, 2.49987], "texture": "#0"},				"west": {"uv": [12.00013, 6.50013, 12.24988, 6.74988], "texture": "#0"},				"up": {"uv": [11.99988, 2.74988, 11.25013, 2.50013], "texture": "#0"},				"down": {"uv": [11.99988, 2.74988, 11.25013, 2.50013], "texture": "#0"}			}		},		{			"from": [10.47379, -4.49917, 7.50524],			"to": [13.44233, -3.50965, 8.49476],			"rotation": {"angle": 45, "axis": "z", "origin": [3.54719, 2.92219, 15.42136]},			"faces": {				"north": {"uv": [11.99988, 3.25013, 11.25013, 3.49988], "texture": "#0"},				"east": {"uv": [12.00013, 6.75013, 12.24988, 6.99988], "texture": "#0"},				"south": {"uv": [11.25013, 3.25013, 11.99988, 3.49988], "texture": "#0"},				"west": {"uv": [12.00013, 7.00013, 12.24988, 7.24988], "texture": "#0"},				"up": {"uv": [11.99988, 3.74988, 11.25013, 3.50013], "texture": "#0"},				"down": {"uv": [11.99988, 3.74988, 11.25013, 3.50013], "texture": "#0"}			}		}	],	"gui_light": "front",	"display": {		"thirdperson_righthand": {			"rotation": [0, -90, 0],			"translation": [0, 8.75, 1.5],			"scale": [0.85, 0.85, 0.85]		},		"thirdperson_lefthand": {			"rotation": [0, -90, 0],			"translation": [0, 8.75, 1.5],			"scale": [0.85, 0.85, 0.85]		},		"firstperson_righthand": {			"rotation": [-16, -79, 0],			"translation": [3.5, 4, -0.25],			"scale": [0.7, 0.7, 0.7]		},		"firstperson_lefthand": {			"rotation": [-16, -79, 0],			"translation": [3.5, 4, -0.25],			"scale": [0.7, 0.7, 0.7]		},		"ground": {			"translation": [0, 12.75, 0],			"scale": [0.7, 0.7, 0.7]		},		"gui": {			"rotation": [0, 0, -45],			"translation": [0, 0.25, 0],			"scale": [0.6, 0.6, 0.6]		},		"fixed": {			"rotation": [0, 0, 45],			"translation": [0, 0, -1],			"scale": [0.8, 0.8, 0.8]		}	},	"groups": [		{			"name": "group",			"origin": [8, 8, 8],			"children": [0, 1, 2, 3, 4, 5, 6, 7, 8, 9, 10, 11, 12, 13, 14, 15, 16, 17, 18, 19, 20, 21, 22, 23, 24, 25, 26, 27, 28, 29, 30, 31, 32, 33, 34, 35, 36, 37, 38, 39, 40, 41, 42, 43, 44, 45, 46, 47, 48, 49, 50, 51, 52, 53, 54, 55, 56, 57, 58, 59, 60, 61, 62, 63, 64, 65, 66, 67, 68, 69, 70, 71, 72, 73, 74, 75, 76, 77, 78, 79, 80, 81, 82, 83, 84, 85, 86, 87, 88, 89]		}	]}