{
	"textures": {
		"0": "item/cosmetics/handhelds/hammer"
	},
	"elements": [
		{
			"from": [4, 4, 7],
			"to": [8, 6, 9],
			"faces": {
				"north": {"uv": [2, 2, 6, 4], "texture": "#0"},
				"east": {"uv": [0, 2, 2, 4], "texture": "#0"},
				"south": {"uv": [8, 2, 12, 4], "texture": "#0"},
				"west": {"uv": [6, 2, 8, 4], "texture": "#0"},
				"up": {"uv": [6, 2, 2, 0], "texture": "#0"},
				"down": {"uv": [10, 0, 6, 2], "texture": "#0"}
			}
		},
		{
			"from": [5.25, 0, 7.5],
			"to": [6.25, 4, 8.5],
			"faces": {
				"north": {"uv": [1, 5, 2, 9], "texture": "#0"},
				"east": {"uv": [0, 5, 1, 9], "texture": "#0"},
				"south": {"uv": [3, 5, 4, 9], "texture": "#0"},
				"west": {"uv": [2, 5, 3, 9], "texture": "#0"},
				"up": {"uv": [2, 5, 1, 4], "texture": "#0"},
				"down": {"uv": [3, 4, 2, 5], "texture": "#0"}
			}
		}
	],
	"gui_light": "front",
	"display": {
		"thirdperson_righthand": {
			"rotation": [-113.22, 84.31, 120.14],
			"translation": [-1, 7, -1.25],
			"scale": [1.5, 1.5, 1.5]
		},
		"thirdperson_lefthand": {
			"rotation": [138.17, -79.52, 131.87],
			"translation": [-0.75, 6.75, -1.5],
			"scale": [1.5, 1.5, 1.5]
		},
		"firstperson_righthand": {
			"rotation": [0, 95, 0],
			"translation": [5.5, 5.75, -4]
		},
		"firstperson_lefthand": {
			"rotation": [0, -95, 0],
			"translation": [5.5, 5.75, -4]
		},
		"ground": {
			"translation": [0, 5.5, 0]
		},
		"gui": {
			"rotation": [0, 0, 35],
			"translation": [-2, 10.25, 0],
			"scale": [2, 2, 2]
		}
	},
	"groups": [
		{
			"name": "hammer",
			"origin": [0, 0, 0],
			"color": 0,
			"boneType": "",
			"children": [0, 1]
		}
	]
}