{
	"textures": {
		"0": "item/cosmetics/handhelds/mole_shovel"
	},
	"elements": [
		{
			"from": [7, 2, 7],
			"to": [9, 15, 9],
			"faces": {
				"north": {"uv": [0, 0, 1, 6.5], "texture": "#0"},
				"east": {"uv": [1.5, 0, 2.5, 6.5], "texture": "#0"},
				"south": {"uv": [3, 0, 4, 6.5], "texture": "#0"},
				"west": {"uv": [4.5, 0, 5.5, 6.5], "texture": "#0"},
				"up": {"uv": [2, 12.5, 1, 11.5], "texture": "#0"},
				"down": {"uv": [12.5, 2, 11.5, 3], "texture": "#0"}
			}
		},
		{
			"from": [6.5, -1, 6.5],
			"to": [9.5, 2, 9.5],
			"faces": {
				"north": {"uv": [1.5, 7, 3, 8.5], "texture": "#0"},
				"east": {"uv": [3.5, 7, 5, 8.5], "texture": "#0"},
				"south": {"uv": [7.5, 5, 9, 6.5], "texture": "#0"},
				"west": {"uv": [7.5, 7, 9, 8.5], "texture": "#0"},
				"up": {"uv": [7, 9.5, 5.5, 8], "texture": "#0"},
				"down": {"uv": [10.5, 0, 9, 1.5], "texture": "#0"}
			}
		},
		{
			"from": [7.5, 16, 4.5],
			"to": [8.5, 18, 5.5],
			"faces": {
				"north": {"uv": [8, 12.5, 8.5, 13.5], "texture": "#0"},
				"east": {"uv": [12.5, 9, 13, 10], "texture": "#0"},
				"south": {"uv": [12.5, 10.5, 13, 11.5], "texture": "#0"},
				"west": {"uv": [12.5, 12, 13, 13], "texture": "#0"},
				"up": {"uv": [6.5, 13.5, 6, 13], "texture": "#0"},
				"down": {"uv": [14, 5, 13.5, 5.5], "texture": "#0"}
			}
		},
		{
			"from": [7.5, 16, 10.5],
			"to": [8.5, 18, 12.5],
			"rotation": {"angle": 0, "axis": "y", "origin": [0, 0, 16]},
			"faces": {
				"north": {"uv": [0, 13, 0.5, 14], "texture": "#0"},
				"east": {"uv": [2.5, 12.5, 3.5, 13.5], "texture": "#0"},
				"south": {"uv": [1, 13, 1.5, 14], "texture": "#0"},
				"west": {"uv": [12.5, 3.5, 13.5, 4.5], "texture": "#0"},
				"up": {"uv": [13.5, 3, 13, 2], "texture": "#0"},
				"down": {"uv": [5.5, 13, 5, 14], "texture": "#0"}
			}
		},
		{
			"from": [7, 15, 5.5],
			"to": [9, 19, 10.5],
			"faces": {
				"north": {"uv": [1.5, 9, 2.5, 11], "texture": "#0"},
				"east": {"uv": [6, 0, 8.5, 2], "texture": "#0"},
				"south": {"uv": [9, 2, 10, 4], "texture": "#0"},
				"west": {"uv": [6, 2.5, 8.5, 4.5], "texture": "#0"},
				"up": {"uv": [7, 7.5, 6, 5], "texture": "#0"},
				"down": {"uv": [1, 7, 0, 9.5], "texture": "#0"}
			}
		},
		{
			"from": [7.25, 19, 5.5],
			"to": [8.25, 20, 10.5],
			"faces": {
				"north": {"uv": [13.5, 13, 14, 13.5], "texture": "#0"},
				"east": {"uv": [11, 0, 13.5, 0.5], "texture": "#0"},
				"south": {"uv": [14, 0, 14.5, 0.5], "texture": "#0"},
				"west": {"uv": [11, 1, 13.5, 1.5], "texture": "#0"},
				"up": {"uv": [10, 13, 9.5, 10.5], "texture": "#0"},
				"down": {"uv": [11, 11, 10.5, 13.5], "texture": "#0"}
			}
		},
		{
			"from": [7.5, 18, 5.25],
			"to": [8.5, 22, 6.25],
			"faces": {
				"north": {"uv": [11.5, 3.5, 12, 5.5], "texture": "#0"},
				"east": {"uv": [11.5, 6, 12, 8], "texture": "#0"},
				"south": {"uv": [11.5, 8.5, 12, 10.5], "texture": "#0"},
				"west": {"uv": [11.5, 11, 12, 13], "texture": "#0"},
				"up": {"uv": [14, 6.5, 13.5, 6], "texture": "#0"},
				"down": {"uv": [14, 7, 13.5, 7.5], "texture": "#0"}
			}
		},
		{
			"from": [7.5, 18, 9.75],
			"to": [8.5, 23, 10.75],
			"rotation": {"angle": 0, "axis": "y", "origin": [0, 0, 16]},
			"faces": {
				"north": {"uv": [6, 10, 6.5, 12.5], "texture": "#0"},
				"east": {"uv": [10.5, 2, 11, 4.5], "texture": "#0"},
				"south": {"uv": [10.5, 5, 11, 7.5], "texture": "#0"},
				"west": {"uv": [10.5, 8, 11, 10.5], "texture": "#0"},
				"up": {"uv": [14, 12.5, 13.5, 12], "texture": "#0"},
				"down": {"uv": [13, 13.5, 12.5, 14], "texture": "#0"}
			}
		},
		{
			"from": [8, 18, 10.25],
			"to": [9, 21, 11.25],
			"rotation": {"angle": -22.5, "axis": "x", "origin": [8, 19.5, 11.75]},
			"faces": {
				"north": {"uv": [4, 12.5, 4.5, 14], "texture": "#0"},
				"east": {"uv": [12.5, 5, 13, 6.5], "texture": "#0"},
				"south": {"uv": [7, 12.5, 7.5, 14], "texture": "#0"},
				"west": {"uv": [12.5, 7, 13, 8.5], "texture": "#0"},
				"up": {"uv": [14, 11.5, 13.5, 11], "texture": "#0"},
				"down": {"uv": [12, 13.5, 11.5, 14], "texture": "#0"}
			}
		},
		{
			"from": [7.5, 19, 6.75],
			"to": [8.5, 24, 7.75],
			"faces": {
				"north": {"uv": [9.5, 4.5, 10, 7], "texture": "#0"},
				"east": {"uv": [9.5, 7.5, 10, 10], "texture": "#0"},
				"south": {"uv": [0, 10, 0.5, 12.5], "texture": "#0"},
				"west": {"uv": [5, 10, 5.5, 12.5], "texture": "#0"},
				"up": {"uv": [14, 8.5, 13.5, 8], "texture": "#0"},
				"down": {"uv": [9.5, 13.5, 9, 14], "texture": "#0"}
			}
		},
		{
			"from": [7.5, 18.5, 8.25],
			"to": [8.5, 24.5, 9.25],
			"rotation": {"angle": 0, "axis": "y", "origin": [0, 0, 16]},
			"faces": {
				"north": {"uv": [3, 9, 3.5, 12], "texture": "#0"},
				"east": {"uv": [4, 9, 4.5, 12], "texture": "#0"},
				"south": {"uv": [7.5, 9, 8, 12], "texture": "#0"},
				"west": {"uv": [8.5, 9, 9, 12], "texture": "#0"},
				"up": {"uv": [14, 9.5, 13.5, 9], "texture": "#0"},
				"down": {"uv": [14, 10, 13.5, 10.5], "texture": "#0"}
			}
		}
	],
	"gui_light": "front",
	"display": {
		"thirdperson_righthand": {
			"translation": [0, 0, 1.75],
			"scale": [0.8, 0.8, 0.8]
		},
		"thirdperson_lefthand": {
			"translation": [0, 0, 1.75],
			"scale": [0.8, 0.8, 0.8]
		},
		"firstperson_righthand": {
			"scale": [0.8, 0.8, 0.8]
		},
		"firstperson_lefthand": {
			"scale": [0.8, 0.8, 0.8]
		},
		"ground": {
			"rotation": [-45, 0, 0],
			"scale": [0.3, 0.3, 0.3]
		},
		"gui": {
			"rotation": [105, 45, 94],
			"translation": [-1.75, -1.75, 0],
			"scale": [0.8, -0.8, 0.8]
		},
		"head": {
			"rotation": [0, -90, 0]
		},
		"fixed": {
			"rotation": [90, -45, 90],
			"translation": [2, -2.25, -0.5],
			"scale": [0.8, 0.8, 0.8]
		}
	}
}