{
	"textures": {
		"0": "item/cosmetics/handhelds/skateboard"
	},
	"elements": [
		{
			"from": [5, 2, 2],
			"to": [11, 3, 15],
			"rotation": {"angle": 0, "axis": "y", "origin": [0, 1, 0]},
			"faces": {
				"north": {"uv": [6.5, 6.5, 9.5, 7], "texture": "#0"},
				"east": {"uv": [6, 6, 12.5, 6.5], "texture": "#0", "tintindex": 0},
				"south": {"uv": [0, 7, 3, 7.5], "texture": "#0", "tintindex": 0},
				"west": {"uv": [0, 6.5, 6.5, 7], "texture": "#0", "tintindex": 0},
				"up": {"uv": [3, 6.5, 0, 0], "texture": "#0"},
				"down": {"uv": [6, 0, 3, 6.5], "texture": "#0", "tintindex": 0}
			}
		},
		{
			"from": [5, 3.30133, -0.54224],
			"to": [11, 4.30133, 2.45776],
			"rotation": {"angle": 22.5, "axis": "x", "origin": [8, 3.80133, -1.04224]},
			"faces": {
				"north": {"uv": [3, 7, 6, 7.5], "texture": "#0", "tintindex": 0},
				"east": {"uv": [0, 10, 1.5, 10.5], "texture": "#0", "tintindex": 0},
				"south": {"uv": [6, 7, 9, 7.5], "texture": "#0", "tintindex": 0},
				"west": {"uv": [10, 0, 11.5, 0.5], "texture": "#0", "tintindex": 0},
				"up": {"uv": [9, 1.5, 6, 0], "texture": "#0"},
				"down": {"uv": [9, 1.5, 6, 3], "texture": "#0", "tintindex": 0}
			}
		},
		{
			"from": [5, 1.7706, 14.84672],
			"to": [11, 2.7706, 17.84672],
			"rotation": {"angle": -22.5, "axis": "x", "origin": [8, 2.2706, 14.34672]},
			"faces": {
				"north": {"uv": [0, 7.5, 3, 8], "texture": "#0"},
				"east": {"uv": [10, 0.5, 11.5, 1], "texture": "#0", "tintindex": 0},
				"south": {"uv": [3, 7.5, 6, 8], "texture": "#0", "tintindex": 0},
				"west": {"uv": [10, 1, 11.5, 1.5], "texture": "#0", "tintindex": 0},
				"up": {"uv": [9, 4.5, 6, 3], "texture": "#0"},
				"down": {"uv": [9, 4.5, 6, 6], "texture": "#0", "tintindex": 0}
			}
		},
		{
			"from": [4, 0, 3],
			"to": [6, 2, 5],
			"faces": {
				"north": {"uv": [6, 7.5, 7, 8.5], "texture": "#0"},
				"east": {"uv": [7, 7.5, 8, 8.5], "texture": "#0"},
				"south": {"uv": [0, 8, 1, 9], "texture": "#0"},
				"west": {"uv": [1, 8, 2, 9], "texture": "#0"},
				"up": {"uv": [3, 9, 2, 8], "texture": "#0"},
				"down": {"uv": [4, 8, 3, 9], "texture": "#0"}
			}
		},
		{
			"from": [10, 0, 3],
			"to": [12, 2, 5],
			"faces": {
				"north": {"uv": [4, 8, 5, 9], "texture": "#0"},
				"east": {"uv": [5, 8, 6, 9], "texture": "#0"},
				"south": {"uv": [8, 7.5, 9, 8.5], "texture": "#0"},
				"west": {"uv": [6, 8.5, 7, 9.5], "texture": "#0"},
				"up": {"uv": [8, 9.5, 7, 8.5], "texture": "#0"},
				"down": {"uv": [9, 8.5, 8, 9.5], "texture": "#0"}
			}
		},
		{
			"from": [4, 0, 12],
			"to": [6, 2, 14],
			"faces": {
				"north": {"uv": [0, 9, 1, 10], "texture": "#0"},
				"east": {"uv": [9, 0, 10, 1], "texture": "#0"},
				"south": {"uv": [1, 9, 2, 10], "texture": "#0"},
				"west": {"uv": [9, 1, 10, 2], "texture": "#0"},
				"up": {"uv": [3, 10, 2, 9], "texture": "#0"},
				"down": {"uv": [10, 2, 9, 3], "texture": "#0"}
			}
		},
		{
			"from": [10, 0, 12],
			"to": [12, 2, 14],
			"faces": {
				"north": {"uv": [3, 9, 4, 10], "texture": "#0"},
				"east": {"uv": [9, 3, 10, 4], "texture": "#0"},
				"south": {"uv": [4, 9, 5, 10], "texture": "#0"},
				"west": {"uv": [9, 4, 10, 5], "texture": "#0"},
				"up": {"uv": [6, 10, 5, 9], "texture": "#0"},
				"down": {"uv": [10, 5, 9, 6], "texture": "#0"}
			}
		},
		{
			"from": [6, 1, 12.5],
			"to": [10, 2, 13.5],
			"faces": {
				"north": {"uv": [9, 7, 11, 7.5], "texture": "#0"},
				"east": {"uv": [1.5, 10, 2, 10.5], "texture": "#0"},
				"south": {"uv": [9, 7.5, 11, 8], "texture": "#0"},
				"west": {"uv": [10, 1.5, 10.5, 2], "texture": "#0"},
				"up": {"uv": [11, 8.5, 9, 8], "texture": "#0"},
				"down": {"uv": [11, 8.5, 9, 9], "texture": "#0"}
			}
		},
		{
			"from": [6, 1, 3.5],
			"to": [10, 2, 4.5],
			"faces": {
				"north": {"uv": [9, 9, 11, 9.5], "texture": "#0"},
				"east": {"uv": [2, 10, 2.5, 10.5], "texture": "#0"},
				"south": {"uv": [6, 9.5, 8, 10], "texture": "#0"},
				"west": {"uv": [10, 2, 10.5, 2.5], "texture": "#0"},
				"up": {"uv": [11.5, 7, 9.5, 6.5], "texture": "#0"},
				"down": {"uv": [10, 9.5, 8, 10], "texture": "#0"}
			}
		}
	],
	"gui_light": "front",
	"display": {
		"thirdperson_righthand": {
			"rotation": [90.6, 2.47, -89.71],
			"translation": [5, -1.25, 0.25]
		},
		"thirdperson_lefthand": {
			"rotation": [-90.6, -2.47, -90],
			"translation": [5.75, -2.25, 0.25]
		},
		"firstperson_righthand": {
			"rotation": [78.99, 19.76, -135.85],
			"translation": [8.5, 1.25, -5]
		},
		"firstperson_lefthand": {
			"rotation": [78.99, 19.76, -135.85],
			"translation": [8.5, 1.25, -5]
		},
		"ground": {
			"translation": [0, 6, 0]
		},
		"gui": {
			"rotation": [30, -145, 0],
			"translation": [0.5, 4.25, 0]
		},
		"head": {
			"translation": [0, -30.5, 0],
			"scale": [1.6, 1.6, 1.6]
		},
		"fixed": {
			"rotation": [83.93, -60.15, 54.93],
			"translation": [-1.5, 4.5, 0.5]
		}
	},
	"groups": [
		{
			"name": "root",
			"origin": [0, 0, 0],
			"color": 0,
			"boneType": "",
			"children": [0, 1, 2, 3, 4, 5, 6, 7, 8]
		}
	]
}