{"textures": {		"0": "manamodels:entity/mage"	},	"elements": [		{			"name": "upperarm_left",			"from": [6.8, 20, 10],			"to": [8.8, 32, 12],			"rotation": {"angle": 0, "axis": "y", "origin": [2.8, 0, 11]},			"faces": {				"north": {"uv": [9, 0, 9.25, 1.5], "texture": "#0"},				"east": {"uv": [9, 1.5, 9.25, 3], "texture": "#0"},				"south": {"uv": [0, 9.125, 0.25, 10.625], "texture": "#0"},				"west": {"uv": [0.25, 9.125, 0.5, 10.625], "texture": "#0"},				"up": {"uv": [9.75, 6.75, 9.5, 6.5], "texture": "#0"},				"down": {"uv": [9.75, 6.75, 9.5, 7], "texture": "#0"}			}		},		{			"name": "lowerarm_left",			"from": [5.79, 16.99, 8.99],			"to": [9.81, 25.01, 13.01],			"rotation": {"angle": 0, "axis": "y", "origin": [2.8, 0, 11]},			"faces": {				"north": {"uv": [8.75, 7.5, 9.25, 8.5], "texture": "#0"},				"east": {"uv": [2.5, 8.875, 3, 9.875], "texture": "#0"},				"south": {"uv": [5.5, 8.875, 6, 9.875], "texture": "#0"},				"west": {"uv": [6, 8.875, 6.5, 9.875], "texture": "#0"},				"up": {"uv": [4.5, 8.25, 4, 7.75], "texture": "#0"},				"down": {"uv": [1, 9.125, 0.5, 9.625], "texture": "#0"}			}		},		{			"name": "lowerarm_left",			"from": [6.8, 9, 10],			"to": [8.8, 25, 12],			"rotation": {"angle": 0, "axis": "y", "origin": [2.8, 0, 11]},			"faces": {				"north": {"uv": [6.5, 8.875, 6.75, 10.875], "texture": "#0"},				"east": {"uv": [6.75, 8.875, 7, 10.875], "texture": "#0"},				"south": {"uv": [4, 9, 4.25, 11], "texture": "#0"},				"west": {"uv": [4.25, 9, 4.5, 11], "texture": "#0"},				"up": {"uv": [9.75, 7.25, 9.5, 7], "texture": "#0"},				"down": {"uv": [9.75, 7.25, 9.5, 7.5], "texture": "#0"}			}		},		{			"name": "lowerarm_left",			"from": [4.79, 6.99, 7.99],			"to": [10.81, 19.01, 14.01],			"rotation": {"angle": 0, "axis": "y", "origin": [2.8, 0, 11]},			"faces": {				"north": {"uv": [0, 6.375, 0.75, 7.875], "texture": "#0"},				"east": {"uv": [0.75, 6.375, 1.5, 7.875], "texture": "#0"},				"south": {"uv": [0, 6.375, 0.75, 7.875], "texture": "#0"},				"west": {"uv": [2.25, 6.375, 3, 7.875], "texture": "#0"},				"up": {"uv": [6.25, 8.875, 5.5, 8.125], "texture": "#0"},				"down": {"uv": [7, 8.125, 6.25, 8.875], "texture": "#0"}			}		},		{			"name": "hand2",			"from": [6.8, 4, 9],			"to": [8.8, 9, 13],			"rotation": {"angle": 22.5, "axis": "z", "origin": [6.8, 9, 11]},			"faces": {				"north": {"uv": [6.75, 7.125, 7, 7.75], "texture": "#0"},				"east": {"uv": [9, 4.875, 9.5, 5.5], "texture": "#0"},				"south": {"uv": [5.5, 7.25, 5.75, 7.875], "texture": "#0"},				"west": {"uv": [9, 6.75, 9.5, 7.375], "texture": "#0"},				"up": {"uv": [9.5, 6.75, 9.25, 6.25], "texture": "#0"},				"down": {"uv": [9.5, 7.375, 9.25, 7.875], "texture": "#0"}			}		},		{			"name": "finger_lower1_left",			"from": [9.5491, 0.83357, 11.99],			"to": [10.5691, 4.85357, 13.01],			"rotation": {"angle": 0, "axis": "z", "origin": [9.8, 5, 11]},			"faces": {				"north": {"uv": [9.5, 7.5, 9.625, 8], "texture": "#0"},				"east": {"uv": [9.5, 8, 9.625, 8.5], "texture": "#0"},				"south": {"uv": [9.5, 8.75, 9.625, 9.25], "texture": "#0"},				"west": {"uv": [0.5, 9.625, 0.625, 10.125], "texture": "#0"},				"up": {"uv": [6.875, 8.125, 6.75, 8], "texture": "#0"},				"down": {"uv": [7, 8, 6.875, 8.125], "texture": "#0"}			}		},		{			"name": "finger_upper1_left",			"from": [9.51927, -2.80448, 12],			"to": [10.51927, 1.19552, 13],			"rotation": {"angle": -45, "axis": "z", "origin": [9.8, 1, 11]},			"faces": {				"north": {"uv": [0.625, 9.625, 0.75, 10.125], "texture": "#0"},				"east": {"uv": [0.75, 9.625, 0.875, 10.125], "texture": "#0"},				"south": {"uv": [0.875, 9.625, 1, 10.125], "texture": "#0"},				"west": {"uv": [1, 9.625, 1.125, 10.125], "texture": "#0"},				"up": {"uv": [7.625, 8.75, 7.5, 8.625], "texture": "#0"},				"down": {"uv": [7.75, 8.625, 7.625, 8.75], "texture": "#0"}			}		},		{			"name": "finger_lower_left2",			"from": [7.79, -0.01, 10.99],			"to": [8.81, 4.01, 12.01],			"rotation": {"angle": 22.5, "axis": "z", "origin": [6.8, 9, 11]},			"faces": {				"north": {"uv": [9.5, 7.5, 9.625, 8], "texture": "#0"},				"east": {"uv": [9.5, 8, 9.625, 8.5], "texture": "#0"},				"south": {"uv": [9.5, 8.75, 9.625, 9.25], "texture": "#0"},				"west": {"uv": [0.5, 9.625, 0.625, 10.125], "texture": "#0"},				"up": {"uv": [6.875, 8.125, 6.75, 8], "texture": "#0"},				"down": {"uv": [7, 8, 6.875, 8.125], "texture": "#0"}			}		},		{			"name": "finger_upper_left2",			"from": [11.05, -2.5, 11],			"to": [12.05, 1.5, 12],			"rotation": {"angle": -22.5, "axis": "z", "origin": [11.05, 1.5, 11]},			"faces": {				"north": {"uv": [0.625, 9.625, 0.75, 10.125], "texture": "#0"},				"east": {"uv": [0.75, 9.625, 0.875, 10.125], "texture": "#0"},				"south": {"uv": [0.875, 9.625, 1, 10.125], "texture": "#0"},				"west": {"uv": [1, 9.625, 1.125, 10.125], "texture": "#0"},				"up": {"uv": [7.625, 8.75, 7.5, 8.625], "texture": "#0"},				"down": {"uv": [7.75, 8.625, 7.625, 8.75], "texture": "#0"}			}		},		{			"name": "finger_lower3_left",			"from": [7.79, -0.01, 9.99],			"to": [8.81, 4.01, 11.01],			"rotation": {"angle": 22.5, "axis": "z", "origin": [6.8, 9, 11]},			"faces": {				"north": {"uv": [9.5, 7.5, 9.625, 8], "texture": "#0"},				"east": {"uv": [9.5, 8, 9.625, 8.5], "texture": "#0"},				"south": {"uv": [9.5, 8.75, 9.625, 9.25], "texture": "#0"},				"west": {"uv": [0.5, 9.625, 0.625, 10.125], "texture": "#0"},				"up": {"uv": [6.875, 8.125, 6.75, 8], "texture": "#0"},				"down": {"uv": [7, 8, 6.875, 8.125], "texture": "#0"}			}		},		{			"name": "finger_upper3_left",			"from": [11.05, -2.5, 10],			"to": [12.05, 1.5, 11],			"rotation": {"angle": 0, "axis": "z", "origin": [11.05, 1.5, 11]},			"faces": {				"north": {"uv": [0.625, 9.625, 0.75, 10.125], "texture": "#0"},				"east": {"uv": [0.75, 9.625, 0.875, 10.125], "texture": "#0"},				"south": {"uv": [0.875, 9.625, 1, 10.125], "texture": "#0"},				"west": {"uv": [1, 9.625, 1.125, 10.125], "texture": "#0"},				"up": {"uv": [7.625, 8.75, 7.5, 8.625], "texture": "#0"},				"down": {"uv": [7.75, 8.625, 7.625, 8.75], "texture": "#0"}			}		},		{			"name": "finger_lower4_left",			"from": [9.75947, 0.89118, 8.99],			"to": [10.77947, 4.91118, 10.01],			"rotation": {"angle": 45, "axis": "z", "origin": [10.05, 4.5, 11]},			"faces": {				"north": {"uv": [9.5, 7.5, 9.625, 8], "texture": "#0"},				"east": {"uv": [9.5, 8, 9.625, 8.5], "texture": "#0"},				"south": {"uv": [9.5, 8.75, 9.625, 9.25], "texture": "#0"},				"west": {"uv": [0.5, 9.625, 0.625, 10.125], "texture": "#0"},				"up": {"uv": [6.875, 8.125, 6.75, 8], "texture": "#0"},				"down": {"uv": [7, 8, 6.875, 8.125], "texture": "#0"}			}		},		{			"name": "finger_upper4_left",			"from": [12.12193, -1.88896, 9],			"to": [13.12193, 2.11104, 10],			"rotation": {"angle": 0, "axis": "z", "origin": [10.05, 4.5, 11]},			"faces": {				"north": {"uv": [0.625, 9.625, 0.75, 10.125], "texture": "#0"},				"east": {"uv": [0.75, 9.625, 0.875, 10.125], "texture": "#0"},				"south": {"uv": [0.875, 9.625, 1, 10.125], "texture": "#0"},				"west": {"uv": [1, 9.625, 1.125, 10.125], "texture": "#0"},				"up": {"uv": [7.625, 8.75, 7.5, 8.625], "texture": "#0"},				"down": {"uv": [7.75, 8.625, 7.625, 8.75], "texture": "#0"}			}		},		{			"name": "thumb_lower1_left",			"from": [6.79, 4.99, 4.99],			"to": [7.81, 6.01, 9.01],			"rotation": {"angle": 22.5, "axis": "z", "origin": [6.8, 9, 11]},			"faces": {				"north": {"uv": [8.75, 4.875, 8.875, 5], "texture": "#0"},				"east": {"uv": [6, 4.375, 6.5, 4.5], "texture": "#0"},				"south": {"uv": [8.875, 4.875, 9, 5], "texture": "#0"},				"west": {"uv": [6.5, 4.375, 7, 4.5], "texture": "#0"},				"up": {"uv": [1.25, 10.125, 1.125, 9.625], "texture": "#0"},				"down": {"uv": [1.375, 9.625, 1.25, 10.125], "texture": "#0"}			}		},		{			"name": "thumb_upper1_left",			"from": [8.05, 9, -3],			"to": [9.05, 10, 1],			"rotation": {"angle": -45, "axis": "x", "origin": [8.05, 13, 7]},			"faces": {				"north": {"uv": [9, 7.375, 9.125, 7.5], "texture": "#0"},				"east": {"uv": [9.5, 5.375, 10, 5.5], "texture": "#0"},				"south": {"uv": [9.125, 7.375, 9.25, 7.5], "texture": "#0"},				"west": {"uv": [9.5, 9.25, 10, 9.375], "texture": "#0"},				"up": {"uv": [1.5, 10.125, 1.375, 9.625], "texture": "#0"},				"down": {"uv": [1.625, 9.625, 1.5, 10.125], "texture": "#0"}			}		}	],	"gui_light": "front",	"display": {		"thirdperson_righthand": {			"rotation": [-180, 90, 0],			"translation": [-2.25, 12, 1.5],			"scale": [0.7, 0.7, 0.7]		},		"thirdperson_lefthand": {			"rotation": [-180, -90, 0],			"translation": [2.25, 12, 1.5],			"scale": [0.7, 0.7, 0.7]		},		"firstperson_righthand": {			"rotation": [-180, 77, -26],			"translation": [0, 6, 0],			"scale": [0.7, 0.7, 0.7]		},		"firstperson_lefthand": {			"rotation": [-180, -96, 26],			"translation": [3.25, 5.25, 0],			"scale": [0.7, 0.7, 0.7]		},		"ground": {			"rotation": [0, 0, 134],			"translation": [0, 7.5, 0],			"scale": [0.7, 0.7, 0.7]		},		"gui": {			"rotation": [0, -123, 123],			"translation": [-0.25, 1.75, 0],			"scale": [0.7, 0.7, 0.7]		},		"fixed": {			"rotation": [0, -180, 135],			"translation": [-6.75, 6, 0.5]		}	},	"groups": [		{			"name": "upperarm_left",			"origin": [1, 35, 0],			"children": [0,				{					"name": "lowerarm_left",					"origin": [0, 25, 0],					"children": [1, 2, 3,						{							"name": "hand2",							"origin": [0, 9, 0],							"children": [4,								{									"name": "finger_lower1_left",									"origin": [-1, 4, 1.5],									"children": [5,										{											"name": "finger_upper1_left",											"origin": [-1, 0, 1.5],											"children": [6]										}									]								},								{									"name": "finger_lower_left2",									"origin": [-1, 4, 0.5],									"children": [7,										{											"name": "finger_upper_left2",											"origin": [-1, 0, 0.5],											"children": [8]										}									]								},								{									"name": "finger_lower3_left",									"origin": [-1, 4, -0.5],									"children": [9,										{											"name": "finger_upper3_left",											"origin": [-1, 0, -0.5],											"children": [10]										}									]								},								{									"name": "finger_lower4_left",									"origin": [-1, 4, -1.5],									"children": [11,										{											"name": "finger_upper4_left",											"origin": [-1, 0, -1.5],											"children": [12]										}									]								},								{									"name": "thumb_lower1_left",									"origin": [0, 5.5, -2],									"children": [13,										{											"name": "thumb_upper1_left",											"origin": [0, 5.5, -6],											"children": [14]										}									]								}							]						}					]				}			]		}	]}