{
	"textures": {
		"0": "item/cosmetics/handhelds/viper_bow"
	},
	"elements": [
		{
			"from": [7, 0, 3],
			"to": [9, 11, 5],
			"rotation": {"angle": 0, "axis": "y", "origin": [8, 5.5, 4]},
			"faces": {
				"north": {"uv": [0.5, 0, 0.75, 1.375], "texture": "#0"},
				"east": {"uv": [0.875, 0, 1.125, 1.375], "texture": "#0"},
				"south": {"uv": [1.25, 0, 1.5, 1.375], "texture": "#0"},
				"west": {"uv": [0.5, 1.5, 0.75, 2.875], "texture": "#0"},
				"up": {"uv": [3.25, 0.25, 3, 0], "texture": "#0"},
				"down": {"uv": [3.25, 0.375, 3, 0.625], "texture": "#0"}
			}
		},
		{
			"from": [7, 4.5, 1],
			"to": [9, 6.5, 3],
			"rotation": {"angle": 0, "axis": "y", "origin": [8, 5.5, 4]},
			"faces": {
				"north": {"uv": [3.125, 2.875, 3.375, 3.125], "texture": "#0"},
				"east": {"uv": [1.625, 3.25, 1.875, 3.5], "texture": "#0"},
				"south": {"uv": [2.375, 3.25, 2.625, 3.5], "texture": "#0"},
				"west": {"uv": [3.125, 3.25, 3.375, 3.5], "texture": "#0"},
				"up": {"uv": [3.625, 0.25, 3.375, 0], "texture": "#0"},
				"down": {"uv": [3.625, 0.375, 3.375, 0.625], "texture": "#0"}
			}
		},
		{
			"from": [7, 4.5, 5],
			"to": [9, 6.5, 11],
			"rotation": {"angle": 0, "axis": "y", "origin": [8, 5.5, 4]},
			"faces": {
				"north": {"uv": [3.375, 1.125, 3.625, 1.375], "texture": "#0"},
				"east": {"uv": [0.875, 1.5, 1.625, 1.75], "texture": "#0"},
				"south": {"uv": [3.375, 1.5, 3.625, 1.75], "texture": "#0"},
				"west": {"uv": [1.625, 0, 2.375, 0.25], "texture": "#0"},
				"up": {"uv": [1.875, 1.125, 1.625, 0.375], "texture": "#0"},
				"down": {"uv": [2, 1.25, 1.75, 2], "texture": "#0"}
			}
		},
		{
			"from": [7.5, 5, 11],
			"to": [8.5, 6, 16],
			"rotation": {"angle": 0, "axis": "y", "origin": [8, 5.5, 4]},
			"faces": {
				"north": {"uv": [3.25, 4.375, 3.375, 4.5], "texture": "#0"},
				"east": {"uv": [2.875, 2.375, 3.5, 2.5], "texture": "#0"},
				"south": {"uv": [4.375, 3.375, 4.5, 3.5], "texture": "#0"},
				"west": {"uv": [2.875, 2.625, 3.5, 2.75], "texture": "#0"},
				"up": {"uv": [2.25, 3.5, 2.125, 2.875], "texture": "#0"},
				"down": {"uv": [3, 2.875, 2.875, 3.5], "texture": "#0"}
			}
		},
		{
			"from": [6.5, 5.90171, -2.01955],
			"to": [9.5, 6.90171, -0.01955],
			"rotation": {"angle": 22.5, "axis": "x", "origin": [8, 5.40171, -0.01955]},
			"faces": {
				"north": {"uv": [3.625, 1.875, 4, 2], "texture": "#0"},
				"east": {"uv": [3.875, 2.125, 4.125, 2.25], "texture": "#0"},
				"south": {"uv": [2.125, 3.625, 2.5, 3.75], "texture": "#0"},
				"west": {"uv": [3.875, 2.375, 4.125, 2.5], "texture": "#0"},
				"up": {"uv": [2, 3.125, 1.625, 2.875], "texture": "#0"},
				"down": {"uv": [3.25, 2, 2.875, 2.25], "texture": "#0"}
			}
		},
		{
			"from": [7.025, 5.65171, -0.01955],
			"to": [8.975, 6.65171, 0.98045],
			"rotation": {"angle": 22.5, "axis": "x", "origin": [8, 5.40171, -0.01955]},
			"faces": {
				"north": {"uv": [0.75, 4, 1, 4.125], "texture": "#0"},
				"east": {"uv": [4.25, 0.75, 4.375, 0.875], "texture": "#0"},
				"south": {"uv": [1.125, 4, 1.375, 4.125], "texture": "#0"},
				"west": {"uv": [1, 4.25, 1.125, 4.375], "texture": "#0"},
				"up": {"uv": [4.25, 1.375, 4, 1.25], "texture": "#0"},
				"down": {"uv": [4.25, 1.5, 4, 1.625], "texture": "#0"}
			}
		},
		{
			"from": [7.05, 4.21247, -0.44553],
			"to": [8.95, 5.21247, 1.55447],
			"rotation": {"angle": -22.5, "axis": "x", "origin": [8, 3.96247, 0.55447]},
			"faces": {
				"north": {"uv": [4, 2.875, 4.25, 3], "texture": "#0"},
				"east": {"uv": [4, 3.125, 4.25, 3.25], "texture": "#0"},
				"south": {"uv": [4, 3.375, 4.25, 3.5], "texture": "#0"},
				"west": {"uv": [4, 3.625, 4.25, 3.75], "texture": "#0"},
				"up": {"uv": [0.75, 3.625, 0.5, 3.375], "texture": "#0"},
				"down": {"uv": [3.625, 0.75, 3.375, 1], "texture": "#0"}
			}
		},
		{
			"from": [7.075, 3.81075, -1.46508],
			"to": [8.925, 4.81075, -0.46508],
			"rotation": {"angle": 0, "axis": "x", "origin": [8, 3.56075, -1.46508]},
			"faces": {
				"north": {"uv": [1.5, 4.125, 1.75, 4.25], "texture": "#0"},
				"east": {"uv": [4.25, 1, 4.375, 1.125], "texture": "#0"},
				"south": {"uv": [4.125, 1.75, 4.375, 1.875], "texture": "#0"},
				"west": {"uv": [1.25, 4.25, 1.375, 4.375], "texture": "#0"},
				"up": {"uv": [2.625, 4.25, 2.375, 4.125], "texture": "#0"},
				"down": {"uv": [4.375, 2.625, 4.125, 2.75], "texture": "#0"}
			}
		},
		{
			"from": [7.5, 3.81075, -2.46508],
			"to": [8.5, 4.81075, -1.46508],
			"rotation": {"angle": 0, "axis": "x", "origin": [8.5, 3.56075, -2.46508]},
			"faces": {
				"north": {"uv": [4.25, 2, 4.375, 2.125], "texture": "#0"},
				"east": {"uv": [4.25, 2.25, 4.375, 2.375], "texture": "#0"},
				"south": {"uv": [4.25, 4.125, 4.375, 4.25], "texture": "#0"},
				"west": {"uv": [0, 4.375, 0.125, 4.5], "texture": "#0"},
				"up": {"uv": [0.375, 4.5, 0.25, 4.375], "texture": "#0"},
				"down": {"uv": [4.5, 0.25, 4.375, 0.375], "texture": "#0"}
			}
		},
		{
			"from": [7, 5.65171, -3.01955],
			"to": [9, 6.65171, -2.01955],
			"rotation": {"angle": 22.5, "axis": "x", "origin": [8, 5.40171, -0.01955]},
			"faces": {
				"north": {"uv": [3.375, 3.875, 3.625, 4], "texture": "#0"},
				"east": {"uv": [0.5, 4.25, 0.625, 4.375], "texture": "#0"},
				"south": {"uv": [3.75, 3.875, 4, 4], "texture": "#0"},
				"west": {"uv": [0.75, 4.25, 0.875, 4.375], "texture": "#0"},
				"up": {"uv": [4.25, 0.375, 4, 0.25], "texture": "#0"},
				"down": {"uv": [4.25, 0.5, 4, 0.625], "texture": "#0"}
			}
		},
		{
			"from": [7.25, 4.76275, -2.27328],
			"to": [7.25, 6.76275, -1.27328],
			"rotation": {"angle": -22.5, "axis": "x", "origin": [7.25, 6.26275, -2.09828]},
			"faces": {
				"north": {"uv": [2, 3.25, 2, 3.5], "texture": "#0"},
				"east": {"uv": [2.5, 0, 2.625, 0.25], "texture": "#0"},
				"south": {"uv": [2.75, 3.25, 2.75, 3.5], "texture": "#0"},
				"west": {"uv": [1.875, 4.125, 2, 4.375], "texture": "#0"},
				"up": {"uv": [2, 1.125, 2, 1], "texture": "#0"},
				"down": {"uv": [2.5, 2, 2.5, 2.125], "texture": "#0"}
			}
		},
		{
			"from": [8.75, 4.76275, -2.27328],
			"to": [8.75, 6.76275, -1.27328],
			"rotation": {"angle": -22.5, "axis": "x", "origin": [8.75, 6.26275, -2.09828]},
			"faces": {
				"north": {"uv": [3.5, 4.375, 3.5, 4.625], "texture": "#0"},
				"east": {"uv": [2.75, 4.125, 2.875, 4.375], "texture": "#0"},
				"south": {"uv": [3.625, 4.375, 3.625, 4.625], "texture": "#0"},
				"west": {"uv": [3, 4.125, 3.125, 4.375], "texture": "#0"},
				"up": {"uv": [3.375, 3.75, 3.375, 3.625], "texture": "#0"},
				"down": {"uv": [0.75, 3.75, 0.75, 3.875], "texture": "#0"}
			}
		},
		{
			"from": [7.5, -10.19865, 5.52864],
			"to": [8.5, -3.19865, 6.52864],
			"rotation": {"angle": -22.5, "axis": "x", "origin": [7.5, -4.69865, 6.02864]},
			"faces": {
				"north": {"uv": [2.375, 2.25, 2.5, 3.125], "texture": "#0"},
				"east": {"uv": [0.875, 2.5, 1, 3.375], "texture": "#0"},
				"south": {"uv": [2.5, 1, 2.625, 1.875], "texture": "#0"},
				"west": {"uv": [1.125, 2.5, 1.25, 3.375], "texture": "#0"},
				"up": {"uv": [2.75, 3.125, 2.625, 3], "texture": "#0"},
				"down": {"uv": [2.5, 3.875, 2.375, 4], "texture": "#0"}
			}
		},
		{
			"from": [7.5, 14.19865, 5.52864],
			"to": [8.5, 21.19865, 6.52864],
			"rotation": {"angle": 22.5, "axis": "x", "origin": [7.5, 15.69865, 6.02864]},
			"faces": {
				"north": {"uv": [2.375, 3.125, 2.5, 2.25], "texture": "#0"},
				"east": {"uv": [0.875, 3.375, 1, 2.5], "texture": "#0"},
				"south": {"uv": [2.5, 1.875, 2.625, 1], "texture": "#0"},
				"west": {"uv": [1.125, 3.375, 1.25, 2.5], "texture": "#0"},
				"up": {"uv": [2.5, 4, 2.375, 3.875], "texture": "#0"},
				"down": {"uv": [2.75, 3, 2.625, 3.125], "texture": "#0"}
			}
		},
		{
			"from": [7.525, -12.58865, 7.59534],
			"to": [8.475, -9.58865, 8.59534],
			"rotation": {"angle": 0, "axis": "x", "origin": [7.5, -11.6773, 8.09534]},
			"faces": {
				"north": {"uv": [3.375, 1.875, 3.5, 2.25], "texture": "#0"},
				"east": {"uv": [0.875, 3.5, 1, 3.875], "texture": "#0"},
				"south": {"uv": [1.125, 3.5, 1.25, 3.875], "texture": "#0"},
				"west": {"uv": [1.375, 3.5, 1.5, 3.875], "texture": "#0"},
				"up": {"uv": [3.375, 4.25, 3.25, 4.125], "texture": "#0"},
				"down": {"uv": [3.625, 4.125, 3.5, 4.25], "texture": "#0"}
			}
		},
		{
			"from": [7.55, -14.62334, 6.26489],
			"to": [8.45, -11.62334, 7.26489],
			"rotation": {"angle": 45, "axis": "x", "origin": [7.5, -13.71199, 6.76489]},
			"faces": {
				"north": {"uv": [3.625, 2.125, 3.75, 2.5], "texture": "#0"},
				"east": {"uv": [2.625, 3.625, 2.75, 4], "texture": "#0"},
				"south": {"uv": [2.875, 3.625, 3, 4], "texture": "#0"},
				"west": {"uv": [3.125, 3.625, 3.25, 4], "texture": "#0"},
				"up": {"uv": [4.5, 0.625, 4.375, 0.5], "texture": "#0"},
				"down": {"uv": [4.5, 1.25, 4.375, 1.375], "texture": "#0"}
			}
		},
		{
			"from": [7.575, -13.94874, 3.82435],
			"to": [8.425, -12.94874, 6.82435],
			"rotation": {"angle": 22.5, "axis": "x", "origin": [7.5, -13.44874, 4.7357]},
			"faces": {
				"north": {"uv": [1.5, 4.375, 1.625, 4.5], "texture": "#0"},
				"east": {"uv": [3.625, 2.625, 4, 2.75], "texture": "#0"},
				"south": {"uv": [4.375, 1.5, 4.5, 1.625], "texture": "#0"},
				"west": {"uv": [3.75, 0, 4.125, 0.125], "texture": "#0"},
				"up": {"uv": [3.875, 0.625, 3.75, 0.25], "texture": "#0"},
				"down": {"uv": [0.625, 3.75, 0.5, 4.125], "texture": "#0"}
			}
		},
		{
			"from": [7.525, 20.58865, 7.59534],
			"to": [8.475, 23.58865, 8.59534],
			"rotation": {"angle": 0, "axis": "x", "origin": [7.5, 22.6773, 8.09534]},
			"faces": {
				"north": {"uv": [3.375, 2.25, 3.5, 1.875], "texture": "#0"},
				"east": {"uv": [0.875, 3.875, 1, 3.5], "texture": "#0"},
				"south": {"uv": [1.125, 3.875, 1.25, 3.5], "texture": "#0"},
				"west": {"uv": [1.375, 3.875, 1.5, 3.5], "texture": "#0"},
				"up": {"uv": [3.625, 4.25, 3.5, 4.125], "texture": "#0"},
				"down": {"uv": [3.375, 4.125, 3.25, 4.25], "texture": "#0"}
			}
		},
		{
			"from": [7.55, 22.62334, 6.26489],
			"to": [8.45, 25.62334, 7.26489],
			"rotation": {"angle": -45, "axis": "x", "origin": [7.5, 24.71199, 6.76489]},
			"faces": {
				"north": {"uv": [3.625, 2.5, 3.75, 2.125], "texture": "#0"},
				"east": {"uv": [2.625, 4, 2.75, 3.625], "texture": "#0"},
				"south": {"uv": [2.875, 4, 3, 3.625], "texture": "#0"},
				"west": {"uv": [3.125, 4, 3.25, 3.625], "texture": "#0"},
				"up": {"uv": [4.5, 1.375, 4.375, 1.25], "texture": "#0"},
				"down": {"uv": [4.5, 0.5, 4.375, 0.625], "texture": "#0"}
			}
		},
		{
			"from": [7.575, 23.94874, 3.82435],
			"to": [8.425, 24.94874, 6.82435],
			"rotation": {"angle": -22.5, "axis": "x", "origin": [7.5, 24.44874, 4.7357]},
			"faces": {
				"north": {"uv": [1.5, 4.5, 1.625, 4.375], "texture": "#0"},
				"east": {"uv": [3.625, 2.75, 4, 2.625], "texture": "#0"},
				"south": {"uv": [4.375, 1.625, 4.5, 1.5], "texture": "#0"},
				"west": {"uv": [3.75, 0.125, 4.125, 0], "texture": "#0"},
				"up": {"uv": [0.625, 4.125, 0.5, 3.75], "texture": "#0"},
				"down": {"uv": [3.875, 0.25, 3.75, 0.625], "texture": "#0"}
			}
		},
		{
			"from": [8, -9.58865, 8.09534],
			"to": [8, 20.41135, 8.59534],
			"rotation": {"angle": 0, "axis": "x", "origin": [7.5, -11.6773, 8.09534]},
			"faces": {
				"north": {"uv": [1.75, 4.375, 1.75, 8.125], "texture": "#0"},
				"east": {"uv": [0, 0, 0.125, 3.75], "texture": "#0"},
				"south": {"uv": [2.625, 4.375, 2.625, 8.125], "texture": "#0"},
				"west": {"uv": [0.25, 0, 0.375, 3.75], "texture": "#0"},
				"up": {"uv": [1.625, 1.375, 1.625, 1.25], "texture": "#0"},
				"down": {"uv": [1.625, 1.875, 1.625, 2], "texture": "#0"}
			}
		},
		{
			"from": [7.025, -3.19865, 5.02864],
			"to": [8.975, 0.80135, 7.02864],
			"rotation": {"angle": -22.5, "axis": "x", "origin": [8, -4.69865, 6.02864]},
			"faces": {
				"north": {"uv": [0.875, 1.875, 1.125, 2.375], "texture": "#0"},
				"east": {"uv": [1.25, 1.875, 1.5, 2.375], "texture": "#0"},
				"south": {"uv": [2, 0.375, 2.25, 0.875], "texture": "#0"},
				"west": {"uv": [2.125, 1, 2.375, 1.5], "texture": "#0"},
				"up": {"uv": [0.75, 3.25, 0.5, 3], "texture": "#0"},
				"down": {"uv": [3.25, 0.75, 3, 1], "texture": "#0"}
			}
		},
		{
			"from": [7.025, 10.19865, 5.02864],
			"to": [8.975, 14.19865, 7.02864],
			"rotation": {"angle": 22.5, "axis": "x", "origin": [8, 15.69865, 6.02864]},
			"faces": {
				"north": {"uv": [0.875, 2.375, 1.125, 1.875], "texture": "#0"},
				"east": {"uv": [1.25, 2.375, 1.5, 1.875], "texture": "#0"},
				"south": {"uv": [2, 0.875, 2.25, 0.375], "texture": "#0"},
				"west": {"uv": [2.125, 1.5, 2.375, 1], "texture": "#0"},
				"up": {"uv": [3.25, 1, 3, 0.75], "texture": "#0"},
				"down": {"uv": [0.75, 3, 0.5, 3.25], "texture": "#0"}
			}
		}
	],
	"gui_light": "front",
	"display": {
		"thirdperson_righthand": {
			"translation": [0, 3, 5],
			"scale": [0.85, 0.85, 0.85]
		},
		"thirdperson_lefthand": {
			"translation": [0, 3, 5],
			"scale": [0.85, 0.85, 0.85]
		},
		"firstperson_righthand": {
			"rotation": [14, 0, 0],
			"translation": [2.75, 2, 0],
			"scale": [0.6, 0.6, 0.6]
		},
		"firstperson_lefthand": {
			"rotation": [26, 25, 0],
			"translation": [1.5, 0, 0],
			"scale": [0.6, 0.6, 0.6]
		},
		"ground": {
			"rotation": [45, 0, 0],
			"scale": [0.25, 0.25, 0.25]
		},
		"gui": {
			"rotation": [111, 45, 89],
			"translation": [1.25, 1, 0],
			"scale": [0.6, -0.6, 0.6]
		},
		"head": {
			"translation": [0, 3.5, -3]
		},
		"fixed": {
			"rotation": [90, -44, 90],
			"translation": [-1.5, 0, -0.5],
			"scale": [0.6, 0.6, 0.6]
		}
	}
}