{
	"textures": {
		"0": "item/cosmetics/handhelds/viper_bow"
	},
	"elements": [
		{
			"from": [7, 0, 3],
			"to": [9, 11, 5],
			"rotation": {"angle": 0, "axis": "y", "origin": [8, 5.5, 4]},
			"faces": {
				"north": {"uv": [0.5, 0, 0.75, 1.375], "texture": "#0"},
				"east": {"uv": [0.875, 0, 1.125, 1.375], "texture": "#0"},
				"south": {"uv": [1.25, 0, 1.5, 1.375], "texture": "#0"},
				"west": {"uv": [0.5, 1.5, 0.75, 2.875], "texture": "#0"},
				"up": {"uv": [3.25, 0.25, 3, 0], "texture": "#0"},
				"down": {"uv": [3.25, 0.375, 3, 0.625], "texture": "#0"}
			}
		},
		{
			"from": [7.5, -10.9661, 3.38686],
			"to": [8.5, -3.9661, 4.38686],
			"rotation": {"angle": -45, "axis": "x", "origin": [8, 0.30135, 3.02864]},
			"faces": {
				"north": {"uv": [2.375, 2.25, 2.5, 3.125], "texture": "#0"},
				"east": {"uv": [0.875, 2.5, 1, 3.375], "texture": "#0"},
				"south": {"uv": [2.5, 1, 2.625, 1.875], "texture": "#0"},
				"west": {"uv": [1.125, 2.5, 1.25, 3.375], "texture": "#0"},
				"up": {"uv": [2.75, 3.125, 2.625, 3], "texture": "#0"},
				"down": {"uv": [2.5, 3.875, 2.375, 4], "texture": "#0"}
			}
		},
		{
			"from": [7.5, 14.9661, 3.38686],
			"to": [8.5, 21.9661, 4.38686],
			"rotation": {"angle": 45, "axis": "x", "origin": [8, 10.69865, 3.02864]},
			"faces": {
				"north": {"uv": [2.375, 3.125, 2.5, 2.25], "texture": "#0"},
				"east": {"uv": [0.875, 3.375, 1, 2.5], "texture": "#0"},
				"south": {"uv": [2.5, 1.875, 2.625, 1], "texture": "#0"},
				"west": {"uv": [1.125, 3.375, 1.25, 2.5], "texture": "#0"},
				"up": {"uv": [2.5, 4, 2.375, 3.875], "texture": "#0"},
				"down": {"uv": [2.75, 3, 2.625, 3.125], "texture": "#0"}
			}
		},
		{
			"from": [7.525, -12.58865, 7.59534],
			"to": [8.475, -9.58865, 8.59534],
			"rotation": {"angle": -22.5, "axis": "x", "origin": [8, 0.30135, 3.02864]},
			"faces": {
				"north": {"uv": [3.375, 1.875, 3.5, 2.25], "texture": "#0"},
				"east": {"uv": [0.875, 3.5, 1, 3.875], "texture": "#0"},
				"south": {"uv": [1.125, 3.5, 1.25, 3.875], "texture": "#0"},
				"west": {"uv": [1.375, 3.5, 1.5, 3.875], "texture": "#0"},
				"up": {"uv": [3.375, 4.25, 3.25, 4.125], "texture": "#0"},
				"down": {"uv": [3.625, 4.125, 3.5, 4.25], "texture": "#0"}
			}
		},
		{
			"from": [7.55, -7.877, 15.0795],
			"to": [8.45, -4.877, 16.0795],
			"rotation": {"angle": 22.5, "axis": "x", "origin": [8, 0.30135, 3.02864]},
			"faces": {
				"north": {"uv": [3.625, 2.125, 3.75, 2.5], "texture": "#0"},
				"east": {"uv": [2.625, 3.625, 2.75, 4], "texture": "#0"},
				"south": {"uv": [2.875, 3.625, 3, 4], "texture": "#0"},
				"west": {"uv": [3.125, 3.625, 3.25, 4], "texture": "#0"},
				"up": {"uv": [4.5, 0.625, 4.375, 0.5], "texture": "#0"},
				"down": {"uv": [4.5, 1.25, 4.375, 1.375], "texture": "#0"}
			}
		},
		{
			"from": [7.575, -12.24881, 8.95634],
			"to": [8.425, -11.24881, 11.95634],
			"rotation": {"angle": 0, "axis": "x", "origin": [8, 0.30135, 3.02864]},
			"faces": {
				"north": {"uv": [1.5, 4.375, 1.625, 4.5], "texture": "#0"},
				"east": {"uv": [3.625, 2.625, 4, 2.75], "texture": "#0"},
				"south": {"uv": [4.375, 1.5, 4.5, 1.625], "texture": "#0"},
				"west": {"uv": [3.75, 0, 4.125, 0.125], "texture": "#0"},
				"up": {"uv": [3.875, 0.625, 3.75, 0.25], "texture": "#0"},
				"down": {"uv": [0.625, 3.75, 0.5, 4.125], "texture": "#0"}
			}
		},
		{
			"from": [7.525, 20.58865, 7.59534],
			"to": [8.475, 23.58865, 8.59534],
			"rotation": {"angle": 22.5, "axis": "x", "origin": [8, 10.69865, 3.02864]},
			"faces": {
				"north": {"uv": [3.375, 2.25, 3.5, 1.875], "texture": "#0"},
				"east": {"uv": [0.875, 3.875, 1, 3.5], "texture": "#0"},
				"south": {"uv": [1.125, 3.875, 1.25, 3.5], "texture": "#0"},
				"west": {"uv": [1.375, 3.875, 1.5, 3.5], "texture": "#0"},
				"up": {"uv": [3.625, 4.25, 3.5, 4.125], "texture": "#0"},
				"down": {"uv": [3.375, 4.125, 3.25, 4.25], "texture": "#0"}
			}
		},
		{
			"from": [7.55, 15.877, 15.0795],
			"to": [8.45, 18.877, 16.0795],
			"rotation": {"angle": -22.5, "axis": "x", "origin": [8, 10.69865, 3.02864]},
			"faces": {
				"north": {"uv": [3.625, 2.5, 3.75, 2.125], "texture": "#0"},
				"east": {"uv": [2.625, 4, 2.75, 3.625], "texture": "#0"},
				"south": {"uv": [2.875, 4, 3, 3.625], "texture": "#0"},
				"west": {"uv": [3.125, 4, 3.25, 3.625], "texture": "#0"},
				"up": {"uv": [4.5, 1.375, 4.375, 1.25], "texture": "#0"},
				"down": {"uv": [4.5, 0.5, 4.375, 0.625], "texture": "#0"}
			}
		},
		{
			"from": [7.575, 22.24881, 8.95634],
			"to": [8.425, 23.24881, 11.95634],
			"rotation": {"angle": 0, "axis": "x", "origin": [8, 10.69865, 3.02864]},
			"faces": {
				"north": {"uv": [1.5, 4.5, 1.625, 4.375], "texture": "#0"},
				"east": {"uv": [3.625, 2.75, 4, 2.625], "texture": "#0"},
				"south": {"uv": [4.375, 1.625, 4.5, 1.5], "texture": "#0"},
				"west": {"uv": [3.75, 0.125, 4.125, 0], "texture": "#0"},
				"up": {"uv": [0.625, 4.125, 0.5, 3.75], "texture": "#0"},
				"down": {"uv": [3.875, 0.25, 3.75, 0.625], "texture": "#0"}
			}
		},
		{
			"from": [8, -9.58865, 12.09534],
			"to": [8, 20.41135, 12.59534],
			"rotation": {"angle": 0, "axis": "x", "origin": [7.5, -11.6773, 8.09534]},
			"faces": {
				"north": {"uv": [1.75, 4.375, 1.75, 8.125], "texture": "#0"},
				"east": {"uv": [0, 0, 0.125, 3.75], "texture": "#0"},
				"south": {"uv": [2.625, 4.375, 2.625, 8.125], "texture": "#0"},
				"west": {"uv": [0.25, 0, 0.375, 3.75], "texture": "#0"},
				"up": {"uv": [1.625, 1.375, 1.625, 1.25], "texture": "#0"},
				"down": {"uv": [1.625, 1.875, 1.625, 2], "texture": "#0"}
			}
		},
		{
			"from": [7.025, -3.9661, 2.88686],
			"to": [8.975, 0.0339, 4.88686],
			"rotation": {"angle": -45, "axis": "x", "origin": [8, 0.30135, 3.02864]},
			"faces": {
				"north": {"uv": [0.875, 1.875, 1.125, 2.375], "texture": "#0"},
				"east": {"uv": [1.25, 1.875, 1.5, 2.375], "texture": "#0"},
				"south": {"uv": [2, 0.375, 2.25, 0.875], "texture": "#0"},
				"west": {"uv": [2.125, 1, 2.375, 1.5], "texture": "#0"},
				"up": {"uv": [0.75, 3.25, 0.5, 3], "texture": "#0"},
				"down": {"uv": [3.25, 0.75, 3, 1], "texture": "#0"}
			}
		},
		{
			"from": [7.025, 10.9661, 2.88686],
			"to": [8.975, 14.9661, 4.88686],
			"rotation": {"angle": 45, "axis": "x", "origin": [8, 10.69865, 3.02864]},
			"faces": {
				"north": {"uv": [0.875, 2.375, 1.125, 1.875], "texture": "#0"},
				"east": {"uv": [1.25, 2.375, 1.5, 1.875], "texture": "#0"},
				"south": {"uv": [2, 0.875, 2.25, 0.375], "texture": "#0"},
				"west": {"uv": [2.125, 1.5, 2.375, 1], "texture": "#0"},
				"up": {"uv": [3.25, 1, 3, 0.75], "texture": "#0"},
				"down": {"uv": [0.75, 3, 0.5, 3.25], "texture": "#0"}
			}
		},
		{
			"from": [7.51, 5.00803, 11.77961],
			"to": [8.49, 5.98803, 16.67961],
			"rotation": {"angle": 0, "axis": "y", "origin": [8, 5.49803, 4.91961]},
			"faces": {
				"north": {"uv": [3.25, 4.375, 3.375, 4.5], "texture": "#0"},
				"east": {"uv": [2.875, 2.375, 3.5, 2.5], "texture": "#0"},
				"south": {"uv": [4.375, 3.375, 4.5, 3.5], "texture": "#0"},
				"west": {"uv": [2.875, 2.625, 3.5, 2.75], "texture": "#0"},
				"up": {"uv": [2.25, 3.5, 2.125, 2.875], "texture": "#0"},
				"down": {"uv": [3, 2.875, 2.875, 3.5], "texture": "#0"}
			}
		},
		{
			"from": [7.02, 4.51803, 5.89961],
			"to": [8.98, 6.47803, 11.77961],
			"rotation": {"angle": 0, "axis": "y", "origin": [8, 5.49803, 4.91961]},
			"faces": {
				"north": {"uv": [3.375, 1.125, 3.625, 1.375], "texture": "#0"},
				"east": {"uv": [0.875, 1.5, 1.625, 1.75], "texture": "#0"},
				"south": {"uv": [3.375, 1.5, 3.625, 1.75], "texture": "#0"},
				"west": {"uv": [1.625, 0, 2.375, 0.25], "texture": "#0"},
				"up": {"uv": [1.875, 1.125, 1.625, 0.375], "texture": "#0"},
				"down": {"uv": [2, 1.25, 1.75, 2], "texture": "#0"}
			}
		},
		{
			"from": [7.02, 4.51803, 3.93961],
			"to": [8.98, 6.47803, 5.89961],
			"rotation": {"angle": 0, "axis": "y", "origin": [8, 5.49803, 4.91961]},
			"faces": {
				"north": {"uv": [3.125, 2.875, 3.375, 3.125], "texture": "#0"},
				"east": {"uv": [1.625, 3.25, 1.875, 3.5], "texture": "#0"},
				"south": {"uv": [2.375, 3.25, 2.625, 3.5], "texture": "#0"},
				"west": {"uv": [3.125, 3.25, 3.375, 3.5], "texture": "#0"},
				"up": {"uv": [3.625, 0.25, 3.375, 0], "texture": "#0"},
				"down": {"uv": [3.625, 0.375, 3.375, 0.625], "texture": "#0"}
			}
		},
		{
			"from": [7.02, 4.51803, 1.97961],
			"to": [8.98, 6.47803, 3.93961],
			"rotation": {"angle": 0, "axis": "y", "origin": [8, 5.49803, 4.91961]},
			"faces": {
				"north": {"uv": [3.125, 2.875, 3.375, 3.125], "texture": "#0"},
				"east": {"uv": [1.625, 3.25, 1.875, 3.5], "texture": "#0"},
				"south": {"uv": [2.375, 3.25, 2.625, 3.5], "texture": "#0"},
				"west": {"uv": [3.125, 3.25, 3.375, 3.5], "texture": "#0"},
				"up": {"uv": [3.625, 0.25, 3.375, 0], "texture": "#0"},
				"down": {"uv": [3.625, 0.375, 3.375, 0.625], "texture": "#0"}
			}
		},
		{
			"from": [6.53, 5.89171, -0.97955],
			"to": [9.47, 6.87171, 0.98045],
			"rotation": {"angle": 22.5, "axis": "x", "origin": [8, 5.40171, 0.98045]},
			"faces": {
				"north": {"uv": [3.625, 1.875, 4, 2], "texture": "#0"},
				"east": {"uv": [3.875, 2.125, 4.125, 2.25], "texture": "#0"},
				"south": {"uv": [2.125, 3.625, 2.5, 3.75], "texture": "#0"},
				"west": {"uv": [3.875, 2.375, 4.125, 2.5], "texture": "#0"},
				"up": {"uv": [2, 3.125, 1.625, 2.875], "texture": "#0"},
				"down": {"uv": [3.25, 2, 2.875, 2.25], "texture": "#0"}
			}
		},
		{
			"from": [7.02, 5.64671, -1.95955],
			"to": [8.98, 6.62671, -0.97955],
			"rotation": {"angle": 22.5, "axis": "x", "origin": [8, 5.40171, 0.98045]},
			"faces": {
				"north": {"uv": [3.375, 3.875, 3.625, 4], "texture": "#0"},
				"east": {"uv": [0.5, 4.25, 0.625, 4.375], "texture": "#0"},
				"south": {"uv": [3.75, 3.875, 4, 4], "texture": "#0"},
				"west": {"uv": [0.75, 4.25, 0.875, 4.375], "texture": "#0"},
				"up": {"uv": [4.25, 0.375, 4, 0.25], "texture": "#0"},
				"down": {"uv": [4.25, 0.5, 4, 0.625], "texture": "#0"}
			}
		},
		{
			"from": [7.265, 4.77553, -1.22821],
			"to": [7.265, 6.73553, -0.24821],
			"rotation": {"angle": -22.5, "axis": "x", "origin": [7.265, 6.24553, -1.05671]},
			"faces": {
				"north": {"uv": [2, 3.25, 2, 3.5], "texture": "#0"},
				"east": {"uv": [2.5, 0, 2.625, 0.25], "texture": "#0"},
				"south": {"uv": [2.75, 3.25, 2.75, 3.5], "texture": "#0"},
				"west": {"uv": [1.875, 4.125, 2, 4.375], "texture": "#0"},
				"up": {"uv": [2, 1.125, 2, 1], "texture": "#0"},
				"down": {"uv": [2.5, 2, 2.5, 2.125], "texture": "#0"}
			}
		},
		{
			"from": [8.735, 4.77553, -1.22821],
			"to": [8.735, 6.73553, -0.24821],
			"rotation": {"angle": -22.5, "axis": "x", "origin": [8.735, 6.24553, -1.05671]},
			"faces": {
				"north": {"uv": [3.5, 4.375, 3.5, 4.625], "texture": "#0"},
				"east": {"uv": [2.75, 4.125, 2.875, 4.375], "texture": "#0"},
				"south": {"uv": [3.625, 4.375, 3.625, 4.625], "texture": "#0"},
				"west": {"uv": [3, 4.125, 3.125, 4.375], "texture": "#0"},
				"up": {"uv": [3.375, 3.75, 3.375, 3.625], "texture": "#0"},
				"down": {"uv": [0.75, 3.75, 0.75, 3.875], "texture": "#0"}
			}
		},
		{
			"from": [7.51, 3.84257, -1.41617],
			"to": [8.49, 4.82257, -0.43617],
			"rotation": {"angle": 0, "axis": "x", "origin": [8.49, 3.59757, -1.41617]},
			"faces": {
				"north": {"uv": [4.25, 2, 4.375, 2.125], "texture": "#0"},
				"east": {"uv": [4.25, 2.25, 4.375, 2.375], "texture": "#0"},
				"south": {"uv": [4.25, 4.125, 4.375, 4.25], "texture": "#0"},
				"west": {"uv": [0, 4.375, 0.125, 4.5], "texture": "#0"},
				"up": {"uv": [0.375, 4.5, 0.25, 4.375], "texture": "#0"},
				"down": {"uv": [4.5, 0.25, 4.375, 0.375], "texture": "#0"}
			}
		},
		{
			"from": [7.069, 4.23625, 0.56299],
			"to": [8.931, 5.21625, 2.52299],
			"rotation": {"angle": -22.5, "axis": "x", "origin": [8, 3.99125, 1.54299]},
			"faces": {
				"north": {"uv": [4, 2.875, 4.25, 3], "texture": "#0"},
				"east": {"uv": [4, 3.125, 4.25, 3.25], "texture": "#0"},
				"south": {"uv": [4, 3.375, 4.25, 3.5], "texture": "#0"},
				"west": {"uv": [4, 3.625, 4.25, 3.75], "texture": "#0"},
				"up": {"uv": [0.75, 3.625, 0.5, 3.375], "texture": "#0"},
				"down": {"uv": [3.625, 0.75, 3.375, 1], "texture": "#0"}
			}
		},
		{
			"from": [7.0935, 3.84257, -0.43617],
			"to": [8.9065, 4.82257, 0.54383],
			"rotation": {"angle": 0, "axis": "x", "origin": [8, 3.59757, -0.43617]},
			"faces": {
				"north": {"uv": [1.5, 4.125, 1.75, 4.25], "texture": "#0"},
				"east": {"uv": [4.25, 1, 4.375, 1.125], "texture": "#0"},
				"south": {"uv": [4.125, 1.75, 4.375, 1.875], "texture": "#0"},
				"west": {"uv": [1.25, 4.25, 1.375, 4.375], "texture": "#0"},
				"up": {"uv": [2.625, 4.25, 2.375, 4.125], "texture": "#0"},
				"down": {"uv": [4.375, 2.625, 4.125, 2.75], "texture": "#0"}
			}
		},
		{
			"from": [7.0445, 5.64671, 0.98045],
			"to": [8.9555, 6.62671, 1.96045],
			"rotation": {"angle": 22.5, "axis": "x", "origin": [8, 5.40171, 0.98045]},
			"faces": {
				"north": {"uv": [0.75, 4, 1, 4.125], "texture": "#0"},
				"east": {"uv": [4.25, 0.75, 4.375, 0.875], "texture": "#0"},
				"south": {"uv": [1.125, 4, 1.375, 4.125], "texture": "#0"},
				"west": {"uv": [1, 4.25, 1.125, 4.375], "texture": "#0"},
				"up": {"uv": [4.25, 1.375, 4, 1.25], "texture": "#0"},
				"down": {"uv": [4.25, 1.5, 4, 1.625], "texture": "#0"}
			}
		}
	],
	"gui_light": "front",
	"display": {
		"thirdperson_righthand": {
			"translation": [0, 3, 5],
			"scale": [0.85, 0.85, 0.85]
		},
		"thirdperson_lefthand": {
			"translation": [0, 3, 5],
			"scale": [0.85, 0.85, 0.85]
		},
		"firstperson_righthand": {
			"rotation": [26, 0, 0],
			"translation": [4.5, 3, 0],
			"scale": [0.6, 0.6, 0.6]
		},
		"firstperson_lefthand": {
			"rotation": [26, 25, 0],
			"translation": [1.5, 0, 0],
			"scale": [0.6, 0.6, 0.6]
		},
		"ground": {
			"rotation": [45, 0, 0],
			"scale": [0.25, 0.25, 0.25]
		},
		"gui": {
			"rotation": [111, 45, 89],
			"translation": [1.25, 1, 0],
			"scale": [0.6, -0.6, 0.6]
		},
		"head": {
			"translation": [0, 3.5, -3]
		},
		"fixed": {
			"rotation": [90, -44, 90],
			"translation": [-1.5, 0, -0.5],
			"scale": [0.6, 0.6, 0.6]
		}
	},
	"groups": [0, 1, 2, 3, 4, 5, 6, 7, 8, 9, 10, 11,
		{
			"name": "group",
			"origin": [8, 5.40171, 0.98045],
			"color": 0,
			"children": [12, 13, 14, 15, 16, 17, 18, 19, 20, 21, 22, 23]
		}
	]
}