{
	"textures": {
		"0": "item/cosmetics/handhelds/girlmage"
	},
	"elements": [
		{
			"name": "wand_0",
			"from": [7.71261, -7.12223, 7.29614],
			"to": [8.9126, 12.07777, 8.49614],
			"rotation": {"angle": 0, "axis": "y", "origin": [8, 0.07069, 8]},
			"faces": {
				"north": {"uv": [3.875, 5.0625, 4, 7.0625], "texture": "#0", "tintindex": 0},
				"east": {"uv": [0.6875, 5.1875, 0.8125, 7.1875], "texture": "#0", "tintindex": 0},
				"south": {"uv": [0.875, 5.1875, 1, 7.1875], "texture": "#0", "tintindex": 0},
				"west": {"uv": [2.3125, 5.25, 2.4375, 7.25], "texture": "#0", "tintindex": 0},
				"up": {"uv": [8.1875, 2.875, 8.0625, 2.75], "texture": "#0", "tintindex": 0},
				"down": {"uv": [8.0625, 6.5, 8.1875, 6.625], "texture": "#0", "tintindex": 0}
			}
		},
		{
			"name": "wand_1",
			"from": [7.71261, -8.59877, 5.32224],
			"to": [8.9126, -6.79877, 6.52224],
			"rotation": {"angle": -22.5, "axis": "x", "origin": [11.31261, -1.99877, 7.12224]},
			"faces": {
				"north": {"uv": [2.3125, 7.3125, 2.4375, 7.5], "texture": "#0", "tintindex": 0},
				"east": {"uv": [5.75, 7.4375, 5.875, 7.625], "texture": "#0", "tintindex": 0},
				"south": {"uv": [3.8125, 7.9375, 3.9375, 8.125], "texture": "#0", "tintindex": 0},
				"west": {"uv": [4.75, 7.9375, 4.875, 8.125], "texture": "#0", "tintindex": 0},
				"up": {"uv": [6.875, 8.1875, 6.75, 8.0625], "texture": "#0", "tintindex": 0},
				"down": {"uv": [7.25, 8.0625, 7.375, 8.1875], "texture": "#0", "tintindex": 0}
			}
		},
		{
			"name": "wand_2",
			"from": [8.01261, -10.72098, 9.68484],
			"to": [8.61261, -8.92098, 10.88484],
			"rotation": {"angle": 22.5, "axis": "x", "origin": [11.01261, -4.12098, 11.48484]},
			"faces": {
				"north": {"uv": [1.125, 2.3125, 1.1875, 2.5], "texture": "#0", "tintindex": 0},
				"east": {"uv": [7.9375, 5.375, 8.0625, 5.5625], "texture": "#0", "tintindex": 0},
				"south": {"uv": [1.125, 2.5625, 1.1875, 2.75], "texture": "#0", "tintindex": 0},
				"west": {"uv": [5.4375, 7.9375, 5.5625, 8.125], "texture": "#0", "tintindex": 0},
				"up": {"uv": [4.6875, 0.5625, 4.625, 0.4375], "texture": "#0", "tintindex": 0},
				"down": {"uv": [4.0625, 5.0625, 4.125, 5.1875], "texture": "#0", "tintindex": 0}
			}
		},
		{
			"name": "wand_3",
			"from": [8.31201, -11.0063, 5.32224],
			"to": [8.31201, -9.2063, 6.52224],
			"rotation": {"angle": -22.5, "axis": "x", "origin": [11.61201, -4.4063, 7.12224]},
			"faces": {
				"north": {"uv": [6.75, 8.25, 6.75, 8.4375], "texture": "#0", "tintindex": 0},
				"east": {"uv": [5.625, 7.9375, 5.75, 8.125], "texture": "#0", "tintindex": 0},
				"south": {"uv": [6.8125, 8.25, 6.8125, 8.4375], "texture": "#0", "tintindex": 0},
				"west": {"uv": [7.9375, 5.625, 8.0625, 5.8125], "texture": "#0", "tintindex": 0},
				"up": {"uv": [6.875, 8.375, 6.875, 8.25], "texture": "#0", "tintindex": 0},
				"down": {"uv": [7.25, 8.25, 7.25, 8.375], "texture": "#0", "tintindex": 0}
			}
		},
		{
			"name": "wand_4",
			"from": [7.41261, 11.47777, 6.99614],
			"to": [9.21261, 14.47777, 8.79614],
			"rotation": {"angle": 0, "axis": "y", "origin": [8, 0.07069, 8]},
			"faces": {
				"north": {"uv": [2.125, 7.5625, 2.3125, 7.875], "texture": "#0", "tintindex": 0},
				"east": {"uv": [2.375, 7.5625, 2.5625, 7.875], "texture": "#0", "tintindex": 0},
				"south": {"uv": [3, 7.5625, 3.1875, 7.875], "texture": "#0", "tintindex": 0},
				"west": {"uv": [3.25, 7.5625, 3.4375, 7.875], "texture": "#0", "tintindex": 0},
				"up": {"uv": [5.125, 8.0625, 4.9375, 7.875], "texture": "#0", "tintindex": 0},
				"down": {"uv": [6.3125, 7.875, 6.5, 8.0625], "texture": "#0", "tintindex": 0}
			}
		},
		{
			"name": "wand_5",
			"from": [7.11261, 17.47777, 6.99614],
			"to": [9.51261, 19.87777, 9.39614],
			"rotation": {"angle": 0, "axis": "y", "origin": [8, 0.07069, 8]},
			"faces": {
				"north": {"uv": [5.0625, 7.375, 5.3125, 7.625], "texture": "#0", "tintindex": 0},
				"east": {"uv": [7.375, 5.625, 7.625, 5.875], "texture": "#0", "tintindex": 0},
				"south": {"uv": [5.9375, 7.375, 6.1875, 7.625], "texture": "#0", "tintindex": 0},
				"west": {"uv": [7.4375, 1.1875, 7.6875, 1.4375], "texture": "#0", "tintindex": 0},
				"up": {"uv": [7.6875, 1.75, 7.4375, 1.5], "texture": "#0", "tintindex": 0},
				"down": {"uv": [4, 7.4375, 4.25, 7.6875], "texture": "#0", "tintindex": 0}
			}
		},
		{
			"name": "wand_6",
			"from": [7.11261, 13.13699, 6.9048],
			"to": [9.51261, 14.937, 10.5048],
			"rotation": {"angle": -22.5, "axis": "x", "origin": [8.31261, 15.537, 8.10479]},
			"faces": {
				"north": {"uv": [4.3125, 7.6875, 4.5625, 7.875], "texture": "#0", "tintindex": 0},
				"east": {"uv": [0.75, 7.25, 1.125, 7.4375], "texture": "#0", "tintindex": 0},
				"south": {"uv": [7.6875, 4.3125, 7.9375, 4.5], "texture": "#0", "tintindex": 0},
				"west": {"uv": [2.75, 7.25, 3.125, 7.4375], "texture": "#0", "tintindex": 0},
				"up": {"uv": [4.875, 6.375, 4.625, 6], "texture": "#0", "tintindex": 0},
				"down": {"uv": [0.375, 6.8125, 0.625, 7.1875], "texture": "#0", "tintindex": 0}
			}
		},
		{
			"name": "wand_7",
			"from": [7.41261, 14.48843, 3.73254],
			"to": [9.21261, 16.28843, 5.53254],
			"rotation": {"angle": -45, "axis": "x", "origin": [8.31261, 17.33844, 7.63254]},
			"faces": {
				"north": {"uv": [7.875, 6.75, 8.0625, 6.9375], "texture": "#0", "tintindex": 0},
				"east": {"uv": [7, 7.875, 7.1875, 8.0625], "texture": "#0", "tintindex": 0},
				"south": {"uv": [0, 7.9375, 0.1875, 8.125], "texture": "#0", "tintindex": 0},
				"west": {"uv": [7.9375, 0, 8.125, 0.1875], "texture": "#0", "tintindex": 0},
				"up": {"uv": [8.125, 0.4375, 7.9375, 0.25], "texture": "#0", "tintindex": 0},
				"down": {"uv": [1.5, 7.9375, 1.6875, 8.125], "texture": "#0", "tintindex": 0}
			}
		},
		{
			"name": "wand_8",
			"from": [7.71261, 16.53384, 5.225],
			"to": [8.9126, 17.73384, 6.425],
			"rotation": {"angle": -45, "axis": "x", "origin": [8.01261, 16.38384, 8.375]},
			"faces": {
				"north": {"uv": [8.0625, 7.8125, 8.1875, 7.9375], "texture": "#0", "tintindex": 0},
				"east": {"uv": [8, 8.0625, 8.125, 8.1875], "texture": "#0", "tintindex": 0},
				"south": {"uv": [0.4375, 8.125, 0.5625, 8.25], "texture": "#0", "tintindex": 0},
				"west": {"uv": [0.625, 8.125, 0.75, 8.25], "texture": "#0", "tintindex": 0},
				"up": {"uv": [0.9375, 8.25, 0.8125, 8.125], "texture": "#0", "tintindex": 0},
				"down": {"uv": [8.125, 0.875, 8.25, 1], "texture": "#0", "tintindex": 0}
			}
		},
		{
			"name": "wand_9",
			"from": [8.01261, 17.73384, 5.825],
			"to": [8.61261, 18.33384, 6.425],
			"rotation": {"angle": -45, "axis": "x", "origin": [8.01261, 16.38384, 8.375]},
			"faces": {
				"north": {"uv": [6.9375, 5.625, 7, 5.6875], "texture": "#0", "tintindex": 0},
				"east": {"uv": [7, 1.1875, 7.0625, 1.25], "texture": "#0", "tintindex": 0},
				"south": {"uv": [3.75, 7, 3.8125, 7.0625], "texture": "#0", "tintindex": 0},
				"west": {"uv": [7, 3.75, 7.0625, 3.8125], "texture": "#0", "tintindex": 0},
				"up": {"uv": [2.8125, 7.1875, 2.75, 7.125], "texture": "#0", "tintindex": 0},
				"down": {"uv": [5.0625, 7.125, 5.125, 7.1875], "texture": "#0", "tintindex": 0}
			}
		},
		{
			"name": "wand_10",
			"from": [7.41261, 14.47158, 9.10415],
			"to": [9.21261, 15.67157, 12.10415],
			"rotation": {"angle": -45, "axis": "x", "origin": [7.71261, 16.57158, 10.30415]},
			"faces": {
				"north": {"uv": [5.8125, 7.9375, 6, 8.0625], "texture": "#0", "tintindex": 0},
				"east": {"uv": [4.25, 0.4375, 4.5625, 0.5625], "texture": "#0", "tintindex": 0},
				"south": {"uv": [7.9375, 5.875, 8.125, 6], "texture": "#0", "tintindex": 0},
				"west": {"uv": [4.9375, 7.6875, 5.25, 7.8125], "texture": "#0", "tintindex": 0},
				"up": {"uv": [3.9375, 7.875, 3.75, 7.5625], "texture": "#0", "tintindex": 0},
				"down": {"uv": [4.6875, 7.5625, 4.875, 7.875], "texture": "#0", "tintindex": 0}
			}
		},
		{
			"name": "wand_11",
			"from": [7.71261, 16.35944, 11.86187],
			"to": [8.9126, 18.75945, 13.06187],
			"rotation": {"angle": 0, "axis": "y", "origin": [8, 0.07069, 8]},
			"faces": {
				"north": {"uv": [4.875, 4.3125, 5, 4.5625], "texture": "#0", "tintindex": 0},
				"east": {"uv": [5.0625, 0, 5.1875, 0.25], "texture": "#0", "tintindex": 0},
				"south": {"uv": [0.5, 5.375, 0.625, 5.625], "texture": "#0", "tintindex": 0},
				"west": {"uv": [6.125, 1.375, 6.25, 1.625], "texture": "#0", "tintindex": 0},
				"up": {"uv": [7.5625, 8.1875, 7.4375, 8.0625], "texture": "#0", "tintindex": 0},
				"down": {"uv": [8.0625, 7.4375, 8.1875, 7.5625], "texture": "#0", "tintindex": 0}
			}
		},
		{
			"name": "wand_12",
			"from": [7.71261, 18.72425, 12.58495],
			"to": [8.9126, 21.12425, 13.78495],
			"rotation": {"angle": -22.5, "axis": "x", "origin": [8.31261, 16.92425, 13.33495]},
			"faces": {
				"north": {"uv": [3.6875, 6.5625, 3.8125, 6.8125], "texture": "#0", "tintindex": 0},
				"east": {"uv": [5.5625, 6.625, 5.6875, 6.875], "texture": "#0", "tintindex": 0},
				"south": {"uv": [1.625, 7.1875, 1.75, 7.4375], "texture": "#0", "tintindex": 0},
				"west": {"uv": [6.5625, 7.875, 6.6875, 8.125], "texture": "#0", "tintindex": 0},
				"up": {"uv": [8.1875, 7.75, 8.0625, 7.625], "texture": "#0", "tintindex": 0},
				"down": {"uv": [7.8125, 8.0625, 7.9375, 8.1875], "texture": "#0", "tintindex": 0}
			}
		},
		{
			"name": "wand_13",
			"from": [8.01261, 22.52198, 15.27394],
			"to": [8.61261, 25.52198, 16.47394],
			"rotation": {"angle": -45, "axis": "x", "origin": [7.71261, 16.52198, 16.17394]},
			"faces": {
				"north": {"uv": [1.125, 1.5625, 1.1875, 1.875], "texture": "#0", "tintindex": 0},
				"east": {"uv": [0.9375, 3, 1.0625, 3.3125], "texture": "#0", "tintindex": 0},
				"south": {"uv": [1.125, 1.9375, 1.1875, 2.25], "texture": "#0", "tintindex": 0},
				"west": {"uv": [0.9375, 3.375, 1.0625, 3.6875], "texture": "#0", "tintindex": 0},
				"up": {"uv": [1.125, 5.3125, 1.0625, 5.1875], "texture": "#0", "tintindex": 0},
				"down": {"uv": [5.1875, 3.375, 5.25, 3.5], "texture": "#0", "tintindex": 0}
			}
		},
		{
			"name": "wand_14",
			"from": [8.31261, 23.6, 12.96277],
			"to": [8.31261, 26, 14.16277],
			"rotation": {"angle": -22.5, "axis": "x", "origin": [6.81261, 13.4, 14.46277]},
			"faces": {
				"north": {"uv": [7.3125, 8.25, 7.3125, 8.5], "texture": "#0", "tintindex": 0},
				"east": {"uv": [2.375, 7.9375, 2.5, 8.1875], "texture": "#0", "tintindex": 0},
				"south": {"uv": [7.375, 8.25, 7.375, 8.5], "texture": "#0", "tintindex": 0},
				"west": {"uv": [2.875, 7.9375, 3, 8.1875], "texture": "#0", "tintindex": 0},
				"up": {"uv": [7.4375, 8.375, 7.4375, 8.25], "texture": "#0", "tintindex": 0},
				"down": {"uv": [8.25, 7.4375, 8.25, 7.5625], "texture": "#0", "tintindex": 0}
			}
		}
	],
	"display": {
		"thirdperson_righthand": {
			"rotation": [38, 0, -1],
			"translation": [0, 4.25, 4.75],
			"scale": [1.2, 1.2, 1.2]
		}
	},
	"groups": [
		{
			"name": "group",
			"origin": [6.81261, 13.4, 14.46277],
			"color": 0,
			"boneType": "",
			"children": [0, 1, 2, 3, 4, 5, 6, 7, 8, 9, 10, 11, 12, 13, 14]
		}
	]
}