{
 "parent": "item/handheld",
 "textures": {
  "layer0": "item/blaze_rod"
 },

 "overrides": [
  { "predicate": {"custom_model_data": 100003}, "model": "minefun/cosmetics/crate_cosmetics/egypt_crate/serpent_wand"},
  { "predicate": {"custom_model_data": 100005}, "model": "minefun/cosmetics/crate_cosmetics/egypt_crate/serpent_wand"},  
  { "predicate": {"custom_model_data": 100006}, "model": "minefun/cosmetics/crate_cosmetics/bosses/magic_book"},  
  { "predicate": {"custom_model_data": 100007}, "model": "minefun/cosmetics/crate_cosmetics/harrypotter21_crate/elder_wand"},
  
  { "predicate": {"custom_model_data": 100008}, "model": "minefun/cosmetics/crate_cosmetics/halloween21_crate/witch_wand"},
  
  { "predicate": {"custom_model_data": 100009}, "model": "minefun/cosmetics/crate_cosmetics/ocean21_crate/atlantis_staff"},
  { "predicate": {"custom_model_data": 100010}, "model": "minefun/cosmetics/crate_cosmetics/ocean21_crate/atlantis_staff_2"},

  { "predicate": {"custom_model_data": 100011}, "model": "minefun/cosmetics/crate_cosmetics/valentine20_crate/staff"},
  
  { "predicate": {"custom_model_data": 100012}, "model": "minefun/cosmetics/crate_cosmetics/frost22_crate/animation"},
  
  { "predicate": {"custom_model_data": 100013}, "model": "minefun/cosmetics/handhelds/witchwand"},
  { "predicate": {"custom_model_data": 100014}, "model": "minefun/crates/fantasy23_crate/staff"},
  { "predicate": {"custom_model_data": 100015}, "model": "minefun/cosmetics/crate_cosmetics/easter21_crate/egglauncher1"}
  
 ]

 
}