{
    "parent": "item/generated",
    "textures": {
        "layer0": "item/bow"
    },
    "display": {
        "thirdperson_righthand": {
            "rotation": [ -80, 260, -40 ],
            "translation": [ -1, -2, 2.5 ],
            "scale": [ 0.9, 0.9, 0.9 ]
        },
        "thirdperson_lefthand": {
            "rotation": [ -80, -280, 40 ],
            "translation": [ -1, -2, 2.5 ],
            "scale": [ 0.9, 0.9, 0.9 ]
        },
        "firstperson_righthand": {
            "rotation": [ 0, -90, 25 ],
            "translation": [ 1.13, 3.2, 1.13],
            "scale": [ 0.68, 0.68, 0.68 ]
        },
        "firstperson_lefthand": {
            "rotation": [ 0, 90, -25 ],
            "translation": [ 1.13, 3.2, 1.13],
            "scale": [ 0.68, 0.68, 0.68 ]
        }
    },
    "overrides": [
				{ "predicate": {"pulling":1}, "model": "item/bow_pulling_0"},
				{ "predicate": {"pulling":1, "pull": 0.65}, "model": "item/bow_pulling_1"},
				{ "predicate": {"pulling":1, "pull": 0.9}, "model": "item/bow_pulling_2"},
				
				{"predicate": {"custom_model_data": 100001},"model": "minefun/cosmetics/crate_cosmetics/magic_crate/crystal_bow"},
				{"predicate": {"custom_model_data": 100001,"pulling": 1},"model": "minefun/cosmetics/crate_cosmetics/magic_crate/crystal_bow1"},
				{"predicate": {"custom_model_data": 100001,"pulling": 1,"pull": 0.65},"model": "minefun/cosmetics/crate_cosmetics/magic_crate/crystal_bow2"},
				{"predicate": {"custom_model_data": 100001,"pulling": 1,"pull": 0.9},"model": "minefun/cosmetics/crate_cosmetics/magic_crate/crystal_bow3"},

				{"predicate": {"custom_model_data": 100002},"model": "minefun/cosmetics/crate_cosmetics/thanksgiving20_crate/nativebow"},
				{"predicate": {"custom_model_data": 100002,"pulling": 1},"model": "minefun/cosmetics/crate_cosmetics/thanksgiving20_crate/nativebowdraw1"},
				{"predicate": {"custom_model_data": 100002,"pulling": 1,"pull": 0.65},"model": "minefun/cosmetics/crate_cosmetics/thanksgiving20_crate/nativebowdraw2"},
				{"predicate": {"custom_model_data": 100002,"pulling": 1,"pull": 0.9},"model": "minefun/cosmetics/crate_cosmetics/thanksgiving20_crate/nativebowdraw3"},

				{"predicate": {"custom_model_data": 100003},"model": "minefun/cosmetics/crate_cosmetics/christmas21_crate/santabow"},
				{"predicate": {"custom_model_data": 100003,"pulling": 1},"model": "minefun/cosmetics/crate_cosmetics/christmas21_crate/santabow_draw1"},
				{"predicate": {"custom_model_data": 100003,"pulling": 1,"pull": 0.65},"model": "minefun/cosmetics/crate_cosmetics/christmas21_crate/santabow_draw2"},
				{"predicate": {"custom_model_data": 100003,"pulling": 1,"pull": 0.9},"model": "minefun/cosmetics/crate_cosmetics/christmas21_crate/santabow_draw3"},
				
				{"predicate": {"custom_model_data": 100010},"model": "minefun/cosmetics/crate_cosmetics/pokemon21_crate/charizard_bow"},
				{"predicate": {"custom_model_data": 100010,"pulling": 1},"model": "minefun/cosmetics/crate_cosmetics/pokemon21_crate/charizard_bow1"},
				{"predicate": {"custom_model_data": 100010,"pulling": 1,"pull": 0.65},"model": "minefun/cosmetics/crate_cosmetics/pokemon21_crate/charizard_bow2"},
				{"predicate": {"custom_model_data": 100010,"pulling": 1,"pull": 0.9},"model": "minefun/cosmetics/crate_cosmetics/pokemon21_crate/charizard_bow3"},

				{ "predicate": {"custom_model_data": 100012}, "model": "minefun/cosmetics/crate_cosmeticsmythical/mythical_bow"},
				{ "predicate": {"custom_model_data": 100012, "pulling":1}, "model": "minefun/cosmetics/crate_cosmeticsmythical/mythical_bow1"},
				{ "predicate": {"custom_model_data": 100012, "pulling":1, "pull": 0.65}, "model": "minefun/cosmetics/crate_cosmeticsmythical/mythical_bow2"},
				{ "predicate": {"custom_model_data": 100012, "pulling":1, "pull": 0.9}, "model": "minefun/cosmetics/crate_cosmeticsmythical/mythical_bow3"},

				{ "predicate": {"custom_model_data": 100013}, "model": "minefun/cosmetics/crate_cosmetics/anime21_crate/fate_bow_0"},
				{ "predicate": {"custom_model_data": 100013, "pulling":1}, "model": "minefun/cosmetics/crate_cosmetics/anime21_crate/fate_bow_1"},
				{ "predicate": {"custom_model_data": 100013, "pulling":1, "pull": 0.65}, "model": "minefun/cosmetics/crate_cosmetics/anime21_crate/fate_bow_2"},
				{ "predicate": {"custom_model_data": 100013, "pulling":1, "pull": 0.9}, "model": "minefun/cosmetics/crate_cosmetics/anime21_crate/fate_bow_3"},

				{"predicate": {"custom_model_data": 100014},"model": "minefun/cosmetics/crate_cosmetics/christmas21_crate/frostbow"},
				{"predicate": {"custom_model_data": 100014,"pulling": 1},"model": "minefun/cosmetics/crate_cosmetics/christmas21_crate/frostbow_0"},
				{"predicate": {"custom_model_data": 100014,"pulling": 1,"pull": 0.65},"model": "minefun/cosmetics/crate_cosmetics/christmas21_crate/frostbow_1"},
				{"predicate": {"custom_model_data": 100014,"pulling": 1,"pull": 0.9},"model": "minefun/cosmetics/crate_cosmetics/christmas21_crate/frostbow_2"},


				{"predicate": {"custom_model_data": 100015},"model": "minefun/cosmetics/crate_cosmetics/valentines22_crate/cupidbow"},
				{"predicate": {"custom_model_data": 100015,"pulling": 1},"model": "minefun/cosmetics/crate_cosmetics/valentines22_crate/cupidbow_pulling_0"},
				{"predicate": {"custom_model_data": 100015,"pulling": 1,"pull": 0.65},"model": "minefun/cosmetics/crate_cosmetics/valentines22_crate/cupidbow_pulling_1"},
				{"predicate": {"custom_model_data": 100015,"pulling": 1,"pull": 0.9},"model": "minefun/cosmetics/crate_cosmetics/valentines22_crate/cupidbow_pulling_2"},
				
				{"predicate": {"custom_model_data": 100016},"model": "minefun/cosmetics/crate_cosmetics/steampunk22_crate/steampunk_bow_0"},
				{"predicate": {"custom_model_data": 100016,"pulling": 1},"model": "minefun/cosmetics/crate_cosmetics/steampunk22_crate/steampunk_bow_1"},
				{"predicate": {"custom_model_data": 100016,"pulling": 1,"pull": 0.65},"model": "minefun/cosmetics/crate_cosmetics/steampunk22_crate/steampunk_bow_2"},
				{"predicate": {"custom_model_data": 100016,"pulling": 1,"pull": 0.9},"model": "minefun/cosmetics/crate_cosmetics/steampunk22_crate/steampunk_bow_3"},

				{"predicate": {"custom_model_data": 100017},"model": "minefun/cosmetics/handhelds/warden/warden_bow"},
				{"predicate": {"custom_model_data": 100017,"pulling": 1},"model": "minefun/cosmetics/handhelds/warden/warden_bow_pulling_0"},
				{"predicate": {"custom_model_data": 100017,"pulling": 1,"pull": 0.65},"model": "minefun/cosmetics/handhelds/warden/warden_bow_pulling_1"},	
				
				{"predicate": {"custom_model_data": 100018},"model": "minefun/crates/dragon22_crate/bow"},
				{"predicate": {"custom_model_data": 100018,"pulling": 1},"model": "minefun/crates/dragon22_crate/bow0"},
				{"predicate": {"custom_model_data": 100018,"pulling": 1,"pull": 0.65},"model": "minefun/crates/dragon22_crate/bow1"},
				{"predicate": {"custom_model_data": 100018,"pulling": 1,"pull": 0.9},"model": "minefun/crates/dragon22_crate/bow2"},

				{"predicate": {"custom_model_data": 100019},"model": "minefun/crates/fantasy23_crate/bow"},
				{"predicate": {"custom_model_data": 100019,"pulling": 1},"model": "minefun/crates/fantasy23_crate/bow_0"},
				{"predicate": {"custom_model_data": 100019,"pulling": 1,"pull": 0.65},"model": "minefun/crates/fantasy23_crate/bow_1"},
				{"predicate": {"custom_model_data": 100019,"pulling": 1,"pull": 0.9},"model": "minefun/crates/fantasy23_crate/bow_2"},

				{"predicate": {"custom_model_data": 100020},"model": "minefun/crates/valentines23_crate/valentine_bow"},
				{"predicate": {"custom_model_data": 100020,"pulling": 1},"model": "minefun/crates/valentines23_crate/valentine_bow_pulling_0"},
				{"predicate": {"custom_model_data": 100020,"pulling": 1,"pull": 0.65},"model": "minefun/crates/valentines23_crate/valentine_bow_pulling_1"},
				{"predicate": {"custom_model_data": 100020,"pulling": 1,"pull": 0.9},"model": "minefun/crates/valentines23_crate/valentine_bow_pulling_2"},

				{"predicate": {"custom_model_data": 100021},"model": "minefun/crates/dark23_crate/bow"},
				{"predicate": {"custom_model_data": 100021,"pulling": 1},"model": "minefun/crates/dark23_crate/bow_0"},
				{"predicate": {"custom_model_data": 100021,"pulling": 1,"pull": 0.65},"model": "minefun/crates/dark23_crate/bow_1"},
				{"predicate": {"custom_model_data": 100021,"pulling": 1,"pull": 0.9},"model": "minefun/crates/dark23_crate/bow_2"},

				{"predicate": {"custom_model_data": 100022},"model": "minefun/crates/light23_crate/bow"},
				{"predicate": {"custom_model_data": 100022,"pulling": 1},"model": "minefun/crates/light23_crate/bow_0"},
				{"predicate": {"custom_model_data": 100022,"pulling": 1,"pull": 0.65},"model": "minefun/crates/light23_crate/bow_1"},
				{"predicate": {"custom_model_data": 100022,"pulling": 1,"pull": 0.9},"model": "minefun/crates/light23_crate/bow_2"},						

				{"predicate": {"custom_model_data": 100023},"model": "minefun/crates/easter23_crate/bow"},
				{"predicate": {"custom_model_data": 100023,"pulling": 1},"model": "minefun/crates/easter23_crate/bow_0"},
				{"predicate": {"custom_model_data": 100023,"pulling": 1,"pull": 0.65},"model": "minefun/crates/easter23_crate/bow_1"},
				{"predicate": {"custom_model_data": 100023,"pulling": 1,"pull": 0.9},"model": "minefun/crates/easter23_crate/bow_2"},						

				{"predicate": {"custom_model_data": 100024},"model": "minefun/crates/space23_crate/galactic/bow"},
				{"predicate": {"custom_model_data": 100024,"pulling": 1},"model": "minefun/crates/space23_crate/galactic/bow_0"},
				{"predicate": {"custom_model_data": 100024,"pulling": 1,"pull": 0.65},"model": "minefun/crates/space23_crate/galactic/bow_1"},
				{"predicate": {"custom_model_data": 100024,"pulling": 1,"pull": 0.9},"model": "minefun/crates/space23_crate/galactic/bow_2"},						

				{"predicate": {"custom_model_data": 100025},"model": "minefun/crates/space23_crate/cyber/bow"},
				{"predicate": {"custom_model_data": 100025,"pulling": 1},"model": "minefun/crates/space23_crate/cyber/bow_0"},
				{"predicate": {"custom_model_data": 100025,"pulling": 1,"pull": 0.65},"model": "minefun/crates/space23_crate/cyber/bow_1"},
				{"predicate": {"custom_model_data": 100025,"pulling": 1,"pull": 0.9},"model": "minefun/crates/space23_crate/cyber/bow_2"},						

				{"predicate": {"custom_model_data": 100026},"model": "minefun/crates/space23_crate/cyber/red/bow"},
				{"predicate": {"custom_model_data": 100026,"pulling": 1},"model": "minefun/crates/space23_crate/cyber/red/bow_0"},
				{"predicate": {"custom_model_data": 100026,"pulling": 1,"pull": 0.65},"model": "minefun/crates/space23_crate/cyber/red/bow_1"},
				{"predicate": {"custom_model_data": 100026,"pulling": 1,"pull": 0.9},"model": "minefun/crates/space23_crate/cyber/red/bow_2"},						

				{"predicate": {"custom_model_data": 100027},"model": "minefun/crates/pride23_crate/rainbow_bow"},
				{"predicate": {"custom_model_data": 100027,"pulling": 1},"model": "minefun/crates/pride23_crate/rainbow_bow_0"},
				{"predicate": {"custom_model_data": 100027,"pulling": 1,"pull": 0.65},"model": "minefun/crates/pride23_crate/rainbow_bow_1"},
				{"predicate": {"custom_model_data": 100027,"pulling": 1,"pull": 0.9},"model": "minefun/crates/pride23_crate/rainbow_bow_2"},						

				{"predicate": {"custom_model_data": 100028},"model": "minefun/crates/summer23_crate/oceanic_bow_standby"},
				{"predicate": {"custom_model_data": 100028,"pulling": 1},"model": "minefun/crates/summer23_crate/oceanic_bow_pulling_0"},
				{"predicate": {"custom_model_data": 100028,"pulling": 1,"pull": 0.65},"model": "minefun/crates/summer23_crate/oceanic_bow_pulling_1"},
				{"predicate": {"custom_model_data": 100028,"pulling": 1,"pull": 0.9},"model": "minefun/crates/summer23_crate/oceanic_bow_pulling_2"}											
    ]
}
