{
  "parent": "minecraft:block/orientable",
  "textures": {
    "top": "minecraft:block/pumpkin_top",
    "front": "minecraft:block/carved_pumpkin",
    "side": "minecraft:block/pumpkin_side"
 },

 "overrides": [
		{ "predicate": {"custom_model_data": 100003}, "model": "minefun/cosmetics/crate_cosmetics/egypt_crate/pharaoh_mask"},

		{ "predicate": {"custom_model_data": 100008}, "model": "minefun/cosmetics/crate_cosmetics/ancient/ancient_helmet"},
		{ "predicate": {"custom_model_data": 100009}, "model": "minefun/cosmetics/crate_cosmetics/legendary/legendary_helmet"},
		{ "predicate": {"custom_model_data": 100010}, "model": "minefun/cosmetics/crate_cosmetics/mythical/mythical_helmet"},
		
		{ "predicate": {"custom_model_data": 100011}, "model": "minefun/cosmetics/crate_cosmetics/anime21_crate/naruto_headband"},
		{ "predicate": {"custom_model_data": 100012}, "model": "minefun/cosmetics/hats/valentinesbear"},
		
		{ "predicate": {"custom_model_data": 100013}, "model": "minefun/cosmetics/crate_cosmetics/mayor/tophat"},
		{ "predicate": {"custom_model_data": 100014}, "model": "minefun/cosmetics/hats/emerald_helmet"},
		{ "predicate": {"custom_model_data": 100015}, "model": "minefun/cosmetics/crate_cosmetics/easter21_crate/bunnyhead"},
		{ "predicate": {"custom_model_data": 100016}, "model": "minefun/cosmetics/hats/fishing_hat"},		
  
				{ "predicate": {"custom_model_data": 100017}, "model": "minefun/items/monsterisland/godly/ares_helmet"}

 ]

 
}