{
  "parent": "minecraft:item/generated",
  "textures": {
    "layer0": "minecraft:item/cooked_salmon"
  },
  "overrides": [
				{ "predicate": {"custom_model_data": 100001}, "model": "minefun/fishing/common/blue_tang"},
				{ "predicate": {"custom_model_data": 100002}, "model": "minefun/fishing/common/eel"},
				{ "predicate": {"custom_model_data": 100003}, "model": "minefun/fishing/common/gold_fish"},
				{ "predicate": {"custom_model_data": 100004}, "model": "minefun/fishing/common/redstone_crab"},
				{ "predicate": {"custom_model_data": 100005}, "model": "minefun/fishing/common/seahorse"},
				{ "predicate": {"custom_model_data": 100006}, "model": "minefun/fishing/common/squid"},
				{ "predicate": {"custom_model_data": 100007}, "model": "minefun/fishing/common/starfish"},				
				{ "predicate": {"custom_model_data": 100008}, "model": "minefun/fishing/common/barbus"},				
				{ "predicate": {"custom_model_data": 100009}, "model": "minefun/fishing/common/sardine"},				
				{ "predicate": {"custom_model_data": 100010}, "model": "minefun/fishing/common/greenfish"},				
				{ "predicate": {"custom_model_data": 100011}, "model": "minefun/fishing/common/platy"},				
				{ "predicate": {"custom_model_data": 100012}, "model": "minefun/fishing/common/piranha"},				
				{ "predicate": {"custom_model_data": 100013}, "model": "minefun/fishing/common/redwagtail"},				
				{ "predicate": {"custom_model_data": 100014}, "model": "minefun/fishing/common/clownfish"},				
				{ "predicate": {"custom_model_data": 100015}, "model": "minefun/fishing/common/goldfish"},				
				
				{ "predicate": {"custom_model_data": 200001}, "model": "minefun/fishing/rare/diamond_fish"},
				{ "predicate": {"custom_model_data": 200002}, "model": "minefun/fishing/rare/honey_jellyfish"},
				{ "predicate": {"custom_model_data": 200003}, "model": "minefun/fishing/rare/mantaray"},
				{ "predicate": {"custom_model_data": 200004}, "model": "minefun/fishing/rare/prismarine_fish"},
				{ "predicate": {"custom_model_data": 200005}, "model": "minefun/fishing/rare/skeleton_fish"},
				{ "predicate": {"custom_model_data": 200006}, "model": "minefun/fishing/rare/eagleray"},
				{ "predicate": {"custom_model_data": 200007}, "model": "minefun/fishing/rare/pumpkinseahorse"},
				{ "predicate": {"custom_model_data": 200008}, "model": "minefun/fishing/rare/octopus"},
				{ "predicate": {"custom_model_data": 200009}, "model": "minefun/fishing/rare/shark"},
				{ "predicate": {"custom_model_data": 200010}, "model": "minefun/fishing/rare/silverdollar"},
				{ "predicate": {"custom_model_data": 200011}, "model": "minefun/fishing/rare/moorishidol"},
				{ "predicate": {"custom_model_data": 200012}, "model": "minefun/fishing/rare/bettafish"},

				
				{ "predicate": {"custom_model_data": 300001}, "model": "minefun/fishing/legendary/amathyst_anglerfish"},
				{ "predicate": {"custom_model_data": 300002}, "model": "minefun/fishing/legendary/ender_clam"},
				{ "predicate": {"custom_model_data": 300003}, "model": "minefun/fishing/legendary/rainbow_koi"},
				{ "predicate": {"custom_model_data": 300004}, "model": "minefun/fishing/legendary/chickenlegfish"},
				{ "predicate": {"custom_model_data": 300005}, "model": "minefun/fishing/legendary/ancientfish"},
				{ "predicate": {"custom_model_data": 300006}, "model": "minefun/fishing/legendary/cyberfish"},
				{ "predicate": {"custom_model_data": 300007}, "model": "minefun/fishing/legendary/dragonfish"},
				{ "predicate": {"custom_model_data": 300008}, "model": "minefun/fishing/legendary/lightningeel"},
				{ "predicate": {"custom_model_data": 300009}, "model": "minefun/fishing/legendary/xmasshrimp"},
				{ "predicate": {"custom_model_data": 300010}, "model": "minefun/fishing/legendary/heartfish"},
				
				{ "predicate": {"custom_model_data": 300011}, "model": "minefun/fishing/legendary/starwars/greencrystal"},
				{ "predicate": {"custom_model_data": 300012}, "model": "minefun/fishing/legendary/starwars/bluecrystal"},
				{ "predicate": {"custom_model_data": 300013}, "model": "minefun/fishing/legendary/starwars/redcrystal"},
				{ "predicate": {"custom_model_data": 300014}, "model": "minefun/fishing/legendary/starwars/purplecrystal"}


  ]
}