{
 "parent": "item/handheld",
 "textures": {
  "layer0": "item/diamond_helmet"
 },

 "overrides": [
  { "predicate": {"custom_model_data": 100010}, "model": "minefun/cosmetics/crate_cosmetics/stpatrick21_crate/stpatrick_helmet"},
  { "predicate": {"custom_model_data": 100011}, "model": "minefun/cosmetics/crate_cosmetics/steampunk22_crate/helmet"},
  { "predicate": {"custom_model_data": 100012}, "model": "minefun/cosmetics/crate_cosmetics/pirate22_crate/helmet"},
  { "predicate": {"custom_model_data": 100013}, "model": "minefun/cosmetics/crate_cosmetics/summer22_crate/helmet"},
  { "predicate": {"custom_model_data": 100014}, "model": "minefun/crates/summer23_crate/helmet"},
  { "predicate": {"custom_model_data": 100015}, "model": "minefun/crates/freedom23_crate/helmet"},
  { "predicate": {"custom_model_data": 100016}, "model": "minefun/crates/turtle23_crate/helmet"}

 ]

 
}