{
 "parent": "item/handheld",
 "textures": {
  "layer0": "item/diamond_sword"
 },

 "overrides": [
			    { "predicate": {"custom_model_data": 100001}, "model": "minefun/cosmetics/crate_cosmetics/magic_crate/magical_ice_sword"},
			    { "predicate": {"custom_model_data": 100002}, "model": "minefun/cosmetics/crate_cosmetics/egypt_crate/pharaoh_sword_2"},
			    { "predicate": {"custom_model_data": 100003}, "model": "minefun/cosmetics/crate_cosmetics/egypt_crate/serpent_wand"},
			    { "predicate": {"custom_model_data": 100004}, "model": "minefun/cosmetics/crate_cosmetics/boss_weapons/boss_weapon"},
			    { "predicate": {"custom_model_data": 100005}, "model": "minefun/cosmetics/crate_cosmetics/halloween_crate/deer_scythe"},
			    { "predicate": {"custom_model_data": 100006}, "model": "minefun/cosmetics/crate_cosmetics/stpatrick21_crate/sword"},    
			    { "predicate": {"custom_model_data": 100007}, "model": "minefun/cosmetics/crate_cosmetics/easter21_crate/carrotsword"},  
				{ "predicate": {"custom_model_data": 100008}, "model": "minefun/cosmetics/crate_cosmetics/newyear20_crate/sword"},								
			    { "predicate": {"custom_model_data": 100021}, "model": "minefun/cosmetics/crate_cosmetics/pokemon21_crate/groudon_sword"},  
			    { "predicate": {"custom_model_data": 100022}, "model": "minefun/cosmetics/crate_cosmetics/chinese21_crate/chinese_fortune_dao"},   
  
				{ "predicate": {"custom_model_data": 100023}, "model": "minefun/cosmetics/crate_cosmetics/bosses/mecha_sword"},
				{ "predicate": {"custom_model_data": 100025}, "model": "minefun/cosmetics/crate_cosmetics/bosses/heroic_sword"},				
				{ "predicate": {"custom_model_data": 100026}, "model": "minefun/cosmetics/crate_cosmetics/bosses/water_scythe"},
				{ "predicate": {"custom_model_data": 100027}, "model": "minefun/cosmetics/crate_cosmetics/harrypotter21_crate/gordic_sword"},
				
				{ "predicate": {"custom_model_data": 100030}, "model": "minefun/cosmetics/crate_cosmetics/ancient/ancient_sword"},
				{ "predicate": {"custom_model_data": 100031}, "model": "minefun/cosmetics/crate_cosmetics/legendary/legendary_sword"},
				{ "predicate": {"custom_model_data": 100032}, "model": "minefun/cosmetics/crate_cosmetics/mythical/mythical_sword"},   
 
				{ "predicate": {"custom_model_data": 100034}, "model": "minefun/items/weapons/halberd"},					
				{ "predicate": {"custom_model_data": 100035}, "model": "minefun/cosmetics/crate_cosmetics/anime21_crate/yoru"},	

				{ "predicate": {"custom_model_data": 100036}, "model": "minefun/cosmetics/crate_cosmetics/christmas21_crate/frostsword"},
				
				{ "predicate": {"custom_model_data": 100037}, "model": "minefun/cosmetics/crate_cosmetics/valentines22_crate/heart_sword"},
  
  				{ "predicate": {"custom_model_data": 100038}, "model": "minefun/cosmetics/crate_cosmetics/mayor/cane"},

  				{ "predicate": {"custom_model_data": 100039}, "model": "minefun/cosmetics/crate_cosmetics/steampunk22_crate/scythe_t1"},
  				{ "predicate": {"custom_model_data": 100040}, "model": "minefun/cosmetics/crate_cosmetics/steampunk22_crate/scythe_t2"},
  				{ "predicate": {"custom_model_data": 100041}, "model": "minefun/cosmetics/crate_cosmetics/steampunk22_crate/scythe_t3"},
  				{ "predicate": {"custom_model_data": 100042}, "model": "minefun/cosmetics/crate_cosmetics/steampunk22_crate/steampunk_sword"},

  				{ "predicate": {"custom_model_data": 100043}, "model": "minefun/cosmetics/crate_cosmetics/starwars22_bundle/blue_lightsaber"},
  				{ "predicate": {"custom_model_data": 100044}, "model": "minefun/cosmetics/crate_cosmetics/starwars22_bundle/green_lightsaber"},				
  				{ "predicate": {"custom_model_data": 100045}, "model": "minefun/cosmetics/crate_cosmetics/starwars22_bundle/purple_lightsaber"},
  				{ "predicate": {"custom_model_data": 100046}, "model": "minefun/cosmetics/crate_cosmetics/starwars22_bundle/red_lightsaber"},				
  				{ "predicate": {"custom_model_data": 100047}, "model": "minefun/cosmetics/crate_cosmetics/starwars22_bundle/kylo_lightsaber"},
				
				{ "predicate": {"custom_model_data": 100048}, "model": "minefun/cosmetics/crate_cosmetics/ocean21_crate/sea_serpent_scythe"},				

				{ "predicate": {"custom_model_data": 100049}, "model": "minefun/cosmetics/crate_cosmetics/pirate22_crate/cutlass"},	
  				{ "predicate": {"custom_model_data": 100050}, "model": "minefun/cosmetics/crate_cosmetics/summer22_crate/icecream"},			
  				{ "predicate": {"custom_model_data": 100051}, "model": "minefun/cosmetics/crate_cosmetics/summer22_crate/longicecream"},

  				{ "predicate": {"custom_model_data": 100052}, "model": "minefun/cosmetics/crate_cosmetics/frost22_crate/sword"},		

  				{ "predicate": {"custom_model_data": 100053}, "model": "minefun/cosmetics/handhelds/warden/warden_sword"},
				{ "predicate": {"custom_model_data": 100054}, "model": "minefun/crates/dragon22_crate/sword"},
				{ "predicate": {"custom_model_data": 100055}, "model": "minefun/crates/fantasy23_crate/sword"},
				{ "predicate": {"custom_model_data": 100056}, "model": "minefun/crates/fantasy23_crate/knife"},
				{ "predicate": {"custom_model_data": 100057}, "model": "minefun/crates/fantasy23_crate/scythe"},
				{ "predicate": {"custom_model_data": 100058}, "model": "minefun/crates/valentines23_crate/valentinescythe"},
				{ "predicate": {"custom_model_data": 100059}, "model": "minefun/crates/valentines23_crate/valentine_sword"},
				{ "predicate": {"custom_model_data": 100060}, "model": "minefun/cosmetics/handhelds/tiger_tooth_dagger"},
				
				{ "predicate": {"custom_model_data": 100061}, "model": "minefun/crates/dark23_crate/bigsword"},
				{ "predicate": {"custom_model_data": 100062}, "model": "minefun/crates/dark23_crate/dagger"},
				{ "predicate": {"custom_model_data": 100063}, "model": "minefun/crates/dark23_crate/katana"},
				{ "predicate": {"custom_model_data": 100064}, "model": "minefun/crates/dark23_crate/sickle"},
				{ "predicate": {"custom_model_data": 100065}, "model": "minefun/crates/dark23_crate/spear"},
				{ "predicate": {"custom_model_data": 100066}, "model": "minefun/crates/dark23_crate/sword"},
				
				{ "predicate": {"custom_model_data": 100067}, "model": "minefun/crates/light23_crate/bigsword"},
				{ "predicate": {"custom_model_data": 100068}, "model": "minefun/crates/light23_crate/dagger"},
				{ "predicate": {"custom_model_data": 100069}, "model": "minefun/crates/light23_crate/katana"},
				{ "predicate": {"custom_model_data": 100070}, "model": "minefun/crates/light23_crate/sickle"},
				{ "predicate": {"custom_model_data": 100071}, "model": "minefun/crates/light23_crate/spear"},
				{ "predicate": {"custom_model_data": 100072}, "model": "minefun/crates/light23_crate/sword"},
				
				{ "predicate": {"custom_model_data": 100073}, "model": "minefun/items/weapons/eaglesword"},
				{ "predicate": {"custom_model_data": 100074}, "model": "minefun/items/weapons/meowmi_sword"},
				{ "predicate": {"custom_model_data": 100075}, "model": "minefun/items/weapons/soul_scythe"},
				
				{ "predicate": {"custom_model_data": 100076}, "model": "minefun/crates/easter23_crate/greatsword"},
				{ "predicate": {"custom_model_data": 100077}, "model": "minefun/crates/easter23_crate/scythe"},
				{ "predicate": {"custom_model_data": 100078}, "model": "minefun/crates/easter23_crate/sword"},
				
				{ "predicate": {"custom_model_data": 100079}, "model": "minefun/crates/space23_crate/galactic/knife"},
				{ "predicate": {"custom_model_data": 100080}, "model": "minefun/crates/space23_crate/galactic/sickle"},
				{ "predicate": {"custom_model_data": 100081}, "model": "minefun/crates/space23_crate/galactic/sword"},

				{ "predicate": {"custom_model_data": 100082}, "model": "minefun/crates/space23_crate/cyber/knife"},
				{ "predicate": {"custom_model_data": 100083}, "model": "minefun/crates/space23_crate/cyber/sickle"},
				{ "predicate": {"custom_model_data": 100084}, "model": "minefun/crates/space23_crate/cyber/sword"},
				{ "predicate": {"custom_model_data": 100085}, "model": "minefun/crates/space23_crate/galactic/claws"},
				
  				{ "predicate": {"custom_model_data": 100086}, "model": "minefun/crates/starwars23_crate/sabers/blue_saber"},
  				{ "predicate": {"custom_model_data": 100087}, "model": "minefun/crates/starwars23_crate/sabers/blue_saber_hilt"},
				
  				{ "predicate": {"custom_model_data": 100088}, "model": "minefun/crates/starwars23_crate/sabers/green_saber"},
  				{ "predicate": {"custom_model_data": 100089}, "model": "minefun/crates/starwars23_crate/sabers/green_saber_hilt"},
				
  				{ "predicate": {"custom_model_data": 100090}, "model": "minefun/crates/starwars23_crate/sabers/red_saber"},
  				{ "predicate": {"custom_model_data": 100091}, "model": "minefun/crates/starwars23_crate/sabers/red_saber_hilt"},
				
  				{ "predicate": {"custom_model_data": 100092}, "model": "minefun/crates/starwars23_crate/sabers/purple_saber"},
  				{ "predicate": {"custom_model_data": 100093}, "model": "minefun/crates/starwars23_crate/sabers/purple_saber_hilt"},

				{ "predicate": {"custom_model_data": 100094}, "model": "minefun/crates/space23_crate/cyber/red/knife"},
				{ "predicate": {"custom_model_data": 100095}, "model": "minefun/crates/space23_crate/cyber/red/sickle"},
				{ "predicate": {"custom_model_data": 100096}, "model": "minefun/crates/space23_crate/cyber/red/sword"},
						
  				{ "predicate": {"custom_model_data": 100097}, "model": "minefun/crates/starwars23_crate/sabers/orange_saber"},
  				{ "predicate": {"custom_model_data": 100098}, "model": "minefun/crates/starwars23_crate/sabers/orange_saber_hilt"},

				{ "predicate": {"custom_model_data": 100099}, "model": "minefun/cosmetics/crate_cosmetics/anime21_crate/op_halberd"},	
				{ "predicate": {"custom_model_data": 100100}, "model": "minefun/cosmetics/crate_cosmetics/anime21_crate/cursed_knife"},	
				{ "predicate": {"custom_model_data": 100101}, "model": "minefun/cosmetics/crate_cosmetics/anime21_crate/gunblade"},	
				{ "predicate": {"custom_model_data": 100102}, "model": "minefun/crates/pride23_crate/rainbow_sword"},	
				{ "predicate": {"custom_model_data": 100103}, "model": "minefun/crates/summer23_crate/fish"},
				{ "predicate": {"custom_model_data": 100104}, "model": "minefun/crates/freedom23_crate/independence_sword"},		
  		
  
 				{ "predicate": {"custom_model_data": 200001}, "model": "minefun/cosmetics/handhelds/dragon_sword"}
 
 ]
}