{
 "parent": "item/handheld",
 "textures": {
  "layer0": "item/diamond_axe"
 },

 "overrides": [
				{ "predicate": {"custom_model_data": 100001}, "model": "minefun/cosmetics/crate_cosmetics/magic_crate/magical_ice_axe"},
				{ "predicate": {"custom_model_data": 100002}, "model": "minefun/cosmetics/crate_cosmetics/thanksgiving20_crate/fork"},
				{ "predicate": {"custom_model_data": 100003}, "model": "minefun/cosmetics/crate_cosmetics/stpatrick21_crate/axe"},  
				{ "predicate": {"custom_model_data": 100004}, "model": "minefun/cosmetics/crate_cosmetics/newyear20_crate/axe"},  				
				{ "predicate": {"custom_model_data": 100021}, "model": "minefun/cosmetics/crate_cosmetics/pokemon21_crate/kyogre_axe"},
				{ "predicate": {"custom_model_data": 100022}, "model": "minefun/cosmetics/crate_cosmetics/chinese21_crate/dragon_axe"},    

				{ "predicate": {"custom_model_data": 100023}, "model": "minefun/cosmetics/crate_cosmetics/harrypotter21_crate/executioners_axe"},		
				{ "predicate": {"custom_model_data": 100024}, "model": "minefun/cosmetics/crate_cosmetics/ancient/ancient_axe"},
				{ "predicate": {"custom_model_data": 100025}, "model": "minefun/cosmetics/crate_cosmetics/legendary/legendary_axe"},
				{ "predicate": {"custom_model_data": 100026}, "model": "minefun/cosmetics/crate_cosmetics/mythical/mythical_axe"},		
				{ "predicate": {"custom_model_data": 100027}, "model": "minefun/cosmetics/crate_cosmetics/bosses/mecha_fist"},
				
  				{ "predicate": {"custom_model_data": 100028}, "model": "minefun/cosmetics/crate_cosmetics/anime21_crate/divine_axe"},
				
				{ "predicate": {"custom_model_data": 100029}, "model": "minefun/cosmetics/crate_cosmetics/valentines22_crate/cupidaxe"},			
				{ "predicate": {"custom_model_data": 100030}, "model": "minefun/cosmetics/crate_cosmetics/steampunk22_crate/steampunk_axe"},
				{ "predicate": {"custom_model_data": 100031}, "model": "minefun/cosmetics/crate_cosmetics/pirate22_crate/shipwheel_axe"},
				{ "predicate": {"custom_model_data": 100032}, "model": "minefun/cosmetics/crate_cosmetics/summer22_crate/axe"},
				{ "predicate": {"custom_model_data": 100033}, "model": "minefun/cosmetics/handhelds/warden/warden_axe"},
				{ "predicate": {"custom_model_data": 100034}, "model": "minefun/cosmetics/handhelds/warden/warden_axe"},
				{ "predicate": {"custom_model_data": 100035}, "model": "minefun/crates/fantasy23_crate/axe"},
				{ "predicate": {"custom_model_data": 100036}, "model": "minefun/crates/valentines23_crate/valentine_axe"},
				{ "predicate": {"custom_model_data": 100037}, "model": "minefun/cosmetics/crate_cosmetics/thanksgiving20_crate/turkeyleg"},
				
				{ "predicate": {"custom_model_data": 100038}, "model": "minefun/crates/dark23_crate/axe"},
				{ "predicate": {"custom_model_data": 100039}, "model": "minefun/crates/dark23_crate/halberd"},
				{ "predicate": {"custom_model_data": 100040}, "model": "minefun/crates/light23_crate/axe"},
				{ "predicate": {"custom_model_data": 100041}, "model": "minefun/crates/light23_crate/halberd"},
				
				{ "predicate": {"custom_model_data": 100042}, "model": "minefun/crates/dragon22_crate/axe"},
				{ "predicate": {"custom_model_data": 100043}, "model": "minefun/items/weapons/thor_hammer"},
				{ "predicate": {"custom_model_data": 100044}, "model": "minefun/crates/easter23_crate/axe"},
				
				{ "predicate": {"custom_model_data": 100045}, "model": "minefun/crates/space23_crate/galactic/axe"},
				{ "predicate": {"custom_model_data": 100046}, "model": "minefun/crates/space23_crate/galactic/claws"},
				{ "predicate": {"custom_model_data": 100047}, "model": "minefun/crates/space23_crate/galactic/mace"},
				{ "predicate": {"custom_model_data": 100048}, "model": "minefun/crates/space23_crate/cyber/axe"},
				{ "predicate": {"custom_model_data": 100049}, "model": "minefun/crates/space23_crate/cyber/red/axe"},
				
				{ "predicate": {"custom_model_data": 100050}, "model": "minefun/crates/pride23_crate/rainbow_axe"},
				{ "predicate": {"custom_model_data": 100051}, "model": "minefun/crates/summer23_crate/crab_claw"}

 ]

 
}