{
 "parent": "item/handheld",
 "textures": {
  "layer0": "item/diamond_boots"
 },

 "overrides": [
  { "predicate": {"custom_model_data": 100001}, "model": "minefun/cosmetics/crate_cosmetics/easter21_crate/bunnyfeet"},
  { "predicate": {"custom_model_data": 100010}, "model": "minefun/cosmetics/crate_cosmetics/stpatrick21_crate/stpatrick_boots"},
  { "predicate": {"custom_model_data": 100011}, "model": "minefun/cosmetics/crate_cosmetics/steampunk22_crate/boots"},
  { "predicate": {"custom_model_data": 100012}, "model": "minefun/cosmetics/crate_cosmetics/pirate22_crate/boots"},
  { "predicate": {"custom_model_data": 100013}, "model": "minefun/cosmetics/crate_cosmetics/summer22_crate/boots"},
  { "predicate": {"custom_model_data": 100014}, "model": "minefun/crates/summer23_crate/boots"}


 ]

 
}