{
 "parent": "item/handheld",
 "textures": {
  "layer0": "item/ender_pearl"
 },

 "overrides": [
  { "predicate": {"custom_model_data": 100001}, "model": "minefun/guis/invisible"},
  { "predicate": {"custom_model_data": 100002}, "model": "minefun/guis/arrow_right"},
  { "predicate": {"custom_model_data": 100003}, "model": "minefun/guis/arrow_left"},
  { "predicate": {"custom_model_data": 100004}, "model": "minefun/guis/gift"},
  { "predicate": {"custom_model_data": 100005}, "model": "minefun/guis/gift_available"},
  { "predicate": {"custom_model_data": 100006}, "model": "minefun/guis/kingdom_icon"}


 ]

 
}