{
 "parent": "item/handheld",
 "textures": {
  "layer0": "item/feather"
 },

 "overrides": [
				{ "predicate": {"custom_model_data": 100001}, "model": "minefun/cosmetics/crate_cosmetics/egypt_crate/pharaoh_axe"},
				{ "predicate": {"custom_model_data": 100002}, "model": "minefun/cosmetics/crate_cosmetics/christmas21_crate/elfpickaxe"},
				{ "predicate": {"custom_model_data": 100003}, "model": "minefun/cosmetics/crate_cosmetics/stpatrick21_crate/pickaxe"},
				{ "predicate": {"custom_model_data": 100004}, "model": "minefun/cosmetics/crate_cosmetics/easter21_crate/carrotpickaxe"},
				{ "predicate": {"custom_model_data": 100005}, "model": "minefun/cosmetics/crate_cosmetics/newyear20_crate/pickaxe"},				
				{ "predicate": {"custom_model_data": 100014}, "model": "minefun/cosmetics/crate_cosmetics/pokemon21_crate/excadrill_pickaxe"},
				{ "predicate": {"custom_model_data": 100015}, "model": "minefun/cosmetics/crate_cosmetics/chinese21_crate/dragon_pickaxe"},      

				{ "predicate": {"custom_model_data": 100017}, "model": "minefun/cosmetics/crate_cosmetics/ancient/ancient_pickaxe"},
				{ "predicate": {"custom_model_data": 100018}, "model": "minefun/cosmetics/crate_cosmetics/legendary/legendary_pickaxe"},
				{ "predicate": {"custom_model_data": 100019}, "model": "minefun/cosmetics/crate_cosmetics/mythical/mythical_pickaxe"},

				{ "predicate": {"custom_model_data": 100020}, "model": "minefun/cosmetics/crate_cosmetics/anime21_crate/blaze_reap"},
				{ "predicate": {"custom_model_data": 100021}, "model": "minefun/cosmetics/crate_cosmetics/christmas21_crate/gingerpickaxe"}
 ] 
}