{
    "parent": "item/handheld_rod",
    "textures": {
        "layer0": "item/fishing_rod"
    },
        "overrides": [
				{ "predicate": {"cast": 1}, "model": "item/fishing_rod_cast"},		
				
				{ "predicate": {"custom_model_data": 100002}, "model": "minefun/cosmetics/crate_cosmetics/pokemon21_crate/pokeball"},
				{ "predicate": {"custom_model_data": 100002, "cast": 1}, "model": "minefun/cosmetics/crate_cosmetics/pokemon21_crate/pokeball"},

				{ "predicate": {"custom_model_data": 100003}, "model": "minefun/fishing/extra/rainbow_rod"},
				{ "predicate": {"custom_model_data": 100003, "cast": 1}, "model": "minefun/fishing/extra/rainbow_rod_cast"},
				
				{ "predicate": {"custom_model_data": 100004}, "model": "minefun/fishing/extra/golden_rod"},
				{ "predicate": {"custom_model_data": 100004, "cast": 1}, "model": "minefun/fishing/extra/golden_rod_cast"},			

				{ "predicate": {"custom_model_data": 100005}, "model": "minefun/cosmetics/crate_cosmetics/pirate22_crate/fishingrod"},
				{ "predicate": {"custom_model_data": 100005, "cast": 1}, "model": "minefun/cosmetics/crate_cosmetics/pirate22_crate/fishingrod_cast"},

				{ "predicate": {"custom_model_data": 100006}, "model": "minefun/cosmetics/crate_cosmetics/summer22_crate/rod"},
				{ "predicate": {"custom_model_data": 100006, "cast": 1}, "model": "minefun/cosmetics/crate_cosmetics/summer22_crate/rod_cast"},
		
				{ "predicate": {"custom_model_data": 100007}, "model": "minefun/cosmetics/crate_cosmetics/minefun_wearables/pizzahat"},
				{ "predicate": {"custom_model_data": 100007, "cast": 1}, "model": "minefun/cosmetics/crate_cosmetics/minefun_wearables/pizzahat_cast"},

				{ "predicate": {"custom_model_data": 100008}, "model": "minefun/cosmetics/handhelds/warden/warden_fishing_rod"},
				{ "predicate": {"custom_model_data": 100008, "cast": 1}, "model": "minefun/cosmetics/handhelds/warden/warden_fishing_rod_cast"},

				{ "predicate": {"custom_model_data": 100009}, "model": "minefun/crates/fantasy23_crate/fishing_rod"},
				{ "predicate": {"custom_model_data": 100009, "cast": 1}, "model": "minefun/crates/fantasy23_crate/fishing_rod_cast"},

				{ "predicate": {"custom_model_data": 100010}, "model": "minefun/crates/valentines23_crate/valentine_fishing_rod"},
				{ "predicate": {"custom_model_data": 100010, "cast": 1}, "model": "minefun/crates/valentines23_crate/valentine_fishing_rod_cast"},

				{ "predicate": {"custom_model_data": 100011}, "model": "minefun/crates/easter23_crate/fishing_rod"},
				{ "predicate": {"custom_model_data": 100011, "cast": 1}, "model": "minefun/crates/easter23_crate/fishing_rod_cast"},

				{ "predicate": {"custom_model_data": 100012}, "model": "minefun/crates/space23_crate/galactic/fishing_rod"},
				{ "predicate": {"custom_model_data": 100012, "cast": 1}, "model": "minefun/crates/space23_crate/galactic/fishing_rod_cast"},

				{ "predicate": {"custom_model_data": 100013}, "model": "minefun/crates/space23_crate/cyber/rod"},
				{ "predicate": {"custom_model_data": 100013, "cast": 1}, "model": "minefun/crates/space23_crate/cyber/rod_cast"},

				{ "predicate": {"custom_model_data": 100014}, "model": "minefun/crates/space23_crate/cyber/red/rod"},
				{ "predicate": {"custom_model_data": 100014, "cast": 1}, "model": "minefun/crates/space23_crate/cyber/red/rod_cast"},

				{ "predicate": {"custom_model_data": 100015}, "model": "minefun/crates/summer23_crate/oceanic_fishing_rod"},
				{ "predicate": {"custom_model_data": 100015, "cast": 1}, "model": "minefun/crates/summer23_crate/oceanic_fishing_rod_cast"}
		
        ]
}