{
 "parent": "item/handheld",
 "textures": {
  "layer0": "item/netherite_shovel"
 },

 "overrides": [
				{ "predicate": {"custom_model_data": 100001}, "model": "minefun/cosmetics/crate_cosmetics/newyear20_crate/shovel"},		
				{ "predicate": {"custom_model_data": 100002}, "model": "minefun/cosmetics/crate_cosmetics/newyear20_crate/shovel"},			
				{ "predicate": {"custom_model_data": 100003}, "model": "minefun/cosmetics/crate_cosmetics/steampunk22_crate/steampunk_shovel"},
				{ "predicate": {"custom_model_data": 100004}, "model": "minefun/cosmetics/crate_cosmetics/summer22_crate/shovel"},
				{ "predicate": {"custom_model_data": 100005}, "model": "minefun/cosmetics/handhelds/warden/warden_shovel"},
				{ "predicate": {"custom_model_data": 100006}, "model": "minefun/crates/fantasy23_crate/shovel"},
				{ "predicate": {"custom_model_data": 100007}, "model": "minefun/crates/valentines23_crate/valentine_shovel"},
				{ "predicate": {"custom_model_data": 100008}, "model": "minefun/cosmetics/handhelds/mole_shovel"},
				
				{ "predicate": {"custom_model_data": 100009}, "model": "minefun/crates/dark23_crate/shovel"},
				{ "predicate": {"custom_model_data": 100010}, "model": "minefun/crates/light23_crate/shovel"},

				{ "predicate": {"custom_model_data": 100011}, "model": "minefun/crates/easter23_crate/shovel"},
				{ "predicate": {"custom_model_data": 100012}, "model": "minefun/crates/easter23_crate/spear"},

				{ "predicate": {"custom_model_data": 100013}, "model": "minefun/crates/space23_crate/galactic/claws"},
				{ "predicate": {"custom_model_data": 100014}, "model": "minefun/crates/space23_crate/galactic/shovel"},
				{ "predicate": {"custom_model_data": 100015}, "model": "minefun/crates/space23_crate/cyber/shovel"},
				{ "predicate": {"custom_model_data": 100016}, "model": "minefun/crates/dragon22_crate/shovel"},
				{ "predicate": {"custom_model_data": 100017}, "model": "minefun/cosmetics/crate_cosmetics/easter21_crate/silver_spoon_shovel"},
				{ "predicate": {"custom_model_data": 100018}, "model": "minefun/crates/space23_crate/cyber/red/shovel"},
				
				{ "predicate": {"custom_model_data": 100019}, "model": "minefun/cosmetics/crate_cosmetics/anime21_crate/kurumi_shovel"}	,
				
				{ "predicate": {"custom_model_data": 100020}, "model": "minefun/crates/pride23_crate/rainbow_shovel"},
				{ "predicate": {"custom_model_data": 100021}, "model": "minefun/crates/summer23_crate/oceanic_shovel"},
				{ "predicate": {"custom_model_data": 100022}, "model": "minefun/crates/freedom23_crate/independence_shovel"}
 ] 
}