{
 "parent": "item/handheld",
 "textures": {
  "layer0": "item/netherite_hoe"
 },

 "overrides": [
				{ "predicate": {"custom_model_data": 100001}, "model": "item/extra/item_chest"},
				{ "predicate": {"custom_model_data": 100002}, "model": "item/misc/babyyoda"},				
				{ "predicate": {"custom_model_data": 100004}, "model": "minefun/cosmetics/crate_cosmetics/pokemon21_crate/snorlax_preview"},	
				{ "predicate": {"custom_model_data": 100011}, "model": "minefun/cosmetics/crate_cosmetics/harrypotter21_crate/buckbeak_preview"},					
				{ "predicate": {"custom_model_data": 100012}, "model": "minefun/cosmetics/crate_cosmetics/harrypotter21_crate/hedwig_preview"},			
				{ "predicate": {"custom_model_data": 100013}, "model": "minefun/cosmetics/crate_cosmetics/steampunk22_crate/steampunk_hoe"},
				{ "predicate": {"custom_model_data": 100014}, "model": "minefun/cosmetics/handhelds/warden/warden_hoe"},
				{ "predicate": {"custom_model_data": 100015}, "model": "minefun/crates/fantasy23_crate/hoe"},
				{ "predicate": {"custom_model_data": 100016}, "model": "minefun/crates/valentines23_crate/valentine_hoe"},
				
				{ "predicate": {"custom_model_data": 100017}, "model": "minefun/crates/dark23_crate/hoe"},
				{ "predicate": {"custom_model_data": 100018}, "model": "minefun/crates/light23_crate/hoe"},
				{ "predicate": {"custom_model_data": 100019}, "model": "minefun/crates/easter23_crate/hoe"},
				
				{ "predicate": {"custom_model_data": 100020}, "model": "minefun/crates/space23_crate/galactic/hoe"},
				{ "predicate": {"custom_model_data": 100021}, "model": "minefun/crates/space23_crate/cyber/hoe"},
				{ "predicate": {"custom_model_data": 100022}, "model": "minefun/crates/space23_crate/galactic/rifle"},
				{ "predicate": {"custom_model_data": 100023}, "model": "minefun/crates/space23_crate/galactic/wand"},
				{ "predicate": {"custom_model_data": 100024}, "model": "minefun/crates/space23_crate/cyber/staff"},
				
				{ "predicate": {"custom_model_data": 100025}, "model": "minefun/crates/pride23_crate/rainbow_hoe"},
				{ "predicate": {"custom_model_data": 100026}, "model": "minefun/crates/pride23_crate/rainbow_sniper"}
  
 ]

 
}