{
 "parent": "item/handheld",
 "textures": {
  "layer0": "item/netherite_pickaxe"
 },

 "overrides": [
				{ "predicate": {"custom_model_data": 100001}, "model": "minefun/cosmetics/crate_cosmetics/egypt_crate/pharaoh_axe"},
				{ "predicate": {"custom_model_data": 100002}, "model": "minefun/cosmetics/crate_cosmetics/christmas21_crate/elfpickaxe"},
				{ "predicate": {"custom_model_data": 100003}, "model": "minefun/cosmetics/crate_cosmetics/stpatrick21_crate/pickaxe"},
				{ "predicate": {"custom_model_data": 100004}, "model": "minefun/cosmetics/crate_cosmetics/easter21_crate/carrotpickaxe"},
				{ "predicate": {"custom_model_data": 100005}, "model": "minefun/cosmetics/crate_cosmetics/newyear20_crate/pickaxe"},				
				{ "predicate": {"custom_model_data": 100014}, "model": "minefun/cosmetics/crate_cosmetics/pokemon21_crate/excadrill_pickaxe"},
				{ "predicate": {"custom_model_data": 100015}, "model": "minefun/cosmetics/crate_cosmetics/chinese21_crate/dragon_pickaxe"},      

				{ "predicate": {"custom_model_data": 100017}, "model": "minefun/cosmetics/crate_cosmetics/ancient/ancient_pickaxe"},
				{ "predicate": {"custom_model_data": 100018}, "model": "minefun/cosmetics/crate_cosmetics/legendary/legendary_pickaxe"},
				{ "predicate": {"custom_model_data": 100019}, "model": "minefun/cosmetics/crate_cosmetics/mythical/mythical_pickaxe"},

				{ "predicate": {"custom_model_data": 100020}, "model": "minefun/cosmetics/crate_cosmetics/anime21_crate/blaze_reap"},
				{ "predicate": {"custom_model_data": 100021}, "model": "minefun/cosmetics/crate_cosmetics/christmas21_crate/gingerpickaxe"},
				
				{ "predicate": {"custom_model_data": 100022}, "model": "minefun/cosmetics/crate_cosmetics/mayor/gavel"},			
				{ "predicate": {"custom_model_data": 100023}, "model": "minefun/cosmetics/crate_cosmetics/steampunk22_crate/steampunk_pickaxe"},
				{ "predicate": {"custom_model_data": 100024}, "model": "minefun/cosmetics/crate_cosmetics/starwars22_bundle/babyyoda"},
				
				{ "predicate": {"custom_model_data": 100025}, "model": "minefun/cosmetics/crate_cosmetics/ocean21_crate/crab_pickaxe"},
				{ "predicate": {"custom_model_data": 100026}, "model": "minefun/cosmetics/crate_cosmetics/pirate22_crate/anchor_pickaxe"},
  				{ "predicate": {"custom_model_data": 100027}, "model": "minefun/cosmetics/crate_cosmetics/summer22_crate/pickaxe"},
				
  				{ "predicate": {"custom_model_data": 100028}, "model": "minefun/cosmetics/crate_cosmetics/frost22_crate/pickaxe"},
  				{ "predicate": {"custom_model_data": 100029}, "model": "minefun/cosmetics/handhelds/warden/warden_pickaxe"},
				{ "predicate": {"custom_model_data": 100030}, "model": "minefun/crates/dragon22_crate/pickaxe"},
				{ "predicate": {"custom_model_data": 100031}, "model": "minefun/crates/fantasy23_crate/pickaxe"},
				{ "predicate": {"custom_model_data": 100032}, "model": "minefun/crates/fantasy23_crate/hammer"},
				{ "predicate": {"custom_model_data": 100033}, "model": "minefun/crates/valentines23_crate/valentine_pickaxe"},
				
				{ "predicate": {"custom_model_data": 100034}, "model": "minefun/crates/dark23_crate/pickaxe"},
				{ "predicate": {"custom_model_data": 100035}, "model": "minefun/crates/light23_crate/pickaxe"},
				{ "predicate": {"custom_model_data": 100036}, "model": "minefun/cosmetics/crate_cosmetics/thanksgiving20_crate/fork"},      
				
				{ "predicate": {"custom_model_data": 100037}, "model": "minefun/crates/easter23_crate/hammer"},
				{ "predicate": {"custom_model_data": 100038}, "model": "minefun/crates/easter23_crate/pickaxe"},      
				
				{ "predicate": {"custom_model_data": 100039}, "model": "minefun/crates/space23_crate/galactic/claws"},
				{ "predicate": {"custom_model_data": 100040}, "model": "minefun/crates/space23_crate/galactic/hammer"},
				{ "predicate": {"custom_model_data": 100041}, "model": "minefun/crates/space23_crate/galactic/pickaxe"},
				{ "predicate": {"custom_model_data": 100042}, "model": "minefun/crates/space23_crate/cyber/hammer"},
				{ "predicate": {"custom_model_data": 100043}, "model": "minefun/crates/space23_crate/cyber/pickaxe"},
				{ "predicate": {"custom_model_data": 100044}, "model": "minefun/crates/space23_crate/cyber/red/pickaxe"},
				
				{ "predicate": {"custom_model_data": 100045}, "model": "minefun/crates/pride23_crate/rainbow_pickaxe"},
				{ "predicate": {"custom_model_data": 100046}, "model": "minefun/crates/summer23_crate/oceanic_pickaxe"}

 ]

 
}