{
 "parent": "item/handheld",
 "textures": {
  "layer0": "item/netherite_chestplate"
 },

 "overrides": [
				{ "predicate": {"custom_model_data": 100004}, "model": "minefun/cosmetics/crate_cosmetics/newyear20_crate/chestplate"},
				{ "predicate": {"custom_model_data": 100007}, "model": "minefun/cosmetics/crate_cosmetics/stpatrick21_crate/chestplate"},
				{ "predicate": {"custom_model_data": 100008}, "model": "minefun/cosmetics/crate_cosmetics/harrypotter21_crate/invisibility_cloak"},

				{ "predicate": {"custom_model_data": 100009}, "model": "minefun/cosmetics/crate_cosmetics/anime21_crate/fullmetal_armor"},
				
				{ "predicate": {"custom_model_data": 100010}, "model": "minefun/cosmetics/crate_cosmetics/stpatrick21_crate/stpatrick_chestplate"},
				{ "predicate": {"custom_model_data": 100011}, "model": "minefun/cosmetics/crate_cosmetics/steampunk22_crate/chestplate"},
				{ "predicate": {"custom_model_data": 100012}, "model": "minefun/cosmetics/crate_cosmetics/pirate22_crate/chestplate"},
				{ "predicate": {"custom_model_data": 100013}, "model": "minefun/cosmetics/crate_cosmetics/summer22_crate/chestplate"},
				{ "predicate": {"custom_model_data": 100014}, "model": "minefun/crates/summer23_crate/chestplate"}

				
 ]

 
}