{
  "parent": "minecraft:item/generated",
  "textures": {
    "layer0": "minecraft:item/paper"
  },
  "overrides": [
				{ "predicate": {"custom_model_data": 1}, "model": "minefun/items/enchantments/black_scroll"},
				{ "predicate": {"custom_model_data": 2}, "model": "minefun/items/enchantments/holy_scroll"},
				{ "predicate": {"custom_model_data": 3}, "model": "minefun/items/enchantments/randomizer_scroll"},
				{ "predicate": {"custom_model_data": 4}, "model": "minefun/items/enchantments/white_scroll"},

				{ "predicate": {"custom_model_data": 5}, "model": "minefun/items/bags/small_coin_bag"},
				{ "predicate": {"custom_model_data": 6}, "model": "minefun/items/bags/large_coin_bag"},
				{ "predicate": {"custom_model_data": 7}, "model": "minefun/items/bags/small_sapphire_bag"},
				{ "predicate": {"custom_model_data": 8}, "model": "minefun/items/bags/large_sapphire_bag"},

				{ "predicate": {"custom_model_data": 9}, "model": "modelengine:previews/cosmetics_crate_preview"},
				{ "predicate": {"custom_model_data": 10}, "model": "modelengine:previews/daily_crate_preview"},
				{ "predicate": {"custom_model_data": 11}, "model": "modelengine:previews/goodies_crate_preview"},
				{ "predicate": {"custom_model_data": 12}, "model": "modelengine:previews/spawner_crate_preview"},
				{ "predicate": {"custom_model_data": 13}, "model": "modelengine:previews/dragon_crate_preview"},

				{ "predicate": {"custom_model_data": 14}, "model": "minefun/items/signs/skyblock"},
				{ "predicate": {"custom_model_data": 15}, "model": "minefun/items/signs/survival"},


				{ "predicate": {"custom_model_data": 5000}, "model": "minefun/guis/invisible"},


				{ "predicate": {"custom_model_data": 100001}, "model": "minefun/furniture/dummy"},
				{ "predicate": {"custom_model_data": 100002}, "model": "minefun/furniture/dummy_noarm"},
				
				{ "predicate": {"custom_model_data": 100003}, "model": "minefun/furniture/signs/cosmetics_shop_sign"},
				{ "predicate": {"custom_model_data": 100004}, "model": "minefun/furniture/signs/furniture_shop_sign"},
				{ "predicate": {"custom_model_data": 100005}, "model": "minefun/furniture/signs/auction_house_sign"},
				{ "predicate": {"custom_model_data": 100006}, "model": "minefun/furniture/signs/coin_store_sign"},
				{ "predicate": {"custom_model_data": 100007}, "model": "minefun/furniture/signs/enchantments_sign"},
				{ "predicate": {"custom_model_data": 100008}, "model": "minefun/furniture/signs/guild_house_sign"},
				{ "predicate": {"custom_model_data": 100009}, "model": "minefun/furniture/signs/item_wiki_sign"},
				{ "predicate": {"custom_model_data": 100010}, "model": "minefun/furniture/signs/mayors_office_sign"},
				{ "predicate": {"custom_model_data": 100011}, "model": "minefun/furniture/signs/potion_shop_sign"},


				
				{ "predicate": { "custom_model_data": 200001}, "model": "block/item/woodcrate1"},
				{ "predicate": { "custom_model_data": 200002}, "model": "block/item/apple_basket"},
				{ "predicate": { "custom_model_data": 200003}, "model": "block/item/berries_basket"},
				{ "predicate": { "custom_model_data": 200004}, "model": "block/item/cabbage_basket"},
				{ "predicate": { "custom_model_data": 200005}, "model": "block/item/carrot_basket"},
				{ "predicate": { "custom_model_data": 200006}, "model": "block/item/potato_basket"},
				
				{ "predicate": { "custom_model_data": 200007}, "model": "block/item/bricks_black"},
				{ "predicate": { "custom_model_data": 200008}, "model": "block/item/bricks_blue"},
				{ "predicate": { "custom_model_data": 200009}, "model": "block/item/bricks_brown"},
				{ "predicate": { "custom_model_data": 200010}, "model": "block/item/bricks_cyan"},
				{ "predicate": { "custom_model_data": 200011}, "model": "block/item/bricks_gray"},
				{ "predicate": { "custom_model_data": 200012}, "model": "block/item/bricks_green"},
				{ "predicate": { "custom_model_data": 200013}, "model": "block/item/bricks_light_blue"},
				{ "predicate": { "custom_model_data": 200014}, "model": "block/item/bricks_light_gray"},
				{ "predicate": { "custom_model_data": 200015}, "model": "block/item/bricks_lime"},
				{ "predicate": { "custom_model_data": 200016}, "model": "block/item/bricks_magenta"},
				{ "predicate": { "custom_model_data": 200017}, "model": "block/item/bricks_orange"},
				{ "predicate": { "custom_model_data": 200018}, "model": "block/item/bricks_pink"},
				{ "predicate": { "custom_model_data": 200019}, "model": "block/item/bricks_purple"},
				{ "predicate": { "custom_model_data": 200020}, "model": "block/item/bricks_red"},
				{ "predicate": { "custom_model_data": 200021}, "model": "block/item/bricks_white"},
				{ "predicate": { "custom_model_data": 200022}, "model": "block/item/bricks_yellow"}


  ]
}