{
    "parent": "item/generated",
    "textures": {
        "layer0": "item/potion_overlay",
        "layer1": "item/potion"
    },
        "overrides": [
		
				{ "predicate": {"custom_model_data": 100001}, "model": "minefun/items/icecream/icecream1"},
				{ "predicate": {"custom_model_data": 100002}, "model": "minefun/items/icecream/icecream2"},
				{ "predicate": {"custom_model_data": 100003}, "model": "minefun/items/icecream/icecream3"},
				{ "predicate": {"custom_model_data": 100004}, "model": "minefun/items/icecream/icecream4"},
				{ "predicate": {"custom_model_data": 100005}, "model": "minefun/items/icecream/icecream5"},
				{ "predicate": {"custom_model_data": 100006}, "model": "minefun/items/icecream/icecream6"},
				{ "predicate": {"custom_model_data": 100007}, "model": "minefun/items/icecream/icecream7"},
				{ "predicate": {"custom_model_data": 100008}, "model": "minefun/items/icecream/icecream8"},
				{ "predicate": {"custom_model_data": 100009}, "model": "minefun/items/icecream/icecream9"},
				{ "predicate": {"custom_model_data": 100010}, "model": "minefun/items/icecream/icecream10"},
				{ "predicate": {"custom_model_data": 100011}, "model": "minefun/items/icecream/icecream11"},

				{ "predicate": {"custom_model_data": 200001}, "model": "minefun/items/potions/potion1"},
				{ "predicate": {"custom_model_data": 200002}, "model": "minefun/items/potions/potion2"},
				{ "predicate": {"custom_model_data": 200003}, "model": "minefun/items/potions/potion3"},
				{ "predicate": {"custom_model_data": 200004}, "model": "minefun/items/potions/potion4"},
				{ "predicate": {"custom_model_data": 200005}, "model": "minefun/items/potions/potion5"},
				{ "predicate": {"custom_model_data": 200006}, "model": "minefun/items/potions/potion6"}



        ]
}