{
    "parent": "builtin/entity",
    "gui_light": "front",
    "textures": {
        "particle": "block/dark_oak_planks"
    },
    "display": {
        "thirdperson_righthand": {
            "rotation": [ 0, 90, 0 ],
            "translation": [ 10, 6, -4 ],
            "scale": [ 1, 1, 1 ]
        },
        "thirdperson_lefthand": {
            "rotation": [ 0, 90, 0 ],
            "translation": [ 10, 6, 12 ],
            "scale": [ 1, 1, 1 ]
        },
        "firstperson_righthand": {
            "rotation": [ 0, 180, 5 ],
            "translation": [ -10, 2, -10 ],
            "scale": [ 1.25, 1.25, 1.25 ]
        },
        "firstperson_lefthand": {
            "rotation": [ 0, 180, 5 ],
            "translation": [ 10, 0, -10 ],
            "scale": [ 1.25, 1.25, 1.25 ]
        },
        "gui": {
            "rotation": [ 15, -25, -5 ],
            "translation": [ 2, 3, 0 ],
            "scale": [ 0.65, 0.65, 0.65 ]
        },
        "fixed": {
            "rotation": [ 0, 180, 0 ],
            "translation": [ -2, 4, -5],
            "scale":[ 0.5, 0.5, 0.5]
        },
        "ground": {
            "rotation": [ 0, 0, 0 ],
            "translation": [ 4, 4, 2],
            "scale":[ 0.25, 0.25, 0.25]
        }
    },
    "overrides": [
        {
            "predicate": {
                "blocking": 1
            },
            "model": "item/shield_blocking"
        },
		
		{ "predicate": {"custom_model_data": 100001}, "model": "minefun/cosmetics/crate_cosmetics/easter21_crate/chocolateshield"},
		{ "predicate": {"custom_model_data": 100001, "blocking": 1}, "model": "minefun/cosmetics/crate_cosmetics/easter21_crate/chocolateshield_block"},
		
		{ "predicate": {"custom_model_data": 100002}, "model": "minefun/cosmetics/crate_cosmetics/anime21_crate/shield_hero_default"},
		{ "predicate": {"custom_model_data": 100002, "blocking": 1}, "model": "minefun/cosmetics/crate_cosmetics/anime21_crate/shield_hero_default_block"},

		{ "predicate": {"custom_model_data": 100003}, "model": "minefun/cosmetics/crate_cosmetics/anime21_crate/shield_hero_rage"},
		{ "predicate": {"custom_model_data": 100003, "blocking": 1}, "model": "minefun/cosmetics/crate_cosmetics/anime21_crate/shield_hero_rage_block"},	

		{ "predicate": {"custom_model_data": 100004}, "model": "minefun/cosmetics/crate_cosmetics/valentines22_crate/heart_shield"},
		{ "predicate": {"custom_model_data": 100004, "blocking": 1}, "model": "minefun/cosmetics/crate_cosmetics/valentines22_crate/heart_shield_blocking"},		

		{ "predicate": {"custom_model_data": 100005}, "model": "minefun/cosmetics/crate_cosmetics/easter21_crate/carrotshield"},
		{ "predicate": {"custom_model_data": 100005, "blocking": 1}, "model": "minefun/cosmetics/crate_cosmetics/easter21_crate/carrotshield_block"},	

		{ "predicate": {"custom_model_data": 100006}, "model": "minefun/cosmetics/handhelds/warden/warden_shield"},
		{ "predicate": {"custom_model_data": 100006, "blocking": 1}, "model": "minefun/cosmetics/handhelds/warden/warden_shield_blocking"},	

		{ "predicate": {"custom_model_data": 100007}, "model": "minefun/crates/dragon22_crate/shield"},
		{ "predicate": {"custom_model_data": 100007, "blocking": 1}, "model": "minefun/crates/dragon22_crate/shield_blocking"},	

		{ "predicate": {"custom_model_data": 100008}, "model": "minefun/crates/fantasy23_crate/shield"},
		{ "predicate": {"custom_model_data": 100008, "blocking": 1}, "model": "minefun/crates/fantasy23_crate/shield_blocking"},	

		{ "predicate": {"custom_model_data": 100009}, "model": "minefun/crates/valentines23_crate/valentine_shield"},
		{ "predicate": {"custom_model_data": 100009, "blocking": 1}, "model": "minefun/crates/valentines23_crate/valentine_shield_blocking"},	

		{ "predicate": {"custom_model_data": 100010}, "model": "minefun/crates/dark23_crate/shield"},
		{ "predicate": {"custom_model_data": 100010, "blocking": 1}, "model": "minefun/crates/dark23_crate/shield_blocking"},	

		{ "predicate": {"custom_model_data": 100011}, "model": "minefun/crates/light23_crate/shield"},
		{ "predicate": {"custom_model_data": 100011, "blocking": 1}, "model": "minefun/crates/light23_crate/shield_blocking"},	

		{ "predicate": {"custom_model_data": 100012}, "model": "minefun/crates/easter23_crate/shield"},
		{ "predicate": {"custom_model_data": 100012, "blocking": 1}, "model": "minefun/crates/easter23_crate/shield_blocking"},	

		{ "predicate": {"custom_model_data": 100013}, "model": "minefun/crates/space23_crate/cyber/shield"},
		{ "predicate": {"custom_model_data": 100013, "blocking": 1}, "model": "minefun/crates/space23_crate/cyber/shield_blocking"},	

		{ "predicate": {"custom_model_data": 100014}, "model": "minefun/items/monsterisland/royal_shield"},
		{ "predicate": {"custom_model_data": 100014, "blocking": 1}, "model": "minefun/items/monsterisland/royal_shield_blocking"},	

		{ "predicate": {"custom_model_data": 100015}, "model": "minefun/items/monsterisland/godly/ares_shield"},
		{ "predicate": {"custom_model_data": 100015, "blocking": 1}, "model": "minefun/items/monsterisland/godly/ares_shield_blocking"},	

		{ "predicate": {"custom_model_data": 100016}, "model": "minefun/crates/turtle23_crate/shield"},
		{ "predicate": {"custom_model_data": 100016, "blocking": 1}, "model": "minefun/crates/turtle23_crate/shield_blocking"}											
		
    ]
}
