{
 "parent": "item/handheld",
 "textures": {
  "layer0": "item/stick"
 },

 "overrides": [
		{ "predicate": {"custom_model_data": 100003}, "model": "minefun/cosmetics/crate_cosmetics/egypt_crate/pharaoh_crook_staff"},
		{ "predicate": {"custom_model_data": 100004}, "model": "minefun/cosmetics/crate_cosmetics/halloween_crate/butcher_knife"},
		{ "predicate": {"custom_model_data": 100005}, "model": "minefun/cosmetics/crate_cosmetics/thanksgiving20_crate/turkeyleg"},
		{ "predicate": {"custom_model_data": 100006}, "model": "minefun/cosmetics/crate_cosmetics/pokemon21_crate/pokeball"}
 ]

 
}