{
	"textures": {
		"0": "item/crates/spongebob21_crate/gg_cape"
	},
	"elements": [
		{
			"from": [3, 6, 13.225],
			"to": [13, 12, 13.25],
			"rotation": {"angle": 45, "axis": "x", "origin": [4.5, 7.5, 12.75]},
			"faces": {
				"north": {"uv": [2.5, 6.625, 3.75, 7.375], "texture": "#0"},
				"east": {"uv": [6.75, 2.75, 6.75, 3.5], "texture": "#0"},
				"south": {"uv": [3.875, 6.625, 5.125, 7.375], "texture": "#0"},
				"west": {"uv": [6.75, 3.625, 6.75, 4.375], "texture": "#0"},
				"up": {"uv": [8, 4.5, 6.75, 4.5], "texture": "#0"},
				"down": {"uv": [8, 4.625, 6.75, 4.625], "texture": "#0"}
			}
		},
		{
			"from": [0, -14.76131, 11.78757],
			"to": [16, 6.23869, 11.81257],
			"rotation": {"angle": -22.5, "axis": "x", "origin": [4.5, 6.73869, 12.31257]},
			"faces": {
				"north": {"uv": [0, 0, 2, 2.625], "texture": "#0"},
				"east": {"uv": [5.25, 7.375, 5.25, 10], "texture": "#0"},
				"south": {"uv": [2.875, 0, 4.875, 2.625], "texture": "#0"},
				"west": {"uv": [5.375, 7.375, 5.375, 10], "texture": "#0"},
				"up": {"uv": [9.25, 4.75, 6.75, 4.75], "texture": "#0"},
				"down": {"uv": [9.25, 4.875, 6.75, 4.875], "texture": "#0"}
			}
		},
		{
			"from": [0, -14.76131, -5.18743],
			"to": [0.025, 6.23869, 11.81257],
			"rotation": {"angle": -22.5, "axis": "x", "origin": [6.5, 6.73869, 12.31257]},
			"faces": {
				"north": {"uv": [5.5, 7.375, 5.5, 10], "texture": "#0"},
				"east": {"uv": [0, 2.75, 2.125, 5.375], "texture": "#0"},
				"south": {"uv": [5.625, 7.375, 5.625, 10], "texture": "#0"},
				"west": {"uv": [2.25, 2.75, 4.375, 5.375], "texture": "#0"},
				"up": {"uv": [5.75, 9.5, 5.75, 7.375], "texture": "#0"},
				"down": {"uv": [5.875, 7.375, 5.875, 9.5], "texture": "#0"}
			}
		},
		{
			"from": [-2, 6.23869, 3.81257],
			"to": [18, 6.23869, 11.81257],
			"rotation": {"angle": -22.5, "axis": "x", "origin": [4.5, 6.73869, 12.31257]},
			"faces": {
				"north": {"uv": [6.75, 5, 9.25, 5], "texture": "#0"},
				"east": {"uv": [6.75, 5.125, 7.75, 5.125], "texture": "#0"},
				"south": {"uv": [6.75, 5.25, 9.25, 5.25], "texture": "#0"},
				"west": {"uv": [6.75, 5.375, 7.75, 5.375], "texture": "#0"},
				"up": {"uv": [2.5, 6.5, 0, 5.5], "texture": "#0"},
				"down": {"uv": [5.125, 5.5, 2.625, 6.5], "texture": "#0"}
			}
		},
		{
			"from": [15.975, -14.76131, -5.18743],
			"to": [16, 6.23869, 11.81257],
			"rotation": {"angle": -22.5, "axis": "x", "origin": [9.5, 6.73869, 12.31257]},
			"faces": {
				"north": {"uv": [6, 7.375, 6, 10], "texture": "#0"},
				"east": {"uv": [4.5, 2.75, 6.625, 5.375], "texture": "#0"},
				"south": {"uv": [6.125, 7.375, 6.125, 10], "texture": "#0"},
				"west": {"uv": [5.25, 0, 7.375, 2.625], "texture": "#0"},
				"up": {"uv": [6.25, 9.5, 6.25, 7.375], "texture": "#0"},
				"down": {"uv": [6.375, 7.375, 6.375, 9.5], "texture": "#0"}
			}
		},
		{
			"from": [3, -2, 4.25],
			"to": [3.025, 12, 13.25],
			"rotation": {"angle": 45, "axis": "x", "origin": [4.5, 7.5, 12.75]},
			"faces": {
				"north": {"uv": [6.5, 7.375, 6.5, 9.125], "texture": "#0"},
				"east": {"uv": [5.25, 5.5, 6.375, 7.25], "texture": "#0"},
				"south": {"uv": [6.625, 7.375, 6.625, 9.125], "texture": "#0"},
				"west": {"uv": [6.5, 5.5, 7.625, 7.25], "texture": "#0"},
				"up": {"uv": [6.875, 3.875, 6.875, 2.75], "texture": "#0"},
				"down": {"uv": [7, 2.75, 7, 3.875], "texture": "#0"}
			}
		},
		{
			"from": [12.975, -2, 4.25],
			"to": [13, 12, 13.25],
			"rotation": {"angle": 45, "axis": "x", "origin": [11.5, 7.5, 12.75]},
			"faces": {
				"north": {"uv": [6.75, 7.375, 6.75, 9.125], "texture": "#0"},
				"east": {"uv": [0, 6.625, 1.125, 8.375], "texture": "#0"},
				"south": {"uv": [6.875, 7.375, 6.875, 9.125], "texture": "#0"},
				"west": {"uv": [1.25, 6.625, 2.375, 8.375], "texture": "#0"},
				"up": {"uv": [7.125, 3.875, 7.125, 2.75], "texture": "#0"},
				"down": {"uv": [7.25, 2.75, 7.25, 3.875], "texture": "#0"}
			}
		}
	],
	"gui_light": "front",
	"display": {
		"thirdperson_righthand": {
			"rotation": [70, 0, 0],
			"translation": [0, 1, 0],
			"scale": [0.3, 0.3, 0.3]
		},
		"thirdperson_lefthand": {
			"rotation": [70, 0, 0],
			"translation": [0, 1.25, -0.25],
			"scale": [0.3, 0.3, 0.3]
		},
		"firstperson_righthand": {
			"translation": [0, 4.5, 0],
			"scale": [0.3, 0.3, 0.3]
		},
		"firstperson_lefthand": {
			"translation": [0, 5.75, 0],
			"scale": [0.3, 0.3, 0.3]
		},
		"ground": {
			"translation": [0, 4, 0],
			"scale": [0.25, 0.25, 0.25]
		},
		"gui": {
			"rotation": [30, 45, 0],
			"translation": [-0.75, 5.25, 0],
			"scale": [0.55, 0.55, 0.55]
		},
		"head": {
			"rotation": [5, 0, 0],
			"translation": [0, -67.5, -0.5],
			"scale": [1.5, 1.5, 1.5]
		},
		"fixed": {
			"translation": [0, 4.75, -5],
			"scale": [0.5, 0.5, 0.5]
		}
	},
	"groups": [
		{
			"name": "group",
			"origin": [11.5, 23.5, 12.5],
			"color": 0,
			"children": [0, 1, 2, 3, 4, 5, 6]
		}
	]
}