{
	"textures": {
		"0": "item/crates/spongebob21_crate/king_neptune_trident"
	},
	"elements": [
		{
			"from": [7, -15, 7],
			"to": [9, 17, 9],
			"faces": {
				"north": {"uv": [0, 0, 0.5, 8], "texture": "#0"},
				"east": {"uv": [0.75, 0, 1.25, 8], "texture": "#0"},
				"south": {"uv": [1.5, 0, 2, 8], "texture": "#0"},
				"west": {"uv": [2.25, 0, 2.75, 8], "texture": "#0"},
				"up": {"uv": [9.75, 8.75, 9.25, 8.25], "texture": "#0"},
				"down": {"uv": [9.75, 9, 9.25, 9.5], "texture": "#0"}
			}
		},
		{
			"from": [6.5, -13, 6.5],
			"to": [9.5, -12, 9.5],
			"faces": {
				"north": {"uv": [10, 0, 10.75, 0.25], "texture": "#0"},
				"east": {"uv": [10, 0.5, 10.75, 0.75], "texture": "#0"},
				"south": {"uv": [10, 1, 10.75, 1.25], "texture": "#0"},
				"west": {"uv": [10, 1.5, 10.75, 1.75], "texture": "#0"},
				"up": {"uv": [6.25, 7.25, 5.5, 6.5], "texture": "#0"},
				"down": {"uv": [7.25, 6, 6.5, 6.75], "texture": "#0"}
			}
		},
		{
			"from": [5.5, -16, 8],
			"to": [10.5, -13, 8],
			"faces": {
				"north": {"uv": [3.5, 4.25, 4.75, 5], "texture": "#0"},
				"east": {"uv": [3.5, 10.75, 3.5, 11.5], "texture": "#0"},
				"south": {"uv": [4.5, 0, 5.75, 0.75], "texture": "#0"},
				"west": {"uv": [3.75, 10.75, 3.75, 11.5], "texture": "#0"},
				"up": {"uv": [5.25, 10.75, 4, 10.75], "texture": "#0"},
				"down": {"uv": [6.75, 10.75, 5.5, 10.75], "texture": "#0"}
			}
		},
		{
			"from": [8, -16, 5.5],
			"to": [8, -13, 10.5],
			"rotation": {"angle": 0, "axis": "y", "origin": [8, -14.5, 8]},
			"faces": {
				"north": {"uv": [7, 10.75, 7, 11.5], "texture": "#0"},
				"east": {"uv": [4.5, 1, 5.75, 1.75], "texture": "#0"},
				"south": {"uv": [7.25, 10.75, 7.25, 11.5], "texture": "#0"},
				"west": {"uv": [4.5, 2, 5.75, 2.75], "texture": "#0"},
				"up": {"uv": [7.5, 12, 7.5, 10.75], "texture": "#0"},
				"down": {"uv": [7.75, 10.75, 7.75, 12], "texture": "#0"}
			}
		},
		{
			"from": [7.5, 16, 7.5],
			"to": [8.5, 32, 8.5],
			"faces": {
				"north": {"uv": [3, 0, 3.25, 4], "texture": "#0"},
				"east": {"uv": [3.5, 0, 3.75, 4], "texture": "#0"},
				"south": {"uv": [4, 0, 4.25, 4], "texture": "#0"},
				"west": {"uv": [3, 4.25, 3.25, 8.25], "texture": "#0"},
				"up": {"uv": [4.75, 4, 4.5, 3.75], "texture": "#0"},
				"down": {"uv": [10.75, 7.75, 10.5, 8], "texture": "#0"}
			}
		},
		{
			"from": [10.5, 21, 6.5],
			"to": [13.5, 24, 9.5],
			"rotation": {"angle": 0, "axis": "y", "origin": [0, -1, 0]},
			"faces": {
				"north": {"uv": [7.5, 6, 8.25, 6.75], "texture": "#0"},
				"east": {"uv": [7.5, 7, 8.25, 7.75], "texture": "#0"},
				"south": {"uv": [6.5, 8, 7.25, 8.75], "texture": "#0"},
				"west": {"uv": [7.5, 8, 8.25, 8.75], "texture": "#0"},
				"up": {"uv": [0.75, 9, 0, 8.25], "texture": "#0"},
				"down": {"uv": [9, 0, 8.25, 0.75], "texture": "#0"}
			}
		},
		{
			"from": [11, 24, 7],
			"to": [13, 28, 9],
			"rotation": {"angle": 0, "axis": "y", "origin": [0, -1, 0]},
			"faces": {
				"north": {"uv": [7.25, 9, 7.75, 10], "texture": "#0"},
				"east": {"uv": [0, 9.25, 0.5, 10.25], "texture": "#0"},
				"south": {"uv": [9.25, 0, 9.75, 1], "texture": "#0"},
				"west": {"uv": [0.75, 9.25, 1.25, 10.25], "texture": "#0"},
				"up": {"uv": [10.25, 4.25, 9.75, 3.75], "texture": "#0"},
				"down": {"uv": [10.25, 4.5, 9.75, 5], "texture": "#0"}
			}
		},
		{
			"from": [10.5, 25, 6.5],
			"to": [13.5, 26, 9.5],
			"rotation": {"angle": 0, "axis": "y", "origin": [0, -1, 0]},
			"faces": {
				"north": {"uv": [10, 8.75, 10.75, 9], "texture": "#0"},
				"east": {"uv": [10, 9.25, 10.75, 9.5], "texture": "#0"},
				"south": {"uv": [10, 9.75, 10.75, 10], "texture": "#0"},
				"west": {"uv": [3, 10.25, 3.75, 10.5], "texture": "#0"},
				"up": {"uv": [1.75, 9, 1, 8.25], "texture": "#0"},
				"down": {"uv": [9, 1, 8.25, 1.75], "texture": "#0"}
			}
		},
		{
			"from": [11, 29, 7],
			"to": [13, 30, 9],
			"rotation": {"angle": 0, "axis": "y", "origin": [0, -1, 0]},
			"faces": {
				"north": {"uv": [2.25, 10.5, 2.75, 10.75], "texture": "#0"},
				"east": {"uv": [10.5, 3.5, 11, 3.75], "texture": "#0"},
				"south": {"uv": [10.5, 4, 11, 4.25], "texture": "#0"},
				"west": {"uv": [10.5, 4.5, 11, 4.75], "texture": "#0"},
				"up": {"uv": [10.25, 5.75, 9.75, 5.25], "texture": "#0"},
				"down": {"uv": [10.25, 6, 9.75, 6.5], "texture": "#0"}
			}
		},
		{
			"from": [11.5, 19, 7.5],
			"to": [12.5, 31, 8.5],
			"rotation": {"angle": 0, "axis": "y", "origin": [0, -1, 0]},
			"faces": {
				"north": {"uv": [5, 3, 5.25, 6], "texture": "#0"},
				"east": {"uv": [3.5, 5.25, 3.75, 8.25], "texture": "#0"},
				"south": {"uv": [4, 5.25, 4.25, 8.25], "texture": "#0"},
				"west": {"uv": [4.5, 5.25, 4.75, 8.25], "texture": "#0"},
				"up": {"uv": [8.75, 10.75, 8.5, 10.5], "texture": "#0"},
				"down": {"uv": [9.25, 10.5, 9, 10.75], "texture": "#0"}
			}
		},
		{
			"from": [2.5, 21, 6.5],
			"to": [5.5, 24, 9.5],
			"rotation": {"angle": 0, "axis": "y", "origin": [0, -1, 0]},
			"faces": {
				"north": {"uv": [7.5, 6, 8.25, 6.75], "texture": "#0"},
				"east": {"uv": [7.5, 7, 8.25, 7.75], "texture": "#0"},
				"south": {"uv": [6.5, 8, 7.25, 8.75], "texture": "#0"},
				"west": {"uv": [7.5, 8, 8.25, 8.75], "texture": "#0"},
				"up": {"uv": [0.75, 9, 0, 8.25], "texture": "#0"},
				"down": {"uv": [9, 0, 8.25, 0.75], "texture": "#0"}
			}
		},
		{
			"from": [3, 24, 7],
			"to": [5, 28, 9],
			"rotation": {"angle": 0, "axis": "y", "origin": [0, -1, 0]},
			"faces": {
				"north": {"uv": [7.25, 9, 7.75, 10], "texture": "#0"},
				"east": {"uv": [0, 9.25, 0.5, 10.25], "texture": "#0"},
				"south": {"uv": [9.25, 0, 9.75, 1], "texture": "#0"},
				"west": {"uv": [0.75, 9.25, 1.25, 10.25], "texture": "#0"},
				"up": {"uv": [10.25, 4.25, 9.75, 3.75], "texture": "#0"},
				"down": {"uv": [10.25, 4.5, 9.75, 5], "texture": "#0"}
			}
		},
		{
			"from": [2.5, 25, 6.5],
			"to": [5.5, 26, 9.5],
			"rotation": {"angle": 0, "axis": "y", "origin": [0, -1, 0]},
			"faces": {
				"north": {"uv": [10, 8.75, 10.75, 9], "texture": "#0"},
				"east": {"uv": [10, 9.25, 10.75, 9.5], "texture": "#0"},
				"south": {"uv": [10, 9.75, 10.75, 10], "texture": "#0"},
				"west": {"uv": [3, 10.25, 3.75, 10.5], "texture": "#0"},
				"up": {"uv": [1.75, 9, 1, 8.25], "texture": "#0"},
				"down": {"uv": [9, 1, 8.25, 1.75], "texture": "#0"}
			}
		},
		{
			"from": [3, 29, 7],
			"to": [5, 30, 9],
			"rotation": {"angle": 0, "axis": "y", "origin": [0, -1, 0]},
			"faces": {
				"north": {"uv": [2.25, 10.5, 2.75, 10.75], "texture": "#0"},
				"east": {"uv": [10.5, 3.5, 11, 3.75], "texture": "#0"},
				"south": {"uv": [10.5, 4, 11, 4.25], "texture": "#0"},
				"west": {"uv": [10.5, 4.5, 11, 4.75], "texture": "#0"},
				"up": {"uv": [10.25, 5.75, 9.75, 5.25], "texture": "#0"},
				"down": {"uv": [10.25, 6, 9.75, 6.5], "texture": "#0"}
			}
		},
		{
			"from": [6.5, 22, 6.5],
			"to": [9.5, 25, 9.5],
			"rotation": {"angle": 0, "axis": "y", "origin": [0, -1, 0]},
			"faces": {
				"north": {"uv": [7.5, 6, 8.25, 6.75], "texture": "#0"},
				"east": {"uv": [7.5, 7, 8.25, 7.75], "texture": "#0"},
				"south": {"uv": [6.5, 8, 7.25, 8.75], "texture": "#0"},
				"west": {"uv": [7.5, 8, 8.25, 8.75], "texture": "#0"},
				"up": {"uv": [0.75, 9, 0, 8.25], "texture": "#0"},
				"down": {"uv": [9, 0, 8.25, 0.75], "texture": "#0"}
			}
		},
		{
			"from": [7, 25, 7],
			"to": [9, 29, 9],
			"rotation": {"angle": 0, "axis": "y", "origin": [0, -1, 0]},
			"faces": {
				"north": {"uv": [7.25, 9, 7.75, 10], "texture": "#0"},
				"east": {"uv": [0, 9.25, 0.5, 10.25], "texture": "#0"},
				"south": {"uv": [9.25, 0, 9.75, 1], "texture": "#0"},
				"west": {"uv": [0.75, 9.25, 1.25, 10.25], "texture": "#0"},
				"up": {"uv": [10.25, 4.25, 9.75, 3.75], "texture": "#0"},
				"down": {"uv": [10.25, 4.5, 9.75, 5], "texture": "#0"}
			}
		},
		{
			"from": [6.5, 26, 6.5],
			"to": [9.5, 27, 9.5],
			"rotation": {"angle": 0, "axis": "y", "origin": [0, -1, 0]},
			"faces": {
				"north": {"uv": [10, 8.75, 10.75, 9], "texture": "#0"},
				"east": {"uv": [10, 9.25, 10.75, 9.5], "texture": "#0"},
				"south": {"uv": [10, 9.75, 10.75, 10], "texture": "#0"},
				"west": {"uv": [3, 10.25, 3.75, 10.5], "texture": "#0"},
				"up": {"uv": [1.75, 9, 1, 8.25], "texture": "#0"},
				"down": {"uv": [9, 1, 8.25, 1.75], "texture": "#0"}
			}
		},
		{
			"from": [7, 30, 7],
			"to": [9, 31, 9],
			"rotation": {"angle": 0, "axis": "y", "origin": [0, -1, 0]},
			"faces": {
				"north": {"uv": [2.25, 10.5, 2.75, 10.75], "texture": "#0"},
				"east": {"uv": [10.5, 3.5, 11, 3.75], "texture": "#0"},
				"south": {"uv": [10.5, 4, 11, 4.25], "texture": "#0"},
				"west": {"uv": [10.5, 4.5, 11, 4.75], "texture": "#0"},
				"up": {"uv": [10.25, 5.75, 9.75, 5.25], "texture": "#0"},
				"down": {"uv": [10.25, 6, 9.75, 6.5], "texture": "#0"}
			}
		},
		{
			"from": [3.5, 19, 7.5],
			"to": [4.5, 31, 8.5],
			"rotation": {"angle": 0, "axis": "y", "origin": [0, -1, 0]},
			"faces": {
				"north": {"uv": [5, 3, 5.25, 6], "texture": "#0"},
				"east": {"uv": [3.5, 5.25, 3.75, 8.25], "texture": "#0"},
				"south": {"uv": [4, 5.25, 4.25, 8.25], "texture": "#0"},
				"west": {"uv": [4.5, 5.25, 4.75, 8.25], "texture": "#0"},
				"up": {"uv": [8.75, 10.75, 8.5, 10.5], "texture": "#0"},
				"down": {"uv": [9.25, 10.5, 9, 10.75], "texture": "#0"}
			}
		},
		{
			"from": [-6.22792, 17.20101, 7],
			"to": [-5.22792, 22.20101, 9],
			"rotation": {"angle": -45, "axis": "z", "origin": [-0.22792, -0.79899, -0.5]},
			"faces": {
				"north": {"uv": [8, 9, 8.25, 10.25], "texture": "#0"},
				"east": {"uv": [6.5, 0, 7, 1.25], "texture": "#0"},
				"south": {"uv": [9.25, 3.75, 9.5, 5], "texture": "#0"},
				"west": {"uv": [6.5, 1.5, 7, 2.75], "texture": "#0"},
				"up": {"uv": [4.75, 3.5, 4.5, 3], "texture": "#0"},
				"down": {"uv": [6.25, 9.5, 6, 10], "texture": "#0"}
			}
		},
		{
			"from": [21.22792, 17.20101, 7],
			"to": [22.22792, 22.20101, 9],
			"rotation": {"angle": 45, "axis": "z", "origin": [16.22792, -0.79899, -0.5]},
			"faces": {
				"north": {"uv": [9.25, 5.25, 9.5, 6.5], "texture": "#0"},
				"east": {"uv": [6.5, 3, 7, 4.25], "texture": "#0"},
				"south": {"uv": [9.25, 6.75, 9.5, 8], "texture": "#0"},
				"west": {"uv": [6.5, 4.5, 7, 5.75], "texture": "#0"},
				"up": {"uv": [10.75, 7.5, 10.5, 7], "texture": "#0"},
				"down": {"uv": [8.25, 10.5, 8, 11], "texture": "#0"}
			}
		}
	],
	"gui_light": "front",
	"display": {
		"thirdperson_righthand": {
			"rotation": [0, -90, 0],
			"translation": [0, 4.75, 1.75],
			"scale": [0.7, 0.7, 0.7]
		},
		"thirdperson_lefthand": {
			"rotation": [0, 90, 0],
			"translation": [0, 4.75, 1.75],
			"scale": [0.7, 0.7, 0.7]
		},
		"firstperson_righthand": {
			"rotation": [0, -90, 0],
			"translation": [0, 2, 0],
			"scale": [0.5, 0.5, 0.5]
		},
		"firstperson_lefthand": {
			"rotation": [0, 90, 0],
			"translation": [0, 2, 0],
			"scale": [0.5, 0.5, 0.5]
		},
		"ground": {
			"rotation": [0, 0, 59],
			"scale": [0.2, 0.2, 0.2]
		},
		"gui": {
			"rotation": [0, 45, -30],
			"scale": [0.4, 0.4, 0.4]
		},
		"head": {
			"rotation": [0, 0, -33],
			"translation": [4.5, -10.75, 4.25]
		},
		"fixed": {
			"rotation": [0, 0, 49],
			"translation": [0, 0, -0.5],
			"scale": [0.5, 0.5, 0.5]
		}
	},
	"groups": [
		0,
		1,
		2,
		3,
		{
			"name": "group",
			"origin": [0, 0, 0],
			"color": 0,
			"boneType": "",
			"children": [4]
		},
		{
			"name": "group",
			"origin": [0, 0, 0],
			"color": 0,
			"boneType": "",
			"children": [5, 6, 7, 8, 9, 10, 11, 12, 13, 14, 15, 16, 17, 18, 19]
		},
		{
			"name": "group",
			"origin": [0, 0, 0],
			"color": 0,
			"boneType": "",
			"children": [20]
		}
	]
}