{
	"textures": {
		"0": "item/crates/spongebob21_crate/krusty_hat"
	},
	"elements": [
		{
			"from": [6, 0, 6],
			"to": [10, 8, 10],
			"faces": {
				"north": {"uv": [3, 6, 5, 10], "texture": "#0"},
				"east": {"uv": [5.5, 6, 7.5, 10], "texture": "#0"},
				"south": {"uv": [8, 6, 10, 10], "texture": "#0"},
				"west": {"uv": [9, 0, 11, 4], "texture": "#0"},
				"up": {"uv": [8, 12.5, 6, 10.5], "texture": "#0"},
				"down": {"uv": [12.5, 7.5, 10.5, 9.5], "texture": "#0"}
			}
		},
		{
			"from": [6, 0, 5],
			"to": [10, 1, 6],
			"faces": {
				"north": {"uv": [13, 8.5, 15, 9], "texture": "#0"},
				"east": {"uv": [10, 14, 10.5, 14.5], "texture": "#0"},
				"south": {"uv": [11, 13, 13, 13.5], "texture": "#0"},
				"west": {"uv": [11, 14, 11.5, 14.5], "texture": "#0"},
				"up": {"uv": [4.5, 14, 2.5, 13.5], "texture": "#0"},
				"down": {"uv": [15.5, 4.5, 13.5, 5], "texture": "#0"}
			}
		},
		{
			"from": [7.5, 18.9, 7.5],
			"to": [8.5, 19.9, 8.5],
			"faces": {
				"north": {"uv": [14, 2, 14.5, 2.5], "texture": "#0"},
				"east": {"uv": [14, 3, 14.5, 3.5], "texture": "#0"},
				"south": {"uv": [6, 14, 6.5, 14.5], "texture": "#0"},
				"west": {"uv": [7, 14, 7.5, 14.5], "texture": "#0"},
				"up": {"uv": [8.5, 14.5, 8, 14], "texture": "#0"},
				"down": {"uv": [9.5, 14, 9, 14.5], "texture": "#0"}
			}
		},
		{
			"from": [6.025, 2.2961, 3.45672],
			"to": [9.975, 3.2961, 5.45672],
			"rotation": {"angle": 22.5, "axis": "x", "origin": [0, 2.2961, -0.54328]},
			"faces": {
				"north": {"uv": [0, 12, 2, 12.5], "texture": "#0"},
				"east": {"uv": [9, 4.5, 10, 5], "texture": "#0"},
				"south": {"uv": [8.5, 12, 10.5, 12.5], "texture": "#0"},
				"west": {"uv": [13.5, 5.5, 14.5, 6], "texture": "#0"},
				"up": {"uv": [10.5, 11.5, 8.5, 10.5], "texture": "#0"},
				"down": {"uv": [13, 10, 11, 11], "texture": "#0"}
			}
		},
		{
			"from": [6.05, 5.00801, 2.9096],
			"to": [9.95, 6.00801, 4.9096],
			"rotation": {"angle": 45, "axis": "x", "origin": [0, 5.00801, -1.0904]},
			"faces": {
				"north": {"uv": [0, 13, 2, 13.5], "texture": "#0"},
				"east": {"uv": [13.5, 6.5, 14.5, 7], "texture": "#0"},
				"south": {"uv": [6, 13, 8, 13.5], "texture": "#0"},
				"west": {"uv": [13.5, 9.5, 14.5, 10], "texture": "#0"},
				"up": {"uv": [13.5, 1, 11.5, 0], "texture": "#0"},
				"down": {"uv": [13.5, 1.5, 11.5, 2.5], "texture": "#0"}
			}
		},
		{
			"from": [6.075, 1.72286, -0.55807],
			"to": [9.925, 3.72286, 0.44193],
			"rotation": {"angle": -22.5, "axis": "x", "origin": [0, 7.72286, -0.55807]},
			"faces": {
				"north": {"uv": [11.5, 3, 13.5, 4], "texture": "#0"},
				"east": {"uv": [5, 13.5, 5.5, 14.5], "texture": "#0"},
				"south": {"uv": [11, 11.5, 13, 12.5], "texture": "#0"},
				"west": {"uv": [13.5, 10.5, 14, 11.5], "texture": "#0"},
				"up": {"uv": [15, 8, 13, 7.5], "texture": "#0"},
				"down": {"uv": [10.5, 13, 8.5, 13.5], "texture": "#0"}
			}
		},
		{
			"from": [7, 3.72286, -0.55807],
			"to": [9, 4.72286, 0.44193],
			"rotation": {"angle": -22.5, "axis": "x", "origin": [0, 7.72286, -0.55807]},
			"faces": {
				"north": {"uv": [13.5, 12, 14.5, 12.5], "texture": "#0"},
				"east": {"uv": [14, 1, 14.5, 1.5], "texture": "#0"},
				"south": {"uv": [13.5, 13, 14.5, 13.5], "texture": "#0"},
				"west": {"uv": [1.5, 14, 2, 14.5], "texture": "#0"},
				"up": {"uv": [1, 14.5, 0, 14], "texture": "#0"},
				"down": {"uv": [15, 0, 14, 0.5], "texture": "#0"}
			}
		},
		{
			"from": [5.5, 8, 5.5],
			"to": [10.5, 19, 10.5],
			"faces": {
				"north": {"uv": [0, 0, 2.5, 5.5], "texture": "#0"},
				"east": {"uv": [3, 0, 5.5, 5.5], "texture": "#0"},
				"south": {"uv": [0, 6, 2.5, 11.5], "texture": "#0"},
				"west": {"uv": [6, 0, 8.5, 5.5], "texture": "#0"},
				"up": {"uv": [5.5, 13, 3, 10.5], "texture": "#0"},
				"down": {"uv": [13, 4.5, 10.5, 7], "texture": "#0"}
			}
		},
		{
			"from": [10.75, 19.25, 10.75],
			"to": [5.25, 7.25, 5.25],
			"rotation": {"angle": 0, "axis": "y", "origin": [16, 0, 16]},
			"faces": {
				"north": {"uv": [14, 14, 15, 15], "texture": "#0"},
				"east": {"uv": [14, 14, 15, 15], "texture": "#0"},
				"south": {"uv": [14, 14, 15, 15], "texture": "#0"},
				"west": {"uv": [14, 14, 15, 15], "texture": "#0"},
				"up": {"uv": [12, 14.5, 13, 15.5], "texture": "#0"},
				"down": {"uv": [14, 14, 15, 15], "texture": "#0"}
			}
		},
		{
			"from": [10.25, 9, 10.25],
			"to": [5.75, 4, 5.75],
			"rotation": {"angle": 0, "axis": "y", "origin": [16, 0, 16]},
			"faces": {
				"north": {"uv": [14, 14, 15, 15], "texture": "#0"},
				"east": {"uv": [14, 14, 15, 15], "texture": "#0"},
				"south": {"uv": [14, 14, 15, 15], "texture": "#0"},
				"west": {"uv": [14, 14, 15, 15], "texture": "#0"},
				"up": {"uv": [9.5, 15, 10.5, 16], "texture": "#0"},
				"down": {"uv": [14, 14, 15, 15], "texture": "#0"}
			}
		}
	],
	"gui_light": "front",
	"display": {
		"thirdperson_righthand": {
			"translation": [0, 2.25, 0.25],
			"scale": [0.5, 0.5, 0.5]
		},
		"thirdperson_lefthand": {
			"translation": [0, 2.25, 0.25],
			"scale": [0.5, 0.5, 0.5]
		},
		"firstperson_righthand": {
			"scale": [0.7, 0.7, 0.7]
		},
		"firstperson_lefthand": {
			"scale": [0.7, 0.7, 0.7]
		},
		"ground": {
			"translation": [0, 2, 0],
			"scale": [0.7, 0.7, 0.7]
		},
		"gui": {
			"rotation": [30, -145, 0],
			"translation": [0.25, -0.75, 0],
			"scale": [0.7, 0.7, 0.7]
		},
		"head": {
			"translation": [0, 14.25, 0.25]
		},
		"fixed": {
			"translation": [0, -1.5, -3]
		}
	},
	"groups": [
		0,
		1,
		2,
		3,
		4,
		5,
		6,
		7,
		{
			"name": "hat_outline",
			"origin": [16, 0, 16],
			"color": 0,
			"boneType": "",
			"children": [8, 9]
		}
	]
}