{
	"textures": {
		"0": "item/crates/spongebob21_crate/money_bag"
	},
	"elements": [
		{
			"from": [7, 8, 7],
			"to": [9, 13, 9],
			"faces": {
				"north": {"uv": [1.5, 4.5, 2, 5.75], "texture": "#0"},
				"east": {"uv": [3.75, 7.75, 4.25, 9], "texture": "#0"},
				"south": {"uv": [8, 1.5, 8.5, 2.75], "texture": "#0"},
				"west": {"uv": [8, 3, 8.5, 4.25], "texture": "#0"},
				"up": {"uv": [8.5, 9, 8, 8.5], "texture": "#0"},
				"down": {"uv": [9.25, 1.5, 8.75, 2], "texture": "#0"}
			}
		},
		{
			"from": [5, 7, 5],
			"to": [11, 8, 11],
			"faces": {
				"north": {"uv": [8, 4.5, 9.5, 4.75], "texture": "#0"},
				"east": {"uv": [8, 8, 9.5, 8.25], "texture": "#0"},
				"south": {"uv": [8.25, 5, 9.75, 5.25], "texture": "#0"},
				"west": {"uv": [8.25, 5.5, 9.75, 5.75], "texture": "#0"},
				"up": {"uv": [5.75, 3.75, 4.25, 2.25], "texture": "#0"},
				"down": {"uv": [6.75, 4, 5.25, 5.5], "texture": "#0"}
			}
		},
		{
			"from": [5.5, 1, 5.5],
			"to": [10.5, 9, 10.5],
			"faces": {
				"north": {"uv": [2.25, 4, 3.5, 6], "texture": "#0"},
				"east": {"uv": [3.75, 4, 5, 6], "texture": "#0"},
				"south": {"uv": [4.25, 0, 5.5, 2], "texture": "#0"},
				"west": {"uv": [0, 4.5, 1.25, 6.5], "texture": "#0"},
				"up": {"uv": [4.75, 7.5, 3.5, 6.25], "texture": "#0"},
				"down": {"uv": [1.25, 6.75, 0, 8], "texture": "#0"}
			}
		},
		{
			"from": [6.5, 4, 6.5],
			"to": [9.5, 11, 9.5],
			"faces": {
				"north": {"uv": [7, 3, 7.75, 4.75], "texture": "#0"},
				"east": {"uv": [5, 7.25, 5.75, 9], "texture": "#0"},
				"south": {"uv": [7.25, 5, 8, 6.75], "texture": "#0"},
				"west": {"uv": [6, 7.25, 6.75, 9], "texture": "#0"},
				"up": {"uv": [6.75, 3.75, 6, 3], "texture": "#0"},
				"down": {"uv": [7.75, 8, 7, 8.75], "texture": "#0"}
			}
		},
		{
			"from": [4, 3, 4],
			"to": [12, 5, 12],
			"faces": {
				"north": {"uv": [7, 7.25, 9, 7.75], "texture": "#0"},
				"east": {"uv": [7.75, 0, 9.75, 0.5], "texture": "#0"},
				"south": {"uv": [7.75, 0.75, 9.75, 1.25], "texture": "#0"},
				"west": {"uv": [1.5, 7.75, 3.5, 8.25], "texture": "#0"},
				"up": {"uv": [2, 2, 0, 0], "texture": "#0"},
				"down": {"uv": [2, 2.25, 0, 4.25], "texture": "#0"}
			}
		},
		{
			"from": [4.5, 2, 4.5],
			"to": [11.5, 7, 11.5],
			"faces": {
				"north": {"uv": [5.75, 0, 7.5, 1.25], "texture": "#0"},
				"east": {"uv": [5.25, 5.75, 7, 7], "texture": "#0"},
				"south": {"uv": [6, 1.5, 7.75, 2.75], "texture": "#0"},
				"west": {"uv": [1.5, 6.25, 3.25, 7.5], "texture": "#0"},
				"up": {"uv": [4, 1.75, 2.25, 0], "texture": "#0"},
				"down": {"uv": [4, 2, 2.25, 3.75], "texture": "#0"}
			}
		},
		{
			"from": [7, 13, 7],
			"to": [9, 15, 9],
			"rotation": {"angle": -45, "axis": "y", "origin": [8, 14, 8]},
			"faces": {
				"north": {"uv": [0, 8.25, 0.5, 8.75], "texture": "#0"},
				"east": {"uv": [0.75, 8.25, 1.25, 8.75], "texture": "#0"},
				"south": {"uv": [8.25, 6, 8.75, 6.5], "texture": "#0"},
				"west": {"uv": [1.5, 8.5, 2, 9], "texture": "#0"},
				"up": {"uv": [2.75, 9, 2.25, 8.5], "texture": "#0"},
				"down": {"uv": [3.5, 8.5, 3, 9], "texture": "#0"}
			}
		}
	],
	"gui_light": "front",
	"display": {
		"thirdperson_righthand": {
			"rotation": [50, 0, 0],
			"translation": [0, -3.75, -2],
			"scale": [0.99, 0.99, 0.99]
		},
		"thirdperson_lefthand": {
			"rotation": [50, 0, 0],
			"translation": [0, -3.75, -2],
			"scale": [0.99, 0.99, 0.99]
		},
		"firstperson_righthand": {
			"rotation": [0, 30, 0],
			"translation": [10, 3.25, -6.25]
		},
		"firstperson_lefthand": {
			"rotation": [0, -161, 0],
			"translation": [9, 4, -5.75]
		},
		"ground": {
			"translation": [0, 4, 0]
		},
		"gui": {
			"rotation": [30, 45, 0],
			"translation": [0, 0.25, 0]
		},
		"head": {
			"translation": [0, 12.75, 0]
		},
		"fixed": {
			"rotation": [0, -90, 0],
			"translation": [0, 0, -3]
		}
	}
}