{
	"textures": {
		"0": "item/crates/spongebob21_crate/patrick_pants"
	},
	"elements": [
		{
			"name": "patrick_pants_0",
			"from": [1, 0, 4],
			"to": [2, 1, 8],
			"faces": {
				"north": {"uv": [2, 4, 1, 5], "texture": "#0"},
				"east": {"uv": [1, 4, 2, 8], "rotation": 90, "texture": "#0"},
				"south": {"uv": [1, 7, 2, 8], "texture": "#0"},
				"west": {"uv": [1, 4, 2, 8], "rotation": 270, "texture": "#0"},
				"up": {"uv": [1, 4, 2, 8], "texture": "#0"},
				"down": {"uv": [1, 8, 2, 4], "texture": "#0"}
			}
		},
		{
			"name": "patrick_pants_1",
			"from": [14, 0, 4],
			"to": [15, 1, 8],
			"faces": {
				"north": {"uv": [15, 4, 14, 5], "texture": "#0"},
				"east": {"uv": [14, 4, 15, 8], "rotation": 90, "texture": "#0"},
				"south": {"uv": [14, 7, 15, 8], "texture": "#0"},
				"west": {"uv": [14, 4, 15, 8], "rotation": 270, "texture": "#0"},
				"up": {"uv": [14, 4, 15, 8], "texture": "#0"},
				"down": {"uv": [14, 8, 15, 4], "texture": "#0"}
			}
		},
		{
			"name": "patrick_pants_2",
			"from": [2, 0, 5],
			"to": [4, 1, 10],
			"faces": {
				"north": {"uv": [4, 5, 2, 6], "texture": "#0"},
				"east": {"uv": [3, 5, 4, 10], "rotation": 90, "texture": "#0"},
				"south": {"uv": [2, 9, 4, 10], "texture": "#0"},
				"west": {"uv": [2, 5, 3, 10], "rotation": 270, "texture": "#0"},
				"up": {"uv": [2, 5, 4, 10], "texture": "#0"},
				"down": {"uv": [2, 10, 4, 5], "texture": "#0"}
			}
		},
		{
			"name": "patrick_pants_3",
			"from": [12, 0, 5],
			"to": [14, 1, 10],
			"faces": {
				"north": {"uv": [14, 5, 12, 6], "texture": "#0"},
				"east": {"uv": [13, 5, 14, 10], "rotation": 90, "texture": "#0"},
				"south": {"uv": [12, 9, 14, 10], "texture": "#0"},
				"west": {"uv": [12, 5, 13, 10], "rotation": 270, "texture": "#0"},
				"up": {"uv": [12, 5, 14, 10], "texture": "#0"},
				"down": {"uv": [12, 10, 14, 5], "texture": "#0"}
			}
		},
		{
			"name": "patrick_pants_4",
			"from": [4, 0, 6],
			"to": [12, 1, 11],
			"faces": {
				"north": {"uv": [12, 6, 4, 7], "texture": "#0"},
				"east": {"uv": [11, 6, 12, 11], "rotation": 90, "texture": "#0"},
				"south": {"uv": [4, 10, 12, 11], "texture": "#0"},
				"west": {"uv": [4, 6, 5, 11], "rotation": 270, "texture": "#0"},
				"up": {"uv": [4, 6, 12, 11], "texture": "#0"},
				"down": {"uv": [4, 11, 12, 6], "texture": "#0"}
			}
		},
		{
			"name": "patrick_pants_5",
			"from": [3, 0, 10],
			"to": [4, 1, 13],
			"faces": {
				"north": {"uv": [4, 10, 3, 11], "texture": "#0"},
				"east": {"uv": [3, 10, 4, 13], "rotation": 90, "texture": "#0"},
				"south": {"uv": [3, 12, 4, 13], "texture": "#0"},
				"west": {"uv": [3, 10, 4, 13], "rotation": 270, "texture": "#0"},
				"up": {"uv": [3, 10, 4, 13], "texture": "#0"},
				"down": {"uv": [3, 13, 4, 10], "texture": "#0"}
			}
		},
		{
			"name": "patrick_pants_6",
			"from": [12, 0, 10],
			"to": [13, 1, 13],
			"faces": {
				"north": {"uv": [13, 10, 12, 11], "texture": "#0"},
				"east": {"uv": [12, 10, 13, 13], "rotation": 90, "texture": "#0"},
				"south": {"uv": [12, 12, 13, 13], "texture": "#0"},
				"west": {"uv": [12, 10, 13, 13], "rotation": 270, "texture": "#0"},
				"up": {"uv": [12, 10, 13, 13], "texture": "#0"},
				"down": {"uv": [12, 13, 13, 10], "texture": "#0"}
			}
		},
		{
			"name": "patrick_pants_7",
			"from": [4, 0, 11],
			"to": [6, 1, 13],
			"faces": {
				"north": {"uv": [6, 11, 4, 12], "texture": "#0"},
				"east": {"uv": [5, 11, 6, 13], "rotation": 90, "texture": "#0"},
				"south": {"uv": [4, 12, 6, 13], "texture": "#0"},
				"west": {"uv": [4, 11, 5, 13], "rotation": 270, "texture": "#0"},
				"up": {"uv": [4, 11, 6, 13], "texture": "#0"},
				"down": {"uv": [4, 13, 6, 11], "texture": "#0"}
			}
		},
		{
			"name": "patrick_pants_8",
			"from": [10, 0, 11],
			"to": [12, 1, 13],
			"faces": {
				"north": {"uv": [12, 11, 10, 12], "texture": "#0"},
				"east": {"uv": [11, 11, 12, 13], "rotation": 90, "texture": "#0"},
				"south": {"uv": [10, 12, 12, 13], "texture": "#0"},
				"west": {"uv": [10, 11, 11, 13], "rotation": 270, "texture": "#0"},
				"up": {"uv": [10, 11, 12, 13], "texture": "#0"},
				"down": {"uv": [10, 13, 12, 11], "texture": "#0"}
			}
		}
	],
	"gui_light": "front",
	"display": {
		"thirdperson_righthand": {
			"rotation": [90, 0, 90],
			"translation": [-4.5, 0, 0],
			"scale": [0.6, 0.6, 0.6]
		},
		"thirdperson_lefthand": {
			"rotation": [90, 0, 90],
			"translation": [-4.5, 0, 0],
			"scale": [0.6, 0.6, 0.6]
		},
		"firstperson_righthand": {
			"rotation": [85, 0, 45]
		},
		"firstperson_lefthand": {
			"rotation": [85, 0, 45]
		},
		"ground": {
			"translation": [0, 2, 0],
			"scale": [0.7, 0.7, 0.7]
		},
		"gui": {
			"rotation": [90, 0, 0]
		},
		"fixed": {
			"rotation": [90, 0, 0],
			"translation": [0, 0, 6.75]
		}
	},
	"groups": [
		{
			"name": "patrick_pants",
			"origin": [8, 8, 8],
			"color": 0,
			"children": [0, 1, 2, 3, 4, 5, 6, 7, 8]
		}
	]
}