{
	"textures": {
		"0": "item/crates/spongebob21_crate/plankton"
	},
	"elements": [
		{
			"name": "torso",
			"from": [5, -6, 5],
			"to": [11, 8, 11],
			"rotation": {"angle": 0, "axis": "y", "origin": [8, -9, 0]},
			"faces": {
				"north": {"uv": [0, 0, 1.5, 3.5], "texture": "#0"},
				"east": {"uv": [1.75, 0, 3.25, 3.5], "texture": "#0"},
				"south": {"uv": [3.5, 0, 5, 3.5], "texture": "#0"},
				"west": {"uv": [0, 3.75, 1.5, 7.25], "texture": "#0"},
				"up": {"uv": [3.25, 5.25, 1.75, 3.75], "texture": "#0"},
				"down": {"uv": [5, 3.75, 3.5, 5.25], "texture": "#0"}
			}
		},
		{
			"name": "torso",
			"from": [6, 2, 4],
			"to": [10, 6, 5],
			"rotation": {"angle": 0, "axis": "y", "origin": [8, -9, 0]},
			"faces": {
				"north": {"uv": [5.25, 0, 6.25, 1], "texture": "#0"},
				"east": {"uv": [5.25, 7.25, 5.5, 8.25], "texture": "#0"},
				"south": {"uv": [5.25, 1.25, 6.25, 2.25], "texture": "#0"},
				"west": {"uv": [7.5, 7, 7.75, 8], "texture": "#0"},
				"up": {"uv": [8.75, 0.25, 7.75, 0], "texture": "#0"},
				"down": {"uv": [8.75, 0.5, 7.75, 0.75], "texture": "#0"}
			}
		},
		{
			"name": "torso",
			"from": [7.5, 3.75, 3.95],
			"to": [8.5, 4.75, 3.95],
			"rotation": {"angle": 0, "axis": "y", "origin": [8, -9, 0]},
			"faces": {
				"north": {"uv": [3, 9, 3.25, 9.25], "texture": "#0"},
				"east": {"uv": [9.25, 5.75, 9.25, 6], "texture": "#0"},
				"south": {"uv": [3.5, 9, 3.75, 9.25], "texture": "#0"},
				"west": {"uv": [6.25, 9.25, 6.25, 9.5], "texture": "#0"},
				"up": {"uv": [7.25, 1.5, 7, 1.5], "texture": "#0"},
				"down": {"uv": [8.5, 4, 8.25, 4], "texture": "#0"}
			}
		},
		{
			"name": "torso",
			"from": [7.65642, 5.72731, 3.75],
			"to": [10.65642, 6.72731, 5.75],
			"rotation": {"angle": 22.5, "axis": "z", "origin": [9.65642, 6.22731, -3.5]},
			"faces": {
				"north": {"uv": [8.25, 3.5, 9, 3.75], "texture": "#0"},
				"east": {"uv": [8.75, 2.5, 9.25, 2.75], "texture": "#0"},
				"south": {"uv": [8.25, 5.75, 9, 6], "texture": "#0"},
				"west": {"uv": [8.75, 3, 9.25, 3.25], "texture": "#0"},
				"up": {"uv": [7.25, 2.25, 6.5, 1.75], "texture": "#0"},
				"down": {"uv": [7.5, 2.5, 6.75, 3], "texture": "#0"}
			}
		},
		{
			"name": "torso",
			"from": [5.34358, 5.72731, 3.75],
			"to": [8.34358, 6.72731, 5.75],
			"rotation": {"angle": -22.5, "axis": "z", "origin": [6.34358, 6.22731, -3.5]},
			"faces": {
				"north": {"uv": [8.25, 6.25, 9, 6.5], "texture": "#0"},
				"east": {"uv": [8.75, 4, 9.25, 4.25], "texture": "#0"},
				"south": {"uv": [1.5, 8.5, 2.25, 8.75], "texture": "#0"},
				"west": {"uv": [8.75, 4.5, 9.25, 4.75], "texture": "#0"},
				"up": {"uv": [7.5, 3.75, 6.75, 3.25], "texture": "#0"},
				"down": {"uv": [7.5, 4, 6.75, 4.5], "texture": "#0"}
			}
		},
		{
			"name": "arm_left",
			"from": [-0.975, 2, 7.5],
			"to": [5.025, 3, 8.5],
			"rotation": {"angle": -45, "axis": "z", "origin": [5, 2, 9]},
			"faces": {
				"north": {"uv": [6.25, 2.5, 6.5, 4], "rotation": 270, "texture": "#0"},
				"east": {"uv": [2.25, 9.25, 2, 9], "rotation": 90, "texture": "#0"},
				"south": {"uv": [6.25, 6, 6.5, 7.5], "rotation": 90, "texture": "#0"},
				"west": {"uv": [2.75, 9, 2.5, 9.25], "rotation": 90, "texture": "#0"},
				"up": {"uv": [6.5, 0, 6.75, 1.5], "rotation": 90, "texture": "#0"},
				"down": {"uv": [6.25, 4.25, 6.5, 5.75], "rotation": 90, "texture": "#0"}
			}
		},
		{
			"name": "arm_left",
			"from": [-2, 1.5, 7],
			"to": [0, 3.5, 9],
			"rotation": {"angle": -45, "axis": "z", "origin": [5, 2, 9]},
			"faces": {
				"north": {"uv": [0, 7.5, 0.5, 8], "rotation": 270, "texture": "#0"},
				"east": {"uv": [8, 6, 7.5, 5.5], "rotation": 90, "texture": "#0"},
				"south": {"uv": [7.5, 1.5, 8, 2], "rotation": 90, "texture": "#0"},
				"west": {"uv": [8, 6.25, 7.5, 6.75], "rotation": 90, "texture": "#0"},
				"up": {"uv": [7.5, 4.75, 8, 5.25], "rotation": 90, "texture": "#0"},
				"down": {"uv": [0.75, 7.5, 1.25, 8], "rotation": 90, "texture": "#0"}
			}
		},
		{
			"name": "arm_left",
			"from": [10.975, 2, 7.5],
			"to": [16.975, 3, 8.5],
			"rotation": {"angle": 45, "axis": "z", "origin": [11, 2, 9]},
			"faces": {
				"north": {"uv": [6.25, 4, 6.5, 2.5], "rotation": 270, "texture": "#0"},
				"east": {"uv": [2.75, 9.25, 2.5, 9], "rotation": 90, "texture": "#0"},
				"south": {"uv": [6.25, 7.5, 6.5, 6], "rotation": 90, "texture": "#0"},
				"west": {"uv": [2.25, 9, 2, 9.25], "rotation": 90, "texture": "#0"},
				"up": {"uv": [6.5, 1.5, 6.75, 0], "rotation": 90, "texture": "#0"},
				"down": {"uv": [6.25, 5.75, 6.5, 4.25], "rotation": 90, "texture": "#0"}
			}
		},
		{
			"name": "arm_left",
			"from": [16, 1.5, 7],
			"to": [18, 3.5, 9],
			"rotation": {"angle": 45, "axis": "z", "origin": [11, 2, 9]},
			"faces": {
				"north": {"uv": [0, 8, 0.5, 7.5], "rotation": 270, "texture": "#0"},
				"east": {"uv": [8, 6.75, 7.5, 6.25], "rotation": 90, "texture": "#0"},
				"south": {"uv": [7.5, 2, 8, 1.5], "rotation": 90, "texture": "#0"},
				"west": {"uv": [8, 5.5, 7.5, 6], "rotation": 90, "texture": "#0"},
				"up": {"uv": [7.5, 5.25, 8, 4.75], "rotation": 90, "texture": "#0"},
				"down": {"uv": [0.75, 8, 1.25, 7.5], "rotation": 90, "texture": "#0"}
			}
		},
		{
			"name": "ear_right",
			"from": [4, 7.5, 7],
			"to": [5, 18.5, 8],
			"rotation": {"angle": 0, "axis": "y", "origin": [8, -7.5, 0]},
			"faces": {
				"north": {"uv": [5.25, 2.5, 5.5, 5.25], "texture": "#0"},
				"east": {"uv": [1.75, 5.5, 2, 8.25], "texture": "#0"},
				"south": {"uv": [2.25, 5.5, 2.5, 8.25], "texture": "#0"},
				"west": {"uv": [2.75, 5.5, 3, 8.25], "texture": "#0"},
				"up": {"uv": [6.25, 9, 6, 8.75], "texture": "#0"},
				"down": {"uv": [6.75, 8.75, 6.5, 9], "texture": "#0"}
			}
		},
		{
			"name": "ear_right",
			"from": [3, 9.5, 7.5],
			"to": [6, 10.5, 7.5],
			"rotation": {"angle": 0, "axis": "y", "origin": [8, -7.5, 0]},
			"faces": {
				"north": {"uv": [7.75, 1, 8.5, 1.25], "texture": "#0"},
				"east": {"uv": [1.5, 7.5, 1.5, 7.75], "texture": "#0"},
				"south": {"uv": [7.75, 4.25, 8.5, 4.5], "texture": "#0"},
				"west": {"uv": [7.25, 7.75, 7.25, 8], "texture": "#0"},
				"up": {"uv": [9, 6.75, 8.25, 6.75], "texture": "#0"},
				"down": {"uv": [9.5, 5.5, 8.75, 5.5], "texture": "#0"}
			}
		},
		{
			"name": "ear_right",
			"from": [3, 11.5, 7.5],
			"to": [6, 12.5, 7.5],
			"rotation": {"angle": 0, "axis": "y", "origin": [8, -7.5, 0]},
			"faces": {
				"north": {"uv": [8, 7, 8.75, 7.25], "texture": "#0"},
				"east": {"uv": [1.5, 8, 1.5, 8.25], "texture": "#0"},
				"south": {"uv": [8, 7.5, 8.75, 7.75], "texture": "#0"},
				"west": {"uv": [0.75, 8.75, 0.75, 9], "texture": "#0"},
				"up": {"uv": [4.75, 9, 4, 9], "texture": "#0"},
				"down": {"uv": [9.75, 7, 9, 7], "texture": "#0"}
			}
		},
		{
			"name": "ear_right",
			"from": [3.5, 13.5, 7.5],
			"to": [5.5, 14.5, 7.5],
			"rotation": {"angle": 0, "axis": "y", "origin": [8, -7.5, 0]},
			"faces": {
				"north": {"uv": [7.25, 8.25, 7.75, 8.5], "texture": "#0"},
				"east": {"uv": [5, 9, 5, 9.25], "texture": "#0"},
				"south": {"uv": [2.5, 8.5, 3, 8.75], "texture": "#0"},
				"west": {"uv": [5.25, 9, 5.25, 9.25], "texture": "#0"},
				"up": {"uv": [9.5, 7.25, 9, 7.25], "texture": "#0"},
				"down": {"uv": [9.5, 7.5, 9, 7.5], "texture": "#0"}
			}
		},
		{
			"name": "ear_right",
			"from": [3.5, 15.5, 7.5],
			"to": [5.5, 16.5, 7.5],
			"rotation": {"angle": 0, "axis": "y", "origin": [8, -7.5, 0]},
			"faces": {
				"north": {"uv": [3.25, 8.5, 3.75, 8.75], "texture": "#0"},
				"east": {"uv": [9, 7.75, 9, 8], "texture": "#0"},
				"south": {"uv": [4, 8.5, 4.5, 8.75], "texture": "#0"},
				"west": {"uv": [8, 9, 8, 9.25], "texture": "#0"},
				"up": {"uv": [8.75, 9, 8.25, 9], "texture": "#0"},
				"down": {"uv": [9.5, 8.25, 9, 8.25], "texture": "#0"}
			}
		},
		{
			"name": "ear_left",
			"from": [11, 7.5, 7],
			"to": [12, 18.5, 8],
			"rotation": {"angle": 0, "axis": "y", "origin": [8, -7.5, 0]},
			"faces": {
				"north": {"uv": [3.25, 5.5, 3.5, 8.25], "texture": "#0"},
				"east": {"uv": [3.75, 5.5, 4, 8.25], "texture": "#0"},
				"south": {"uv": [4.25, 5.5, 4.5, 8.25], "texture": "#0"},
				"west": {"uv": [4.75, 5.5, 5, 8.25], "texture": "#0"},
				"up": {"uv": [7.25, 9, 7, 8.75], "texture": "#0"},
				"down": {"uv": [7.75, 8.75, 7.5, 9], "texture": "#0"}
			}
		},
		{
			"name": "ear_left",
			"from": [10, 9.5, 7.5],
			"to": [13, 10.5, 7.5],
			"rotation": {"angle": 0, "axis": "y", "origin": [8, -7.5, 0]},
			"faces": {
				"north": {"uv": [8, 8, 8.75, 8.25], "texture": "#0"},
				"east": {"uv": [9, 9, 9, 9.25], "texture": "#0"},
				"south": {"uv": [0, 8.25, 0.75, 8.5], "texture": "#0"},
				"west": {"uv": [0, 9.25, 0, 9.5], "texture": "#0"},
				"up": {"uv": [1, 9.25, 0.25, 9.25], "texture": "#0"},
				"down": {"uv": [10, 1.5, 9.25, 1.5], "texture": "#0"}
			}
		},
		{
			"name": "ear_left",
			"from": [10, 11.5, 7.5],
			"to": [13, 12.5, 7.5],
			"rotation": {"angle": 0, "axis": "y", "origin": [8, -7.5, 0]},
			"faces": {
				"north": {"uv": [8.25, 1.5, 9, 1.75], "texture": "#0"},
				"east": {"uv": [1.25, 9.25, 1.25, 9.5], "texture": "#0"},
				"south": {"uv": [8.25, 2, 9, 2.25], "texture": "#0"},
				"west": {"uv": [9.25, 1.75, 9.25, 2], "texture": "#0"},
				"up": {"uv": [10, 2.25, 9.25, 2.25], "texture": "#0"},
				"down": {"uv": [10, 3.5, 9.25, 3.5], "texture": "#0"}
			}
		},
		{
			"name": "ear_left",
			"from": [10.5, 13.5, 7.5],
			"to": [12.5, 14.5, 7.5],
			"rotation": {"angle": 0, "axis": "y", "origin": [8, -7.5, 0]},
			"faces": {
				"north": {"uv": [4.75, 8.5, 5.25, 8.75], "texture": "#0"},
				"east": {"uv": [4, 9.25, 4, 9.5], "texture": "#0"},
				"south": {"uv": [8, 8.5, 8.5, 8.75], "texture": "#0"},
				"west": {"uv": [4.25, 9.25, 4.25, 9.5], "texture": "#0"},
				"up": {"uv": [9.75, 3.75, 9.25, 3.75], "texture": "#0"},
				"down": {"uv": [9.75, 5, 9.25, 5], "texture": "#0"}
			}
		},
		{
			"name": "ear_left",
			"from": [10.5, 15.5, 7.5],
			"to": [12.5, 16.5, 7.5],
			"rotation": {"angle": 0, "axis": "y", "origin": [8, -7.5, 0]},
			"faces": {
				"north": {"uv": [0, 8.75, 0.5, 9], "texture": "#0"},
				"east": {"uv": [4.5, 9.25, 4.5, 9.5], "texture": "#0"},
				"south": {"uv": [8.75, 1, 9.25, 1.25], "texture": "#0"},
				"west": {"uv": [4.75, 9.25, 4.75, 9.5], "texture": "#0"},
				"up": {"uv": [9.75, 5.25, 9.25, 5.25], "texture": "#0"},
				"down": {"uv": [6, 9.25, 5.5, 9.25], "texture": "#0"}
			}
		},
		{
			"name": "leg_right",
			"from": [10, -9, 7],
			"to": [11, -6, 8],
			"rotation": {"angle": 0, "axis": "y", "origin": [8, -9, 0]},
			"faces": {
				"north": {"uv": [7.75, 2.25, 8, 3], "texture": "#0"},
				"east": {"uv": [7.75, 3.25, 8, 4], "texture": "#0"},
				"south": {"uv": [5.75, 7.75, 6, 8.5], "texture": "#0"},
				"west": {"uv": [6.25, 7.75, 6.5, 8.5], "texture": "#0"},
				"up": {"uv": [9, 5.25, 8.75, 5], "texture": "#0"},
				"down": {"uv": [5.75, 8.75, 5.5, 9], "texture": "#0"}
			}
		},
		{
			"name": "leg_left",
			"from": [5, -9, 7],
			"to": [6, -6, 8],
			"rotation": {"angle": 0, "axis": "y", "origin": [8, -9, 0]},
			"faces": {
				"north": {"uv": [6.75, 7.75, 7, 8.5], "texture": "#0"},
				"east": {"uv": [1, 8.25, 1.25, 9], "texture": "#0"},
				"south": {"uv": [8.25, 2.5, 8.5, 3.25], "texture": "#0"},
				"west": {"uv": [8.25, 4.75, 8.5, 5.5], "texture": "#0"},
				"up": {"uv": [9, 8.75, 8.75, 8.5], "texture": "#0"},
				"down": {"uv": [9.25, 0, 9, 0.25], "texture": "#0"}
			}
		}
	],
	"gui_light": "front",
	"display": {
		"thirdperson_righthand": {
			"rotation": [60, 0, 0],
			"translation": [0, 4, 4.75]
		},
		"thirdperson_lefthand": {
			"rotation": [60, 0, 0],
			"translation": [0, 4, 4.75]
		},
		"firstperson_righthand": {
			"rotation": [0, 130, 0],
			"translation": [2.75, 7, 0],
			"scale": [0.7, 0.7, 0.7]
		},
		"firstperson_lefthand": {
			"rotation": [0, 130, 0],
			"translation": [2.75, 7, 0],
			"scale": [0.7, 0.7, 0.7]
		},
		"ground": {
			"rotation": [36, 0, 0],
			"translation": [0, 6.25, 2.25],
			"scale": [0.7, 0.7, 0.7]
		},
		"gui": {
			"rotation": [30, -145, 0],
			"translation": [0, 1.75, 0],
			"scale": [0.6, 0.6, 0.6]
		},
		"head": {
			"translation": [0, 16.25, 0]
		},
		"fixed": {
			"translation": [0, 6.5, -1.25]
		}
	},
	"groups": [
		{
			"name": "torso",
			"origin": [0, 9, 0],
			"color": 0,
			"boneType": "",
			"children": [
				0,
				1,
				2,
				3,
				4,
				{
					"name": "arm_left",
					"origin": [-3, 10.5, 0],
					"color": 1,
					"boneType": "",
					"children": [5, 6]
				},
				{
					"name": "arm_left",
					"origin": [-3, 10.5, 0],
					"color": 1,
					"boneType": "",
					"children": [7, 8]
				},
				{
					"name": "ear_right",
					"origin": [2.5, 16.5, 0],
					"color": 3,
					"boneType": "",
					"children": [9, 10, 11, 12, 13]
				},
				{
					"name": "ear_left",
					"origin": [-2.5, 16.5, 0],
					"color": 4,
					"boneType": "",
					"children": [14, 15, 16, 17, 18]
				},
				{
					"name": "leg_right",
					"origin": [2.5, 3, 0],
					"color": 5,
					"boneType": "",
					"children": [19]
				},
				{
					"name": "leg_left",
					"origin": [-2.5, 3, 0],
					"color": 6,
					"boneType": "",
					"children": [20]
				}
			]
		}
	]
}