{
	"textures": {
		"0": "item/crates/spongebob21_crate/sandys_pop_gun"
	},
	"elements": [
		{
			"from": [7, 0, 7],
			"to": [9, 5, 9],
			"rotation": {"angle": 0, "axis": "y", "origin": [16, 0, 16]},
			"faces": {
				"north": {"uv": [2.5, 6.5, 3, 7.75], "texture": "#0"},
				"east": {"uv": [3.25, 6.5, 3.75, 7.75], "texture": "#0"},
				"south": {"uv": [6.5, 3.75, 7, 5], "texture": "#0"},
				"west": {"uv": [4, 6.5, 4.5, 7.75], "texture": "#0"},
				"up": {"uv": [0.5, 9.75, 0, 9.25], "texture": "#0"},
				"down": {"uv": [1.25, 9.25, 0.75, 9.75], "texture": "#0"}
			}
		},
		{
			"from": [7.5, 7.5, 10],
			"to": [8.5, 8.5, 13],
			"rotation": {"angle": 0, "axis": "y", "origin": [16, 0, 16]},
			"faces": {
				"north": {"uv": [10.25, 7.25, 10.5, 7.5], "texture": "#0"},
				"east": {"uv": [9.5, 9.5, 10.25, 9.75], "texture": "#0"},
				"south": {"uv": [10.25, 7.75, 10.5, 8], "texture": "#0"},
				"west": {"uv": [8.25, 9.75, 9, 10], "texture": "#0"},
				"up": {"uv": [7.25, 10.25, 7, 9.5], "texture": "#0"},
				"down": {"uv": [4.75, 9.75, 4.5, 10.5], "texture": "#0"}
			}
		},
		{
			"from": [6.5, 6.5, 13],
			"to": [9.5, 9.5, 15],
			"rotation": {"angle": 0, "axis": "y", "origin": [16, 0, 16]},
			"faces": {
				"north": {"uv": [7, 0, 7.75, 0.75], "texture": "#0"},
				"east": {"uv": [8.75, 0.5, 9.25, 1.25], "texture": "#0"},
				"south": {"uv": [7.25, 3.75, 8, 4.5], "texture": "#0"},
				"west": {"uv": [8.75, 4.75, 9.25, 5.5], "texture": "#0"},
				"up": {"uv": [6.25, 9.25, 5.5, 8.75], "texture": "#0"},
				"down": {"uv": [9.25, 9, 8.5, 9.5], "texture": "#0"}
			}
		},
		{
			"from": [7, 10.5, 6],
			"to": [9, 11.5, 8],
			"rotation": {"angle": 0, "axis": "y", "origin": [16, 0, 16]},
			"faces": {
				"north": {"uv": [0, 10, 0.5, 10.25], "texture": "#0"},
				"east": {"uv": [0.75, 10, 1.25, 10.25], "texture": "#0"},
				"south": {"uv": [10, 1.75, 10.5, 2], "texture": "#0"},
				"west": {"uv": [10, 2.25, 10.5, 2.5], "texture": "#0"},
				"up": {"uv": [8, 9.75, 7.5, 9.25], "texture": "#0"},
				"down": {"uv": [10, 1, 9.5, 1.5], "texture": "#0"}
			}
		},
		{
			"from": [7.5, 11, 6.5],
			"to": [8.5, 13, 7.5],
			"rotation": {"angle": 0, "axis": "y", "origin": [16, 0, 16]},
			"faces": {
				"north": {"uv": [10, 2.75, 10.25, 3.25], "texture": "#0"},
				"east": {"uv": [10, 3.5, 10.25, 4], "texture": "#0"},
				"south": {"uv": [10, 4.25, 10.25, 4.75], "texture": "#0"},
				"west": {"uv": [10, 5, 10.25, 5.5], "texture": "#0"},
				"up": {"uv": [3.5, 10.5, 3.25, 10.25], "texture": "#0"},
				"down": {"uv": [4, 10.25, 3.75, 10.5], "texture": "#0"}
			}
		},
		{
			"from": [6.5, 13, 6.5],
			"to": [9.5, 16, 7.5],
			"rotation": {"angle": 0, "axis": "y", "origin": [16, 0, 16]},
			"faces": {
				"north": {"uv": [6.5, 5.25, 7.25, 6], "texture": "#0"},
				"east": {"uv": [9.5, 4.75, 9.75, 5.5], "texture": "#0"},
				"south": {"uv": [6.5, 6.25, 7.25, 7], "texture": "#0"},
				"west": {"uv": [5.5, 9.5, 5.75, 10.25], "texture": "#0"},
				"up": {"uv": [6.75, 9.75, 6, 9.5], "texture": "#0"},
				"down": {"uv": [10.25, 9, 9.5, 9.25], "texture": "#0"}
			}
		},
		{
			"from": [6, 6, 9],
			"to": [10, 10, 11],
			"rotation": {"angle": 0, "axis": "y", "origin": [0, 0, 16]},
			"faces": {
				"north": {"uv": [2.5, 5.25, 3.5, 6.25], "texture": "#0"},
				"east": {"uv": [8, 0, 8.5, 1], "texture": "#0"},
				"south": {"uv": [3.75, 5.25, 4.75, 6.25], "texture": "#0"},
				"west": {"uv": [8, 4.75, 8.5, 5.75], "texture": "#0"},
				"up": {"uv": [9, 6.5, 8, 6], "texture": "#0"},
				"down": {"uv": [9, 6.75, 8, 7.25], "texture": "#0"}
			}
		},
		{
			"from": [11, 4, -2],
			"to": [12, 12, -1],
			"rotation": {"angle": 0, "axis": "y", "origin": [16, 0, 16]},
			"faces": {
				"north": {"uv": [6.5, 7.25, 6.75, 9.25], "texture": "#0"},
				"east": {"uv": [7, 7.25, 7.25, 9.25], "texture": "#0"},
				"south": {"uv": [7.5, 4.75, 7.75, 6.75], "texture": "#0"},
				"west": {"uv": [7.5, 7, 7.75, 9], "texture": "#0"},
				"up": {"uv": [6.25, 10.25, 6, 10], "texture": "#0"},
				"down": {"uv": [6.75, 10, 6.5, 10.25], "texture": "#0"}
			}
		},
		{
			"from": [5, 11, -2],
			"to": [11, 12, -1],
			"rotation": {"angle": 0, "axis": "y", "origin": [16, 0, 16]},
			"faces": {
				"north": {"uv": [8.5, 8, 10, 8.25], "texture": "#0"},
				"east": {"uv": [2.25, 10.25, 2.5, 10.5], "texture": "#0"},
				"south": {"uv": [8.5, 8.5, 10, 8.75], "texture": "#0"},
				"west": {"uv": [2.75, 10.25, 3, 10.5], "texture": "#0"},
				"up": {"uv": [1.5, 9, 0, 8.75], "texture": "#0"},
				"down": {"uv": [10.25, 0, 8.75, 0.25], "texture": "#0"}
			}
		},
		{
			"from": [4, 4, -2],
			"to": [5, 12, -1],
			"rotation": {"angle": 0, "axis": "y", "origin": [16, 0, 16]},
			"faces": {
				"north": {"uv": [2.5, 8, 2.75, 10], "texture": "#0"},
				"east": {"uv": [3, 8, 3.25, 10], "texture": "#0"},
				"south": {"uv": [3.5, 8, 3.75, 10], "texture": "#0"},
				"west": {"uv": [4, 8, 4.25, 10], "texture": "#0"},
				"up": {"uv": [7.75, 10.25, 7.5, 10], "texture": "#0"},
				"down": {"uv": [9.5, 10, 9.25, 10.25], "texture": "#0"}
			}
		},
		{
			"from": [5, 4, -2],
			"to": [11, 5, -1],
			"rotation": {"angle": 0, "axis": "y", "origin": [16, 0, 16]},
			"faces": {
				"north": {"uv": [7, 1.25, 8.5, 1.5], "texture": "#0"},
				"east": {"uv": [9.75, 10, 10, 10.25], "texture": "#0"},
				"south": {"uv": [8.25, 3.75, 9.75, 4], "texture": "#0"},
				"west": {"uv": [10.25, 1, 10.5, 1.25], "texture": "#0"},
				"up": {"uv": [9.75, 4.5, 8.25, 4.25], "texture": "#0"},
				"down": {"uv": [10, 7.5, 8.5, 7.75], "texture": "#0"}
			}
		},
		{
			"from": [10, 5, -3],
			"to": [11, 11, 10],
			"rotation": {"angle": 0, "axis": "y", "origin": [16, 0, 16]},
			"faces": {
				"north": {"uv": [4.5, 8, 4.75, 9.5], "texture": "#0"},
				"east": {"uv": [0, 0, 3.25, 1.5], "texture": "#0"},
				"south": {"uv": [8, 7.5, 8.25, 9], "texture": "#0"},
				"west": {"uv": [0, 1.75, 3.25, 3.25], "texture": "#0"},
				"up": {"uv": [5.25, 8.5, 5, 5.25], "texture": "#0"},
				"down": {"uv": [5.75, 5.25, 5.5, 8.5], "texture": "#0"}
			}
		},
		{
			"from": [6, 10, -3],
			"to": [10, 11, 10],
			"rotation": {"angle": 0, "axis": "y", "origin": [0, 0, 16]},
			"faces": {
				"north": {"uv": [9.25, 5.75, 10.25, 6], "texture": "#0"},
				"east": {"uv": [6.5, 1.75, 9.75, 2], "texture": "#0"},
				"south": {"uv": [9.25, 6.25, 10.25, 6.5], "texture": "#0"},
				"west": {"uv": [6.5, 2.25, 9.75, 2.5], "texture": "#0"},
				"up": {"uv": [4.5, 5, 3.5, 1.75], "texture": "#0"},
				"down": {"uv": [5.75, 1.75, 4.75, 5], "texture": "#0"}
			}
		},
		{
			"from": [5, 5, -3],
			"to": [6, 11, 10],
			"rotation": {"angle": 0, "axis": "y", "origin": [0, 0, 16]},
			"faces": {
				"north": {"uv": [1.75, 8.75, 2, 10.25], "texture": "#0"},
				"east": {"uv": [0, 3.5, 3.25, 5], "texture": "#0"},
				"south": {"uv": [5, 8.75, 5.25, 10.25], "texture": "#0"},
				"west": {"uv": [3.5, 0, 6.75, 1.5], "texture": "#0"},
				"up": {"uv": [6.25, 5, 6, 1.75], "texture": "#0"},
				"down": {"uv": [6.25, 5.25, 6, 8.5], "texture": "#0"}
			}
		},
		{
			"from": [6, 5, -3],
			"to": [10, 6, 10],
			"rotation": {"angle": 0, "axis": "y", "origin": [0, 0, 16]},
			"faces": {
				"north": {"uv": [9.25, 6.75, 10.25, 7], "texture": "#0"},
				"east": {"uv": [6.5, 2.75, 9.75, 3], "texture": "#0"},
				"south": {"uv": [9.5, 0.5, 10.5, 0.75], "texture": "#0"},
				"west": {"uv": [6.5, 3.25, 9.75, 3.5], "texture": "#0"},
				"up": {"uv": [1, 8.5, 0, 5.25], "texture": "#0"},
				"down": {"uv": [2.25, 5.25, 1.25, 8.5], "texture": "#0"}
			}
		},
		{
			"from": [8, 3, 4],
			"to": [8, 5, 7],
			"faces": {
				"north": {"uv": [0, 0, 0, 0.5], "texture": "#0"},
				"east": {"uv": [11.75, 0.5, 12.5, 1], "texture": "#0"},
				"south": {"uv": [0, 0, 0, 0.5], "texture": "#0"},
				"west": {"uv": [12, 2.5, 12.75, 3], "texture": "#0"},
				"up": {"uv": [0, 0, 0, 0.75], "texture": "#0"},
				"down": {"uv": [0, 0, 0, 0.75], "texture": "#0"}
			}
		}
	],
	"gui_light": "front",
	"display": {
		"thirdperson_righthand": {
			"translation": [0, 2.75, 2],
			"scale": [0.9, 0.9, 0.9]
		},
		"thirdperson_lefthand": {
			"translation": [0, 2.75, 2],
			"scale": [0.9, 0.9, 0.9]
		},
		"firstperson_righthand": {
			"translation": [2, 0, 0],
			"scale": [0.9, 0.9, 0.9]
		},
		"firstperson_lefthand": {
			"translation": [2, 0, 0],
			"scale": [0.9, 0.9, 0.9]
		},
		"ground": {
			"scale": [0.25, 0.25, 0.25]
		},
		"gui": {
			"rotation": [133, 54, 66],
			"translation": [2, -0.25, 0],
			"scale": [0.85, -0.85, 0.85]
		},
		"head": {
			"translation": [0, 3.25, 0]
		},
		"fixed": {
			"rotation": [90, -51, 90],
			"translation": [-2.75, -2.25, -3.75]
		}
	},
	"groups": [0, 1, 2, 3, 4, 5, 6,
		{
			"name": "group",
			"origin": [16, 0, 16],
			"color": 0,
			"children": [7, 8, 9, 10]
		},
		{
			"name": "group",
			"origin": [0, 0, 16],
			"color": 0,
			"children": [11, 12, 13, 14]
		}, 15]
}