{
	"textures": {
		"0": "item/crates/spongebob21_crate/spongebob_boots"
	},
	"elements": [
		{
			"name": "spongebob_boots_0",
			"from": [4, 0, 4],
			"to": [6, 1, 12],
			"faces": {
				"north": {"uv": [6, 4, 4, 5], "texture": "#0"},
				"east": {"uv": [5, 4, 6, 12], "rotation": 90, "texture": "#0"},
				"south": {"uv": [4, 11, 6, 12], "texture": "#0"},
				"west": {"uv": [4, 4, 5, 12], "rotation": 270, "texture": "#0"},
				"up": {"uv": [4, 4, 6, 12], "texture": "#0"},
				"down": {"uv": [4, 12, 6, 4], "texture": "#0"}
			}
		},
		{
			"name": "spongebob_boots_1",
			"from": [10, 0, 4],
			"to": [12, 1, 12],
			"faces": {
				"north": {"uv": [12, 4, 10, 5], "texture": "#0"},
				"east": {"uv": [11, 4, 12, 12], "rotation": 90, "texture": "#0"},
				"south": {"uv": [10, 11, 12, 12], "texture": "#0"},
				"west": {"uv": [10, 4, 11, 12], "rotation": 270, "texture": "#0"},
				"up": {"uv": [10, 4, 12, 12], "texture": "#0"},
				"down": {"uv": [10, 12, 12, 4], "texture": "#0"}
			}
		},
		{
			"name": "spongebob_boots_2",
			"from": [1, 0, 9],
			"to": [2, 1, 13],
			"faces": {
				"north": {"uv": [2, 9, 1, 10], "texture": "#0"},
				"east": {"uv": [1, 9, 2, 13], "rotation": 90, "texture": "#0"},
				"south": {"uv": [1, 12, 2, 13], "texture": "#0"},
				"west": {"uv": [1, 9, 2, 13], "rotation": 270, "texture": "#0"},
				"up": {"uv": [1, 9, 2, 13], "texture": "#0"},
				"down": {"uv": [1, 13, 2, 9], "texture": "#0"}
			}
		},
		{
			"name": "spongebob_boots_3",
			"from": [14, 0, 9],
			"to": [15, 1, 13],
			"faces": {
				"north": {"uv": [15, 9, 14, 10], "texture": "#0"},
				"east": {"uv": [14, 9, 15, 13], "rotation": 90, "texture": "#0"},
				"south": {"uv": [14, 12, 15, 13], "texture": "#0"},
				"west": {"uv": [14, 9, 15, 13], "rotation": 270, "texture": "#0"},
				"up": {"uv": [14, 9, 15, 13], "texture": "#0"},
				"down": {"uv": [14, 13, 15, 9], "texture": "#0"}
			}
		},
		{
			"name": "spongebob_boots_4",
			"from": [0, 0, 10],
			"to": [1, 1, 12],
			"faces": {
				"north": {"uv": [1, 10, 0, 11], "texture": "#0"},
				"east": {"uv": [0, 10, 1, 12], "rotation": 90, "texture": "#0"},
				"south": {"uv": [0, 11, 1, 12], "texture": "#0"},
				"west": {"uv": [0, 10, 1, 12], "rotation": 270, "texture": "#0"},
				"up": {"uv": [0, 10, 1, 12], "texture": "#0"},
				"down": {"uv": [0, 12, 1, 10], "texture": "#0"}
			}
		},
		{
			"name": "spongebob_boots_5",
			"from": [2, 0, 10],
			"to": [4, 1, 13],
			"faces": {
				"north": {"uv": [4, 10, 2, 11], "texture": "#0"},
				"east": {"uv": [3, 10, 4, 13], "rotation": 90, "texture": "#0"},
				"south": {"uv": [2, 12, 4, 13], "texture": "#0"},
				"west": {"uv": [2, 10, 3, 13], "rotation": 270, "texture": "#0"},
				"up": {"uv": [2, 10, 4, 13], "texture": "#0"},
				"down": {"uv": [2, 13, 4, 10], "texture": "#0"}
			}
		},
		{
			"name": "spongebob_boots_6",
			"from": [6, 0, 10],
			"to": [7, 1, 12],
			"faces": {
				"north": {"uv": [7, 10, 6, 11], "texture": "#0"},
				"east": {"uv": [6, 10, 7, 12], "rotation": 90, "texture": "#0"},
				"south": {"uv": [6, 11, 7, 12], "texture": "#0"},
				"west": {"uv": [6, 10, 7, 12], "rotation": 270, "texture": "#0"},
				"up": {"uv": [6, 10, 7, 12], "texture": "#0"},
				"down": {"uv": [6, 12, 7, 10], "texture": "#0"}
			}
		},
		{
			"name": "spongebob_boots_7",
			"from": [9, 0, 10],
			"to": [10, 1, 12],
			"faces": {
				"north": {"uv": [10, 10, 9, 11], "texture": "#0"},
				"east": {"uv": [9, 10, 10, 12], "rotation": 90, "texture": "#0"},
				"south": {"uv": [9, 11, 10, 12], "texture": "#0"},
				"west": {"uv": [9, 10, 10, 12], "rotation": 270, "texture": "#0"},
				"up": {"uv": [9, 10, 10, 12], "texture": "#0"},
				"down": {"uv": [9, 12, 10, 10], "texture": "#0"}
			}
		},
		{
			"name": "spongebob_boots_8",
			"from": [12, 0, 10],
			"to": [14, 1, 13],
			"faces": {
				"north": {"uv": [14, 10, 12, 11], "texture": "#0"},
				"east": {"uv": [13, 10, 14, 13], "rotation": 90, "texture": "#0"},
				"south": {"uv": [12, 12, 14, 13], "texture": "#0"},
				"west": {"uv": [12, 10, 13, 13], "rotation": 270, "texture": "#0"},
				"up": {"uv": [12, 10, 14, 13], "texture": "#0"},
				"down": {"uv": [12, 13, 14, 10], "texture": "#0"}
			}
		},
		{
			"name": "spongebob_boots_9",
			"from": [15, 0, 10],
			"to": [16, 1, 12],
			"faces": {
				"north": {"uv": [16, 10, 15, 11], "texture": "#0"},
				"east": {"uv": [15, 10, 16, 12], "rotation": 90, "texture": "#0"},
				"south": {"uv": [15, 11, 16, 12], "texture": "#0"},
				"west": {"uv": [15, 10, 16, 12], "rotation": 270, "texture": "#0"},
				"up": {"uv": [15, 10, 16, 12], "texture": "#0"},
				"down": {"uv": [15, 12, 16, 10], "texture": "#0"}
			}
		},
		{
			"name": "spongebob_boots_10",
			"from": [5, 0, 12],
			"to": [6, 1, 13],
			"faces": {
				"north": {"uv": [6, 12, 5, 13], "texture": "#0"},
				"east": {"uv": [5, 12, 6, 13], "rotation": 90, "texture": "#0"},
				"south": {"uv": [5, 12, 6, 13], "texture": "#0"},
				"west": {"uv": [5, 12, 6, 13], "rotation": 270, "texture": "#0"},
				"up": {"uv": [5, 12, 6, 13], "texture": "#0"},
				"down": {"uv": [5, 13, 6, 12], "texture": "#0"}
			}
		},
		{
			"name": "spongebob_boots_11",
			"from": [10, 0, 12],
			"to": [11, 1, 13],
			"faces": {
				"north": {"uv": [11, 12, 10, 13], "texture": "#0"},
				"east": {"uv": [10, 12, 11, 13], "rotation": 90, "texture": "#0"},
				"south": {"uv": [10, 12, 11, 13], "texture": "#0"},
				"west": {"uv": [10, 12, 11, 13], "rotation": 270, "texture": "#0"},
				"up": {"uv": [10, 12, 11, 13], "texture": "#0"},
				"down": {"uv": [10, 13, 11, 12], "texture": "#0"}
			}
		}
	],
	"gui_light": "front",
	"display": {
		"thirdperson_righthand": {
			"rotation": [121, 0, 90],
			"translation": [-3.75, 1, 1.75],
			"scale": [0.5, 0.5, 0.5]
		},
		"thirdperson_lefthand": {
			"rotation": [121, 0, 90],
			"translation": [-3.75, 1, 1.75],
			"scale": [0.5, 0.5, 0.5]
		},
		"firstperson_righthand": {
			"rotation": [70, -10, 54],
			"translation": [-0.25, 3.5, 0]
		},
		"firstperson_lefthand": {
			"rotation": [70, -10, 54],
			"translation": [-0.25, 3.5, 0]
		},
		"ground": {
			"translation": [0, 3, 0],
			"scale": [0.6, 0.6, 0.6]
		},
		"gui": {
			"rotation": [90, 0, 0]
		},
		"fixed": {
			"rotation": [90, 0, 0],
			"translation": [0, 0, 7]
		}
	},
	"groups": [
		{
			"name": "spongebob_boots",
			"origin": [8, 8, 8],
			"color": 0,
			"children": [0, 1, 2, 3, 4, 5, 6, 7, 8, 9, 10, 11]
		}
	]
}