{
	"textures": {
		"0": "item/crates/anime21_crate/blaze_reap"
	},
	"elements": [
		{
			"from": [6.5, -14, 5.5],
			"to": [9.5, -7, 11.5],
			"rotation": {"angle": 22.5, "axis": "x", "origin": [8, -10.5, 8.5]},
			"faces": {
				"north": {"uv": [3.5, 0, 4.25, 1.75], "texture": "#0"},
				"east": {"uv": [0, 0, 1.5, 1.75], "texture": "#0"},
				"south": {"uv": [3.5, 2, 4.25, 3.75], "texture": "#0"},
				"west": {"uv": [1.75, 0, 3.25, 1.75], "texture": "#0"},
				"up": {"uv": [5.25, 6.5, 4.5, 5], "texture": "#0"},
				"down": {"uv": [0.75, 5.25, 0, 6.75], "texture": "#0"}
			}
		},
		{
			"from": [7.1, -9, 6],
			"to": [8.9, 3, 9],
			"rotation": {"angle": 0, "axis": "x", "origin": [8, -10.5, 8.5]},
			"faces": {
				"north": {"uv": [2, 2, 2.5, 5], "texture": "#0"},
				"east": {"uv": [0, 2, 0.75, 5], "texture": "#0"},
				"south": {"uv": [2.75, 2, 3.25, 5], "texture": "#0"},
				"west": {"uv": [1, 2, 1.75, 5], "texture": "#0"},
				"up": {"uv": [11.25, 3.25, 10.75, 2.5], "texture": "#0"},
				"down": {"uv": [5.25, 10.75, 4.75, 11.5], "texture": "#0"}
			}
		},
		{
			"from": [7.075, 2.15747, 5.23567],
			"to": [8.925, 6.15747, 8.23567],
			"rotation": {"angle": 22.5, "axis": "x", "origin": [8, 0.65747, 7.73567]},
			"faces": {
				"north": {"uv": [7.75, 10.5, 8.25, 11.5], "texture": "#0"},
				"east": {"uv": [8.5, 6.75, 9.25, 7.75], "texture": "#0"},
				"south": {"uv": [8.5, 10.5, 9, 11.5], "texture": "#0"},
				"west": {"uv": [8.75, 0, 9.5, 1], "texture": "#0"},
				"up": {"uv": [11.5, 10.25, 11, 9.5], "texture": "#0"},
				"down": {"uv": [11.75, 4, 11.25, 4.75], "texture": "#0"}
			}
		},
		{
			"from": [7.025, 9.10017, 4.47031],
			"to": [8.975, 12.10017, 7.47031],
			"rotation": {"angle": 22.5, "axis": "x", "origin": [8, 7.60017, 6.97031]},
			"faces": {
				"north": {"uv": [0, 11.5, 0.5, 12.25], "texture": "#0"},
				"east": {"uv": [2, 10.5, 2.75, 11.25], "texture": "#0"},
				"south": {"uv": [11.5, 0, 12, 0.75], "texture": "#0"},
				"west": {"uv": [3, 10.5, 3.75, 11.25], "texture": "#0"},
				"up": {"uv": [1.25, 12.25, 0.75, 11.5], "texture": "#0"},
				"down": {"uv": [12, 1, 11.5, 1.75], "texture": "#0"}
			}
		},
		{
			"from": [7.05, 5.47031, 7.91446],
			"to": [8.95, 11.47031, 10.91446],
			"rotation": {"angle": -22.5, "axis": "x", "origin": [8, 3.97031, 10.41446]},
			"faces": {
				"north": {"uv": [9, 1.25, 9.5, 2.75], "texture": "#0"},
				"east": {"uv": [6.5, 3.5, 7.25, 5], "texture": "#0"},
				"south": {"uv": [9, 3, 9.5, 4.5], "texture": "#0"},
				"west": {"uv": [6.5, 5.25, 7.25, 6.75], "texture": "#0"},
				"up": {"uv": [6.5, 12, 6, 11.25], "texture": "#0"},
				"down": {"uv": [11.75, 6.75, 11.25, 7.5], "texture": "#0"}
			}
		},
		{
			"from": [7, 11.48912, 6.76641],
			"to": [9, 15.48912, 10.76641],
			"rotation": {"angle": -22.5, "axis": "x", "origin": [8, 9.98912, 9.26641]},
			"faces": {
				"north": {"uv": [9.25, 10.5, 9.75, 11.5], "texture": "#0"},
				"east": {"uv": [7.25, 7, 8.25, 8], "texture": "#0"},
				"south": {"uv": [10, 10.5, 10.5, 11.5], "texture": "#0"},
				"west": {"uv": [7.5, 0, 8.5, 1], "texture": "#0"},
				"up": {"uv": [11.25, 1, 10.75, 0], "texture": "#0"},
				"down": {"uv": [11.25, 1.25, 10.75, 2.25], "texture": "#0"}
			}
		},
		{
			"from": [7.125, -5, 1.5],
			"to": [8.875, 1, 3.5],
			"rotation": {"angle": 45, "axis": "x", "origin": [8.5, -10.5, 9]},
			"faces": {
				"north": {"uv": [7.5, 1.25, 8, 2.75], "texture": "#0"},
				"east": {"uv": [7.5, 3, 8, 4.5], "texture": "#0"},
				"south": {"uv": [7.5, 4.75, 8, 6.25], "texture": "#0"},
				"west": {"uv": [0, 7.75, 0.5, 9.25], "texture": "#0"},
				"up": {"uv": [12, 9, 11.5, 8.5], "texture": "#0"},
				"down": {"uv": [12, 10.5, 11.5, 11], "texture": "#0"}
			}
		},
		{
			"from": [7.125, -3.5, -0.5],
			"to": [8.875, -1.5, 1.5],
			"rotation": {"angle": 45, "axis": "x", "origin": [8.5, -10.5, 9]},
			"faces": {
				"north": {"uv": [12.25, 2.5, 12.75, 3], "texture": "#0"},
				"east": {"uv": [6, 12.25, 6.5, 12.75], "texture": "#0"},
				"south": {"uv": [12.25, 8.5, 12.75, 9], "texture": "#0"},
				"west": {"uv": [10.5, 12.25, 11, 12.75], "texture": "#0"},
				"up": {"uv": [12.75, 11, 12.25, 10.5], "texture": "#0"},
				"down": {"uv": [12.75, 11.25, 12.25, 11.75], "texture": "#0"}
			}
		},
		{
			"from": [7.15, 1.52082, 11.24264],
			"to": [8.85, 7.17082, 13.24264],
			"rotation": {"angle": 0, "axis": "x", "origin": [8.5, -3.97918, 18.74264]},
			"faces": {
				"north": {"uv": [3.75, 7.75, 4.25, 9.25], "texture": "#0"},
				"east": {"uv": [5.25, 8, 5.75, 9.5], "texture": "#0"},
				"south": {"uv": [8.25, 1.25, 8.75, 2.75], "texture": "#0"},
				"west": {"uv": [8.25, 3, 8.75, 4.5], "texture": "#0"},
				"up": {"uv": [4.25, 12.25, 3.75, 11.75], "texture": "#0"},
				"down": {"uv": [5, 11.75, 4.5, 12.25], "texture": "#0"}
			}
		},
		{
			"from": [7.125, -1, 22.5],
			"to": [8.875, 5, 24.5],
			"rotation": {"angle": -45, "axis": "x", "origin": [8.5, -10.5, 9]},
			"faces": {
				"north": {"uv": [0.75, 7.75, 1.25, 9.25], "texture": "#0"},
				"east": {"uv": [1.5, 7.75, 2, 9.25], "texture": "#0"},
				"south": {"uv": [2.25, 7.75, 2.75, 9.25], "texture": "#0"},
				"west": {"uv": [3, 7.75, 3.5, 9.25], "texture": "#0"},
				"up": {"uv": [11.25, 12, 10.75, 11.5], "texture": "#0"},
				"down": {"uv": [12, 11.25, 11.5, 11.75], "texture": "#0"}
			}
		},
		{
			"from": [7.5, 11.92031, 7.41421],
			"to": [8.5, 12.92031, 13.41421],
			"rotation": {"angle": 22.5, "axis": "x", "origin": [8, 11.42031, 10.41421]},
			"faces": {
				"north": {"uv": [13, 6.5, 13.25, 6.75], "texture": "#0"},
				"east": {"uv": [10.75, 3.5, 12.25, 3.75], "texture": "#0"},
				"south": {"uv": [13, 7, 13.25, 7.25], "texture": "#0"},
				"west": {"uv": [10.75, 8, 12.25, 8.25], "texture": "#0"},
				"up": {"uv": [3.25, 6.75, 3, 5.25], "texture": "#0"},
				"down": {"uv": [5.75, 10.75, 5.5, 12.25], "texture": "#0"}
			}
		},
		{
			"from": [6.5, 13, 15],
			"to": [9.5, 16, 22],
			"rotation": {"angle": -22.5, "axis": "x", "origin": [9, -10.5, 8.5]},
			"faces": {
				"north": {"uv": [4.5, 3, 5.25, 3.75], "texture": "#0"},
				"east": {"uv": [3.5, 4, 5.25, 4.75], "texture": "#0"},
				"south": {"uv": [6, 9.25, 6.75, 10], "texture": "#0"},
				"west": {"uv": [4.5, 0, 6.25, 0.75], "texture": "#0"},
				"up": {"uv": [5.25, 2.75, 4.5, 1], "texture": "#0"},
				"down": {"uv": [4.25, 5, 3.5, 6.75], "texture": "#0"}
			}
		},
		{
			"from": [6.525, 16.3774, 8.97931],
			"to": [9.475, 19.3774, 11.97931],
			"rotation": {"angle": 0, "axis": "x", "origin": [9, 17.8774, 8.47931]},
			"faces": {
				"north": {"uv": [9, 9.5, 9.75, 10.25], "texture": "#0"},
				"east": {"uv": [9.75, 0, 10.5, 0.75], "texture": "#0"},
				"south": {"uv": [9.75, 1, 10.5, 1.75], "texture": "#0"},
				"west": {"uv": [9.75, 2, 10.5, 2.75], "texture": "#0"},
				"up": {"uv": [10.5, 3.75, 9.75, 3], "texture": "#0"},
				"down": {"uv": [5.75, 9.75, 5, 10.5], "texture": "#0"}
			}
		},
		{
			"from": [6.55, 16, 18],
			"to": [9.45, 22, 21],
			"rotation": {"angle": -22.5, "axis": "x", "origin": [8.5, -10.5, 8.5]},
			"faces": {
				"north": {"uv": [1, 5.25, 1.75, 6.75], "texture": "#0"},
				"east": {"uv": [2, 5.25, 2.75, 6.75], "texture": "#0"},
				"south": {"uv": [5.5, 1, 6.25, 2.5], "texture": "#0"},
				"west": {"uv": [5.5, 2.75, 6.25, 4.25], "texture": "#0"},
				"up": {"uv": [0.75, 10.25, 0, 9.5], "texture": "#0"},
				"down": {"uv": [1.75, 9.5, 1, 10.25], "texture": "#0"}
			}
		},
		{
			"from": [7, 22, 20],
			"to": [9, 24, 24],
			"rotation": {"angle": -22.5, "axis": "x", "origin": [8.5, -10.5, 8.5]},
			"faces": {
				"north": {"uv": [8.25, 11.75, 8.75, 12.25], "texture": "#0"},
				"east": {"uv": [10.5, 5.25, 11.5, 5.75], "texture": "#0"},
				"south": {"uv": [9, 11.75, 9.5, 12.25], "texture": "#0"},
				"west": {"uv": [10.5, 6, 11.5, 6.5], "texture": "#0"},
				"up": {"uv": [11, 7.75, 10.5, 6.75], "texture": "#0"},
				"down": {"uv": [7.5, 10.5, 7, 11.5], "texture": "#0"}
			}
		},
		{
			"from": [7.025, 25.30544, 6.61755],
			"to": [8.975, 27.30544, 14.61755],
			"rotation": {"angle": 0, "axis": "x", "origin": [8.5, 26.30544, 11.61755]},
			"faces": {
				"north": {"uv": [11.75, 9.25, 12.25, 9.75], "texture": "#0"},
				"east": {"uv": [0, 7, 2, 7.5], "texture": "#0"},
				"south": {"uv": [9.75, 11.75, 10.25, 12.25], "texture": "#0"},
				"west": {"uv": [2.25, 7, 4.25, 7.5], "texture": "#0"},
				"up": {"uv": [5, 8.75, 4.5, 6.75], "texture": "#0"},
				"down": {"uv": [7, 7, 6.5, 9], "texture": "#0"}
			}
		},
		{
			"from": [7.05, 27.30544, 12.36755],
			"to": [8.95, 29.30544, 13.36755],
			"rotation": {"angle": -22.5, "axis": "x", "origin": [8.5, 26.30544, 11.61755]},
			"faces": {
				"north": {"uv": [12, 4, 12.5, 4.5], "texture": "#0"},
				"east": {"uv": [11.25, 12.75, 11.5, 13.25], "texture": "#0"},
				"south": {"uv": [11.5, 12, 12, 12.5], "texture": "#0"},
				"west": {"uv": [11.75, 12.75, 12, 13.25], "texture": "#0"},
				"up": {"uv": [13.25, 4.5, 12.75, 4.25], "texture": "#0"},
				"down": {"uv": [13.5, 0, 13, 0.25], "texture": "#0"}
			}
		},
		{
			"from": [7.05, 26.30544, 11.61755],
			"to": [8.95, 27.30544, 13.61755],
			"rotation": {"angle": -22.5, "axis": "x", "origin": [8.5, 26.30544, 11.61755]},
			"faces": {
				"north": {"uv": [13, 0.5, 13.5, 0.75], "texture": "#0"},
				"east": {"uv": [13, 1, 13.5, 1.25], "texture": "#0"},
				"south": {"uv": [1.5, 13, 2, 13.25], "texture": "#0"},
				"west": {"uv": [13, 2.5, 13.5, 2.75], "texture": "#0"},
				"up": {"uv": [12.75, 0.5, 12.25, 0], "texture": "#0"},
				"down": {"uv": [12.75, 0.75, 12.25, 1.25], "texture": "#0"}
			}
		},
		{
			"from": [7.05, 26.80544, 14.11755],
			"to": [8.95, 27.80544, 17.11755],
			"rotation": {"angle": 22.5, "axis": "x", "origin": [8.5, 26.30544, 11.61755]},
			"faces": {
				"north": {"uv": [12.75, 2, 13.25, 2.25], "texture": "#0"},
				"east": {"uv": [4, 12.5, 4.75, 12.75], "texture": "#0"},
				"south": {"uv": [12.75, 3.75, 13.25, 4], "texture": "#0"},
				"west": {"uv": [12.5, 4.75, 13.25, 5], "texture": "#0"},
				"up": {"uv": [11.25, 9.25, 10.75, 8.5], "texture": "#0"},
				"down": {"uv": [11.25, 10.5, 10.75, 11.25], "texture": "#0"}
			}
		},
		{
			"from": [7.5, 26.80544, 17.11755],
			"to": [8.5, 27.80544, 19.11755],
			"rotation": {"angle": 22.5, "axis": "x", "origin": [8.5, 26.30544, 11.61755]},
			"faces": {
				"north": {"uv": [9.75, 13, 10, 13.25], "texture": "#0"},
				"east": {"uv": [3, 13, 3.5, 13.25], "texture": "#0"},
				"south": {"uv": [13, 10, 13.25, 10.25], "texture": "#0"},
				"west": {"uv": [3.75, 13, 4.25, 13.25], "texture": "#0"},
				"up": {"uv": [4.75, 13.5, 4.5, 13], "texture": "#0"},
				"down": {"uv": [13.25, 5.25, 13, 5.75], "texture": "#0"}
			}
		},
		{
			"from": [7.5, 26.02824, 18.79225],
			"to": [8.5, 27.02824, 22.79225],
			"rotation": {"angle": 45, "axis": "x", "origin": [8.5, 25.52824, 16.29225]},
			"faces": {
				"north": {"uv": [13, 9, 13.25, 9.25], "texture": "#0"},
				"east": {"uv": [11.75, 10, 12.75, 10.25], "texture": "#0"},
				"south": {"uv": [13, 9.5, 13.25, 9.75], "texture": "#0"},
				"west": {"uv": [2.5, 12, 3.5, 12.25], "texture": "#0"},
				"up": {"uv": [6.25, 9, 6, 8], "texture": "#0"},
				"down": {"uv": [12.25, 6.5, 12, 7.5], "texture": "#0"}
			}
		},
		{
			"from": [7.5, 19, 21],
			"to": [8.5, 20, 22],
			"rotation": {"angle": -22.5, "axis": "x", "origin": [8, -10.5, 8.5]},
			"faces": {
				"north": {"uv": [13, 7.5, 13.25, 7.75], "texture": "#0"},
				"east": {"uv": [7.75, 13, 8, 13.25], "texture": "#0"},
				"south": {"uv": [13, 8, 13.25, 8.25], "texture": "#0"},
				"west": {"uv": [8.25, 13, 8.5, 13.25], "texture": "#0"},
				"up": {"uv": [13.25, 8.75, 13, 8.5], "texture": "#0"},
				"down": {"uv": [9, 13, 8.75, 13.25], "texture": "#0"}
			}
		},
		{
			"from": [7, 18.5, 21.5],
			"to": [9, 20.5, 22.5],
			"rotation": {"angle": -22.5, "axis": "x", "origin": [8, -10.5, 8.5]},
			"faces": {
				"north": {"uv": [11.75, 5, 12.25, 5.5], "texture": "#0"},
				"east": {"uv": [7.25, 12.5, 7.5, 13], "texture": "#0"},
				"south": {"uv": [11.75, 5.75, 12.25, 6.25], "texture": "#0"},
				"west": {"uv": [12.5, 7.5, 12.75, 8], "texture": "#0"},
				"up": {"uv": [8.25, 12.75, 7.75, 12.5], "texture": "#0"},
				"down": {"uv": [9, 12.5, 8.5, 12.75], "texture": "#0"}
			}
		},
		{
			"from": [6.575, 22.37029, 2.9293],
			"to": [9.425, 28.37029, 5.9293],
			"rotation": {"angle": -45, "axis": "x", "origin": [9, 25.37029, 4.4293]},
			"faces": {
				"north": {"uv": [5.5, 4.5, 6.25, 6], "texture": "#0"},
				"east": {"uv": [5.5, 6.25, 6.25, 7.75], "texture": "#0"},
				"south": {"uv": [6.5, 0, 7.25, 1.5], "texture": "#0"},
				"west": {"uv": [6.5, 1.75, 7.25, 3.25], "texture": "#0"},
				"up": {"uv": [2.75, 10.25, 2, 9.5], "texture": "#0"},
				"down": {"uv": [3.75, 9.5, 3, 10.25], "texture": "#0"}
			}
		},
		{
			"from": [6.575, 24.37029, 5.9293],
			"to": [9.425, 27.37029, 9.9293],
			"rotation": {"angle": -45, "axis": "x", "origin": [8.5, 25.37029, 4.4293]},
			"faces": {
				"north": {"uv": [10, 9.5, 10.75, 10.25], "texture": "#0"},
				"east": {"uv": [8.25, 4.75, 9.25, 5.5], "texture": "#0"},
				"south": {"uv": [6, 10.25, 6.75, 11], "texture": "#0"},
				"west": {"uv": [8.25, 5.75, 9.25, 6.5], "texture": "#0"},
				"up": {"uv": [8, 9.25, 7.25, 8.25], "texture": "#0"},
				"down": {"uv": [9, 8.25, 8.25, 9.25], "texture": "#0"}
			}
		},
		{
			"from": [7, 24.87029, 9.9293],
			"to": [9, 26.87029, 10.9293],
			"rotation": {"angle": -45, "axis": "x", "origin": [8, 25.37029, 4.4293]},
			"faces": {
				"north": {"uv": [6.75, 11.75, 7.25, 12.25], "texture": "#0"},
				"east": {"uv": [9.25, 12.5, 9.5, 13], "texture": "#0"},
				"south": {"uv": [7.5, 11.75, 8, 12.25], "texture": "#0"},
				"west": {"uv": [12.5, 9.25, 12.75, 9.75], "texture": "#0"},
				"up": {"uv": [10.25, 12.75, 9.75, 12.5], "texture": "#0"},
				"down": {"uv": [12.75, 12.5, 12.25, 12.75], "texture": "#0"}
			}
		},
		{
			"from": [6.575, 24.37029, 10.9293],
			"to": [9.4, 27.37029, 11.9293],
			"rotation": {"angle": -45, "axis": "x", "origin": [8, 25.37029, 4.4293]},
			"faces": {
				"north": {"uv": [0, 10.5, 0.75, 11.25], "texture": "#0"},
				"east": {"uv": [1, 12.5, 1.25, 13.25], "texture": "#0"},
				"south": {"uv": [1, 10.5, 1.75, 11.25], "texture": "#0"},
				"west": {"uv": [2.5, 12.5, 2.75, 13.25], "texture": "#0"},
				"up": {"uv": [3.75, 12.75, 3, 12.5], "texture": "#0"},
				"down": {"uv": [13.25, 3.25, 12.5, 3.5], "texture": "#0"}
			}
		},
		{
			"from": [6.6, 24.87029, -0.0707],
			"to": [9.4, 27.87029, 2.9293],
			"rotation": {"angle": 0, "axis": "x", "origin": [9, 25.37029, 4.4293]},
			"faces": {
				"north": {"uv": [4, 9.5, 4.75, 10.25], "texture": "#0"},
				"east": {"uv": [9.5, 4.75, 10.25, 5.5], "texture": "#0"},
				"south": {"uv": [9.5, 5.75, 10.25, 6.5], "texture": "#0"},
				"west": {"uv": [9.5, 6.75, 10.25, 7.5], "texture": "#0"},
				"up": {"uv": [7.75, 10.25, 7, 9.5], "texture": "#0"},
				"down": {"uv": [8.75, 9.5, 8, 10.25], "texture": "#0"}
			}
		},
		{
			"from": [7, 26.87029, -4.0707],
			"to": [9, 27.87029, -0.0707],
			"rotation": {"angle": 0, "axis": "x", "origin": [8.5, 25.37029, 4.4293]},
			"faces": {
				"north": {"uv": [7.5, 6.5, 8, 6.75], "texture": "#0"},
				"east": {"uv": [11.5, 2, 12.5, 2.25], "texture": "#0"},
				"south": {"uv": [4.5, 9, 5, 9.25], "texture": "#0"},
				"west": {"uv": [2.5, 11.5, 3.5, 11.75], "texture": "#0"},
				"up": {"uv": [4.5, 11.5, 4, 10.5], "texture": "#0"},
				"down": {"uv": [11, 4, 10.5, 5], "texture": "#0"}
			}
		},
		{
			"from": [7.5, 24.87029, -5.0707],
			"to": [8.5, 26.87029, -0.0707],
			"rotation": {"angle": 0, "axis": "x", "origin": [8, 25.37029, 4.4293]},
			"faces": {
				"north": {"uv": [5, 12.5, 5.25, 13], "texture": "#0"},
				"east": {"uv": [9.25, 8, 10.5, 8.5], "texture": "#0"},
				"south": {"uv": [12.5, 5.25, 12.75, 5.75], "texture": "#0"},
				"west": {"uv": [9.25, 8.75, 10.5, 9.25], "texture": "#0"},
				"up": {"uv": [1.75, 12.75, 1.5, 11.5], "texture": "#0"},
				"down": {"uv": [2.25, 11.5, 2, 12.75], "texture": "#0"}
			}
		},
		{
			"from": [7.525, 26.70654, -6.83921],
			"to": [8.475, 28.70654, -4.83921],
			"rotation": {"angle": -22.5, "axis": "x", "origin": [8, 27.20654, -0.33921]},
			"faces": {
				"north": {"uv": [5.5, 12.5, 5.75, 13], "texture": "#0"},
				"east": {"uv": [9.75, 4, 10.25, 4.5], "texture": "#0"},
				"south": {"uv": [12.5, 6, 12.75, 6.5], "texture": "#0"},
				"west": {"uv": [11.5, 2.5, 12, 3], "texture": "#0"},
				"up": {"uv": [7, 13, 6.75, 12.5], "texture": "#0"},
				"down": {"uv": [12.75, 6.75, 12.5, 7.25], "texture": "#0"}
			}
		},
		{
			"from": [7.525, 26.95654, -9.83921],
			"to": [8.475, 27.95654, -6.83921],
			"rotation": {"angle": -22.5, "axis": "x", "origin": [8, 27.20654, -0.33921]},
			"faces": {
				"north": {"uv": [6, 13, 6.25, 13.25], "texture": "#0"},
				"east": {"uv": [12.25, 1.5, 13, 1.75], "texture": "#0"},
				"south": {"uv": [13, 6, 13.25, 6.25], "texture": "#0"},
				"west": {"uv": [12.25, 12, 13, 12.25], "texture": "#0"},
				"up": {"uv": [0.25, 13.25, 0, 12.5], "texture": "#0"},
				"down": {"uv": [0.75, 12.5, 0.5, 13.25], "texture": "#0"}
			}
		}
	],
	"gui_light": "front",
	"display": {
		"thirdperson_righthand": {
			"translation": [0, 0, 1.25],
			"scale": [0.5, 0.5, 0.5]
		},
		"thirdperson_lefthand": {
			"translation": [0, 0, 1.25],
			"scale": [0.5, 0.5, 0.5]
		},
		"firstperson_righthand": {
			"scale": [0.4, 0.4, 0.4]
		},
		"firstperson_lefthand": {
			"scale": [0.4, 0.4, 0.4]
		},
		"ground": {
			"rotation": [45, 0, 0],
			"scale": [0.2, 0.2, 0.2]
		},
		"gui": {
			"rotation": [63, -131, 60],
			"translation": [-1.25, 0, 0],
			"scale": [0.44, 0.44, 0.44]
		},
		"fixed": {
			"rotation": [90, -43, 90],
			"translation": [0.5, -2, -0.5],
			"scale": [0.44, 0.44, 0.44]
		}
	}
}