{
	"credit": "Made with Blockbench",
	"texture_size": [64, 64],
	"textures": {
		"0": "item/crates/anime21_crate/cursed_knife",
		"particle": "item/crates/anime21_crate/cursed_knife"
	},
	"elements": [
		{
			"from": [7, -3, 6],
			"to": [9, 10, 9],
			"faces": {
				"north": {"uv": [8.75, 11.5, 9.25, 14.75], "texture": "#0"},
				"east": {"uv": [8, 11.5, 8.75, 14.75], "texture": "#0"},
				"south": {"uv": [10, 11.5, 10.5, 14.75], "texture": "#0"},
				"west": {"uv": [9.25, 11.5, 10, 14.75], "texture": "#0"},
				"up": {"uv": [9.25, 11.5, 8.75, 10.75], "texture": "#0"},
				"down": {"uv": [9.75, 10.75, 9.25, 11.5], "texture": "#0"}
			}
		},
		{
			"from": [7, 10, 5],
			"to": [9, 11, 10],
			"faces": {
				"north": {"uv": [3.5, 5.75, 4, 6], "texture": "#0"},
				"east": {"uv": [2.25, 5.75, 3.5, 6], "texture": "#0"},
				"south": {"uv": [5.25, 5.75, 5.75, 6], "texture": "#0"},
				"west": {"uv": [4, 5.75, 5.25, 6], "texture": "#0"},
				"up": {"uv": [4, 5.75, 3.5, 4.5], "texture": "#0"},
				"down": {"uv": [4.5, 4.5, 4, 5.75], "texture": "#0"}
			}
		},
		{
			"from": [7, 11, 2],
			"to": [9, 12, 10],
			"faces": {
				"north": {"uv": [4, 9, 4.5, 9.25], "texture": "#0"},
				"east": {"uv": [2, 9, 4, 9.25], "texture": "#0"},
				"south": {"uv": [6.5, 9, 7, 9.25], "texture": "#0"},
				"west": {"uv": [4.5, 9, 6.5, 9.25], "texture": "#0"},
				"up": {"uv": [4.5, 9, 4, 7], "texture": "#0"},
				"down": {"uv": [5, 7, 4.5, 9], "texture": "#0"}
			}
		},
		{
			"from": [7, 12, -2],
			"to": [9, 32, 10],
			"faces": {
				"north": {"uv": [10.25, 4.75, 10.75, 9.75], "texture": "#0"},
				"east": {"uv": [7.25, 4.75, 10.25, 9.75], "texture": "#0"},
				"south": {"uv": [13.75, 4.75, 14.25, 9.75], "texture": "#0"},
				"west": {"uv": [10.75, 4.75, 13.75, 9.75], "texture": "#0"},
				"up": {"uv": [10.75, 4.75, 10.25, 1.75], "texture": "#0"},
				"down": {"uv": [11.25, 1.75, 10.75, 4.75], "texture": "#0"}
			}
		}
	],
	"gui_light": "front",
	"display": {
		"thirdperson_righthand": {
			"translation": [0, 3, 0.75],
			"scale": [0.55, 0.55, 0.55]
		},
		"thirdperson_lefthand": {
			"translation": [0, 3, 0.75],
			"scale": [0.55, 0.55, 0.55]
		},
		"firstperson_righthand": {
			"rotation": [0, 1, 6],
			"translation": [1.13, 0.95, 1.13],
			"scale": [0.5, 0.5, 0.5]
		},
		"firstperson_lefthand": {
			"rotation": [0, 1, 6],
			"translation": [1.13, 0.95, 1.13],
			"scale": [0.5, 0.5, 0.5]
		},
		"ground": {
			"translation": [0, 2, 0],
			"scale": [0.25, 0.25, 0.25]
		},
		"gui": {
			"rotation": [61, -135, 72],
			"translation": [-2.5, -2, 0],
			"scale": [0.4, 0.4, 0.4]
		},
		"head": {
			"rotation": [0, 180, 0],
			"translation": [0, 13, 7]
		},
		"fixed": {
			"rotation": [94, 37, -92],
			"translation": [-2.5, -3.25, 0],
			"scale": [0.5, 0.5, 0.5]
		}
	}
}