{
	"textures": {
		"0": "item/crates/anime21_crate/fate_bow"
	},
	"elements": [
		{
			"name": "bow",
			"from": [3.2, 5, 7],
			"to": [5.2, 11, 9],
			"rotation": {"angle": -45, "axis": "y", "origin": [4.2, 8, 8]},
			"faces": {
				"north": {"uv": [6.125, 3.125, 6.25, 3.5], "texture": "#0"},
				"east": {"uv": [6.125, 3.5625, 6.25, 3.9375], "texture": "#0"},
				"south": {"uv": [6.125, 4, 6.25, 4.375], "texture": "#0"},
				"west": {"uv": [6.125, 4.4375, 6.25, 4.8125], "texture": "#0"},
				"up": {"uv": [3.4375, 6.625, 3.3125, 6.5], "texture": "#0"},
				"down": {"uv": [6.375, 6.5, 6.25, 6.625], "texture": "#0"}
			}
		},
		{
			"name": "bow",
			"from": [6.625, 6, 7.5],
			"to": [7.625, 10, 8.5],
			"rotation": {"angle": 0, "axis": "y", "origin": [7.625, 8, 7.5]},
			"faces": {
				"north": {"uv": [3.1875, 6.5625, 3.25, 6.8125], "texture": "#0"},
				"east": {"uv": [1.625, 6.625, 1.6875, 6.875], "texture": "#0"},
				"south": {"uv": [4.4375, 6.625, 4.5, 6.875], "texture": "#0"},
				"west": {"uv": [4.5625, 6.625, 4.625, 6.875], "texture": "#0"},
				"up": {"uv": [7, 4.875, 6.9375, 4.8125], "texture": "#0"},
				"down": {"uv": [7, 4.9375, 6.9375, 5], "texture": "#0"}
			}
		},
		{
			"name": "bow",
			"from": [8.74632, 5.87868, 7.5],
			"to": [9.74632, 9.87868, 8.5],
			"rotation": {"angle": 0, "axis": "y", "origin": [9.74632, 7.87868, 7.5]},
			"faces": {
				"north": {"uv": [0.625, 6.6875, 0.6875, 6.9375], "texture": "#0"},
				"east": {"uv": [0.75, 6.6875, 0.8125, 6.9375], "texture": "#0"},
				"south": {"uv": [6.6875, 0.75, 6.75, 1], "texture": "#0"},
				"west": {"uv": [6.6875, 1.0625, 6.75, 1.3125], "texture": "#0"},
				"up": {"uv": [7, 5.4375, 6.9375, 5.375], "texture": "#0"},
				"down": {"uv": [5.5625, 6.9375, 5.5, 7], "texture": "#0"}
			}
		},
		{
			"name": "bow",
			"from": [7.33211, 9.29289, 7.5],
			"to": [8.33211, 14.29289, 8.5],
			"rotation": {"angle": 45, "axis": "z", "origin": [8.33211, 11.29289, 7.5]},
			"faces": {
				"north": {"uv": [3.5625, 6.3125, 3.625, 6.625], "texture": "#0"},
				"east": {"uv": [4.9375, 6.4375, 5, 6.75], "texture": "#0"},
				"south": {"uv": [0.875, 6.5, 0.9375, 6.8125], "texture": "#0"},
				"west": {"uv": [1, 6.5, 1.0625, 6.8125], "texture": "#0"},
				"up": {"uv": [5.6875, 7, 5.625, 6.9375], "texture": "#0"},
				"down": {"uv": [7, 5.6875, 6.9375, 5.75], "texture": "#0"}
			}
		},
		{
			"name": "bow",
			"from": [7.33211, 1.46447, 7.5],
			"to": [8.33211, 6.46447, 8.5],
			"rotation": {"angle": -45, "axis": "z", "origin": [8.33211, 4.46447, 7.5]},
			"faces": {
				"north": {"uv": [1.125, 6.5, 1.1875, 6.8125], "texture": "#0"},
				"east": {"uv": [6.5, 1.875, 6.5625, 2.1875], "texture": "#0"},
				"south": {"uv": [6.5, 2.25, 6.5625, 2.5625], "texture": "#0"},
				"west": {"uv": [6.5, 2.625, 6.5625, 2.9375], "texture": "#0"},
				"up": {"uv": [5.8125, 7, 5.75, 6.9375], "texture": "#0"},
				"down": {"uv": [5.9375, 6.9375, 5.875, 7], "texture": "#0"}
			}
		},
		{
			"name": "bow",
			"from": [4.66219, 0.81981, 7.5],
			"to": [5.66219, 2.81981, 8.5],
			"rotation": {"angle": -22.5, "axis": "z", "origin": [5.66219, 0.81981, 7.5]},
			"faces": {
				"north": {"uv": [3.1875, 6.875, 3.25, 7], "texture": "#0"},
				"east": {"uv": [6.875, 3.25, 6.9375, 3.375], "texture": "#0"},
				"south": {"uv": [6.875, 3.4375, 6.9375, 3.5625], "texture": "#0"},
				"west": {"uv": [3.6875, 6.875, 3.75, 7], "texture": "#0"},
				"up": {"uv": [6.0625, 7, 6, 6.9375], "texture": "#0"},
				"down": {"uv": [7, 6.0625, 6.9375, 6.125], "texture": "#0"}
			}
		},
		{
			"name": "bow",
			"from": [4.66219, 12.93755, 7.5],
			"to": [5.66219, 14.93755, 8.5],
			"rotation": {"angle": 22.5, "axis": "z", "origin": [5.66219, 14.93755, 7.5]},
			"faces": {
				"north": {"uv": [3.8125, 6.875, 3.875, 7], "texture": "#0"},
				"east": {"uv": [6.875, 4.125, 6.9375, 4.25], "texture": "#0"},
				"south": {"uv": [6.875, 4.3125, 6.9375, 4.4375], "texture": "#0"},
				"west": {"uv": [6.875, 4.5, 6.9375, 4.625], "texture": "#0"},
				"up": {"uv": [6.1875, 7, 6.125, 6.9375], "texture": "#0"},
				"down": {"uv": [6.3125, 6.9375, 6.25, 7], "texture": "#0"}
			}
		},
		{
			"name": "bow",
			"from": [5.625, 4, 7.5],
			"to": [7.625, 6, 8.5],
			"rotation": {"angle": 0, "axis": "y", "origin": [7.625, 3, 7.5]},
			"faces": {
				"north": {"uv": [6.625, 2.8125, 6.75, 2.9375], "texture": "#0"},
				"east": {"uv": [0.875, 6.875, 0.9375, 7], "texture": "#0"},
				"south": {"uv": [4.6875, 6.625, 4.8125, 6.75], "texture": "#0"},
				"west": {"uv": [1, 6.875, 1.0625, 7], "texture": "#0"},
				"up": {"uv": [2.0625, 6.9375, 1.9375, 6.875], "texture": "#0"},
				"down": {"uv": [2.25, 6.875, 2.125, 6.9375], "texture": "#0"}
			}
		},
		{
			"name": "bow",
			"from": [5.625, 3, 7.5],
			"to": [6.625, 4, 8.5],
			"rotation": {"angle": 0, "axis": "y", "origin": [7.625, 2, 7.5]},
			"faces": {
				"north": {"uv": [6.375, 6.9375, 6.4375, 7], "texture": "#0"},
				"east": {"uv": [6.5, 6.9375, 6.5625, 7], "texture": "#0"},
				"south": {"uv": [6.9375, 6.5625, 7, 6.625], "texture": "#0"},
				"west": {"uv": [6.625, 6.9375, 6.6875, 7], "texture": "#0"},
				"up": {"uv": [6.8125, 7, 6.75, 6.9375], "texture": "#0"},
				"down": {"uv": [6.9375, 6.9375, 6.875, 7], "texture": "#0"}
			}
		},
		{
			"name": "bow",
			"from": [5.625, 12, 7.5],
			"to": [6.625, 13, 8.5],
			"rotation": {"angle": 0, "axis": "y", "origin": [7.625, 11, 7.5]},
			"faces": {
				"north": {"uv": [0, 7, 0.0625, 7.0625], "texture": "#0"},
				"east": {"uv": [7, 0.5, 7.0625, 0.5625], "texture": "#0"},
				"south": {"uv": [0.5625, 7, 0.625, 7.0625], "texture": "#0"},
				"west": {"uv": [7, 0.625, 7.0625, 0.6875], "texture": "#0"},
				"up": {"uv": [0.75, 7.0625, 0.6875, 7], "texture": "#0"},
				"down": {"uv": [7.0625, 0.75, 7, 0.8125], "texture": "#0"}
			}
		},
		{
			"name": "bow",
			"from": [5.625, 10, 7.5],
			"to": [7.625, 12, 8.5],
			"rotation": {"angle": 0, "axis": "y", "origin": [7.625, 13, 7.5]},
			"faces": {
				"north": {"uv": [6.625, 5.875, 6.75, 6], "texture": "#0"},
				"east": {"uv": [1.125, 6.875, 1.1875, 7], "texture": "#0"},
				"south": {"uv": [6.6875, 0.25, 6.8125, 0.375], "texture": "#0"},
				"west": {"uv": [2.3125, 6.875, 2.375, 7], "texture": "#0"},
				"up": {"uv": [2.9375, 6.9375, 2.8125, 6.875], "texture": "#0"},
				"down": {"uv": [3.125, 6.875, 3, 6.9375], "texture": "#0"}
			}
		},
		{
			"name": "bow",
			"from": [3.7, 3, 8],
			"to": [4.7, 13, 9],
			"rotation": {"angle": -45, "axis": "y", "origin": [4.7, 8, 8]},
			"faces": {
				"north": {"uv": [2, 6.1875, 2.0625, 6.8125], "texture": "#0"},
				"east": {"uv": [2.125, 6.1875, 2.1875, 6.8125], "texture": "#0"},
				"south": {"uv": [2.25, 6.1875, 2.3125, 6.8125], "texture": "#0"},
				"west": {"uv": [2.375, 6.1875, 2.4375, 6.8125], "texture": "#0"},
				"up": {"uv": [6.9375, 3.6875, 6.875, 3.625], "texture": "#0"},
				"down": {"uv": [6.9375, 5.0625, 6.875, 5.125], "texture": "#0"}
			}
		},
		{
			"name": "bow",
			"from": [2.7, 7, 8],
			"to": [3.7, 9, 9],
			"rotation": {"angle": -45, "axis": "y", "origin": [3.7, 9, 8]},
			"faces": {
				"north": {"uv": [1.25, 6.25, 1.3125, 6.375], "texture": "#0"},
				"east": {"uv": [6.75, 4.125, 6.8125, 4.25], "texture": "#0"},
				"south": {"uv": [6.75, 4.3125, 6.8125, 4.4375], "texture": "#0"},
				"west": {"uv": [6.75, 4.5, 6.8125, 4.625], "texture": "#0"},
				"up": {"uv": [6.9375, 6.25, 6.875, 6.1875], "texture": "#0"},
				"down": {"uv": [6.9375, 6.3125, 6.875, 6.375], "texture": "#0"}
			}
		},
		{
			"name": "bow",
			"from": [4.62464, -1.57194, 7.5],
			"to": [5.62464, 17.57806, 8.5],
			"rotation": {"angle": 0, "axis": "y", "origin": [5.12464, -3, 8]},
			"faces": {
				"north": {"uv": [5.125, 6, 5.1875, 7.1875], "texture": "#0"},
				"east": {"uv": [5.25, 6, 5.3125, 7.1875], "texture": "#0"},
				"south": {"uv": [5.375, 6, 5.4375, 7.1875], "texture": "#0"},
				"west": {"uv": [2.6875, 6.0625, 2.75, 7.25], "texture": "#0"},
				"up": {"uv": [6.9375, 6.5, 6.875, 6.4375], "texture": "#0"},
				"down": {"uv": [0.25, 6.9375, 0.1875, 7], "texture": "#0"}
			}
		},
		{
			"name": "bow",
			"from": [4.71867, -1.59086, 7.5],
			"to": [16.49031, -0.59086, 8.5],
			"rotation": {"angle": -45, "axis": "z", "origin": [4.7192, -1.34504, 8]},
			"faces": {
				"north": {"uv": [3.6875, 6.0625, 3.75, 6.8125], "rotation": 90, "texture": "#0"},
				"east": {"uv": [0.6875, 6.375, 0.625, 6.4375], "rotation": 270, "texture": "#0"},
				"south": {"uv": [6.125, 1.5, 6.1875, 2.25], "rotation": 270, "texture": "#0"},
				"west": {"uv": [1, 5.625, 0.9375, 5.5625], "rotation": 270, "texture": "#0"},
				"up": {"uv": [3.8125, 6.0625, 3.875, 6.8125], "rotation": 270, "texture": "#0"},
				"down": {"uv": [6.125, 2.3125, 6.1875, 3.0625], "rotation": 270, "texture": "#0"}
			}
		},
		{
			"name": "bow",
			"from": [12.89053, -10.73311, 7.5],
			"to": [16.89053, -9.73311, 8.5],
			"rotation": {"angle": -22.5, "axis": "z", "origin": [15.11889, -10.23311, 8]},
			"faces": {
				"north": {"uv": [6.4375, 6.5, 6.5, 6.75], "rotation": 90, "texture": "#0"},
				"east": {"uv": [7, 0.375, 6.9375, 0.4375], "rotation": 270, "texture": "#0"},
				"south": {"uv": [0.125, 6.5625, 0.1875, 6.8125], "rotation": 270, "texture": "#0"},
				"west": {"uv": [0.375, 7, 0.3125, 6.9375], "rotation": 270, "texture": "#0"},
				"up": {"uv": [0, 6.5625, 0.0625, 6.8125], "rotation": 270, "texture": "#0"},
				"down": {"uv": [6.5625, 0.25, 6.625, 0.5], "rotation": 270, "texture": "#0"}
			}
		},
		{
			"name": "bow",
			"from": [16.82513, -12.3142, 7.525],
			"to": [18.82513, -10.3142, 8.475],
			"rotation": {"angle": 22.5, "axis": "z", "origin": [11.82513, -12.3142, 8]},
			"faces": {
				"north": {"uv": [6.5625, 0.5625, 6.6875, 0.6875], "texture": "#0"},
				"east": {"uv": [6.75, 5.0625, 6.8125, 5.1875], "texture": "#0"},
				"south": {"uv": [6.5625, 3.3125, 6.6875, 3.4375], "texture": "#0"},
				"west": {"uv": [6, 6.75, 6.0625, 6.875], "texture": "#0"},
				"up": {"uv": [6.875, 4.75, 6.75, 4.6875], "texture": "#0"},
				"down": {"uv": [6.875, 6.0625, 6.75, 6.125], "texture": "#0"}
			}
		},
		{
			"name": "bow",
			"from": [9.74189, -9.43862, 8],
			"to": [10.24189, 15.71138, 8],
			"rotation": {"angle": -45, "axis": "z", "origin": [11.74189, -15.86668, 8.5]},
			"faces": {
				"north": {"uv": [3.9375, 6, 4, 7.4375], "texture": "#0"},
				"east": {"uv": [1.875, 6.9375, 1.875, 8.375], "texture": "#0"},
				"south": {"uv": [4.0625, 6, 4.125, 7.4375], "texture": "#0"},
				"west": {"uv": [4.8125, 6.9375, 4.8125, 8.375], "texture": "#0"},
				"up": {"uv": [1.8125, 5.375, 1.75, 5.375], "texture": "#0"},
				"down": {"uv": [1.9375, 5.375, 1.875, 5.375], "texture": "#0"}
			}
		},
		{
			"name": "bow",
			"from": [4.39241, 18.13872, 7.5],
			"to": [16.16405, 19.13872, 8.5],
			"rotation": {"angle": 45, "axis": "z", "origin": [6.39241, 18.63872, 8]},
			"faces": {
				"north": {"uv": [5.5, 6.125, 5.5625, 6.875], "rotation": 270, "texture": "#0"},
				"east": {"uv": [1.6875, 7, 1.625, 6.9375], "rotation": 90, "texture": "#0"},
				"south": {"uv": [5.75, 6.125, 5.8125, 6.875], "rotation": 90, "texture": "#0"},
				"west": {"uv": [1.8125, 6.9375, 1.75, 7], "rotation": 90, "texture": "#0"},
				"up": {"uv": [5.875, 6.125, 5.9375, 6.875], "rotation": 90, "texture": "#0"},
				"down": {"uv": [5.625, 6.125, 5.6875, 6.875], "rotation": 90, "texture": "#0"}
			}
		},
		{
			"name": "bow",
			"from": [12.97017, 25.79268, 7.5],
			"to": [16.97017, 26.79268, 8.5],
			"rotation": {"angle": 22.5, "axis": "z", "origin": [15.19853, 26.29268, 8]},
			"faces": {
				"north": {"uv": [2.8125, 6.5625, 2.875, 6.8125], "rotation": 270, "texture": "#0"},
				"east": {"uv": [0.5, 7, 0.4375, 6.9375], "rotation": 90, "texture": "#0"},
				"south": {"uv": [6.5625, 3, 6.625, 3.25], "rotation": 90, "texture": "#0"},
				"west": {"uv": [7, 1.3125, 6.9375, 1.375], "rotation": 90, "texture": "#0"},
				"up": {"uv": [3.0625, 6.5625, 3.125, 6.8125], "rotation": 90, "texture": "#0"},
				"down": {"uv": [2.9375, 6.5625, 3, 6.8125], "rotation": 90, "texture": "#0"}
			}
		},
		{
			"name": "bow",
			"from": [16.95788, 26.19752, 7.525],
			"to": [18.95788, 28.19752, 8.475],
			"rotation": {"angle": -22.5, "axis": "z", "origin": [11.95788, 28.44752, 8]},
			"faces": {
				"north": {"uv": [6.5625, 3.5, 6.6875, 3.625], "texture": "#0"},
				"east": {"uv": [6.75, 6.1875, 6.8125, 6.3125], "texture": "#0"},
				"south": {"uv": [6.5625, 3.6875, 6.6875, 3.8125], "texture": "#0"},
				"west": {"uv": [6.75, 6.375, 6.8125, 6.5], "texture": "#0"},
				"up": {"uv": [6.875, 6.625, 6.75, 6.5625], "texture": "#0"},
				"down": {"uv": [0.375, 6.8125, 0.25, 6.875], "texture": "#0"}
			}
		},
		{
			"name": "bow",
			"from": [9.12464, 0.17194, 8],
			"to": [9.62464, 25.57194, 8],
			"rotation": {"angle": 45, "axis": "z", "origin": [11.87464, 32, 8.5]},
			"faces": {
				"north": {"uv": [4.1875, 6, 4.25, 7.4375], "texture": "#0"},
				"east": {"uv": [0.125, 7, 0.125, 8.4375], "texture": "#0"},
				"south": {"uv": [4.3125, 6, 4.375, 7.4375], "texture": "#0"},
				"west": {"uv": [0.8125, 7, 0.8125, 8.4375], "texture": "#0"},
				"up": {"uv": [2.0625, 5.375, 2, 5.375], "texture": "#0"},
				"down": {"uv": [2.1875, 5.375, 2.125, 5.375], "texture": "#0"}
			}
		},
		{
			"name": "anim2",
			"from": [-13, -5, 8],
			"to": [32, 20, 8],
			"rotation": {"angle": 0, "axis": "y", "origin": [0, 2, 7]},
			"faces": {
				"north": {"uv": [3.0625, 0, 5.875, 1.5625], "texture": "#0"},
				"east": {"uv": [1.375, 7, 1.375, 8.5625], "texture": "#0"},
				"south": {"uv": [3.25, 1.625, 6.0625, 3.1875], "texture": "#0"},
				"west": {"uv": [1.4375, 7, 1.4375, 8.5625], "texture": "#0"},
				"up": {"uv": [9.9375, 1.4375, 6.9375, 1.4375], "texture": "#0"},
				"down": {"uv": [9.9375, 2.125, 6.9375, 2.125], "texture": "#0"}
			}
		},
		{
			"name": "arrow2",
			"from": [0, 7, 7.5],
			"to": [11, 8, 8.5],
			"rotation": {"angle": 45, "axis": "x", "origin": [10, 7.5, 8]},
			"faces": {
				"north": {"uv": [0, 6.25, 0.6875, 6.3125], "texture": "#0"},
				"east": {"uv": [3.4375, 6.9375, 3.5, 7], "texture": "#0"},
				"south": {"uv": [6.25, 1.5, 6.9375, 1.5625], "texture": "#0"},
				"west": {"uv": [3.5625, 6.9375, 3.625, 7], "texture": "#0"},
				"up": {"uv": [6.9375, 1.6875, 6.25, 1.625], "texture": "#0"},
				"down": {"uv": [6.9375, 1.75, 6.25, 1.8125], "texture": "#0"}
			}
		},
		{
			"name": "arrow2",
			"from": [4, 6.5, 7],
			"to": [14, 8.5, 9],
			"rotation": {"angle": 0, "axis": "y", "origin": [13, 7, 8.5]},
			"faces": {
				"north": {"uv": [4.4375, 6, 5.0625, 6.125], "texture": "#0"},
				"east": {"uv": [6.5625, 6.5, 6.6875, 6.625], "texture": "#0"},
				"south": {"uv": [6, 4.875, 6.625, 5], "texture": "#0"},
				"west": {"uv": [0.25, 6.625, 0.375, 6.75], "texture": "#0"},
				"up": {"uv": [0.625, 6.1875, 0, 6.0625], "texture": "#0"},
				"down": {"uv": [1.3125, 6.0625, 0.6875, 6.1875], "texture": "#0"}
			}
		},
		{
			"name": "arrow2",
			"from": [8, 6.5, 7],
			"to": [16, 8.5, 9],
			"rotation": {"angle": -45, "axis": "x", "origin": [14.5, 7.5, 8]},
			"faces": {
				"north": {"uv": [6.125, 0.75, 6.625, 0.875], "texture": "#0"},
				"east": {"uv": [0.4375, 6.625, 0.5625, 6.75], "texture": "#0"},
				"south": {"uv": [6.125, 0.9375, 6.625, 1.0625], "texture": "#0"},
				"west": {"uv": [1.25, 6.625, 1.375, 6.75], "texture": "#0"},
				"up": {"uv": [6.625, 1.25, 6.125, 1.125], "texture": "#0"},
				"down": {"uv": [6.625, 1.3125, 6.125, 1.4375], "texture": "#0"}
			}
		},
		{
			"name": "arrow2",
			"from": [12, 6, 6.5],
			"to": [20, 9, 9.5],
			"rotation": {"angle": 0, "axis": "y", "origin": [18, 7.5, 8]},
			"faces": {
				"north": {"uv": [5.5625, 5.6875, 6.0625, 5.875], "texture": "#0"},
				"east": {"uv": [6.25, 1.875, 6.4375, 2.0625], "texture": "#0"},
				"south": {"uv": [0, 5.8125, 0.5, 6], "texture": "#0"},
				"west": {"uv": [6.25, 2.125, 6.4375, 2.3125], "texture": "#0"},
				"up": {"uv": [1.0625, 6, 0.5625, 5.8125], "texture": "#0"},
				"down": {"uv": [1.625, 5.8125, 1.125, 6], "texture": "#0"}
			}
		},
		{
			"name": "arrow2",
			"from": [17, 6, 6.5],
			"to": [25, 9, 9.5],
			"rotation": {"angle": -45, "axis": "x", "origin": [21, 7.5, 8]},
			"faces": {
				"north": {"uv": [1.6875, 5.8125, 2.1875, 6], "texture": "#0"},
				"east": {"uv": [6.25, 2.375, 6.4375, 2.5625], "texture": "#0"},
				"south": {"uv": [2.25, 5.8125, 2.75, 6], "texture": "#0"},
				"west": {"uv": [6.25, 2.625, 6.4375, 2.8125], "texture": "#0"},
				"up": {"uv": [3.3125, 6, 2.8125, 5.8125], "texture": "#0"},
				"down": {"uv": [3.875, 5.8125, 3.375, 6], "texture": "#0"}
			}
		},
		{
			"name": "arrow2",
			"from": [6, 7.1, 7.525],
			"to": [31, 8.1, 8.475],
			"rotation": {"angle": 0, "axis": "y", "origin": [18.5, 7.6, 8]},
			"faces": {
				"north": {"uv": [5.4375, 5.25, 7, 5.3125], "texture": "#0"},
				"east": {"uv": [6.9375, 2, 7, 2.0625], "texture": "#0"},
				"south": {"uv": [0.6875, 5.6875, 2.25, 5.75], "texture": "#0"},
				"west": {"uv": [2.4375, 6.9375, 2.5, 7], "texture": "#0"},
				"up": {"uv": [3.875, 5.75, 2.3125, 5.6875], "texture": "#0"},
				"down": {"uv": [5.5, 5.6875, 3.9375, 5.75], "texture": "#0"}
			}
		},
		{
			"name": "arrow3",
			"from": [-5, 7.1, 7.525],
			"to": [20, 8.1, 8.475],
			"rotation": {"angle": 0, "axis": "y", "origin": [7.5, 7.6, 8]},
			"faces": {
				"north": {"uv": [5.4375, 5.25, 7, 5.3125], "texture": "#0"},
				"east": {"uv": [6.9375, 2, 7, 2.0625], "texture": "#0"},
				"south": {"uv": [0.6875, 5.6875, 2.25, 5.75], "texture": "#0"},
				"west": {"uv": [2.4375, 6.9375, 2.5, 7], "texture": "#0"},
				"up": {"uv": [3.875, 5.75, 2.3125, 5.6875], "texture": "#0"},
				"down": {"uv": [5.5, 5.6875, 3.9375, 5.75], "texture": "#0"}
			}
		},
		{
			"name": "arrow2",
			"from": [25, 9.1, 7],
			"to": [28, 10.1, 9],
			"rotation": {"angle": 45, "axis": "z", "origin": [26.5, 8.1, 7.5]},
			"faces": {
				"north": {"uv": [6.6875, 3, 6.875, 3.0625], "texture": "#0"},
				"east": {"uv": [0.4375, 6.8125, 0.5625, 6.875], "texture": "#0"},
				"south": {"uv": [6.6875, 3.125, 6.875, 3.1875], "texture": "#0"},
				"west": {"uv": [6.8125, 0.6875, 6.9375, 0.75], "texture": "#0"},
				"up": {"uv": [6.5, 4.8125, 6.3125, 4.6875], "texture": "#0"},
				"down": {"uv": [6.5, 6.125, 6.3125, 6.25], "texture": "#0"}
			}
		},
		{
			"name": "arrow2",
			"from": [25, 6.1, 7.5],
			"to": [27, 9.1, 8.5],
			"rotation": {"angle": 0, "axis": "y", "origin": [18.5, 7.6, 8]},
			"faces": {
				"north": {"uv": [2.5, 6.1875, 2.625, 6.375], "texture": "#0"},
				"east": {"uv": [2.5, 6.6875, 2.5625, 6.875], "texture": "#0"},
				"south": {"uv": [4.9375, 6.1875, 5.0625, 6.375], "texture": "#0"},
				"west": {"uv": [3.5625, 6.6875, 3.625, 6.875], "texture": "#0"},
				"up": {"uv": [6.9375, 1.125, 6.8125, 1.0625], "texture": "#0"},
				"down": {"uv": [6.9375, 1.1875, 6.8125, 1.25], "texture": "#0"}
			}
		},
		{
			"name": "arrow2",
			"from": [30, 6.6, 7.5],
			"to": [32, 8.6, 8.5],
			"rotation": {"angle": -45, "axis": "z", "origin": [31, 7.6, 8]},
			"faces": {
				"north": {"uv": [6.5625, 4.625, 6.6875, 4.75], "texture": "#0"},
				"east": {"uv": [1.25, 6.8125, 1.3125, 6.9375], "texture": "#0"},
				"south": {"uv": [6, 6.5625, 6.125, 6.6875], "texture": "#0"},
				"west": {"uv": [1.375, 6.8125, 1.4375, 6.9375], "texture": "#0"},
				"up": {"uv": [1.875, 6.875, 1.75, 6.8125], "texture": "#0"},
				"down": {"uv": [6.9375, 1.875, 6.8125, 1.9375], "texture": "#0"}
			}
		},
		{
			"name": "arrow2",
			"from": [25, 5.1, 7],
			"to": [28, 6.1, 9],
			"rotation": {"angle": -45, "axis": "z", "origin": [26.5, 7.1, 7.5]},
			"faces": {
				"north": {"uv": [3.3125, 6.6875, 3.5, 6.75], "texture": "#0"},
				"east": {"uv": [6.8125, 0.8125, 6.9375, 0.875], "texture": "#0"},
				"south": {"uv": [6.6875, 4.8125, 6.875, 4.875], "texture": "#0"},
				"west": {"uv": [6.8125, 0.9375, 6.9375, 1], "texture": "#0"},
				"up": {"uv": [6.5, 6.4375, 6.3125, 6.3125], "texture": "#0"},
				"down": {"uv": [0.1875, 6.375, 0, 6.5], "texture": "#0"}
			}
		}
	],
	"gui_light": "front",
	"display": {
		"thirdperson_righthand": {
			"rotation": [0, -90, 0],
			"translation": [0, 0.5, 0.25],
			"scale": [0.8, 0.8, 0.8]
		},
		"thirdperson_lefthand": {
			"rotation": [0, 90, 0],
			"translation": [0, -0.5, 0.25],
			"scale": [0.8, 0.8, 0.8]
		},
		"firstperson_righthand": {
			"rotation": [0, -90, -25],
			"scale": [0.8, 0.8, 0.8]
		},
		"firstperson_lefthand": {
			"rotation": [0, 90, 25],
			"scale": [0.8, 0.8, 0.8]
		},
		"ground": {
			"scale": [0.3, 0.3, 0.3]
		},
		"gui": {
			"rotation": [17, 12, 22],
			"translation": [1.5, 0.75, 0],
			"scale": [-0.5, 0.5, 0.5]
		},
		"head": {
			"rotation": [0, 0, -90],
			"translation": [0, 9.5, -1]
		},
		"fixed": {
			"rotation": [0, 0, -45],
			"translation": [0, 0, -0.5],
			"scale": [0.5, 0.5, 0.5]
		}
	},
	"groups": [
		{
			"name": "bow",
			"origin": [-6.04212, 28.44752, 8],
			"color": 0,
			"children": [0, 1, 2, 3, 4, 5, 6, 7, 8, 9, 10, 11, 12, 13,
				{
					"name": "group",
					"origin": [-6.12536, -16, 8.5],
					"color": 0,
					"children": [14,
						{
							"name": "group",
							"origin": [-6.12536, -16, 8.5],
							"color": 0,
							"children": [15, 16, 17]
						}
					]
				},
				{
					"name": "group",
					"origin": [-6.12536, 32, 8.5],
					"color": 0,
					"children": [18,
						{
							"name": "group",
							"origin": [-6.12536, 32, 8.5],
							"color": 0,
							"children": [19, 20, 21]
						}
					]
				}
			]
		},
		{
			"name": "arrow2",
			"origin": [12, 9, 31.5],
			"color": 0,
			"children": [22, 23, 24, 25, 26, 27, 28, 29, 30, 31, 32, 33]
		}
	]
}