{
	"textures": {
		"0": "item/crates/anime21_crate/fate_bow"
	},
	"elements": [
		{
			"name": "bow",
			"from": [3.2, 5, 7],
			"to": [5.2, 11, 9],
			"rotation": {"angle": -45, "axis": "y", "origin": [4.2, 8, 8]},
			"faces": {
				"north": {"uv": [6.125, 3.125, 6.25, 3.5], "texture": "#0"},
				"east": {"uv": [6.125, 3.5625, 6.25, 3.9375], "texture": "#0"},
				"south": {"uv": [6.125, 4, 6.25, 4.375], "texture": "#0"},
				"west": {"uv": [6.125, 4.4375, 6.25, 4.8125], "texture": "#0"},
				"up": {"uv": [3.4375, 6.625, 3.3125, 6.5], "texture": "#0"},
				"down": {"uv": [6.375, 6.5, 6.25, 6.625], "texture": "#0"}
			}
		},
		{
			"name": "bow",
			"from": [6.625, 6, 7.5],
			"to": [7.625, 10, 8.5],
			"rotation": {"angle": 0, "axis": "y", "origin": [7.625, 8, 7.5]},
			"faces": {
				"north": {"uv": [3.1875, 6.5625, 3.25, 6.8125], "texture": "#0"},
				"east": {"uv": [1.625, 6.625, 1.6875, 6.875], "texture": "#0"},
				"south": {"uv": [4.4375, 6.625, 4.5, 6.875], "texture": "#0"},
				"west": {"uv": [4.5625, 6.625, 4.625, 6.875], "texture": "#0"},
				"up": {"uv": [7, 4.875, 6.9375, 4.8125], "texture": "#0"},
				"down": {"uv": [7, 4.9375, 6.9375, 5], "texture": "#0"}
			}
		},
		{
			"name": "bow",
			"from": [8.74632, 5.87868, 7.5],
			"to": [9.74632, 9.87868, 8.5],
			"rotation": {"angle": 0, "axis": "y", "origin": [9.74632, 7.87868, 7.5]},
			"faces": {
				"north": {"uv": [0.625, 6.6875, 0.6875, 6.9375], "texture": "#0"},
				"east": {"uv": [0.75, 6.6875, 0.8125, 6.9375], "texture": "#0"},
				"south": {"uv": [6.6875, 0.75, 6.75, 1], "texture": "#0"},
				"west": {"uv": [6.6875, 1.0625, 6.75, 1.3125], "texture": "#0"},
				"up": {"uv": [7, 5.4375, 6.9375, 5.375], "texture": "#0"},
				"down": {"uv": [5.5625, 6.9375, 5.5, 7], "texture": "#0"}
			}
		},
		{
			"name": "bow",
			"from": [7.33211, 9.29289, 7.5],
			"to": [8.33211, 14.29289, 8.5],
			"rotation": {"angle": 45, "axis": "z", "origin": [8.33211, 11.29289, 7.5]},
			"faces": {
				"north": {"uv": [3.5625, 6.3125, 3.625, 6.625], "texture": "#0"},
				"east": {"uv": [4.9375, 6.4375, 5, 6.75], "texture": "#0"},
				"south": {"uv": [0.875, 6.5, 0.9375, 6.8125], "texture": "#0"},
				"west": {"uv": [1, 6.5, 1.0625, 6.8125], "texture": "#0"},
				"up": {"uv": [5.6875, 7, 5.625, 6.9375], "texture": "#0"},
				"down": {"uv": [7, 5.6875, 6.9375, 5.75], "texture": "#0"}
			}
		},
		{
			"name": "bow",
			"from": [7.33211, 1.46447, 7.5],
			"to": [8.33211, 6.46447, 8.5],
			"rotation": {"angle": -45, "axis": "z", "origin": [8.33211, 4.46447, 7.5]},
			"faces": {
				"north": {"uv": [1.125, 6.5, 1.1875, 6.8125], "texture": "#0"},
				"east": {"uv": [6.5, 1.875, 6.5625, 2.1875], "texture": "#0"},
				"south": {"uv": [6.5, 2.25, 6.5625, 2.5625], "texture": "#0"},
				"west": {"uv": [6.5, 2.625, 6.5625, 2.9375], "texture": "#0"},
				"up": {"uv": [5.8125, 7, 5.75, 6.9375], "texture": "#0"},
				"down": {"uv": [5.9375, 6.9375, 5.875, 7], "texture": "#0"}
			}
		},
		{
			"name": "bow",
			"from": [4.66219, 0.81981, 7.5],
			"to": [5.66219, 2.81981, 8.5],
			"rotation": {"angle": -22.5, "axis": "z", "origin": [5.66219, 0.81981, 7.5]},
			"faces": {
				"north": {"uv": [3.1875, 6.875, 3.25, 7], "texture": "#0"},
				"east": {"uv": [6.875, 3.25, 6.9375, 3.375], "texture": "#0"},
				"south": {"uv": [6.875, 3.4375, 6.9375, 3.5625], "texture": "#0"},
				"west": {"uv": [3.6875, 6.875, 3.75, 7], "texture": "#0"},
				"up": {"uv": [6.0625, 7, 6, 6.9375], "texture": "#0"},
				"down": {"uv": [7, 6.0625, 6.9375, 6.125], "texture": "#0"}
			}
		},
		{
			"name": "bow",
			"from": [4.66219, 12.93755, 7.5],
			"to": [5.66219, 14.93755, 8.5],
			"rotation": {"angle": 22.5, "axis": "z", "origin": [5.66219, 14.93755, 7.5]},
			"faces": {
				"north": {"uv": [3.8125, 6.875, 3.875, 7], "texture": "#0"},
				"east": {"uv": [6.875, 4.125, 6.9375, 4.25], "texture": "#0"},
				"south": {"uv": [6.875, 4.3125, 6.9375, 4.4375], "texture": "#0"},
				"west": {"uv": [6.875, 4.5, 6.9375, 4.625], "texture": "#0"},
				"up": {"uv": [6.1875, 7, 6.125, 6.9375], "texture": "#0"},
				"down": {"uv": [6.3125, 6.9375, 6.25, 7], "texture": "#0"}
			}
		},
		{
			"name": "bow",
			"from": [5.625, 4, 7.5],
			"to": [7.625, 6, 8.5],
			"rotation": {"angle": 0, "axis": "y", "origin": [7.625, 3, 7.5]},
			"faces": {
				"north": {"uv": [6.625, 2.8125, 6.75, 2.9375], "texture": "#0"},
				"east": {"uv": [0.875, 6.875, 0.9375, 7], "texture": "#0"},
				"south": {"uv": [4.6875, 6.625, 4.8125, 6.75], "texture": "#0"},
				"west": {"uv": [1, 6.875, 1.0625, 7], "texture": "#0"},
				"up": {"uv": [2.0625, 6.9375, 1.9375, 6.875], "texture": "#0"},
				"down": {"uv": [2.25, 6.875, 2.125, 6.9375], "texture": "#0"}
			}
		},
		{
			"name": "bow",
			"from": [5.625, 3, 7.5],
			"to": [6.625, 4, 8.5],
			"rotation": {"angle": 0, "axis": "y", "origin": [7.625, 2, 7.5]},
			"faces": {
				"north": {"uv": [6.375, 6.9375, 6.4375, 7], "texture": "#0"},
				"east": {"uv": [6.5, 6.9375, 6.5625, 7], "texture": "#0"},
				"south": {"uv": [6.9375, 6.5625, 7, 6.625], "texture": "#0"},
				"west": {"uv": [6.625, 6.9375, 6.6875, 7], "texture": "#0"},
				"up": {"uv": [6.8125, 7, 6.75, 6.9375], "texture": "#0"},
				"down": {"uv": [6.9375, 6.9375, 6.875, 7], "texture": "#0"}
			}
		},
		{
			"name": "bow",
			"from": [5.625, 12, 7.5],
			"to": [6.625, 13, 8.5],
			"rotation": {"angle": 0, "axis": "y", "origin": [7.625, 11, 7.5]},
			"faces": {
				"north": {"uv": [0, 7, 0.0625, 7.0625], "texture": "#0"},
				"east": {"uv": [7, 0.5, 7.0625, 0.5625], "texture": "#0"},
				"south": {"uv": [0.5625, 7, 0.625, 7.0625], "texture": "#0"},
				"west": {"uv": [7, 0.625, 7.0625, 0.6875], "texture": "#0"},
				"up": {"uv": [0.75, 7.0625, 0.6875, 7], "texture": "#0"},
				"down": {"uv": [7.0625, 0.75, 7, 0.8125], "texture": "#0"}
			}
		},
		{
			"name": "bow",
			"from": [5.625, 10, 7.5],
			"to": [7.625, 12, 8.5],
			"rotation": {"angle": 0, "axis": "y", "origin": [7.625, 13, 7.5]},
			"faces": {
				"north": {"uv": [6.625, 5.875, 6.75, 6], "texture": "#0"},
				"east": {"uv": [1.125, 6.875, 1.1875, 7], "texture": "#0"},
				"south": {"uv": [6.6875, 0.25, 6.8125, 0.375], "texture": "#0"},
				"west": {"uv": [2.3125, 6.875, 2.375, 7], "texture": "#0"},
				"up": {"uv": [2.9375, 6.9375, 2.8125, 6.875], "texture": "#0"},
				"down": {"uv": [3.125, 6.875, 3, 6.9375], "texture": "#0"}
			}
		},
		{
			"name": "bow",
			"from": [3.7, 3, 8],
			"to": [4.7, 13, 9],
			"rotation": {"angle": -45, "axis": "y", "origin": [4.7, 8, 8]},
			"faces": {
				"north": {"uv": [2, 6.1875, 2.0625, 6.8125], "texture": "#0"},
				"east": {"uv": [2.125, 6.1875, 2.1875, 6.8125], "texture": "#0"},
				"south": {"uv": [2.25, 6.1875, 2.3125, 6.8125], "texture": "#0"},
				"west": {"uv": [2.375, 6.1875, 2.4375, 6.8125], "texture": "#0"},
				"up": {"uv": [6.9375, 3.6875, 6.875, 3.625], "texture": "#0"},
				"down": {"uv": [6.9375, 5.0625, 6.875, 5.125], "texture": "#0"}
			}
		},
		{
			"name": "bow",
			"from": [2.7, 7, 8],
			"to": [3.7, 9, 9],
			"rotation": {"angle": -45, "axis": "y", "origin": [3.7, 9, 8]},
			"faces": {
				"north": {"uv": [1.25, 6.25, 1.3125, 6.375], "texture": "#0"},
				"east": {"uv": [6.75, 4.125, 6.8125, 4.25], "texture": "#0"},
				"south": {"uv": [6.75, 4.3125, 6.8125, 4.4375], "texture": "#0"},
				"west": {"uv": [6.75, 4.5, 6.8125, 4.625], "texture": "#0"},
				"up": {"uv": [6.9375, 6.25, 6.875, 6.1875], "texture": "#0"},
				"down": {"uv": [6.9375, 6.3125, 6.875, 6.375], "texture": "#0"}
			}
		},
		{
			"name": "bow",
			"from": [4.62464, -1.57194, 7.5],
			"to": [5.62464, 17.57806, 8.5],
			"rotation": {"angle": 0, "axis": "y", "origin": [5.12464, -3, 8]},
			"faces": {
				"north": {"uv": [5.125, 6, 5.1875, 7.1875], "texture": "#0"},
				"east": {"uv": [5.25, 6, 5.3125, 7.1875], "texture": "#0"},
				"south": {"uv": [5.375, 6, 5.4375, 7.1875], "texture": "#0"},
				"west": {"uv": [2.6875, 6.0625, 2.75, 7.25], "texture": "#0"},
				"up": {"uv": [6.9375, 6.5, 6.875, 6.4375], "texture": "#0"},
				"down": {"uv": [0.25, 6.9375, 0.1875, 7], "texture": "#0"}
			}
		},
		{
			"name": "bow",
			"from": [4.47338, -13.11615, 7.5],
			"to": [5.47338, -1.34451, 8.5],
			"rotation": {"angle": 22.5, "axis": "z", "origin": [4.7192, -1.34504, 8]},
			"faces": {
				"north": {"uv": [3.6875, 6.0625, 3.75, 6.8125], "texture": "#0"},
				"east": {"uv": [3.8125, 6.0625, 3.875, 6.8125], "texture": "#0"},
				"south": {"uv": [6.125, 1.5, 6.1875, 2.25], "texture": "#0"},
				"west": {"uv": [6.125, 2.3125, 6.1875, 3.0625], "texture": "#0"},
				"up": {"uv": [1, 5.625, 0.9375, 5.5625], "texture": "#0"},
				"down": {"uv": [0.6875, 6.375, 0.625, 6.4375], "texture": "#0"}
			}
		},
		{
			"name": "bow",
			"from": [8.69759, -14.03634, 7.5],
			"to": [12.69759, -13.03634, 8.5],
			"rotation": {"angle": -45, "axis": "z", "origin": [10.92595, -13.53634, 8]},
			"faces": {
				"north": {"uv": [6.4375, 6.5, 6.5, 6.75], "rotation": 90, "texture": "#0"},
				"east": {"uv": [7, 0.375, 6.9375, 0.4375], "rotation": 270, "texture": "#0"},
				"south": {"uv": [0.125, 6.5625, 0.1875, 6.8125], "rotation": 270, "texture": "#0"},
				"west": {"uv": [0.375, 7, 0.3125, 6.9375], "rotation": 270, "texture": "#0"},
				"up": {"uv": [0, 6.5625, 0.0625, 6.8125], "rotation": 270, "texture": "#0"},
				"down": {"uv": [6.5625, 0.25, 6.625, 0.5], "rotation": 270, "texture": "#0"}
			}
		},
		{
			"name": "bow",
			"from": [10.82513, -13.3142, 7.525],
			"to": [12.82513, -11.3142, 8.475],
			"rotation": {"angle": 0, "axis": "y", "origin": [11.82513, -12.3142, 8]},
			"faces": {
				"north": {"uv": [6.5625, 0.5625, 6.6875, 0.6875], "texture": "#0"},
				"east": {"uv": [6.75, 5.0625, 6.8125, 5.1875], "texture": "#0"},
				"south": {"uv": [6.5625, 3.3125, 6.6875, 3.4375], "texture": "#0"},
				"west": {"uv": [6, 6.75, 6.0625, 6.875], "texture": "#0"},
				"up": {"uv": [6.875, 4.75, 6.75, 4.6875], "texture": "#0"},
				"down": {"uv": [6.875, 6.0625, 6.75, 6.125], "texture": "#0"}
			}
		},
		{
			"name": "bow",
			"from": [10.74189, -14.43862, 8],
			"to": [11.24189, 9.96138, 8],
			"rotation": {"angle": -22.5, "axis": "z", "origin": [11.74189, -15.86668, 8.5]},
			"faces": {
				"north": {"uv": [3.9375, 6, 4, 7.4375], "texture": "#0"},
				"east": {"uv": [1.875, 6.9375, 1.875, 8.375], "texture": "#0"},
				"south": {"uv": [4.0625, 6, 4.125, 7.4375], "texture": "#0"},
				"west": {"uv": [4.8125, 6.9375, 4.8125, 8.375], "texture": "#0"},
				"up": {"uv": [1.8125, 5.375, 1.75, 5.375], "texture": "#0"},
				"down": {"uv": [1.9375, 5.375, 1.875, 5.375], "texture": "#0"}
			}
		},
		{
			"name": "bow",
			"from": [5.35195, 17.23447, 7.5],
			"to": [6.35195, 29.00611, 8.5],
			"rotation": {"angle": -22.5, "axis": "z", "origin": [5.85195, 19.23447, 8]},
			"faces": {
				"north": {"uv": [5.5, 6.125, 5.5625, 6.875], "texture": "#0"},
				"east": {"uv": [5.625, 6.125, 5.6875, 6.875], "texture": "#0"},
				"south": {"uv": [5.75, 6.125, 5.8125, 6.875], "texture": "#0"},
				"west": {"uv": [5.875, 6.125, 5.9375, 6.875], "texture": "#0"},
				"up": {"uv": [1.6875, 7, 1.625, 6.9375], "texture": "#0"},
				"down": {"uv": [1.8125, 6.9375, 1.75, 7], "texture": "#0"}
			}
		},
		{
			"name": "bow",
			"from": [8.83034, 29.17577, 7.5],
			"to": [12.83034, 30.17577, 8.5],
			"rotation": {"angle": 45, "axis": "z", "origin": [11.0587, 29.67577, 8]},
			"faces": {
				"north": {"uv": [2.8125, 6.5625, 2.875, 6.8125], "rotation": 270, "texture": "#0"},
				"east": {"uv": [0.5, 7, 0.4375, 6.9375], "rotation": 90, "texture": "#0"},
				"south": {"uv": [6.5625, 3, 6.625, 3.25], "rotation": 90, "texture": "#0"},
				"west": {"uv": [7, 1.3125, 6.9375, 1.375], "rotation": 90, "texture": "#0"},
				"up": {"uv": [3.0625, 6.5625, 3.125, 6.8125], "rotation": 90, "texture": "#0"},
				"down": {"uv": [2.9375, 6.5625, 3, 6.8125], "rotation": 90, "texture": "#0"}
			}
		},
		{
			"name": "bow",
			"from": [10.95788, 27.19752, 7.525],
			"to": [12.95788, 29.19752, 8.475],
			"rotation": {"angle": 0, "axis": "y", "origin": [11.95788, 28.44752, 8]},
			"faces": {
				"north": {"uv": [6.5625, 3.5, 6.6875, 3.625], "texture": "#0"},
				"east": {"uv": [6.75, 6.1875, 6.8125, 6.3125], "texture": "#0"},
				"south": {"uv": [6.5625, 3.6875, 6.6875, 3.8125], "texture": "#0"},
				"west": {"uv": [6.75, 6.375, 6.8125, 6.5], "texture": "#0"},
				"up": {"uv": [6.875, 6.625, 6.75, 6.5625], "texture": "#0"},
				"down": {"uv": [0.375, 6.8125, 0.25, 6.875], "texture": "#0"}
			}
		},
		{
			"name": "bow",
			"from": [10.87464, 6.42194, 8],
			"to": [11.37464, 30.57194, 8],
			"rotation": {"angle": 22.5, "axis": "z", "origin": [11.87464, 32, 8.5]},
			"faces": {
				"north": {"uv": [4.1875, 6, 4.25, 7.4375], "texture": "#0"},
				"east": {"uv": [0.125, 7, 0.125, 8.4375], "texture": "#0"},
				"south": {"uv": [4.3125, 6, 4.375, 7.4375], "texture": "#0"},
				"west": {"uv": [0.8125, 7, 0.8125, 8.4375], "texture": "#0"},
				"up": {"uv": [2.0625, 5.375, 2, 5.375], "texture": "#0"},
				"down": {"uv": [2.1875, 5.375, 2.125, 5.375], "texture": "#0"}
			}
		},
		{
			"name": "anim1",
			"from": [-16, -5, 7.975],
			"to": [28, 20, 8.05],
			"rotation": {"angle": 0, "axis": "y", "origin": [-4, 2, 7]},
			"faces": {
				"north": {"uv": [0, 0, 2.75, 1.5625], "texture": "#0"},
				"east": {"uv": [1.25, 7, 1.25, 8.5625], "texture": "#0"},
				"south": {"uv": [0.25, 1.625, 3, 3.1875], "texture": "#0"},
				"west": {"uv": [1.3125, 7, 1.3125, 8.5625], "texture": "#0"},
				"up": {"uv": [9.6875, 5.5, 6.6875, 5.5], "texture": "#0"},
				"down": {"uv": [9.875, 5.1875, 6.875, 5.1875], "texture": "#0"}
			}
		},
		{
			"name": "arrow1",
			"from": [-5, 7, 7.525],
			"to": [20, 8, 8.475],
			"rotation": {"angle": 0, "axis": "y", "origin": [7.5, 7.5, 8]},
			"faces": {
				"north": {"uv": [5.4375, 5.25, 7, 5.3125], "texture": "#0"},
				"east": {"uv": [6.9375, 2, 7, 2.0625], "texture": "#0"},
				"south": {"uv": [0.6875, 5.6875, 2.25, 5.75], "texture": "#0"},
				"west": {"uv": [2.4375, 6.9375, 2.5, 7], "texture": "#0"},
				"up": {"uv": [3.875, 5.75, 2.3125, 5.6875], "texture": "#0"},
				"down": {"uv": [5.5, 5.6875, 3.9375, 5.75], "texture": "#0"}
			}
		},
		{
			"name": "arrow1",
			"from": [19, 6.5, 7.5],
			"to": [21, 8.5, 8.5],
			"rotation": {"angle": -45, "axis": "z", "origin": [20, 7.5, 8]},
			"faces": {
				"north": {"uv": [6.5625, 4.625, 6.6875, 4.75], "texture": "#0"},
				"east": {"uv": [1.25, 6.8125, 1.3125, 6.9375], "texture": "#0"},
				"south": {"uv": [6, 6.5625, 6.125, 6.6875], "texture": "#0"},
				"west": {"uv": [1.375, 6.8125, 1.4375, 6.9375], "texture": "#0"},
				"up": {"uv": [1.875, 6.875, 1.75, 6.8125], "texture": "#0"},
				"down": {"uv": [6.9375, 1.875, 6.8125, 1.9375], "texture": "#0"}
			}
		},
		{
			"name": "arrow1",
			"from": [14, 6, 7.5],
			"to": [16, 9, 8.5],
			"rotation": {"angle": 0, "axis": "y", "origin": [7.5, 7.5, 8]},
			"faces": {
				"north": {"uv": [2.5, 6.1875, 2.625, 6.375], "texture": "#0"},
				"east": {"uv": [2.5, 6.6875, 2.5625, 6.875], "texture": "#0"},
				"south": {"uv": [4.9375, 6.1875, 5.0625, 6.375], "texture": "#0"},
				"west": {"uv": [3.5625, 6.6875, 3.625, 6.875], "texture": "#0"},
				"up": {"uv": [6.9375, 1.125, 6.8125, 1.0625], "texture": "#0"},
				"down": {"uv": [6.9375, 1.1875, 6.8125, 1.25], "texture": "#0"}
			}
		},
		{
			"name": "arrow1",
			"from": [14, 9, 7],
			"to": [17, 10, 9],
			"rotation": {"angle": 45, "axis": "z", "origin": [15.5, 8, 7.5]},
			"faces": {
				"north": {"uv": [6.6875, 3, 6.875, 3.0625], "texture": "#0"},
				"east": {"uv": [0.4375, 6.8125, 0.5625, 6.875], "texture": "#0"},
				"south": {"uv": [6.6875, 3.125, 6.875, 3.1875], "texture": "#0"},
				"west": {"uv": [6.8125, 0.6875, 6.9375, 0.75], "texture": "#0"},
				"up": {"uv": [6.5, 4.8125, 6.3125, 4.6875], "texture": "#0"},
				"down": {"uv": [6.5, 6.125, 6.3125, 6.25], "texture": "#0"}
			}
		},
		{
			"name": "arrow1",
			"from": [14, 5, 7],
			"to": [17, 6, 9],
			"rotation": {"angle": -45, "axis": "z", "origin": [15.5, 7, 7.5]},
			"faces": {
				"north": {"uv": [3.3125, 6.6875, 3.5, 6.75], "texture": "#0"},
				"east": {"uv": [6.8125, 0.8125, 6.9375, 0.875], "texture": "#0"},
				"south": {"uv": [6.6875, 4.8125, 6.875, 4.875], "texture": "#0"},
				"west": {"uv": [6.8125, 0.9375, 6.9375, 1], "texture": "#0"},
				"up": {"uv": [6.5, 6.4375, 6.3125, 6.3125], "texture": "#0"},
				"down": {"uv": [0.1875, 6.375, 0, 6.5], "texture": "#0"}
			}
		},
		{
			"name": "arrow1",
			"from": [-3, 7, 7.5],
			"to": [0, 8, 8.5],
			"rotation": {"angle": 45, "axis": "x", "origin": [-1, 7.5, 8]},
			"faces": {
				"north": {"uv": [0.6875, 5.5625, 0.875, 5.625], "texture": "#0"},
				"east": {"uv": [2.5625, 6.9375, 2.625, 7], "texture": "#0"},
				"south": {"uv": [6.6875, 0.4375, 6.875, 0.5], "texture": "#0"},
				"west": {"uv": [6.9375, 2.9375, 7, 3], "texture": "#0"},
				"up": {"uv": [6.875, 1.4375, 6.6875, 1.375], "texture": "#0"},
				"down": {"uv": [1.9375, 6.6875, 1.75, 6.75], "texture": "#0"}
			}
		},
		{
			"name": "arrow1",
			"from": [0, 6.5, 7],
			"to": [3, 8.5, 9],
			"rotation": {"angle": 0, "axis": "y", "origin": [2, 7, 8.5]},
			"faces": {
				"north": {"uv": [3.3125, 6.3125, 3.5, 6.4375], "texture": "#0"},
				"east": {"uv": [6.5625, 3.875, 6.6875, 4], "texture": "#0"},
				"south": {"uv": [6.3125, 3.375, 6.5, 3.5], "texture": "#0"},
				"west": {"uv": [6.5625, 4.0625, 6.6875, 4.1875], "texture": "#0"},
				"up": {"uv": [6.5, 3.6875, 6.3125, 3.5625], "texture": "#0"},
				"down": {"uv": [6.5, 3.75, 6.3125, 3.875], "texture": "#0"}
			}
		},
		{
			"name": "arrow1",
			"from": [2, 6.5, 7],
			"to": [5, 8.5, 9],
			"rotation": {"angle": -45, "axis": "x", "origin": [3.5, 7.5, 8]},
			"faces": {
				"north": {"uv": [6.3125, 3.9375, 6.5, 4.0625], "texture": "#0"},
				"east": {"uv": [6.5625, 4.25, 6.6875, 4.375], "texture": "#0"},
				"south": {"uv": [6.3125, 4.125, 6.5, 4.25], "texture": "#0"},
				"west": {"uv": [6.5625, 4.4375, 6.6875, 4.5625], "texture": "#0"},
				"up": {"uv": [6.5, 4.4375, 6.3125, 4.3125], "texture": "#0"},
				"down": {"uv": [6.5, 4.5, 6.3125, 4.625], "texture": "#0"}
			}
		},
		{
			"name": "arrow1",
			"from": [5, 6, 6.5],
			"to": [9, 9, 9.5],
			"rotation": {"angle": 0, "axis": "y", "origin": [7, 7.5, 8]},
			"faces": {
				"north": {"uv": [6.125, 5.6875, 6.375, 5.875], "texture": "#0"},
				"east": {"uv": [4.4375, 6.1875, 4.625, 6.375], "texture": "#0"},
				"south": {"uv": [6, 6.125, 6.25, 6.3125], "texture": "#0"},
				"west": {"uv": [4.6875, 6.1875, 4.875, 6.375], "texture": "#0"},
				"up": {"uv": [1.625, 6.375, 1.375, 6.1875], "texture": "#0"},
				"down": {"uv": [1.9375, 6.1875, 1.6875, 6.375], "texture": "#0"}
			}
		},
		{
			"name": "arrow1",
			"from": [8, 6, 6.5],
			"to": [14, 9, 9.5],
			"rotation": {"angle": -45, "axis": "x", "origin": [10, 7.5, 8]},
			"faces": {
				"north": {"uv": [2.8125, 6.0625, 3.1875, 6.25], "texture": "#0"},
				"east": {"uv": [0.75, 6.25, 0.9375, 6.4375], "texture": "#0"},
				"south": {"uv": [3.25, 6.0625, 3.625, 6.25], "texture": "#0"},
				"west": {"uv": [1, 6.25, 1.1875, 6.4375], "texture": "#0"},
				"up": {"uv": [6.5, 0.4375, 6.125, 0.25], "texture": "#0"},
				"down": {"uv": [6.5, 0.5, 6.125, 0.6875], "texture": "#0"}
			}
		}
	],
	"gui_light": "front",
	"display": {
		"thirdperson_righthand": {
			"rotation": [0, -90, 0],
			"translation": [0, 0.5, 0.25],
			"scale": [0.8, 0.8, 0.8]
		},
		"thirdperson_lefthand": {
			"rotation": [0, 90, 0],
			"translation": [0, -0.5, 0.25],
			"scale": [0.8, 0.8, 0.8]
		},
		"firstperson_righthand": {
			"rotation": [0, -90, -25],
			"scale": [0.8, 0.8, 0.8]
		},
		"firstperson_lefthand": {
			"rotation": [0, 90, 25],
			"scale": [0.8, 0.8, 0.8]
		},
		"ground": {
			"scale": [0.3, 0.3, 0.3]
		},
		"gui": {
			"rotation": [17, 12, 22],
			"translation": [1.5, 0.75, 0],
			"scale": [-0.5, 0.5, 0.5]
		},
		"head": {
			"rotation": [0, 0, -90],
			"translation": [0, 9.5, -1]
		},
		"fixed": {
			"rotation": [0, 0, -45],
			"translation": [0, 0, -0.5],
			"scale": [0.5, 0.5, 0.5]
		}
	},
	"groups": [
		{
			"name": "bow",
			"origin": [-6.04212, 28.44752, 8],
			"color": 0,
			"children": [0, 1, 2, 3, 4, 5, 6, 7, 8, 9, 10, 11, 12, 13,
				{
					"name": "group",
					"origin": [-6.12536, -16, 8.5],
					"color": 0,
					"children": [14,
						{
							"name": "group",
							"origin": [-6.12536, -16, 8.5],
							"color": 0,
							"children": [15, 16, 17]
						}
					]
				},
				{
					"name": "group",
					"origin": [-6.12536, 32, 8.5],
					"color": 0,
					"children": [18,
						{
							"name": "group",
							"origin": [-6.12536, 32, 8.5],
							"color": 0,
							"children": [19, 20, 21]
						}
					]
				}
			]
		},
		{
			"name": "arrow1",
			"origin": [12, 9, 31.5],
			"color": 0,
			"children": [22, 23, 24, 25, 26, 27, 28, 29, 30, 31, 32]
		}
	]
}