{
	"textures": {
		"0": "item/crates/anime21_crate/ghoul_wings"
	},
	"elements": [
		{
			"from": [-1, -2, 10],
			"to": [6, 1, 13],
			"rotation": {"angle": -45, "axis": "z", "origin": [5.5, 0.5, 11.5]},
			"faces": {
				"north": {"uv": [6.375, 4.125, 7.25, 4.5], "texture": "#0"},
				"east": {"uv": [5.25, 6.375, 5.625, 6.75], "texture": "#0"},
				"south": {"uv": [6.375, 4.625, 7.25, 5], "texture": "#0"},
				"west": {"uv": [1.5, 7.125, 1.875, 7.5], "texture": "#0"},
				"up": {"uv": [7.375, 2, 6.5, 1.625], "texture": "#0"},
				"down": {"uv": [3, 6.5, 2.125, 6.875], "texture": "#0"}
			}
		},
		{
			"from": [-2, 3, 9],
			"to": [1, 9, 12],
			"rotation": {"angle": 22.5, "axis": "x", "origin": [5.5, 0.5, 11.5]},
			"faces": {
				"north": {"uv": [3.125, 5.75, 3.5, 6.5], "texture": "#0"},
				"east": {"uv": [6.125, 6.875, 6.5, 7.625], "texture": "#0"},
				"south": {"uv": [2, 7, 2.375, 7.75], "texture": "#0"},
				"west": {"uv": [7, 2.125, 7.375, 2.875], "texture": "#0"},
				"up": {"uv": [7.875, 2.375, 7.5, 2], "texture": "#0"},
				"down": {"uv": [7.875, 2.5, 7.5, 2.875], "texture": "#0"}
			}
		},
		{
			"from": [1, 9, 13],
			"to": [4, 17, 16],
			"rotation": {"angle": 22.5, "axis": "z", "origin": [5.5, 0.5, 9.5]},
			"faces": {
				"north": {"uv": [3.75, 4.5, 4.125, 5.5], "texture": "#0"},
				"east": {"uv": [4.25, 4.5, 4.625, 5.5], "texture": "#0"},
				"south": {"uv": [4.75, 4.5, 5.125, 5.5], "texture": "#0"},
				"west": {"uv": [4.875, 1, 5.25, 2], "texture": "#0"},
				"up": {"uv": [7.875, 6, 7.5, 5.625], "texture": "#0"},
				"down": {"uv": [1.875, 7.625, 1.5, 8], "texture": "#0"}
			}
		},
		{
			"from": [-15, 11, 14],
			"to": [-3, 15, 18],
			"rotation": {"angle": 0, "axis": "y", "origin": [5.5, 0.5, 9.5]},
			"faces": {
				"north": {"uv": [0, 0, 1.5, 0.5], "texture": "#0"},
				"east": {"uv": [6.875, 5.625, 7.375, 6.125], "texture": "#0"},
				"south": {"uv": [0, 0.625, 1.5, 1.125], "texture": "#0"},
				"west": {"uv": [7.125, 1, 7.625, 1.5], "texture": "#0"},
				"up": {"uv": [1.5, 1.75, 0, 1.25], "texture": "#0"},
				"down": {"uv": [3.125, 0, 1.625, 0.5], "texture": "#0"}
			}
		},
		{
			"from": [-16, 4.65076, 14.25736],
			"to": [-13, 7.65076, 23.25736],
			"rotation": {"angle": -45, "axis": "x", "origin": [1.5, 0.15076, 9.75736]},
			"faces": {
				"north": {"uv": [7.625, 6.125, 8, 6.5], "texture": "#0"},
				"east": {"uv": [3.5, 2.25, 4.625, 2.625], "texture": "#0"},
				"south": {"uv": [7.625, 6.625, 8, 7], "texture": "#0"},
				"west": {"uv": [3.5, 2.75, 4.625, 3.125], "texture": "#0"},
				"up": {"uv": [3.875, 4.375, 3.5, 3.25], "texture": "#0"},
				"down": {"uv": [2.625, 3.625, 2.25, 4.75], "texture": "#0"}
			}
		},
		{
			"from": [-13.16588, 6.36063, 7.63604],
			"to": [-10.16588, 15.36063, 10.63604],
			"rotation": {"angle": 22.5, "axis": "z", "origin": [5.33412, 2.86063, 15.13604]},
			"faces": {
				"north": {"uv": [2.75, 3.625, 3.125, 4.75], "texture": "#0"},
				"east": {"uv": [0, 3.75, 0.375, 4.875], "texture": "#0"},
				"south": {"uv": [0.5, 3.75, 0.875, 4.875], "texture": "#0"},
				"west": {"uv": [1, 3.75, 1.375, 4.875], "texture": "#0"},
				"up": {"uv": [8.125, 1.125, 7.75, 0.75], "texture": "#0"},
				"down": {"uv": [5.25, 7.75, 4.875, 8.125], "texture": "#0"}
			}
		},
		{
			"from": [-15.30415, -3.65701, 7.38604],
			"to": [-12.30415, -0.65701, 10.38604],
			"rotation": {"angle": 45, "axis": "z", "origin": [-13.80415, 1.84299, 8.88604]},
			"faces": {
				"north": {"uv": [5.375, 7.75, 5.75, 8.125], "texture": "#0"},
				"east": {"uv": [5.875, 7.75, 6.25, 8.125], "texture": "#0"},
				"south": {"uv": [2, 7.875, 2.375, 8.25], "texture": "#0"},
				"west": {"uv": [2.5, 7.875, 2.875, 8.25], "texture": "#0"},
				"up": {"uv": [3.375, 8.25, 3, 7.875], "texture": "#0"},
				"down": {"uv": [8.25, 3, 7.875, 3.375], "texture": "#0"}
			}
		},
		{
			"from": [-10.2114, -1.46423, 7.63604],
			"to": [-7.2114, 0.53577, 9.63604],
			"rotation": {"angle": -22.5, "axis": "z", "origin": [-12.7114, -0.76423, 8.88604]},
			"faces": {
				"north": {"uv": [6, 8.375, 6.375, 8.625], "texture": "#0"},
				"east": {"uv": [1.625, 5, 1.875, 5.25], "texture": "#0"},
				"south": {"uv": [6.5, 8.375, 6.875, 8.625], "texture": "#0"},
				"west": {"uv": [5.75, 7.375, 6, 7.625], "texture": "#0"},
				"up": {"uv": [7.375, 8.625, 7, 8.375], "texture": "#0"},
				"down": {"uv": [8.75, 7.125, 8.375, 7.375], "texture": "#0"}
			}
		},
		{
			"from": [-7.2114, -1.46423, 7.88604],
			"to": [-5.2114, -0.46423, 8.88604],
			"rotation": {"angle": -22.5, "axis": "z", "origin": [-12.7114, -0.76423, 8.88604]},
			"faces": {
				"north": {"uv": [7.375, 0.75, 7.625, 0.875], "texture": "#0"},
				"east": {"uv": [3.25, 2.25, 3.375, 2.375], "texture": "#0"},
				"south": {"uv": [8.625, 6.375, 8.875, 6.5], "texture": "#0"},
				"west": {"uv": [3.25, 3.625, 3.375, 3.75], "texture": "#0"},
				"up": {"uv": [8.875, 6.75, 8.625, 6.625], "texture": "#0"},
				"down": {"uv": [8.875, 6.875, 8.625, 7], "texture": "#0"}
			}
		},
		{
			"from": [3, -7, 11],
			"to": [10, -4, 13],
			"rotation": {"angle": 45, "axis": "z", "origin": [5.5, -8.5, 11.5]},
			"faces": {
				"north": {"uv": [0, 6.625, 0.875, 7], "texture": "#0"},
				"east": {"uv": [2.125, 6, 2.375, 6.375], "texture": "#0"},
				"south": {"uv": [1, 6.625, 1.875, 7], "texture": "#0"},
				"west": {"uv": [7.5, 8.375, 7.75, 8.75], "texture": "#0"},
				"up": {"uv": [8.125, 3.875, 7.25, 3.625], "texture": "#0"},
				"down": {"uv": [8.25, 0, 7.375, 0.25], "texture": "#0"}
			}
		},
		{
			"from": [-5.17306, -6.98817, 10.75],
			"to": [2.82694, -3.98817, 13.75],
			"rotation": {"angle": 22.5, "axis": "z", "origin": [8.32694, -8.48817, 11.75]},
			"faces": {
				"north": {"uv": [4.75, 2.25, 5.75, 2.625], "texture": "#0"},
				"east": {"uv": [3.5, 7.875, 3.875, 8.25], "texture": "#0"},
				"south": {"uv": [4.75, 2.75, 5.75, 3.125], "texture": "#0"},
				"west": {"uv": [4, 7.875, 4.375, 8.25], "texture": "#0"},
				"up": {"uv": [3, 5.25, 2, 4.875], "texture": "#0"},
				"down": {"uv": [1, 5, 0, 5.375], "texture": "#0"}
			}
		},
		{
			"from": [-14.06421, -12.49694, 15.22487],
			"to": [-6.06421, -9.49694, 18.22487],
			"rotation": {"angle": -45, "axis": "y", "origin": [-0.56421, -13.99694, 16.22487]},
			"faces": {
				"north": {"uv": [5, 3.25, 6, 3.625], "texture": "#0"},
				"east": {"uv": [7.875, 5.125, 8.25, 5.5], "texture": "#0"},
				"south": {"uv": [5, 3.75, 6, 4.125], "texture": "#0"},
				"west": {"uv": [6.375, 7.875, 6.75, 8.25], "texture": "#0"},
				"up": {"uv": [6.125, 0.375, 5.125, 0], "texture": "#0"},
				"down": {"uv": [6.125, 0.5, 5.125, 0.875], "texture": "#0"}
			}
		},
		{
			"from": [-11.52437, -10.04963, 1.39656],
			"to": [-8.52437, -7.04963, 9.39656],
			"rotation": {"angle": -22.5, "axis": "x", "origin": [-9.52437, -11.54963, 14.89656]},
			"faces": {
				"north": {"uv": [6.875, 7.875, 7.25, 8.25], "texture": "#0"},
				"east": {"uv": [5.25, 4.25, 6.25, 4.625], "texture": "#0"},
				"south": {"uv": [7.875, 7.125, 8.25, 7.5], "texture": "#0"},
				"west": {"uv": [5.25, 4.75, 6.25, 5.125], "texture": "#0"},
				"up": {"uv": [1.5, 6, 1.125, 5], "texture": "#0"},
				"down": {"uv": [5.625, 5.25, 5.25, 6.25], "texture": "#0"}
			}
		},
		{
			"from": [-9.69594, -15.83004, -4.42801],
			"to": [-5.69594, -11.83004, 3.57199],
			"rotation": {"angle": -45, "axis": "y", "origin": [-6.69594, -13.83004, -0.42801]},
			"faces": {
				"north": {"uv": [3, 7.25, 3.5, 7.75], "texture": "#0"},
				"east": {"uv": [0, 2.5, 1, 3], "texture": "#0"},
				"south": {"uv": [7.25, 3, 7.75, 3.5], "texture": "#0"},
				"west": {"uv": [1.125, 2.5, 2.125, 3], "texture": "#0"},
				"up": {"uv": [2.75, 3.5, 2.25, 2.5], "texture": "#0"},
				"down": {"uv": [3.375, 2.5, 2.875, 3.5], "texture": "#0"}
			}
		},
		{
			"from": [-7.44137, -15.80504, -4.07539],
			"to": [-1.44137, -13.80504, -0.07539],
			"rotation": {"angle": -22.5, "axis": "y", "origin": [-3.44137, -13.83004, -1.07539]},
			"faces": {
				"north": {"uv": [7.375, 4.375, 8.125, 4.625], "texture": "#0"},
				"east": {"uv": [7.75, 1.25, 8.25, 1.5], "texture": "#0"},
				"south": {"uv": [7.375, 4.75, 8.125, 5], "texture": "#0"},
				"west": {"uv": [8.375, 4, 8.875, 4.25], "texture": "#0"},
				"up": {"uv": [6.125, 1.5, 5.375, 1], "texture": "#0"},
				"down": {"uv": [2.375, 5.375, 1.625, 5.875], "texture": "#0"}
			}
		},
		{
			"from": [-3.73845, -15.33004, -1.13191],
			"to": [-0.73845, -14.33004, 1.86809],
			"rotation": {"angle": -45, "axis": "y", "origin": [0.26155, -13.83004, 1.86809]},
			"faces": {
				"north": {"uv": [8.375, 0.5, 8.75, 0.625], "texture": "#0"},
				"east": {"uv": [8.5, 2.125, 8.875, 2.25], "texture": "#0"},
				"south": {"uv": [8.5, 2.375, 8.875, 2.5], "texture": "#0"},
				"west": {"uv": [8.5, 2.625, 8.875, 2.75], "texture": "#0"},
				"up": {"uv": [7.75, 8.25, 7.375, 7.875], "texture": "#0"},
				"down": {"uv": [8.25, 7.625, 7.875, 8], "texture": "#0"}
			}
		},
		{
			"from": [-0.73845, -15.33004, -0.63191],
			"to": [1.26155, -14.33004, 0.36809],
			"rotation": {"angle": -45, "axis": "y", "origin": [0.26155, -13.83004, 1.86809]},
			"faces": {
				"north": {"uv": [7.875, 8.625, 8.125, 8.75], "texture": "#0"},
				"east": {"uv": [2, 3.75, 2.125, 3.875], "texture": "#0"},
				"south": {"uv": [8.25, 8.625, 8.5, 8.75], "texture": "#0"},
				"west": {"uv": [3.25, 3.875, 3.375, 4], "texture": "#0"},
				"up": {"uv": [8.875, 8.75, 8.625, 8.625], "texture": "#0"},
				"down": {"uv": [9, 0.75, 8.75, 0.875], "texture": "#0"}
			}
		},
		{
			"from": [10, -2, 10],
			"to": [17, 1, 13],
			"rotation": {"angle": 45, "axis": "z", "origin": [10.5, 0.5, 11.5]},
			"faces": {
				"north": {"uv": [7.25, 4.125, 6.375, 4.5], "texture": "#0"},
				"east": {"uv": [1.875, 7.125, 1.5, 7.5], "texture": "#0"},
				"south": {"uv": [7.25, 4.625, 6.375, 5], "texture": "#0"},
				"west": {"uv": [5.625, 6.375, 5.25, 6.75], "texture": "#0"},
				"up": {"uv": [6.5, 2, 7.375, 1.625], "texture": "#0"},
				"down": {"uv": [2.125, 6.5, 3, 6.875], "texture": "#0"}
			}
		},
		{
			"from": [15, 3, 9],
			"to": [18, 9, 12],
			"rotation": {"angle": 22.5, "axis": "x", "origin": [10.5, 0.5, 11.5]},
			"faces": {
				"north": {"uv": [3.5, 5.75, 3.125, 6.5], "texture": "#0"},
				"east": {"uv": [7.375, 2.125, 7, 2.875], "texture": "#0"},
				"south": {"uv": [2.375, 7, 2, 7.75], "texture": "#0"},
				"west": {"uv": [6.5, 6.875, 6.125, 7.625], "texture": "#0"},
				"up": {"uv": [7.5, 2.375, 7.875, 2], "texture": "#0"},
				"down": {"uv": [7.5, 2.5, 7.875, 2.875], "texture": "#0"}
			}
		},
		{
			"from": [12, 9, 13],
			"to": [15, 17, 16],
			"rotation": {"angle": -22.5, "axis": "z", "origin": [10.5, 0.5, 9.5]},
			"faces": {
				"north": {"uv": [4.125, 4.5, 3.75, 5.5], "texture": "#0"},
				"east": {"uv": [5.25, 1, 4.875, 2], "texture": "#0"},
				"south": {"uv": [5.125, 4.5, 4.75, 5.5], "texture": "#0"},
				"west": {"uv": [4.625, 4.5, 4.25, 5.5], "texture": "#0"},
				"up": {"uv": [7.5, 6, 7.875, 5.625], "texture": "#0"},
				"down": {"uv": [1.5, 7.625, 1.875, 8], "texture": "#0"}
			}
		},
		{
			"from": [19, 11, 14],
			"to": [31, 15, 18],
			"rotation": {"angle": 0, "axis": "y", "origin": [10.5, 0.5, 9.5]},
			"faces": {
				"north": {"uv": [1.5, 0, 0, 0.5], "texture": "#0"},
				"east": {"uv": [7.625, 1, 7.125, 1.5], "texture": "#0"},
				"south": {"uv": [1.5, 0.625, 0, 1.125], "texture": "#0"},
				"west": {"uv": [7.375, 5.625, 6.875, 6.125], "texture": "#0"},
				"up": {"uv": [0, 1.75, 1.5, 1.25], "texture": "#0"},
				"down": {"uv": [1.625, 0, 3.125, 0.5], "texture": "#0"}
			}
		},
		{
			"from": [29, 4.65076, 14.25736],
			"to": [32, 7.65076, 23.25736],
			"rotation": {"angle": -45, "axis": "x", "origin": [14.5, 0.15076, 9.75736]},
			"faces": {
				"north": {"uv": [8, 6.125, 7.625, 6.5], "texture": "#0"},
				"east": {"uv": [4.625, 2.75, 3.5, 3.125], "texture": "#0"},
				"south": {"uv": [8, 6.625, 7.625, 7], "texture": "#0"},
				"west": {"uv": [4.625, 2.25, 3.5, 2.625], "texture": "#0"},
				"up": {"uv": [3.5, 4.375, 3.875, 3.25], "texture": "#0"},
				"down": {"uv": [2.25, 3.625, 2.625, 4.75], "texture": "#0"}
			}
		},
		{
			"from": [26.16588, 6.36063, 7.63604],
			"to": [29.16588, 15.36063, 10.63604],
			"rotation": {"angle": -22.5, "axis": "z", "origin": [10.66588, 2.86063, 15.13604]},
			"faces": {
				"north": {"uv": [3.125, 3.625, 2.75, 4.75], "texture": "#0"},
				"east": {"uv": [1.375, 3.75, 1, 4.875], "texture": "#0"},
				"south": {"uv": [0.875, 3.75, 0.5, 4.875], "texture": "#0"},
				"west": {"uv": [0.375, 3.75, 0, 4.875], "texture": "#0"},
				"up": {"uv": [7.75, 1.125, 8.125, 0.75], "texture": "#0"},
				"down": {"uv": [4.875, 7.75, 5.25, 8.125], "texture": "#0"}
			}
		},
		{
			"from": [28.30415, -3.65701, 7.38604],
			"to": [31.30415, -0.65701, 10.38604],
			"rotation": {"angle": -45, "axis": "z", "origin": [29.80415, 1.84299, 8.88604]},
			"faces": {
				"north": {"uv": [5.75, 7.75, 5.375, 8.125], "texture": "#0"},
				"east": {"uv": [2.875, 7.875, 2.5, 8.25], "texture": "#0"},
				"south": {"uv": [2.375, 7.875, 2, 8.25], "texture": "#0"},
				"west": {"uv": [6.25, 7.75, 5.875, 8.125], "texture": "#0"},
				"up": {"uv": [3, 8.25, 3.375, 7.875], "texture": "#0"},
				"down": {"uv": [7.875, 3, 8.25, 3.375], "texture": "#0"}
			}
		},
		{
			"from": [23.2114, -1.46423, 7.63604],
			"to": [26.2114, 0.53577, 9.63604],
			"rotation": {"angle": 22.5, "axis": "z", "origin": [28.7114, -0.76423, 8.88604]},
			"faces": {
				"north": {"uv": [6.375, 8.375, 6, 8.625], "texture": "#0"},
				"east": {"uv": [6, 7.375, 5.75, 7.625], "texture": "#0"},
				"south": {"uv": [6.875, 8.375, 6.5, 8.625], "texture": "#0"},
				"west": {"uv": [1.875, 5, 1.625, 5.25], "texture": "#0"},
				"up": {"uv": [7, 8.625, 7.375, 8.375], "texture": "#0"},
				"down": {"uv": [8.375, 7.125, 8.75, 7.375], "texture": "#0"}
			}
		},
		{
			"from": [21.2114, -1.46423, 7.88604],
			"to": [23.2114, -0.46423, 8.88604],
			"rotation": {"angle": 22.5, "axis": "z", "origin": [28.7114, -0.76423, 8.88604]},
			"faces": {
				"north": {"uv": [7.625, 0.75, 7.375, 0.875], "texture": "#0"},
				"east": {"uv": [3.375, 3.625, 3.25, 3.75], "texture": "#0"},
				"south": {"uv": [8.875, 6.375, 8.625, 6.5], "texture": "#0"},
				"west": {"uv": [3.375, 2.25, 3.25, 2.375], "texture": "#0"},
				"up": {"uv": [8.625, 6.75, 8.875, 6.625], "texture": "#0"},
				"down": {"uv": [8.625, 6.875, 8.875, 7], "texture": "#0"}
			}
		},
		{
			"from": [6, -7, 11],
			"to": [13, -4, 13],
			"rotation": {"angle": -45, "axis": "z", "origin": [10.5, -8.5, 11.5]},
			"faces": {
				"north": {"uv": [0.875, 6.625, 0, 7], "texture": "#0"},
				"east": {"uv": [7.75, 8.375, 7.5, 8.75], "texture": "#0"},
				"south": {"uv": [1.875, 6.625, 1, 7], "texture": "#0"},
				"west": {"uv": [2.375, 6, 2.125, 6.375], "texture": "#0"},
				"up": {"uv": [7.25, 3.875, 8.125, 3.625], "texture": "#0"},
				"down": {"uv": [7.375, 0, 8.25, 0.25], "texture": "#0"}
			}
		},
		{
			"from": [13.17306, -6.98817, 10.75],
			"to": [21.17306, -3.98817, 13.75],
			"rotation": {"angle": -22.5, "axis": "z", "origin": [7.67306, -8.48817, 11.75]},
			"faces": {
				"north": {"uv": [5.75, 2.25, 4.75, 2.625], "texture": "#0"},
				"east": {"uv": [4.375, 7.875, 4, 8.25], "texture": "#0"},
				"south": {"uv": [5.75, 2.75, 4.75, 3.125], "texture": "#0"},
				"west": {"uv": [3.875, 7.875, 3.5, 8.25], "texture": "#0"},
				"up": {"uv": [2, 5.25, 3, 4.875], "texture": "#0"},
				"down": {"uv": [0, 5, 1, 5.375], "texture": "#0"}
			}
		},
		{
			"from": [22.06421, -12.49694, 15.22487],
			"to": [30.06421, -9.49694, 18.22487],
			"rotation": {"angle": 45, "axis": "y", "origin": [16.56421, -13.99694, 16.22487]},
			"faces": {
				"north": {"uv": [6, 3.25, 5, 3.625], "texture": "#0"},
				"east": {"uv": [6.75, 7.875, 6.375, 8.25], "texture": "#0"},
				"south": {"uv": [6, 3.75, 5, 4.125], "texture": "#0"},
				"west": {"uv": [8.25, 5.125, 7.875, 5.5], "texture": "#0"},
				"up": {"uv": [5.125, 0.375, 6.125, 0], "texture": "#0"},
				"down": {"uv": [5.125, 0.5, 6.125, 0.875], "texture": "#0"}
			}
		},
		{
			"from": [24.52437, -10.04963, 1.39656],
			"to": [27.52437, -7.04963, 9.39656],
			"rotation": {"angle": -22.5, "axis": "x", "origin": [25.52437, -11.54963, 14.89656]},
			"faces": {
				"north": {"uv": [7.25, 7.875, 6.875, 8.25], "texture": "#0"},
				"east": {"uv": [6.25, 4.75, 5.25, 5.125], "texture": "#0"},
				"south": {"uv": [8.25, 7.125, 7.875, 7.5], "texture": "#0"},
				"west": {"uv": [6.25, 4.25, 5.25, 4.625], "texture": "#0"},
				"up": {"uv": [1.125, 6, 1.5, 5], "texture": "#0"},
				"down": {"uv": [5.25, 5.25, 5.625, 6.25], "texture": "#0"}
			}
		},
		{
			"from": [21.69594, -15.83004, -4.42801],
			"to": [25.69594, -11.83004, 3.57199],
			"rotation": {"angle": 45, "axis": "y", "origin": [22.69594, -13.83004, -0.42801]},
			"faces": {
				"north": {"uv": [3.5, 7.25, 3, 7.75], "texture": "#0"},
				"east": {"uv": [2.125, 2.5, 1.125, 3], "texture": "#0"},
				"south": {"uv": [7.75, 3, 7.25, 3.5], "texture": "#0"},
				"west": {"uv": [1, 2.5, 0, 3], "texture": "#0"},
				"up": {"uv": [2.25, 3.5, 2.75, 2.5], "texture": "#0"},
				"down": {"uv": [2.875, 2.5, 3.375, 3.5], "texture": "#0"}
			}
		},
		{
			"from": [17.44137, -15.83004, -4.07539],
			"to": [23.44137, -13.83004, -0.07539],
			"rotation": {"angle": 22.5, "axis": "y", "origin": [19.44137, -13.83004, -1.07539]},
			"faces": {
				"north": {"uv": [8.125, 4.375, 7.375, 4.625], "texture": "#0"},
				"east": {"uv": [8.875, 4, 8.375, 4.25], "texture": "#0"},
				"south": {"uv": [8.125, 4.75, 7.375, 5], "texture": "#0"},
				"west": {"uv": [8.25, 1.25, 7.75, 1.5], "texture": "#0"},
				"up": {"uv": [5.375, 1.5, 6.125, 1], "texture": "#0"},
				"down": {"uv": [1.625, 5.375, 2.375, 5.875], "texture": "#0"}
			}
		},
		{
			"from": [16.73845, -15.33004, -1.13191],
			"to": [19.73845, -14.33004, 1.86809],
			"rotation": {"angle": 45, "axis": "y", "origin": [15.73845, -13.83004, 1.86809]},
			"faces": {
				"north": {"uv": [8.75, 0.5, 8.375, 0.625], "texture": "#0"},
				"east": {"uv": [8.875, 2.625, 8.5, 2.75], "texture": "#0"},
				"south": {"uv": [8.875, 2.375, 8.5, 2.5], "texture": "#0"},
				"west": {"uv": [8.875, 2.125, 8.5, 2.25], "texture": "#0"},
				"up": {"uv": [7.375, 8.25, 7.75, 7.875], "texture": "#0"},
				"down": {"uv": [7.875, 7.625, 8.25, 8], "texture": "#0"}
			}
		},
		{
			"from": [14.73845, -15.33004, -0.63191],
			"to": [16.73845, -14.33004, 0.36809],
			"rotation": {"angle": 45, "axis": "y", "origin": [15.73845, -13.83004, 1.86809]},
			"faces": {
				"north": {"uv": [8.125, 8.625, 7.875, 8.75], "texture": "#0"},
				"east": {"uv": [3.375, 3.875, 3.25, 4], "texture": "#0"},
				"south": {"uv": [8.5, 8.625, 8.25, 8.75], "texture": "#0"},
				"west": {"uv": [2.125, 3.75, 2, 3.875], "texture": "#0"},
				"up": {"uv": [8.625, 8.75, 8.875, 8.625], "texture": "#0"},
				"down": {"uv": [8.75, 0.75, 9, 0.875], "texture": "#0"}
			}
		}
	],
	"gui_light": "front",
	"display": {
		"thirdperson_righthand": {
			"translation": [0, 2.25, 0],
			"scale": [0.2, 0.2, 0.2]
		},
		"thirdperson_lefthand": {
			"translation": [0, 2, 0],
			"scale": [0.2, 0.2, 0.2]
		},
		"firstperson_righthand": {
			"translation": [0, 3.75, 0],
			"scale": [0.2, 0.2, 0.2]
		},
		"firstperson_lefthand": {
			"translation": [0, 4, 0],
			"scale": [0.2, 0.2, 0.2]
		},
		"ground": {
			"translation": [0, 2.5, 0],
			"scale": [0.2, 0.2, 0.2]
		},
		"gui": {
			"rotation": [30, -145, 0],
			"translation": [0.75, 2, 0],
			"scale": [0.35, 0.35, 0.35]
		},
		"head": {
			"translation": [0, -65, 0.5],
			"scale": [1.25, 1.25, 1.25]
		},
		"fixed": {
			"rotation": [-12, 0, 0],
			"translation": [0, 4.5, -3.25],
			"scale": [0.55, 0.55, 0.55]
		}
	},
	"groups": [
		{
			"name": "group",
			"origin": [0.26155, 1.16996, 1.86809],
			"color": 0,
			"children": [0, 1, 2, 3, 4, 5, 6, 7, 8, 9, 10, 11, 12, 13, 14, 15, 16]
		},
		{
			"name": "group",
			"origin": [0.26155, 1.16996, 1.86809],
			"color": 0,
			"children": [17, 18, 19, 20, 21, 22, 23, 24, 25, 26, 27, 28, 29, 30, 31, 32, 33]
		}
	]
}