{
	"textures": {
		"0": "item/crates/anime21_crate/kon_lion"	},
	"elements": [
		{
			"from": [6, 10, 6],
			"to": [10, 13, 10],
			"faces": {
				"north": {"uv": [7.5, 2.25, 8.5, 3], "texture": "#0"},
				"east": {"uv": [7.5, 3.25, 8.5, 4], "texture": "#0"},
				"south": {"uv": [0, 7.75, 1, 8.5], "texture": "#0"},
				"west": {"uv": [2.75, 7.75, 3.75, 8.5], "texture": "#0"},
				"up": {"uv": [2.5, 8, 1.5, 7], "texture": "#0"},
				"down": {"uv": [8.5, 1, 7.5, 2], "texture": "#0"}
			}
		},
		{
			"from": [5, 13, 5],
			"to": [11, 18, 11],
			"rotation": {"angle": 0, "axis": "z", "origin": [8, 15.5, 8]},
			"faces": {
				"north": {"uv": [3, 5.25, 4.5, 6.5], "texture": "#0"},
				"east": {"uv": [4.75, 5.25, 6.25, 6.5], "texture": "#0"},
				"south": {"uv": [5.75, 1.75, 7.25, 3], "texture": "#0"},
				"west": {"uv": [5.75, 3.25, 7.25, 4.5], "texture": "#0"},
				"up": {"uv": [4, 1.5, 2.5, 0], "texture": "#0"},
				"down": {"uv": [4, 1.75, 2.5, 3.25], "texture": "#0"}
			}
		},
		{
			"name": "flat",
			"from": [7.75, 17.5, 7],
			"to": [10.75, 20.5, 7],
			"rotation": {"angle": -22.5, "axis": "z", "origin": [8, 15.5, 8]},
			"faces": {
				"north": {"uv": [6.5, 4.75, 7.25, 5.5], "texture": "#0"},
				"east": {"uv": [1.75, 10, 1.75, 10.75], "texture": "#0"},
				"south": {"uv": [6.5, 5.75, 7.25, 6.5], "texture": "#0"},
				"west": {"uv": [5.5, 10.25, 5.5, 11], "texture": "#0"},
				"up": {"uv": [11.75, 9.25, 10, 9.25], "texture": "#0"},
				"down": {"uv": [12, 0.75, 10.25, 0.75], "texture": "#0"}
			}
		},
		{
			"name": "flat",
			"from": [5.25, 17.5, 7],
			"to": [8.25, 20.5, 7],
			"rotation": {"angle": 22.5, "axis": "z", "origin": [8, 15.5, 8]},
			"faces": {
				"north": {"uv": [7.25, 4.75, 6.5, 5.5], "texture": "#0"},
				"east": {"uv": [5.5, 10.25, 5.5, 11], "texture": "#0"},
				"south": {"uv": [7.25, 5.75, 6.5, 6.5], "texture": "#0"},
				"west": {"uv": [1.75, 10, 1.75, 10.75], "texture": "#0"},
				"up": {"uv": [10, 9.25, 11.75, 9.25], "texture": "#0"},
				"down": {"uv": [10.25, 0.75, 12, 0.75], "texture": "#0"}
			}
		},
		{
			"name": "flatback",
			"from": [3.5, 12.5, 8],
			"to": [12.5, 20.5, 8],
			"rotation": {"angle": 0, "axis": "z", "origin": [8, 15.5, 8]},
			"faces": {
				"north": {"uv": [0, 0, 2.25, 2], "texture": "#0"},
				"east": {"uv": [5.75, 10.25, 5.75, 12.25], "texture": "#0"},
				"south": {"uv": [0, 2.25, 2.25, 4.25], "texture": "#0"},
				"west": {"uv": [6, 10.25, 6, 12.25], "texture": "#0"},
				"up": {"uv": [8.5, 10.25, 6.25, 10.25], "texture": "#0"},
				"down": {"uv": [12.5, 7.5, 10.25, 7.5], "texture": "#0"}
			}
		},
		{
			"from": [5.5, 5, 5.5],
			"to": [10.5, 11, 10.5],
			"faces": {
				"north": {"uv": [4.25, 1.75, 5.5, 3.25], "texture": "#0"},
				"east": {"uv": [4.25, 3.5, 5.5, 5], "texture": "#0"},
				"south": {"uv": [0, 4.5, 1.25, 6], "texture": "#0"},
				"west": {"uv": [1.5, 5.25, 2.75, 6.75], "texture": "#0"},
				"up": {"uv": [7.25, 1.25, 6, 0], "texture": "#0"},
				"down": {"uv": [1.25, 6.25, 0, 7.5], "texture": "#0"}
			}
		},
		{
			"from": [5, 6, 5],
			"to": [11, 9, 11],
			"faces": {
				"north": {"uv": [3, 6.75, 4.5, 7.5], "texture": "#0"},
				"east": {"uv": [4.75, 6.75, 6.25, 7.5], "texture": "#0"},
				"south": {"uv": [6.5, 6.75, 8, 7.5], "texture": "#0"},
				"west": {"uv": [7.5, 0, 9, 0.75], "texture": "#0"},
				"up": {"uv": [4, 5, 2.5, 3.5], "texture": "#0"},
				"down": {"uv": [5.75, 0, 4.25, 1.5], "texture": "#0"}
			}
		},
		{
			"from": [7.5, 3.26956, 10.15851],
			"to": [8.5, 6.26956, 11.15851],
			"rotation": {"angle": -45, "axis": "x", "origin": [8, 5.5, 10.5]},
			"faces": {
				"north": {"uv": [0.75, 10, 1, 10.75], "texture": "#0"},
				"east": {"uv": [1.25, 10, 1.5, 10.75], "texture": "#0"},
				"south": {"uv": [10, 4, 10.25, 4.75], "texture": "#0"},
				"west": {"uv": [10, 8.25, 10.25, 9], "texture": "#0"},
				"up": {"uv": [3.75, 10.5, 3.5, 10.25], "texture": "#0"},
				"down": {"uv": [4.25, 10.25, 4, 10.5], "texture": "#0"}
			}
		},
		{
			"from": [7.5, 4.33095, 12.42998],
			"to": [8.5, 5.33095, 14.42998],
			"rotation": {"angle": 22.5, "axis": "x", "origin": [8, 5.5, 10.5]},
			"faces": {
				"north": {"uv": [4.5, 10.25, 4.75, 10.5], "texture": "#0"},
				"east": {"uv": [5.75, 4.75, 6.25, 5], "texture": "#0"},
				"south": {"uv": [5, 10.25, 5.25, 10.5], "texture": "#0"},
				"west": {"uv": [7.5, 4.25, 8, 4.5], "texture": "#0"},
				"up": {"uv": [10.25, 6.5, 10, 6], "texture": "#0"},
				"down": {"uv": [10.5, 0, 10.25, 0.5], "texture": "#0"}
			}
		},
		{
			"from": [8, 3.83095, 14.42998],
			"to": [8, 5.83095, 16.42998],
			"rotation": {"angle": 22.5, "axis": "x", "origin": [8, 5.5, 10.5]},
			"faces": {
				"north": {"uv": [2.25, 4.5, 2.25, 5], "texture": "#0"},
				"east": {"uv": [9.75, 1, 10.25, 1.5], "texture": "#0"},
				"south": {"uv": [2.75, 7, 2.75, 7.5], "texture": "#0"},
				"west": {"uv": [9.75, 1.75, 10.25, 2.25], "texture": "#0"},
				"up": {"uv": [9.75, 10.75, 9.75, 10.25], "texture": "#0"},
				"down": {"uv": [10, 10.25, 10, 10.75], "texture": "#0"}
			}
		},
		{
			"from": [5.5, 3, 7],
			"to": [7.5, 5, 9],
			"rotation": {"angle": -45, "axis": "z", "origin": [7, 5, 8]},
			"faces": {
				"north": {"uv": [6.75, 9.5, 7.25, 10], "texture": "#0"},
				"east": {"uv": [7.5, 9.5, 8, 10], "texture": "#0"},
				"south": {"uv": [9.5, 7.5, 10, 8], "texture": "#0"},
				"west": {"uv": [8.25, 9.5, 8.75, 10], "texture": "#0"},
				"up": {"uv": [9.5, 10, 9, 9.5], "texture": "#0"},
				"down": {"uv": [0.5, 9.75, 0, 10.25], "texture": "#0"}
			}
		},
		{
			"from": [4.75, 0, 6.25],
			"to": [7.75, 3, 9.25],
			"rotation": {"angle": -45, "axis": "z", "origin": [7, 5, 8]},
			"faces": {
				"north": {"uv": [8.5, 5, 9.25, 5.75], "texture": "#0"},
				"east": {"uv": [7, 8.5, 7.75, 9.25], "texture": "#0"},
				"south": {"uv": [8.5, 7.5, 9.25, 8.25], "texture": "#0"},
				"west": {"uv": [8, 8.5, 8.75, 9.25], "texture": "#0"},
				"up": {"uv": [0.75, 9.5, 0, 8.75], "texture": "#0"},
				"down": {"uv": [9.5, 1, 8.75, 1.75], "texture": "#0"}
			}
		},
		{
			"from": [7.5, 14.5, 4.975],
			"to": [8.5, 15.5, 4.975],
			"faces": {
				"north": {"uv": [11.5, 0.5, 11.75, 0.75], "texture": "#0"},
				"east": {"uv": [0, 0, 0, 0.25], "texture": "#0"},
				"south": {"uv": [12, 2, 12.25, 2.25], "texture": "#0"},
				"west": {"uv": [0, 0, 0, 0.25], "texture": "#0"},
				"up": {"uv": [0, 0, 0.25, 0], "texture": "#0"},
				"down": {"uv": [0, 0, 0.25, 0], "texture": "#0"}
			}
		},
		{
			"from": [7.5, 13.275, 4.975],
			"to": [8.5, 14.275, 4.975],
			"faces": {
				"north": {"uv": [11.75, 3.75, 12, 4], "texture": "#0"},
				"east": {"uv": [0, 0, 0, 0.25], "texture": "#0"},
				"south": {"uv": [11.5, 4.25, 11.75, 4.5], "texture": "#0"},
				"west": {"uv": [0, 0, 0, 0.25], "texture": "#0"},
				"up": {"uv": [0, 0, 0.25, 0], "texture": "#0"},
				"down": {"uv": [0, 0, 0.25, 0], "texture": "#0"}
			}
		},
		{
			"from": [3.25, 7.5, 7],
			"to": [5.25, 12.5, 9],
			"rotation": {"angle": -45, "axis": "z", "origin": [5, 10.5, 8]},
			"faces": {
				"north": {"uv": [4, 7.75, 4.5, 9], "texture": "#0"},
				"east": {"uv": [4.75, 7.75, 5.25, 9], "texture": "#0"},
				"south": {"uv": [5.5, 7.75, 6, 9], "texture": "#0"},
				"west": {"uv": [6.25, 7.75, 6.75, 9], "texture": "#0"},
				"up": {"uv": [2, 5, 1.5, 4.5], "texture": "#0"},
				"down": {"uv": [9, 6, 8.5, 6.5], "texture": "#0"}
			}
		},
		{
			"from": [2.75, 7.475, 6.5],
			"to": [5.75, 7.475, 9.5],
			"rotation": {"angle": -45, "axis": "z", "origin": [5, 10.5, 8]},
			"faces": {
				"north": {"uv": [6, 1.5, 6.75, 1.5], "texture": "#0"},
				"east": {"uv": [8.75, 4, 9.5, 4], "texture": "#0"},
				"south": {"uv": [10.25, 7.75, 11, 7.75], "texture": "#0"},
				"west": {"uv": [10.25, 8, 11, 8], "texture": "#0"},
				"up": {"uv": [9.5, 2.75, 8.75, 2], "texture": "#0"},
				"down": {"uv": [3.5, 8.75, 2.75, 9.5], "texture": "#0"}
			}
		},
		{
			"from": [11.25, 10.75, 7],
			"to": [16.25, 12.75, 9],
			"rotation": {"angle": 45, "axis": "z", "origin": [11, 10.5, 8]},
			"faces": {
				"north": {"uv": [4.5, 7.75, 4, 9], "rotation": 90, "texture": "#0"},
				"east": {"uv": [8.5, 6, 9, 6.5], "rotation": 270, "texture": "#0"},
				"south": {"uv": [6, 7.75, 5.5, 9], "rotation": 270, "texture": "#0"},
				"west": {"uv": [1.5, 5, 2, 4.5], "rotation": 270, "texture": "#0"},
				"up": {"uv": [6.75, 7.75, 6.25, 9], "rotation": 270, "texture": "#0"},
				"down": {"uv": [5.25, 7.75, 4.75, 9], "rotation": 270, "texture": "#0"}
			}
		},
		{
			"from": [16.525, 10.25, 6.5],
			"to": [16.525, 13.25, 9.5],
			"rotation": {"angle": 45, "axis": "z", "origin": [11, 10.5, 8]},
			"faces": {
				"north": {"uv": [6.75, 1.5, 6, 1.5], "rotation": 90, "texture": "#0"},
				"east": {"uv": [2.75, 8.75, 3.5, 9.5], "rotation": 270, "texture": "#0"},
				"south": {"uv": [11, 7.75, 10.25, 7.75], "rotation": 270, "texture": "#0"},
				"west": {"uv": [8.75, 2.75, 9.5, 2], "rotation": 270, "texture": "#0"},
				"up": {"uv": [11, 8, 10.25, 8], "rotation": 270, "texture": "#0"},
				"down": {"uv": [9.5, 4, 8.75, 4], "rotation": 270, "texture": "#0"}
			}
		},
		{
			"from": [8.5, 3, 7],
			"to": [10.5, 5, 9],
			"rotation": {"angle": -22.5, "axis": "z", "origin": [9, 5, 8]},
			"faces": {
				"north": {"uv": [7.25, 9.5, 6.75, 10], "texture": "#0"},
				"east": {"uv": [8.75, 9.5, 8.25, 10], "texture": "#0"},
				"south": {"uv": [10, 7.5, 9.5, 8], "texture": "#0"},
				"west": {"uv": [8, 9.5, 7.5, 10], "texture": "#0"},
				"up": {"uv": [9, 10, 9.5, 9.5], "texture": "#0"},
				"down": {"uv": [0, 9.75, 0.5, 10.25], "texture": "#0"}
			}
		},
		{
			"from": [8.25, 0, 6.25],
			"to": [11.25, 3, 9.25],
			"rotation": {"angle": -22.5, "axis": "z", "origin": [9, 5, 8]},
			"faces": {
				"north": {"uv": [9.25, 5, 8.5, 5.75], "texture": "#0"},
				"east": {"uv": [8.75, 8.5, 8, 9.25], "texture": "#0"},
				"south": {"uv": [9.25, 7.5, 8.5, 8.25], "texture": "#0"},
				"west": {"uv": [7.75, 8.5, 7, 9.25], "texture": "#0"},
				"up": {"uv": [0, 9.5, 0.75, 8.75], "texture": "#0"},
				"down": {"uv": [8.75, 1, 9.5, 1.75], "texture": "#0"}
			}
		}
	],
	"gui_light": "front",
	"display": {
		"thirdperson_righthand": {
			"rotation": [54, 0, 0],
			"translation": [0, -0.25, -1.5],
			"scale": [0.5, 0.5, 0.5]
		},
		"thirdperson_lefthand": {
			"rotation": [63, 0, -23],
			"translation": [2.25, -3.5, -3.5],
			"scale": [0.5, 0.5, 0.5]
		},
		"firstperson_righthand": {
			"rotation": [0, 140, 12],
			"translation": [5.75, 1.75, -2.75],
			"scale": [-0.5, 0.5, 0.5]
		},
		"firstperson_lefthand": {
			"rotation": [0, 127, 12],
			"translation": [4.5, 2.25, -2],
			"scale": [0.5, 0.5, 0.5]
		},
		"ground": {
			"scale": [0.3, 0.3, 0.3]
		},
		"gui": {
			"rotation": [30, -145, 0],
			"translation": [0, -1, 0],
			"scale": [0.75, 0.75, 0.75]
		},
		"head": {
			"rotation": [0, 0, -72],
			"translation": [-1.25, 9.25, 0]
		},
		"fixed": {
			"translation": [0, -1.5, -2.25],
			"scale": [0.9, 0.9, 0.9]
		}
	},
	"groups": [
		0,
		1,
		2,
		3,
		4,
		5,
		6,
		{
			"name": "group",
			"origin": [8, 1.04089, 13.01293],
			"color": 0,
			"boneType": "",
			"children": [7, 8, 9]
		},
		{
			"name": "group",
			"origin": [0, 0, 0],
			"color": 0,
			"boneType": "",
			"children": [10, 11]
		},
		12,
		13,
		{
			"name": "group",
			"origin": [5, 10.5, 8],
			"color": 0,
			"boneType": "",
			"children": [14, 15]
		},
		{
			"name": "group",
			"origin": [5, 10.5, 8],
			"color": 0,
			"boneType": "",
			"children": [16, 17]
		},
		{
			"name": "group",
			"origin": [0, 0, 0],
			"color": 0,
			"boneType": "",
			"children": [18, 19]
		}
	]
}