{
	"credit": "Made with Blockbench",
	"texture_size": [64, 64],
	"textures": {
		"0": "item/crates/anime21_crate/kurumi_shovel2",
		"particle": "item/crates/anime21_crate/kurumi_shovel2"
	},
	"elements": [
		{
			"from": [7, 7, 7],
			"to": [9, 20, 9],
			"faces": {
				"north": {"uv": [5, 0, 5.5, 3.25], "texture": "#0"},
				"east": {"uv": [5, 3.25, 5.5, 6.5], "texture": "#0"},
				"south": {"uv": [0, 5.25, 0.5, 8.5], "texture": "#0"},
				"west": {"uv": [0.5, 5.25, 1, 8.5], "texture": "#0"},
				"up": {"uv": [3.5, 5.75, 3, 5.25], "texture": "#0"},
				"down": {"uv": [4, 5.25, 3.5, 5.75], "texture": "#0"}
			}
		},
		{
			"from": [7, -6, 7],
			"to": [9, 7, 9],
			"faces": {
				"north": {"uv": [1, 5.25, 1.5, 8.5], "texture": "#0"},
				"east": {"uv": [1.5, 5.25, 2, 8.5], "texture": "#0"},
				"south": {"uv": [2, 5.25, 2.5, 8.5], "texture": "#0"},
				"west": {"uv": [2.5, 5.25, 3, 8.5], "texture": "#0"},
				"up": {"uv": [4.5, 5.75, 4, 5.25], "texture": "#0"},
				"down": {"uv": [5, 5.25, 4.5, 5.75], "texture": "#0"}
			}
		},
		{
			"from": [3, 20, 8],
			"to": [13, 32, 8],
			"faces": {
				"north": {"uv": [2.5, 0, 5, 3], "texture": "#0"},
				"east": {"uv": [0, 0, 0, 3], "texture": "#0"},
				"south": {"uv": [2.5, 0, 5, 3], "texture": "#0"},
				"west": {"uv": [0, 0, 0, 3], "texture": "#0"},
				"up": {"uv": [2.5, 0, 0, 0], "texture": "#0"},
				"down": {"uv": [2.5, 0, 0, 0], "texture": "#0"}
			}
		},
		{
			"from": [3, -13, 8],
			"to": [13, -4, 8],
			"faces": {
				"north": {"uv": [2.5, 3, 5, 5.25], "texture": "#0"},
				"east": {"uv": [0, 0, 0, 2.25], "texture": "#0"},
				"south": {"uv": [2.5, 3, 5, 5.25], "texture": "#0"},
				"west": {"uv": [0, 0, 0, 2.25], "texture": "#0"},
				"up": {"uv": [2.5, 0, 0, 0], "texture": "#0"},
				"down": {"uv": [2.5, 0, 0, 0], "texture": "#0"}
			}
		}
	],
	"gui_light": "front",
	"display": {
		"thirdperson_righthand": {
			"rotation": [0, 90, 0],
			"translation": [0, 1.25, 1],
			"scale": [0.55, 0.55, 0.55]
		},
		"thirdperson_lefthand": {
			"rotation": [0, 90, 0],
			"translation": [0, 1.25, 1],
			"scale": [0.55, 0.55, 0.55]
		},
		"firstperson_righthand": {
			"rotation": [0, -90, 25],
			"translation": [1.13, 0.2, 1.13],
			"scale": [0.5, 0.5, 0.5]
		},
		"firstperson_lefthand": {
			"rotation": [0, -90, 25],
			"translation": [1.13, 0.2, 1.13],
			"scale": [0.5, 0.5, 0.5]
		},
		"ground": {
			"translation": [0, 2, 0],
			"scale": [0.25, 0.25, 0.25]
		},
		"gui": {
			"rotation": [0, 180, 45],
			"translation": [-0.5, -0.5, 0],
			"scale": [0.4, 0.4, 0.4]
		},
		"head": {
			"rotation": [0, 180, 0],
			"translation": [0, 13, 7]
		},
		"fixed": {
			"rotation": [0, 180, -44],
			"translation": [1.5, -1.75, 0],
			"scale": [0.5, 0.5, 0.5]
		}
	},
	"groups": [
		{
			"name": "group",
			"origin": [0, 0, 0],
			"color": 0,
			"boneType": "",
			"children": [0, 1, 2, 3]
		}
	]
}