{
	"textures": {
		"0": "item/crates/anime21_crate/luffy_hat"
	},
	"elements": [
		{
			"from": [4, 1.025, 4],
			"to": [12, 6.025, 12],
			"rotation": {"angle": 0, "axis": "y", "origin": [8, 4.025, 8]},
			"faces": {
				"north": {"uv": [4.75, 4.75, 6.75, 6], "texture": "#0"},
				"east": {"uv": [4.75, 6.5, 6.75, 7.75], "texture": "#0"},
				"south": {"uv": [7, 0.25, 9, 1.5], "texture": "#0"},
				"west": {"uv": [7, 2, 9, 3.25], "texture": "#0"},
				"up": {"uv": [6.75, 2, 4.75, 0], "texture": "#0"},
				"down": {"uv": [6.75, 2.25, 4.75, 4.25], "texture": "#0"}
			}
		},
		{
			"from": [-1, 1, -1],
			"to": [17, 1.025, 17],
			"rotation": {"angle": 0, "axis": "y", "origin": [8, 1, 8]},
			"faces": {
				"north": {"uv": [7, 3.5, 11.5, 3.5], "texture": "#0"},
				"east": {"uv": [7, 3.75, 11.5, 3.75], "texture": "#0"},
				"south": {"uv": [7, 4, 11.5, 4], "texture": "#0"},
				"west": {"uv": [7, 4.25, 11.5, 4.25], "texture": "#0"},
				"up": {"uv": [4.5, 4.5, 0, 0], "texture": "#0"},
				"down": {"uv": [4.5, 4.75, 0, 9.25], "texture": "#0"}
			}
		}
	],
	"gui_light": "front",
	"display": {
		"thirdperson_righthand": {
			"translation": [-1, 2, 0],
			"scale": [0.5, 0.5, 0.5]
		},
		"thirdperson_lefthand": {
			"translation": [-1, 2, 0],
			"scale": [0.5, 0.5, 0.5]
		},
		"firstperson_righthand": {
			"translation": [0, 3.75, 0],
			"scale": [0.5, 0.5, 0.5]
		},
		"firstperson_lefthand": {
			"translation": [0, 3.75, 0],
			"scale": [0.5, 0.5, 0.5]
		},
		"ground": {
			"translation": [0, 2.5, 0],
			"scale": [0.7, 0.7, 0.7]
		},
		"gui": {
			"rotation": [30, 45, 0],
			"translation": [0, 3.25, 0],
			"scale": [0.7, 0.7, 0.7]
		},
		"head": {
			"rotation": [8, 0, 0],
			"translation": [0, 16, 1.5],
			"scale": [1.85, 1.85, 1.85]
		},
		"fixed": {
			"rotation": [-81, 0, 0],
			"translation": [0, 0.75, -8.25]
		}
	}
}