{
	"textures": {
		"0": "item/crates/anime21_crate/meliodas_wings"
	},
	"elements": [
		{
			"from": [-1.63173, -0.06066, 12],
			"to": [5.36827, 3.93934, 15],
			"rotation": {"angle": -45, "axis": "z", "origin": [8, 2, 13.5]},
			"faces": {
				"north": {"uv": [5.875, 2.75, 6.75, 3.25], "texture": "#0"},
				"east": {"uv": [5.625, 8.5, 6, 9], "texture": "#0"},
				"south": {"uv": [5.875, 3.375, 6.75, 3.875], "texture": "#0"},
				"west": {"uv": [8.625, 8.25, 9, 8.75], "texture": "#0"},
				"up": {"uv": [8, 5.875, 7.125, 5.5], "texture": "#0"},
				"down": {"uv": [8, 6, 7.125, 6.375], "texture": "#0"}
			}
		},
		{
			"from": [-5.1564, 4.47762, 12.5],
			"to": [-0.1564, 7.47762, 14.5],
			"rotation": {"angle": -22.5, "axis": "z", "origin": [8, 2, 13.5]},
			"faces": {
				"north": {"uv": [1.5, 7.375, 2.125, 7.75], "texture": "#0"},
				"east": {"uv": [8.25, 9.625, 8.5, 10], "texture": "#0"},
				"south": {"uv": [5.375, 7.5, 6, 7.875], "texture": "#0"},
				"west": {"uv": [9.125, 9.75, 9.375, 10.125], "texture": "#0"},
				"up": {"uv": [9.75, 0.875, 9.125, 0.625], "texture": "#0"},
				"down": {"uv": [9.75, 1, 9.125, 1.25], "texture": "#0"}
			}
		},
		{
			"from": [-9.07538, 0.02592, 13],
			"to": [-5.07538, 2.02592, 14],
			"rotation": {"angle": -45, "axis": "z", "origin": [8, 2, 13.5]},
			"faces": {
				"north": {"uv": [9.375, 7.125, 9.875, 7.375], "texture": "#0"},
				"east": {"uv": [2, 3.5, 2.125, 3.75], "texture": "#0"},
				"south": {"uv": [9.5, 6.375, 10, 6.625], "texture": "#0"},
				"west": {"uv": [5.375, 7, 5.5, 7.25], "texture": "#0"},
				"up": {"uv": [5.375, 4.125, 4.875, 4], "texture": "#0"},
				"down": {"uv": [1, 6.75, 0.5, 6.875], "texture": "#0"}
			}
		},
		{
			"from": [-1.63173, -2.06066, 11],
			"to": [5.36827, 1.93934, 14],
			"rotation": {"angle": 0, "axis": "z", "origin": [8, 0, 12.5]},
			"faces": {
				"north": {"uv": [6, 0, 6.875, 0.5], "texture": "#0"},
				"east": {"uv": [3.5, 8.75, 3.875, 9.25], "texture": "#0"},
				"south": {"uv": [0.5, 6.125, 1.375, 6.625], "texture": "#0"},
				"west": {"uv": [4, 8.75, 4.375, 9.25], "texture": "#0"},
				"up": {"uv": [8.25, 0.75, 7.375, 0.375], "texture": "#0"},
				"down": {"uv": [1.375, 7.375, 0.5, 7.75], "texture": "#0"}
			}
		},
		{
			"from": [-5.1564, 2.47762, 11.5],
			"to": [-0.1564, 5.47762, 13.5],
			"rotation": {"angle": 22.5, "axis": "z", "origin": [8, 0, 12.5]},
			"faces": {
				"north": {"uv": [5.375, 8, 6, 8.375], "texture": "#0"},
				"east": {"uv": [9.875, 0.75, 10.125, 1.125], "texture": "#0"},
				"south": {"uv": [4.375, 8.25, 5, 8.625], "texture": "#0"},
				"west": {"uv": [9.875, 1.25, 10.125, 1.625], "texture": "#0"},
				"up": {"uv": [9.75, 1.625, 9.125, 1.375], "texture": "#0"},
				"down": {"uv": [9.75, 1.75, 9.125, 2], "texture": "#0"}
			}
		},
		{
			"from": [-9.07538, -1.97408, 12],
			"to": [-5.07538, 0.02592, 13],
			"rotation": {"angle": 0, "axis": "z", "origin": [8, 0, 12.5]},
			"faces": {
				"north": {"uv": [9.625, 0, 10.125, 0.25], "texture": "#0"},
				"east": {"uv": [3, 7.125, 3.125, 7.375], "texture": "#0"},
				"south": {"uv": [9.625, 3.625, 10.125, 3.875], "texture": "#0"},
				"west": {"uv": [4.375, 7.25, 4.5, 7.5], "texture": "#0"},
				"up": {"uv": [8.375, 7.125, 7.875, 7], "texture": "#0"},
				"down": {"uv": [9.125, 7.5, 8.625, 7.625], "texture": "#0"}
			}
		},
		{
			"from": [-1.63173, -4.06066, 10],
			"to": [5.36827, -0.06066, 13],
			"rotation": {"angle": 45, "axis": "z", "origin": [8, -2, 11.5]},
			"faces": {
				"north": {"uv": [6.125, 4, 7, 4.5], "texture": "#0"},
				"east": {"uv": [4.5, 8.75, 4.875, 9.25], "texture": "#0"},
				"south": {"uv": [6.125, 4.625, 7, 5.125], "texture": "#0"},
				"west": {"uv": [6.125, 8.75, 6.5, 9.25], "texture": "#0"},
				"up": {"uv": [8.25, 1.25, 7.375, 0.875], "texture": "#0"},
				"down": {"uv": [8.25, 1.375, 7.375, 1.75], "texture": "#0"}
			}
		},
		{
			"from": [2.52238, -15.1564, 10.5],
			"to": [5.52238, -10.1564, 12.5],
			"rotation": {"angle": -22.5, "axis": "z", "origin": [8, -2, 11.5]},
			"faces": {
				"north": {"uv": [7.625, 8.25, 8, 8.875], "texture": "#0"},
				"east": {"uv": [3, 9.125, 3.25, 9.75], "texture": "#0"},
				"south": {"uv": [8.125, 8.25, 8.5, 8.875], "texture": "#0"},
				"west": {"uv": [5.625, 9.125, 5.875, 9.75], "texture": "#0"},
				"up": {"uv": [10.25, 2, 9.875, 1.75], "texture": "#0"},
				"down": {"uv": [5.75, 9.875, 5.375, 10.125], "texture": "#0"}
			}
		},
		{
			"from": [-9.07538, -3.97408, 11],
			"to": [-5.07538, -1.97408, 12],
			"rotation": {"angle": 45, "axis": "z", "origin": [8, -2, 11.5]},
			"faces": {
				"north": {"uv": [9.625, 4, 10.125, 4.25], "texture": "#0"},
				"east": {"uv": [3, 7.5, 3.125, 7.75], "texture": "#0"},
				"south": {"uv": [9.625, 4.375, 10.125, 4.625], "texture": "#0"},
				"west": {"uv": [5.375, 9.25, 5.5, 9.5], "texture": "#0"},
				"up": {"uv": [9.25, 6.875, 8.75, 6.75], "texture": "#0"},
				"down": {"uv": [10.125, 5.125, 9.625, 5.25], "texture": "#0"}
			}
		},
		{
			"from": [-6, -6, 13],
			"to": [7, -4, 15],
			"rotation": {"angle": 22.5, "axis": "z", "origin": [0, -6, 0]},
			"faces": {
				"north": {"uv": [6.125, 6.5, 7.75, 6.75], "texture": "#0"},
				"east": {"uv": [6, 0.625, 6.25, 0.875], "texture": "#0"},
				"south": {"uv": [6.875, 2.5, 8.5, 2.75], "texture": "#0"},
				"west": {"uv": [8.75, 0, 9, 0.25], "texture": "#0"},
				"up": {"uv": [8.5, 3.125, 6.875, 2.875], "texture": "#0"},
				"down": {"uv": [8.5, 3.25, 6.875, 3.5], "texture": "#0"}
			}
		},
		{
			"from": [-6, -8.5, 14],
			"to": [7, -1.5, 14],
			"rotation": {"angle": 22.5, "axis": "z", "origin": [0, -6, 0]},
			"faces": {
				"north": {"uv": [2.25, 0, 3.875, 0.875], "texture": "#0"},
				"east": {"uv": [9.875, 10, 9.875, 10.875], "texture": "#0"},
				"south": {"uv": [2.25, 1, 3.875, 1.875], "texture": "#0"},
				"west": {"uv": [4.625, 10.125, 4.625, 11], "texture": "#0"},
				"up": {"uv": [11.625, 8.125, 10, 8.125], "texture": "#0"},
				"down": {"uv": [11.75, 6.375, 10.125, 6.375], "texture": "#0"}
			}
		},
		{
			"from": [-4.99789, -15.30172, 9.74866],
			"to": [-4.99789, -8.30172, 16.74866],
			"rotation": {"angle": -22.5, "axis": "x", "origin": [-0.99789, -14.80172, 2.74866]},
			"faces": {
				"north": {"uv": [5.875, 9.875, 5.875, 10.75], "texture": "#0"},
				"east": {"uv": [4.625, 4.25, 5.5, 5.125], "texture": "#0"},
				"south": {"uv": [5.25, 10, 5.25, 10.875], "texture": "#0"},
				"west": {"uv": [4.875, 3, 5.75, 3.875], "texture": "#0"},
				"up": {"uv": [8.125, 10.875, 8.125, 10], "texture": "#0"},
				"down": {"uv": [9, 10, 9, 10.875], "texture": "#0"}
			}
		},
		{
			"from": [-4.22625, -7.74025, 7.36806],
			"to": [-2.22625, 3.25975, 9.36806],
			"rotation": {"angle": 45, "axis": "z", "origin": [-1.22625, -11.74025, 2.36806]},
			"faces": {
				"north": {"uv": [3.25, 6.375, 3.5, 7.75], "texture": "#0"},
				"east": {"uv": [7.125, 4, 7.375, 5.375], "texture": "#0"},
				"south": {"uv": [3.625, 7.25, 3.875, 8.625], "texture": "#0"},
				"west": {"uv": [4, 7.25, 4.25, 8.625], "texture": "#0"},
				"up": {"uv": [2.875, 10.25, 2.625, 10], "texture": "#0"},
				"down": {"uv": [5.125, 10, 4.875, 10.25], "texture": "#0"}
			}
		},
		{
			"from": [-6.72625, -7.74025, 8.36806],
			"to": [0.27375, 3.25975, 8.36806],
			"rotation": {"angle": 45, "axis": "z", "origin": [-1.22625, -11.74025, 2.36806]},
			"faces": {
				"north": {"uv": [0, 3.5, 0.875, 4.875], "texture": "#0"},
				"east": {"uv": [4.75, 10.125, 4.75, 11.5], "texture": "#0"},
				"south": {"uv": [1, 3.5, 1.875, 4.875], "texture": "#0"},
				"west": {"uv": [6, 10.125, 6, 11.5], "texture": "#0"},
				"up": {"uv": [8.25, 2.375, 7.375, 2.375], "texture": "#0"},
				"down": {"uv": [11, 6.5, 10.125, 6.5], "texture": "#0"}
			}
		},
		{
			"from": [-14.36839, 1.33082, 6.36806],
			"to": [-11.36839, 5.33082, 9.36806],
			"rotation": {"angle": 0, "axis": "z", "origin": [-16.58146, -9.66918, 9.86806]},
			"faces": {
				"north": {"uv": [6.625, 8.75, 7, 9.25], "texture": "#0"},
				"east": {"uv": [7.125, 8.75, 7.5, 9.25], "texture": "#0"},
				"south": {"uv": [0, 8.875, 0.375, 9.375], "texture": "#0"},
				"west": {"uv": [0.5, 8.875, 0.875, 9.375], "texture": "#0"},
				"up": {"uv": [7.5, 9.75, 7.125, 9.375], "texture": "#0"},
				"down": {"uv": [0.375, 9.5, 0, 9.875], "texture": "#0"}
			}
		},
		{
			"from": [-13.95417, -3.25497, 6.86806],
			"to": [-11.95417, 1.74503, 8.86806],
			"rotation": {"angle": 0, "axis": "z", "origin": [-16.66725, -9.25497, 9.36806]},
			"faces": {
				"north": {"uv": [9.125, 9, 9.375, 9.625], "texture": "#0"},
				"east": {"uv": [9.25, 3.875, 9.5, 4.5], "texture": "#0"},
				"south": {"uv": [9.25, 4.625, 9.5, 5.25], "texture": "#0"},
				"west": {"uv": [5, 9.25, 5.25, 9.875], "texture": "#0"},
				"up": {"uv": [10.25, 5.625, 10, 5.375], "texture": "#0"},
				"down": {"uv": [10.25, 5.75, 10, 6], "texture": "#0"}
			}
		},
		{
			"from": [-15.45417, -3.25497, 7.86806],
			"to": [-9.45417, 5.74503, 7.86806],
			"rotation": {"angle": 0, "axis": "z", "origin": [-16.66725, -9.25497, 9.36806]},
			"faces": {
				"north": {"uv": [2, 4, 2.75, 5.125], "texture": "#0"},
				"east": {"uv": [6.125, 10.125, 6.125, 11.25], "texture": "#0"},
				"south": {"uv": [2.875, 4, 3.625, 5.125], "texture": "#0"},
				"west": {"uv": [6.25, 10.125, 6.25, 11.25], "texture": "#0"},
				"up": {"uv": [5.75, 2.875, 5, 2.875], "texture": "#0"},
				"down": {"uv": [10.875, 6.625, 10.125, 6.625], "texture": "#0"}
			}
		},
		{
			"from": [-14.87475, 6.78515, 5.86806],
			"to": [-11.87475, 19.78515, 8.86806],
			"rotation": {"angle": -22.5, "axis": "z", "origin": [-18.27729, 4.78515, 9.86806]},
			"faces": {
				"north": {"uv": [4.625, 5.25, 5, 6.875], "texture": "#0"},
				"east": {"uv": [5.125, 5.25, 5.5, 6.875], "texture": "#0"},
				"south": {"uv": [3.625, 5.5, 4, 7.125], "texture": "#0"},
				"west": {"uv": [4.125, 5.5, 4.5, 7.125], "texture": "#0"},
				"up": {"uv": [0.875, 9.875, 0.5, 9.5], "texture": "#0"},
				"down": {"uv": [1.375, 9.5, 1, 9.875], "texture": "#0"}
			}
		},
		{
			"from": [-14.60931, 3.68798, 7.36806],
			"to": [-6.60931, 16.68798, 7.36806],
			"rotation": {"angle": -22.5, "axis": "z", "origin": [-9.10931, 10.18798, 7.36806]},
			"faces": {
				"north": {"uv": [0, 0, 1, 1.625], "texture": "#0"},
				"east": {"uv": [6.375, 10.125, 6.375, 11.75], "texture": "#0"},
				"south": {"uv": [1.125, 0, 2.125, 1.625], "texture": "#0"},
				"west": {"uv": [6.5, 10.125, 6.5, 11.75], "texture": "#0"},
				"up": {"uv": [11.125, 6.75, 10.125, 6.75], "texture": "#0"},
				"down": {"uv": [11.125, 6.875, 10.125, 6.875], "texture": "#0"}
			}
		},
		{
			"from": [-9.42948, 16.52213, 4.86806],
			"to": [-3.42948, 19.52213, 7.86806],
			"rotation": {"angle": 22.5, "axis": "z", "origin": [-3.92948, 18.52213, 9.86806]},
			"faces": {
				"north": {"uv": [7.625, 7.75, 8.375, 8.125], "texture": "#0"},
				"east": {"uv": [1.5, 9.5, 1.875, 9.875], "texture": "#0"},
				"south": {"uv": [0, 7.875, 0.75, 8.25], "texture": "#0"},
				"west": {"uv": [2, 9.5, 2.375, 9.875], "texture": "#0"},
				"up": {"uv": [1.625, 8.25, 0.875, 7.875], "texture": "#0"},
				"down": {"uv": [2.5, 7.875, 1.75, 8.25], "texture": "#0"}
			}
		},
		{
			"from": [-9.42948, 14.02213, 6.34306],
			"to": [-3.42948, 22.02213, 6.34306],
			"rotation": {"angle": 22.5, "axis": "z", "origin": [-3.92948, 18.52213, 9.86806]},
			"faces": {
				"north": {"uv": [1, 5, 1.75, 6], "texture": "#0"},
				"east": {"uv": [6.625, 10.125, 6.625, 11.125], "texture": "#0"},
				"south": {"uv": [5, 1, 5.75, 2], "texture": "#0"},
				"west": {"uv": [6.75, 10.125, 6.75, 11.125], "texture": "#0"},
				"up": {"uv": [10.875, 7, 10.125, 7], "texture": "#0"},
				"down": {"uv": [10.75, 10.125, 10, 10.125], "texture": "#0"}
			}
		},
		{
			"from": [-3.85023, 16.63735, 3.86806],
			"to": [1.14977, 19.63735, 8.86806],
			"rotation": {"angle": 0, "axis": "z", "origin": [1.64977, 18.63735, 9.86806]},
			"faces": {
				"north": {"uv": [0, 8.375, 0.625, 8.75], "texture": "#0"},
				"east": {"uv": [8.375, 0.375, 9, 0.75], "texture": "#0"},
				"south": {"uv": [0.75, 8.375, 1.375, 8.75], "texture": "#0"},
				"west": {"uv": [8.375, 0.875, 9, 1.25], "texture": "#0"},
				"up": {"uv": [5.625, 2.75, 5, 2.125], "texture": "#0"},
				"down": {"uv": [3.125, 6.375, 2.5, 7], "texture": "#0"}
			}
		},
		{
			"from": [-3.35023, 15.13735, 6.36806],
			"to": [1.64977, 17.13735, 9.36806],
			"rotation": {"angle": 0, "axis": "z", "origin": [1.64977, 18.63735, 9.86806]},
			"faces": {
				"north": {"uv": [9.125, 8.25, 9.75, 8.5], "texture": "#0"},
				"east": {"uv": [7, 9.875, 7.375, 10.125], "texture": "#0"},
				"south": {"uv": [9.125, 8.625, 9.75, 8.875], "texture": "#0"},
				"west": {"uv": [9.875, 8.25, 10.25, 8.5], "texture": "#0"},
				"up": {"uv": [9, 1.75, 8.375, 1.375], "texture": "#0"},
				"down": {"uv": [2.125, 8.375, 1.5, 8.75], "texture": "#0"}
			}
		},
		{
			"from": [-6, -13.5, 6],
			"to": [-4, -11.5, 13],
			"rotation": {"angle": -22.5, "axis": "x", "origin": [0, -6, 0]},
			"faces": {
				"north": {"uv": [0.375, 12, 0.625, 12.25], "texture": "#0"},
				"east": {"uv": [10, 13.375, 10.875, 13.625], "texture": "#0"},
				"south": {"uv": [2.375, 11.5, 2.625, 11.75], "texture": "#0"},
				"west": {"uv": [4.25, 11.875, 5.125, 12.125], "texture": "#0"},
				"up": {"uv": [10.875, 14.125, 11.125, 15], "texture": "#0"},
				"down": {"uv": [13.375, 13.375, 13.625, 14.25], "texture": "#0"}
			}
		},
		{
			"from": [10.63173, -0.06066, 12],
			"to": [17.63173, 3.93934, 15],
			"rotation": {"angle": 45, "axis": "z", "origin": [8, 2, 13.5]},
			"faces": {
				"north": {"uv": [6.75, 2.75, 5.875, 3.25], "texture": "#0"},
				"east": {"uv": [9, 8.25, 8.625, 8.75], "texture": "#0"},
				"south": {"uv": [6.75, 3.375, 5.875, 3.875], "texture": "#0"},
				"west": {"uv": [6, 8.5, 5.625, 9], "texture": "#0"},
				"up": {"uv": [7.125, 5.875, 8, 5.5], "texture": "#0"},
				"down": {"uv": [7.125, 6, 8, 6.375], "texture": "#0"}
			}
		},
		{
			"from": [16.1564, 4.47762, 12.5],
			"to": [21.1564, 7.47762, 14.5],
			"rotation": {"angle": 22.5, "axis": "z", "origin": [8, 2, 13.5]},
			"faces": {
				"north": {"uv": [2.125, 7.375, 1.5, 7.75], "texture": "#0"},
				"east": {"uv": [9.375, 9.75, 9.125, 10.125], "texture": "#0"},
				"south": {"uv": [6, 7.5, 5.375, 7.875], "texture": "#0"},
				"west": {"uv": [8.5, 9.625, 8.25, 10], "texture": "#0"},
				"up": {"uv": [9.125, 0.875, 9.75, 0.625], "texture": "#0"},
				"down": {"uv": [9.125, 1, 9.75, 1.25], "texture": "#0"}
			}
		},
		{
			"from": [21.07538, 0.02592, 13],
			"to": [25.07538, 2.02592, 14],
			"rotation": {"angle": 45, "axis": "z", "origin": [8, 2, 13.5]},
			"faces": {
				"north": {"uv": [9.875, 7.125, 9.375, 7.375], "texture": "#0"},
				"east": {"uv": [5.5, 7, 5.375, 7.25], "texture": "#0"},
				"south": {"uv": [10, 6.375, 9.5, 6.625], "texture": "#0"},
				"west": {"uv": [2.125, 3.5, 2, 3.75], "texture": "#0"},
				"up": {"uv": [4.875, 4.125, 5.375, 4], "texture": "#0"},
				"down": {"uv": [0.5, 6.75, 1, 6.875], "texture": "#0"}
			}
		},
		{
			"from": [10.63173, -2.06066, 11],
			"to": [17.63173, 1.93934, 14],
			"rotation": {"angle": 0, "axis": "z", "origin": [8, 0, 12.5]},
			"faces": {
				"north": {"uv": [6.875, 0, 6, 0.5], "texture": "#0"},
				"east": {"uv": [4.375, 8.75, 4, 9.25], "texture": "#0"},
				"south": {"uv": [1.375, 6.125, 0.5, 6.625], "texture": "#0"},
				"west": {"uv": [3.875, 8.75, 3.5, 9.25], "texture": "#0"},
				"up": {"uv": [7.375, 0.75, 8.25, 0.375], "texture": "#0"},
				"down": {"uv": [0.5, 7.375, 1.375, 7.75], "texture": "#0"}
			}
		},
		{
			"from": [16.1564, 2.47762, 11.5],
			"to": [21.1564, 5.47762, 13.5],
			"rotation": {"angle": -22.5, "axis": "z", "origin": [8, 0, 12.5]},
			"faces": {
				"north": {"uv": [6, 8, 5.375, 8.375], "texture": "#0"},
				"east": {"uv": [10.125, 1.25, 9.875, 1.625], "texture": "#0"},
				"south": {"uv": [5, 8.25, 4.375, 8.625], "texture": "#0"},
				"west": {"uv": [10.125, 0.75, 9.875, 1.125], "texture": "#0"},
				"up": {"uv": [9.125, 1.625, 9.75, 1.375], "texture": "#0"},
				"down": {"uv": [9.125, 1.75, 9.75, 2], "texture": "#0"}
			}
		},
		{
			"from": [21.07538, -1.97408, 12],
			"to": [25.07538, 0.02592, 13],
			"rotation": {"angle": 0, "axis": "z", "origin": [8, 0, 12.5]},
			"faces": {
				"north": {"uv": [10.125, 0, 9.625, 0.25], "texture": "#0"},
				"east": {"uv": [4.5, 7.25, 4.375, 7.5], "texture": "#0"},
				"south": {"uv": [10.125, 3.625, 9.625, 3.875], "texture": "#0"},
				"west": {"uv": [3.125, 7.125, 3, 7.375], "texture": "#0"},
				"up": {"uv": [7.875, 7.125, 8.375, 7], "texture": "#0"},
				"down": {"uv": [8.625, 7.5, 9.125, 7.625], "texture": "#0"}
			}
		},
		{
			"from": [10.63173, -4.06066, 10],
			"to": [17.63173, -0.06066, 13],
			"rotation": {"angle": -45, "axis": "z", "origin": [8, -2, 11.5]},
			"faces": {
				"north": {"uv": [7, 4, 6.125, 4.5], "texture": "#0"},
				"east": {"uv": [6.5, 8.75, 6.125, 9.25], "texture": "#0"},
				"south": {"uv": [7, 4.625, 6.125, 5.125], "texture": "#0"},
				"west": {"uv": [4.875, 8.75, 4.5, 9.25], "texture": "#0"},
				"up": {"uv": [7.375, 1.25, 8.25, 0.875], "texture": "#0"},
				"down": {"uv": [7.375, 1.375, 8.25, 1.75], "texture": "#0"}
			}
		},
		{
			"from": [10.47762, -15.1564, 10.5],
			"to": [13.47762, -10.1564, 12.5],
			"rotation": {"angle": 22.5, "axis": "z", "origin": [8, -2, 11.5]},
			"faces": {
				"north": {"uv": [8, 8.25, 7.625, 8.875], "texture": "#0"},
				"east": {"uv": [5.875, 9.125, 5.625, 9.75], "texture": "#0"},
				"south": {"uv": [8.5, 8.25, 8.125, 8.875], "texture": "#0"},
				"west": {"uv": [3.25, 9.125, 3, 9.75], "texture": "#0"},
				"up": {"uv": [9.875, 2, 10.25, 1.75], "texture": "#0"},
				"down": {"uv": [5.375, 9.875, 5.75, 10.125], "texture": "#0"}
			}
		},
		{
			"from": [21.07538, -3.97408, 11],
			"to": [25.07538, -1.97408, 12],
			"rotation": {"angle": -45, "axis": "z", "origin": [8, -2, 11.5]},
			"faces": {
				"north": {"uv": [10.125, 4, 9.625, 4.25], "texture": "#0"},
				"east": {"uv": [5.5, 9.25, 5.375, 9.5], "texture": "#0"},
				"south": {"uv": [10.125, 4.375, 9.625, 4.625], "texture": "#0"},
				"west": {"uv": [3.125, 7.5, 3, 7.75], "texture": "#0"},
				"up": {"uv": [8.75, 6.875, 9.25, 6.75], "texture": "#0"},
				"down": {"uv": [9.625, 5.125, 10.125, 5.25], "texture": "#0"}
			}
		},
		{
			"from": [9, -6, 13],
			"to": [22, -4, 15],
			"rotation": {"angle": -22.5, "axis": "z", "origin": [16, -6, 0]},
			"faces": {
				"north": {"uv": [7.75, 6.5, 6.125, 6.75], "texture": "#0"},
				"east": {"uv": [9, 0, 8.75, 0.25], "texture": "#0"},
				"south": {"uv": [8.5, 2.5, 6.875, 2.75], "texture": "#0"},
				"west": {"uv": [6.25, 0.625, 6, 0.875], "texture": "#0"},
				"up": {"uv": [6.875, 3.125, 8.5, 2.875], "texture": "#0"},
				"down": {"uv": [6.875, 3.25, 8.5, 3.5], "texture": "#0"}
			}
		},
		{
			"from": [9, -8.5, 14],
			"to": [22, -1.5, 14],
			"rotation": {"angle": -22.5, "axis": "z", "origin": [16, -6, 0]},
			"faces": {
				"north": {"uv": [3.875, 0, 2.25, 0.875], "texture": "#0"},
				"east": {"uv": [4.625, 10.125, 4.625, 11], "texture": "#0"},
				"south": {"uv": [3.875, 1, 2.25, 1.875], "texture": "#0"},
				"west": {"uv": [9.875, 10, 9.875, 10.875], "texture": "#0"},
				"up": {"uv": [10, 8.125, 11.625, 8.125], "texture": "#0"},
				"down": {"uv": [10.125, 6.375, 11.75, 6.375], "texture": "#0"}
			}
		},
		{
			"from": [20.99789, -15.30172, 9.74866],
			"to": [20.99789, -8.30172, 16.74866],
			"rotation": {"angle": -22.5, "axis": "x", "origin": [16.99789, -14.80172, 2.74866]},
			"faces": {
				"north": {"uv": [5.875, 9.875, 5.875, 10.75], "texture": "#0"},
				"east": {"uv": [5.75, 3, 4.875, 3.875], "texture": "#0"},
				"south": {"uv": [5.25, 10, 5.25, 10.875], "texture": "#0"},
				"west": {"uv": [5.5, 4.25, 4.625, 5.125], "texture": "#0"},
				"up": {"uv": [8.125, 10.875, 8.125, 10], "texture": "#0"},
				"down": {"uv": [9, 10, 9, 10.875], "texture": "#0"}
			}
		},
		{
			"from": [18.22625, -7.74025, 7.36806],
			"to": [20.22625, 3.25975, 9.36806],
			"rotation": {"angle": -45, "axis": "z", "origin": [17.22625, -11.74025, 2.36806]},
			"faces": {
				"north": {"uv": [3.5, 6.375, 3.25, 7.75], "texture": "#0"},
				"east": {"uv": [4.25, 7.25, 4, 8.625], "texture": "#0"},
				"south": {"uv": [3.875, 7.25, 3.625, 8.625], "texture": "#0"},
				"west": {"uv": [7.375, 4, 7.125, 5.375], "texture": "#0"},
				"up": {"uv": [2.625, 10.25, 2.875, 10], "texture": "#0"},
				"down": {"uv": [4.875, 10, 5.125, 10.25], "texture": "#0"}
			}
		},
		{
			"from": [15.72625, -7.74025, 8.36806],
			"to": [22.72625, 3.25975, 8.36806],
			"rotation": {"angle": -45, "axis": "z", "origin": [17.22625, -11.74025, 2.36806]},
			"faces": {
				"north": {"uv": [0.875, 3.5, 0, 4.875], "texture": "#0"},
				"east": {"uv": [6, 10.125, 6, 11.5], "texture": "#0"},
				"south": {"uv": [1.875, 3.5, 1, 4.875], "texture": "#0"},
				"west": {"uv": [4.75, 10.125, 4.75, 11.5], "texture": "#0"},
				"up": {"uv": [7.375, 2.375, 8.25, 2.375], "texture": "#0"},
				"down": {"uv": [10.125, 6.5, 11, 6.5], "texture": "#0"}
			}
		},
		{
			"from": [27.36839, 1.33082, 6.36806],
			"to": [30.36839, 5.33082, 9.36806],
			"rotation": {"angle": 0, "axis": "z", "origin": [32.58146, -9.66918, 9.86806]},
			"faces": {
				"north": {"uv": [7, 8.75, 6.625, 9.25], "texture": "#0"},
				"east": {"uv": [0.875, 8.875, 0.5, 9.375], "texture": "#0"},
				"south": {"uv": [0.375, 8.875, 0, 9.375], "texture": "#0"},
				"west": {"uv": [7.5, 8.75, 7.125, 9.25], "texture": "#0"},
				"up": {"uv": [7.125, 9.75, 7.5, 9.375], "texture": "#0"},
				"down": {"uv": [0, 9.5, 0.375, 9.875], "texture": "#0"}
			}
		},
		{
			"from": [27.95417, -3.25497, 6.86806],
			"to": [29.95417, 1.74503, 8.86806],
			"rotation": {"angle": 0, "axis": "z", "origin": [32.66725, -9.25497, 9.36806]},
			"faces": {
				"north": {"uv": [9.375, 9, 9.125, 9.625], "texture": "#0"},
				"east": {"uv": [5.25, 9.25, 5, 9.875], "texture": "#0"},
				"south": {"uv": [9.5, 4.625, 9.25, 5.25], "texture": "#0"},
				"west": {"uv": [9.5, 3.875, 9.25, 4.5], "texture": "#0"},
				"up": {"uv": [10, 5.625, 10.25, 5.375], "texture": "#0"},
				"down": {"uv": [10, 5.75, 10.25, 6], "texture": "#0"}
			}
		},
		{
			"from": [25.45417, -3.25497, 7.86806],
			"to": [31.45417, 5.74503, 7.86806],
			"rotation": {"angle": 0, "axis": "z", "origin": [32.66725, -9.25497, 9.36806]},
			"faces": {
				"north": {"uv": [2.75, 4, 2, 5.125], "texture": "#0"},
				"east": {"uv": [6.25, 10.125, 6.25, 11.25], "texture": "#0"},
				"south": {"uv": [3.625, 4, 2.875, 5.125], "texture": "#0"},
				"west": {"uv": [6.125, 10.125, 6.125, 11.25], "texture": "#0"},
				"up": {"uv": [5, 2.875, 5.75, 2.875], "texture": "#0"},
				"down": {"uv": [10.125, 6.625, 10.875, 6.625], "texture": "#0"}
			}
		},
		{
			"from": [27.87475, 6.78515, 5.86806],
			"to": [30.87475, 19.78515, 8.86806],
			"rotation": {"angle": 22.5, "axis": "z", "origin": [34.27729, 4.78515, 9.86806]},
			"faces": {
				"north": {"uv": [5, 5.25, 4.625, 6.875], "texture": "#0"},
				"east": {"uv": [4.5, 5.5, 4.125, 7.125], "texture": "#0"},
				"south": {"uv": [4, 5.5, 3.625, 7.125], "texture": "#0"},
				"west": {"uv": [5.5, 5.25, 5.125, 6.875], "texture": "#0"},
				"up": {"uv": [0.5, 9.875, 0.875, 9.5], "texture": "#0"},
				"down": {"uv": [1, 9.5, 1.375, 9.875], "texture": "#0"}
			}
		},
		{
			"from": [22.60931, 3.68798, 7.36806],
			"to": [30.60931, 16.68798, 7.36806],
			"rotation": {"angle": 22.5, "axis": "z", "origin": [25.10931, 10.18798, 7.36806]},
			"faces": {
				"north": {"uv": [1, 0, 0, 1.625], "texture": "#0"},
				"east": {"uv": [6.5, 10.125, 6.5, 11.75], "texture": "#0"},
				"south": {"uv": [2.125, 0, 1.125, 1.625], "texture": "#0"},
				"west": {"uv": [6.375, 10.125, 6.375, 11.75], "texture": "#0"},
				"up": {"uv": [10.125, 6.75, 11.125, 6.75], "texture": "#0"},
				"down": {"uv": [10.125, 6.875, 11.125, 6.875], "texture": "#0"}
			}
		},
		{
			"from": [19.42948, 16.52213, 4.86806],
			"to": [25.42948, 19.52213, 7.86806],
			"rotation": {"angle": -22.5, "axis": "z", "origin": [19.92948, 18.52213, 9.86806]},
			"faces": {
				"north": {"uv": [8.375, 7.75, 7.625, 8.125], "texture": "#0"},
				"east": {"uv": [2.375, 9.5, 2, 9.875], "texture": "#0"},
				"south": {"uv": [0.75, 7.875, 0, 8.25], "texture": "#0"},
				"west": {"uv": [1.875, 9.5, 1.5, 9.875], "texture": "#0"},
				"up": {"uv": [0.875, 8.25, 1.625, 7.875], "texture": "#0"},
				"down": {"uv": [1.75, 7.875, 2.5, 8.25], "texture": "#0"}
			}
		},
		{
			"from": [19.42948, 14.02213, 6.34306],
			"to": [25.42948, 22.02213, 6.34306],
			"rotation": {"angle": -22.5, "axis": "z", "origin": [19.92948, 18.52213, 9.86806]},
			"faces": {
				"north": {"uv": [1.75, 5, 1, 6], "texture": "#0"},
				"east": {"uv": [6.75, 10.125, 6.75, 11.125], "texture": "#0"},
				"south": {"uv": [5.75, 1, 5, 2], "texture": "#0"},
				"west": {"uv": [6.625, 10.125, 6.625, 11.125], "texture": "#0"},
				"up": {"uv": [10.125, 7, 10.875, 7], "texture": "#0"},
				"down": {"uv": [10, 10.125, 10.75, 10.125], "texture": "#0"}
			}
		},
		{
			"from": [14.85023, 16.63735, 3.86806],
			"to": [19.85023, 19.63735, 8.86806],
			"rotation": {"angle": 0, "axis": "z", "origin": [14.35023, 18.63735, 9.86806]},
			"faces": {
				"north": {"uv": [0.625, 8.375, 0, 8.75], "texture": "#0"},
				"east": {"uv": [9, 0.875, 8.375, 1.25], "texture": "#0"},
				"south": {"uv": [1.375, 8.375, 0.75, 8.75], "texture": "#0"},
				"west": {"uv": [9, 0.375, 8.375, 0.75], "texture": "#0"},
				"up": {"uv": [5, 2.75, 5.625, 2.125], "texture": "#0"},
				"down": {"uv": [2.5, 6.375, 3.125, 7], "texture": "#0"}
			}
		},
		{
			"from": [14.35023, 15.13735, 6.36806],
			"to": [19.35023, 17.13735, 9.36806],
			"rotation": {"angle": 0, "axis": "z", "origin": [14.35023, 18.63735, 9.86806]},
			"faces": {
				"north": {"uv": [9.75, 8.25, 9.125, 8.5], "texture": "#0"},
				"east": {"uv": [10.25, 8.25, 9.875, 8.5], "texture": "#0"},
				"south": {"uv": [9.75, 8.625, 9.125, 8.875], "texture": "#0"},
				"west": {"uv": [7.375, 9.875, 7, 10.125], "texture": "#0"},
				"up": {"uv": [8.375, 1.75, 9, 1.375], "texture": "#0"},
				"down": {"uv": [1.5, 8.375, 2.125, 8.75], "texture": "#0"}
			}
		},
		{
			"from": [20, -13.5, 6],
			"to": [22, -11.5, 13],
			"rotation": {"angle": -22.5, "axis": "x", "origin": [16, -6, 0]},
			"faces": {
				"north": {"uv": [0.625, 12, 0.375, 12.25], "texture": "#0"},
				"east": {"uv": [5.125, 11.875, 4.25, 12.125], "texture": "#0"},
				"south": {"uv": [2.625, 11.5, 2.375, 11.75], "texture": "#0"},
				"west": {"uv": [10.875, 13.375, 10, 13.625], "texture": "#0"},
				"up": {"uv": [11.125, 14.125, 10.875, 15], "texture": "#0"},
				"down": {"uv": [13.625, 13.375, 13.375, 14.25], "texture": "#0"}
			}
		}
	],
	"gui_light": "front",
	"display": {
		"thirdperson_righthand": {
			"rotation": [0, -180, 0],
			"translation": [0, 1.25, 0.75],
			"scale": [0.2, 0.2, 0.2]
		},
		"thirdperson_lefthand": {
			"rotation": [0, -180, 0],
			"translation": [0, 2, 0.75],
			"scale": [0.2, 0.2, 0.2]
		},
		"firstperson_righthand": {
			"translation": [0, 1.25, 0],
			"scale": [0.3, 0.3, 0.3]
		},
		"firstperson_lefthand": {
			"translation": [0, 1.25, 0],
			"scale": [0.3, 0.3, 0.3]
		},
		"ground": {
			"scale": [0.2, 0.2, 0.2]
		},
		"gui": {
			"rotation": [30, -145, 0],
			"translation": [0, 1.5, 0.25],
			"scale": [0.4, 0.4, 0.4]
		},
		"head": {
			"translation": [0, -67.5, -3.75],
			"scale": [1.5, 1.5, 1.5]
		},
		"fixed": {
			"translation": [0, 0, -7.25]
		}
	},
	"groups": [
		{
			"name": "group",
			"origin": [1.64977, 24.63735, 9.36806],
			"color": 0,
			"children": [
				{
					"name": "group",
					"origin": [8, 8, 11.5],
					"color": 0,
					"children": [0, 1, 2]
				},
				{
					"name": "group",
					"origin": [8, 6, 11.5],
					"color": 0,
					"children": [3, 4, 5]
				},
				{
					"name": "group",
					"origin": [8, 4, 11.5],
					"color": 0,
					"children": [6, 7, 8]
				},
				9,
				10,
				11,
				12,
				13,
				14,
				15,
				16,
				17,
				18,
				19,
				20,
				21,
				22,
				23
			]
		},
		{
			"name": "group",
			"origin": [1.64977, 24.63735, 9.36806],
			"color": 0,
			"children": [
				{
					"name": "group",
					"origin": [8, 8, 11.5],
					"color": 0,
					"children": [24, 25, 26]
				},
				{
					"name": "group",
					"origin": [8, 6, 11.5],
					"color": 0,
					"children": [27, 28, 29]
				},
				{
					"name": "group",
					"origin": [8, 4, 11.5],
					"color": 0,
					"children": [30, 31, 32]
				},
				33,
				34,
				35,
				36,
				37,
				38,
				39,
				40,
				41,
				42,
				43,
				44,
				45,
				46,
				47
			]
		}
	]
}