{
	"textures": {
		"0": "item/crates/anime21_crate/obito_mask"
	},
	"elements": [
		{
			"from": [4.5, 1.25, 3],
			"to": [9.5, 6.25, 4],
			"rotation": {"angle": 0, "axis": "y", "origin": [0, 0.25, 0]},
			"faces": {
				"north": {"uv": [0, 0, 2.5, 2.5], "texture": "#0"},
				"east": {"uv": [6.5, 2, 7, 4.5], "texture": "#0"},
				"south": {"uv": [0, 3, 2.5, 5.5], "texture": "#0"},
				"west": {"uv": [0, 7, 0.5, 9.5], "texture": "#0"},
				"up": {"uv": [9, 5.5, 6.5, 5], "texture": "#0"},
				"down": {"uv": [3.5, 7, 1, 7.5], "texture": "#0"}
			}
		},
		{
			"from": [10.5, 1.25, 3],
			"to": [11.5, 6.25, 4],
			"rotation": {"angle": 0, "axis": "y", "origin": [6, 0.25, 0]},
			"faces": {
				"north": {"uv": [4, 7, 4.5, 9.5], "texture": "#0"},
				"east": {"uv": [5, 7, 5.5, 9.5], "texture": "#0"},
				"south": {"uv": [6, 7, 6.5, 9.5], "texture": "#0"},
				"west": {"uv": [7, 6, 7.5, 8.5], "texture": "#0"},
				"up": {"uv": [11, 8.5, 10.5, 8], "texture": "#0"},
				"down": {"uv": [11.5, 0, 11, 0.5], "texture": "#0"}
			}
		},
		{
			"from": [9.5, 3.25, 3],
			"to": [10.5, 6.25, 4],
			"rotation": {"angle": 0, "axis": "y", "origin": [5, 0.25, 0]},
			"faces": {
				"north": {"uv": [7, 9, 7.5, 10.5], "texture": "#0"},
				"east": {"uv": [8, 9, 8.5, 10.5], "texture": "#0"},
				"south": {"uv": [9, 9, 9.5, 10.5], "texture": "#0"},
				"west": {"uv": [0, 10, 0.5, 11.5], "texture": "#0"},
				"up": {"uv": [11.5, 1.5, 11, 1], "texture": "#0"},
				"down": {"uv": [11.5, 2, 11, 2.5], "texture": "#0"}
			}
		},
		{
			"from": [9.5, 1.25, 3],
			"to": [10.5, 2.25, 4],
			"rotation": {"angle": 0, "axis": "y", "origin": [5, -1.75, 0]},
			"faces": {
				"north": {"uv": [3, 11, 3.5, 11.5], "texture": "#0"},
				"east": {"uv": [4, 11, 4.5, 11.5], "texture": "#0"},
				"south": {"uv": [5, 11, 5.5, 11.5], "texture": "#0"},
				"west": {"uv": [11, 5, 11.5, 5.5], "texture": "#0"},
				"up": {"uv": [6.5, 11.5, 6, 11], "texture": "#0"},
				"down": {"uv": [7.5, 11, 7, 11.5], "texture": "#0"}
			}
		},
		{
			"from": [5, -0.75, 3.25],
			"to": [11, 1.25, 4.25],
			"rotation": {"angle": 0, "axis": "y", "origin": [0, 0.25, 0.25]},
			"faces": {
				"north": {"uv": [3, 0, 6, 1], "texture": "#0"},
				"east": {"uv": [10, 0, 10.5, 1], "texture": "#0"},
				"south": {"uv": [3, 1.5, 6, 2.5], "texture": "#0"},
				"west": {"uv": [1, 10, 1.5, 11], "texture": "#0"},
				"up": {"uv": [3, 6.5, 0, 6], "texture": "#0"},
				"down": {"uv": [6.5, 6, 3.5, 6.5], "texture": "#0"}
			}
		},
		{
			"from": [6, -1.75, 3.5],
			"to": [10, -0.75, 4.5],
			"rotation": {"angle": 0, "axis": "y", "origin": [0, -2.75, 0.5]},
			"faces": {
				"north": {"uv": [8, 6, 10, 6.5], "texture": "#0"},
				"east": {"uv": [10, 9, 10.5, 9.5], "texture": "#0"},
				"south": {"uv": [8, 7, 10, 7.5], "texture": "#0"},
				"west": {"uv": [10, 10, 10.5, 10.5], "texture": "#0"},
				"up": {"uv": [10, 8.5, 8, 8], "texture": "#0"},
				"down": {"uv": [3, 9, 1, 9.5], "texture": "#0"}
			}
		},
		{
			"from": [7, -2.75, 3.75],
			"to": [9, -1.75, 4.75],
			"rotation": {"angle": 0, "axis": "y", "origin": [0, -3.75, 0.75]},
			"faces": {
				"north": {"uv": [9.5, 5, 10.5, 5.5], "texture": "#0"},
				"east": {"uv": [10.5, 6, 11, 6.5], "texture": "#0"},
				"south": {"uv": [3, 10, 4, 10.5], "texture": "#0"},
				"west": {"uv": [10.5, 7, 11, 7.5], "texture": "#0"},
				"up": {"uv": [11, 3.5, 10, 3], "texture": "#0"},
				"down": {"uv": [11, 4, 10, 4.5], "texture": "#0"}
			}
		},
		{
			"from": [5, 6.25, 3.25],
			"to": [11, 8.25, 4.25],
			"rotation": {"angle": 0, "axis": "y", "origin": [0, 7.25, 0.25]},
			"faces": {
				"north": {"uv": [3, 3, 6, 4], "texture": "#0"},
				"east": {"uv": [10, 1.5, 10.5, 2.5], "texture": "#0"},
				"south": {"uv": [3, 4.5, 6, 5.5], "texture": "#0"},
				"west": {"uv": [2, 10, 2.5, 11], "texture": "#0"},
				"up": {"uv": [9.5, 0.5, 6.5, 0], "texture": "#0"},
				"down": {"uv": [9.5, 1, 6.5, 1.5], "texture": "#0"}
			}
		},
		{
			"from": [6, 8.25, 3.5],
			"to": [10, 9.25, 4.5],
			"rotation": {"angle": 0, "axis": "y", "origin": [0, 9.25, 0.5]},
			"faces": {
				"north": {"uv": [7.5, 2, 9.5, 2.5], "texture": "#0"},
				"east": {"uv": [4.5, 10, 5, 10.5], "texture": "#0"},
				"south": {"uv": [7.5, 3, 9.5, 3.5], "texture": "#0"},
				"west": {"uv": [5.5, 10, 6, 10.5], "texture": "#0"},
				"up": {"uv": [9.5, 4.5, 7.5, 4], "texture": "#0"},
				"down": {"uv": [3, 8, 1, 8.5], "texture": "#0"}
			}
		},
		{
			"from": [9.5, 2.25, 3.25],
			"to": [10.5, 3.25, 3.25],
			"rotation": {"angle": 0, "axis": "y", "origin": [9.5, 2.25, 3.25]},
			"faces": {
				"north": {"uv": [11.5, 9, 12, 9.5], "texture": "#0"},
				"east": {"uv": [0, 0, 0, 0.5], "texture": "#0"},
				"south": {"uv": [13, 7, 13.5, 7.5], "texture": "#0"},
				"west": {"uv": [0, 0, 0, 0.5], "texture": "#0"},
				"up": {"uv": [0, 0, 0.5, 0], "texture": "#0"},
				"down": {"uv": [0, 0, 0.5, 0], "texture": "#0"}
			}
		}
	],
	"gui_light": "front",
	"display": {
		"thirdperson_righthand": {
			"translation": [-2, 2.5, 2],
			"scale": [0.4, 0.4, 0.4]
		},
		"thirdperson_lefthand": {
			"translation": [-2, 2.5, 2],
			"scale": [0.4, 0.4, 0.4]
		},
		"firstperson_righthand": {
			"translation": [0, 3.25, 0]
		},
		"firstperson_lefthand": {
			"translation": [0, 3.25, 0]
		},
		"ground": {
			"translation": [0, 6, 0],
			"scale": [0.7, 0.7, 0.7]
		},
		"gui": {
			"rotation": [30, -145, 0],
			"translation": [-2.25, 6.75, 0],
			"scale": [1.2, 1.2, 1.2]
		},
		"head": {
			"translation": [0, 8.5, 1],
			"scale": [1.9, 1.9, 1.9]
		},
		"fixed": {
			"translation": [0, 6.75, 5.25],
			"scale": [1.5, 1.5, 1.5]
		}
	}
}