{
	"textures": {
		"0": "item/crates/anime21_crate/op_halberd"
	},
	"elements": [
		{
			"from": [7.8, 14, 1.4],
			"to": [8.2, 21.2, 3.4],
			"rotation": {"angle": 0, "axis": "y", "origin": [8, 15.86565, 2.04796]},
			"faces": {
				"north": {"uv": [7.625, 3, 7.75, 5.25], "texture": "#0"},
				"east": {"uv": [8.25, 0, 7.625, 1.75], "texture": "#0"},
				"south": {"uv": [7.25, 3, 7.375, 5.25], "texture": "#0"},
				"west": {"uv": [7.625, 0, 8.25, 2.25], "texture": "#0"},
				"up": {"uv": [2.375, 5.25, 2.25, 4.625], "texture": "#0"},
				"down": {"uv": [2.375, 5.375, 2.25, 6], "texture": "#0"}
			}
		},
		{
			"from": [7.6, 4.8, 1.6],
			"to": [8.4, 9.2, 2.4],
			"rotation": {"angle": 0, "axis": "y", "origin": [8, 15.86565, 2.04796]},
			"faces": {
				"north": {"uv": [1.875, 3.25, 2.125, 4.625], "texture": "#0"},
				"east": {"uv": [2.875, 2.375, 3.125, 3.75], "texture": "#0"},
				"south": {"uv": [3.25, 2.375, 3.5, 3.75], "texture": "#0"},
				"west": {"uv": [3.625, 0.5, 3.875, 1.875], "texture": "#0"},
				"up": {"uv": [5.875, 1.75, 5.625, 1.5], "texture": "#0"},
				"down": {"uv": [2.125, 5.625, 1.875, 5.875], "texture": "#0"}
			}
		},
		{
			"from": [7.4, 13.2, 0.4],
			"to": [8.6, 14, 3.6],
			"rotation": {"angle": 0, "axis": "y", "origin": [8, 15.86565, 2.04796]},
			"faces": {
				"north": {"uv": [2.875, 5.5, 3.25, 5.75], "texture": "#0"},
				"east": {"uv": [4, 1.25, 5, 1.5], "texture": "#0"},
				"south": {"uv": [5.5, 3.25, 5.875, 3.5], "texture": "#0"},
				"west": {"uv": [4, 1.625, 5, 1.875], "texture": "#0"},
				"up": {"uv": [4, 4.25, 3.625, 3.25], "texture": "#0"},
				"down": {"uv": [3.25, 3.875, 2.875, 4.875], "texture": "#0"}
			}
		},
		{
			"from": [7.81, 15.39745, 0.82407],
			"to": [8.19, 16.59745, 2.02407],
			"rotation": {"angle": 45, "axis": "x", "origin": [8, 15.86565, 2.04796]},
			"faces": {
				"north": {"uv": [5.875, 3.625, 6, 4], "texture": "#0"},
				"east": {"uv": [4.875, 0, 5.25, 0.375], "texture": "#0"},
				"south": {"uv": [5.875, 4.125, 6, 4.5], "texture": "#0"},
				"west": {"uv": [4.875, 0.5, 5.25, 0.875], "texture": "#0"},
				"up": {"uv": [6, 5, 5.875, 4.625], "texture": "#0"},
				"down": {"uv": [6, 5.125, 5.875, 5.5], "texture": "#0"}
			}
		},
		{
			"from": [7.81, 14.54892, 1.81402],
			"to": [8.19, 15.74892, 3.01402],
			"rotation": {"angle": 45, "axis": "x", "origin": [8, 15.86565, 2.04796]},
			"faces": {
				"north": {"uv": [5.875, 3.625, 6, 4], "texture": "#0"},
				"east": {"uv": [4.875, 0, 5.25, 0.375], "texture": "#0"},
				"south": {"uv": [5.875, 4.125, 6, 4.5], "texture": "#0"},
				"west": {"uv": [4.875, 0.5, 5.25, 0.875], "texture": "#0"},
				"up": {"uv": [6, 5, 5.875, 4.625], "texture": "#0"},
				"down": {"uv": [6, 5.125, 5.875, 5.5], "texture": "#0"}
			}
		},
		{
			"from": [7.81, 16.31669, -0.09517],
			"to": [8.19, 17.51669, 1.10483],
			"rotation": {"angle": 45, "axis": "x", "origin": [8, 15.86565, 2.04796]},
			"faces": {
				"north": {"uv": [6, 1, 6.125, 1.375], "texture": "#0"},
				"east": {"uv": [5, 2, 5.375, 2.375], "texture": "#0"},
				"south": {"uv": [1.875, 6, 2, 6.375], "texture": "#0"},
				"west": {"uv": [5, 2.5, 5.375, 2.875], "texture": "#0"},
				"up": {"uv": [6.125, 3.375, 6, 3], "texture": "#0"},
				"down": {"uv": [3.75, 6, 3.625, 6.375], "texture": "#0"}
			}
		},
		{
			"from": [7.81, 17.23593, -1.15583],
			"to": [8.19, 18.43593, 0.04417],
			"rotation": {"angle": 45, "axis": "x", "origin": [8, 15.86565, 2.04796]},
			"faces": {
				"north": {"uv": [4.375, 6, 4.5, 6.375], "texture": "#0"},
				"east": {"uv": [2.875, 5, 3.25, 5.375], "texture": "#0"},
				"south": {"uv": [4.625, 6, 4.75, 6.375], "texture": "#0"},
				"west": {"uv": [5, 3, 5.375, 3.375], "texture": "#0"},
				"up": {"uv": [5, 6.375, 4.875, 6], "texture": "#0"},
				"down": {"uv": [5.25, 6, 5.125, 6.375], "texture": "#0"}
			}
		},
		{
			"from": [7.81, 18.32487, -2.1882],
			"to": [8.19, 19.52487, -0.9882],
			"rotation": {"angle": 45, "axis": "x", "origin": [8, 15.86565, 2.04796]},
			"faces": {
				"north": {"uv": [5.375, 6, 5.5, 6.375], "texture": "#0"},
				"east": {"uv": [5, 3.5, 5.375, 3.875], "texture": "#0"},
				"south": {"uv": [5.625, 6, 5.75, 6.375], "texture": "#0"},
				"west": {"uv": [5, 4, 5.375, 4.375], "texture": "#0"},
				"up": {"uv": [6.125, 6, 6, 5.625], "texture": "#0"},
				"down": {"uv": [1.25, 6.125, 1.125, 6.5], "texture": "#0"}
			}
		},
		{
			"from": [8, 14, 0.2],
			"to": [8, 24, 3.8],
			"rotation": {"angle": 0, "axis": "y", "origin": [8, 15.86565, 2.04796]},
			"faces": {
				"north": {"uv": [1.875, 6.5, 1.875, 9.125], "texture": "#0"},
				"east": {"uv": [9.125, 0.125, 10.25, 3.25], "texture": "#0"},
				"south": {"uv": [2, 6.5, 2, 9.125], "texture": "#0"},
				"west": {"uv": [10.375, 0.125, 11.5, 3.25], "texture": "#0"},
				"up": {"uv": [6.5, 2.25, 6.5, 1.125], "texture": "#0"},
				"down": {"uv": [3.625, 6.5, 3.625, 7.625], "texture": "#0"}
			}
		},
		{
			"from": [7.8, 21.2, 2.2],
			"to": [8.2, 22.4, 3.4],
			"rotation": {"angle": 0, "axis": "y", "origin": [8, 15.86565, 2.04796]},
			"faces": {
				"north": {"uv": [1.375, 6.125, 1.5, 6.5], "texture": "#0"},
				"east": {"uv": [5, 4.5, 5.375, 4.875], "texture": "#0"},
				"south": {"uv": [1.625, 6.125, 1.75, 6.5], "texture": "#0"},
				"west": {"uv": [5, 5, 5.375, 5.375], "texture": "#0"},
				"up": {"uv": [2.25, 6.5, 2.125, 6.125], "texture": "#0"},
				"down": {"uv": [6.25, 3.5, 6.125, 3.875], "texture": "#0"}
			}
		},
		{
			"from": [7.82, 20.52961, 3.76618],
			"to": [8.18, 21.72961, 4.96618],
			"rotation": {"angle": -22.5, "axis": "x", "origin": [8, 15.86565, 2.04796]},
			"faces": {
				"north": {"uv": [3.875, 6.125, 4, 6.5], "texture": "#0"},
				"east": {"uv": [5.125, 1, 5.5, 1.375], "texture": "#0"},
				"south": {"uv": [6.125, 4, 6.25, 4.375], "texture": "#0"},
				"west": {"uv": [5.125, 1.5, 5.5, 1.875], "texture": "#0"},
				"up": {"uv": [4.25, 6.5, 4.125, 6.125], "texture": "#0"},
				"down": {"uv": [6.25, 4.5, 6.125, 4.875], "texture": "#0"}
			}
		},
		{
			"from": [7.8, 22.4, 2.6],
			"to": [8.2, 22.8, 3.4],
			"rotation": {"angle": 0, "axis": "y", "origin": [8, 15.86565, 2.04796]},
			"faces": {
				"north": {"uv": [4.875, 1, 5, 1.125], "texture": "#0"},
				"east": {"uv": [6.25, 3.25, 6.5, 3.375], "texture": "#0"},
				"south": {"uv": [6.5, 0.875, 6.625, 1], "texture": "#0"},
				"west": {"uv": [6.25, 5.5, 6.5, 5.625], "texture": "#0"},
				"up": {"uv": [3.5, 6.5, 3.375, 6.25], "texture": "#0"},
				"down": {"uv": [6.375, 5.75, 6.25, 6], "texture": "#0"}
			}
		},
		{
			"from": [7.4, 9.6, 0.6],
			"to": [8.6, 10, 3.4],
			"rotation": {"angle": 0, "axis": "y", "origin": [8, 15.86565, 2.04796]},
			"faces": {
				"north": {"uv": [6, 1.5, 6.375, 1.625], "texture": "#0"},
				"east": {"uv": [5.375, 0.5, 6.25, 0.625], "texture": "#0"},
				"south": {"uv": [6.125, 5, 6.5, 5.125], "texture": "#0"},
				"west": {"uv": [5.375, 0.75, 6.25, 0.875], "texture": "#0"},
				"up": {"uv": [4.5, 4.125, 4.125, 3.25], "texture": "#0"},
				"down": {"uv": [4.5, 4.25, 4.125, 5.125], "texture": "#0"}
			}
		},
		{
			"from": [7.6, 10, 0.8],
			"to": [8.4, 11.6, 3.2],
			"rotation": {"angle": 0, "axis": "y", "origin": [8, 15.86565, 2.04796]},
			"faces": {
				"north": {"uv": [3.625, 5.375, 3.875, 5.875], "texture": "#0"},
				"east": {"uv": [4, 0, 4.75, 0.5], "texture": "#0"},
				"south": {"uv": [1.5, 5.5, 1.75, 6], "texture": "#0"},
				"west": {"uv": [4, 0.625, 4.75, 1.125], "texture": "#0"},
				"up": {"uv": [1.75, 5.375, 1.5, 4.625], "texture": "#0"},
				"down": {"uv": [4.875, 2, 4.625, 2.75], "texture": "#0"}
			}
		},
		{
			"from": [7.6, 11.6, 0.6],
			"to": [8.4, 13.2, 3.4],
			"rotation": {"angle": 0, "axis": "y", "origin": [8, 15.86565, 2.04796]},
			"faces": {
				"north": {"uv": [5.5, 2, 5.75, 2.5], "texture": "#0"},
				"east": {"uv": [3.625, 2, 4.5, 2.5], "texture": "#0"},
				"south": {"uv": [5.5, 2.625, 5.75, 3.125], "texture": "#0"},
				"west": {"uv": [3.625, 2.625, 4.5, 3.125], "texture": "#0"},
				"up": {"uv": [3.875, 5.25, 3.625, 4.375], "texture": "#0"},
				"down": {"uv": [1.375, 4.625, 1.125, 5.5], "texture": "#0"}
			}
		},
		{
			"from": [7.36609, 9.2, 1.41405],
			"to": [8.56609, 9.6, 2.61405],
			"rotation": {"angle": -45, "axis": "y", "origin": [8, 15.86565, 2.04796]},
			"faces": {
				"north": {"uv": [6.125, 5.25, 6.5, 5.375], "texture": "#0"},
				"east": {"uv": [5.875, 6.125, 6.25, 6.25], "texture": "#0"},
				"south": {"uv": [6.25, 0, 6.625, 0.125], "texture": "#0"},
				"west": {"uv": [6.25, 0.25, 6.625, 0.375], "texture": "#0"},
				"up": {"uv": [4.375, 5.625, 4, 5.25], "texture": "#0"},
				"down": {"uv": [5.75, 0, 5.375, 0.375], "texture": "#0"}
			}
		},
		{
			"from": [7.6, 14, 1.6],
			"to": [8.4, 16.4, 2.4],
			"rotation": {"angle": 0, "axis": "y", "origin": [8, 15.86565, 2.04796]},
			"faces": {
				"north": {"uv": [4.625, 2.875, 4.875, 3.625], "texture": "#0"},
				"east": {"uv": [4.625, 3.75, 4.875, 4.5], "texture": "#0"},
				"south": {"uv": [4.625, 4.625, 4.875, 5.375], "texture": "#0"},
				"west": {"uv": [1.875, 4.75, 2.125, 5.5], "texture": "#0"},
				"up": {"uv": [4.25, 6, 4, 5.75], "texture": "#0"},
				"down": {"uv": [6.125, 0, 5.875, 0.25], "texture": "#0"}
			}
		},
		{
			"from": [7.6, -13.6, 1.6],
			"to": [8.4, 4.8, 2.4],
			"rotation": {"angle": 0, "axis": "y", "origin": [8, -11.74348, 2]},
			"faces": {
				"north": {"uv": [2.5, 0, 2.75, 5.75], "texture": "#0"},
				"east": {"uv": [0, 2.75, 0.25, 8.5], "texture": "#0"},
				"south": {"uv": [0.375, 2.75, 0.625, 8.5], "texture": "#0"},
				"west": {"uv": [0.75, 2.75, 1, 8.5], "texture": "#0"},
				"up": {"uv": [5.5, 5.875, 5.25, 5.625], "texture": "#0"},
				"down": {"uv": [5.875, 5.625, 5.625, 5.875], "texture": "#0"}
			}
		},
		{
			"from": [7.6, -14.4, 1.6],
			"to": [8.4, -13.6, 2.4],
			"rotation": {"angle": -45, "axis": "y", "origin": [8, -11.74348, 2]},
			"faces": {
				"north": {"uv": [5.875, 1.875, 6.125, 2.125], "texture": "#0"},
				"east": {"uv": [5.875, 2.25, 6.125, 2.5], "texture": "#0"},
				"south": {"uv": [2.5, 5.875, 2.75, 6.125], "texture": "#0"},
				"west": {"uv": [5.875, 2.625, 6.125, 2.875], "texture": "#0"},
				"up": {"uv": [3.125, 6.125, 2.875, 5.875], "texture": "#0"},
				"down": {"uv": [3.5, 5.875, 3.25, 6.125], "texture": "#0"}
			}
		},
		{
			"from": [6.85784, -13.41259, 1.8],
			"to": [7.65784, -12.21259, 2.2],
			"rotation": {"angle": 22.5, "axis": "z", "origin": [8, -11.74348, 2]},
			"faces": {
				"north": {"uv": [4.875, 5.5, 5.125, 5.875], "texture": "#0"},
				"east": {"uv": [2.625, 6.25, 2.75, 6.625], "texture": "#0"},
				"south": {"uv": [5.5, 5.125, 5.75, 5.5], "texture": "#0"},
				"west": {"uv": [6.25, 2.75, 6.375, 3.125], "texture": "#0"},
				"up": {"uv": [6.625, 4.75, 6.375, 4.625], "texture": "#0"},
				"down": {"uv": [6.125, 6.375, 5.875, 6.5], "texture": "#0"}
			}
		},
		{
			"from": [7.8, -13.41259, 0.85784],
			"to": [8.2, -12.21259, 1.65784],
			"rotation": {"angle": -22.5, "axis": "x", "origin": [8, -11.74348, 2]},
			"faces": {
				"north": {"uv": [6.25, 2.75, 6.375, 3.125], "texture": "#0"},
				"east": {"uv": [4.875, 5.5, 5.125, 5.875], "texture": "#0"},
				"south": {"uv": [2.625, 6.25, 2.75, 6.625], "texture": "#0"},
				"west": {"uv": [5.5, 5.125, 5.75, 5.5], "texture": "#0"},
				"up": {"uv": [6.625, 4.75, 6.375, 4.625], "rotation": 90, "texture": "#0"},
				"down": {"uv": [6.125, 6.375, 5.875, 6.5], "rotation": 270, "texture": "#0"}
			}
		},
		{
			"from": [7.8, -13.41259, 2.34216],
			"to": [8.2, -12.21259, 3.14216],
			"rotation": {"angle": 22.5, "axis": "x", "origin": [8, -11.74348, 2]},
			"faces": {
				"north": {"uv": [2.75, 6.25, 2.625, 6.625], "texture": "#0"},
				"east": {"uv": [5.125, 5.5, 4.875, 5.875], "texture": "#0"},
				"south": {"uv": [6.375, 2.75, 6.25, 3.125], "texture": "#0"},
				"west": {"uv": [5.75, 5.125, 5.5, 5.5], "texture": "#0"},
				"up": {"uv": [6.375, 4.75, 6.625, 4.625], "rotation": 90, "texture": "#0"},
				"down": {"uv": [5.875, 6.375, 6.125, 6.5], "rotation": 270, "texture": "#0"}
			}
		},
		{
			"from": [8.34216, -13.41259, 1.8],
			"to": [9.14216, -12.21259, 2.2],
			"rotation": {"angle": -22.5, "axis": "z", "origin": [8, -11.74348, 2]},
			"faces": {
				"north": {"uv": [5.625, 1, 5.875, 1.375], "texture": "#0"},
				"east": {"uv": [2.875, 6.25, 3, 6.625], "texture": "#0"},
				"south": {"uv": [1.125, 5.625, 1.375, 6], "texture": "#0"},
				"west": {"uv": [3.125, 6.25, 3.25, 6.625], "texture": "#0"},
				"up": {"uv": [6.625, 6.25, 6.375, 6.125], "texture": "#0"},
				"down": {"uv": [6.5, 6.375, 6.25, 6.5], "texture": "#0"}
			}
		}
	],
	"gui_light": "front",
	"display": {
		"thirdperson_righthand": {
			"translation": [0, 9.25, 10.75],
			"scale": [1.5, 1.5, 1.5]
		},
		"thirdperson_lefthand": {
			"translation": [0, 9.25, 10.75],
			"scale": [1.5, 1.5, 1.5]
		},
		"firstperson_righthand": {
			"translation": [2.25, 0, 5]
		},
		"firstperson_lefthand": {
			"translation": [2.25, 0, 5]
		},
		"ground": {
			"rotation": [45, 0, 0],
			"translation": [0, 0, 1.5],
			"scale": [0.25, 0.25, 0.25]
		},
		"gui": {
			"rotation": [76, -131, 97],
			"translation": [-0.25, 6.25, 0],
			"scale": [0.7, 0.7, 0.7]
		},
		"head": {
			"rotation": [0, -90, -180],
			"translation": [-12, -18.25, -0.25],
			"scale": [2, 2, 2]
		},
		"fixed": {
			"rotation": [90, -45, 90],
			"translation": [-4.25, -1.5, -0.5],
			"scale": [0.7, 0.7, 0.7]
		}
	},
	"groups": [
		{
			"name": "group",
			"origin": [7, 1, 8],
			"color": 0,
			"children": [0, 1, 2, 3, 4, 5, 6, 7, 8, 9, 10, 11, 12, 13, 14, 15, 16]
		},
		{
			"name": "group",
			"origin": [9, -13, -15],
			"color": 0,
			"children": [17, 18, 19, 20, 21, 22]
		}
	]
}