{
	"textures": {
		"1": "item/crates/anime21_crate/shield_hero_rage"
	},
	"elements": [
		{
			"from": [6.26931, 2.57928, 6.875],
			"to": [10.26931, 7.57928, 7.875],
			"rotation": {"angle": -22.5, "axis": "z", "origin": [14.95129, 3.8973, -5.15]},
			"faces": {
				"north": {"uv": [6.625, 6.375, 7.125, 7], "texture": "#1"},
				"east": {"uv": [7.375, 1.75, 7.5, 2.375], "texture": "#1"},
				"south": {"uv": [4, 7.125, 4.5, 7.75], "texture": "#1"},
				"west": {"uv": [7.375, 2.5, 7.5, 3.125], "texture": "#1"},
				"up": {"uv": [7, 4.25, 6.5, 4.125], "texture": "#1"},
				"down": {"uv": [7.875, 3.25, 7.375, 3.375], "texture": "#1"}
			}
		},
		{
			"from": [3.14645, -0.76091, 6.9],
			"to": [6.14645, 2.23909, 7.9],
			"rotation": {"angle": -45, "axis": "z", "origin": [10.82843, -1.44289, -5.15]},
			"faces": {
				"north": {"uv": [7.125, 4.875, 7.5, 5.25], "texture": "#1"},
				"east": {"uv": [3.25, 7.5, 3.375, 7.875], "texture": "#1"},
				"south": {"uv": [6.75, 7.125, 7.125, 7.5], "texture": "#1"},
				"west": {"uv": [7.5, 7.375, 7.625, 7.75], "texture": "#1"},
				"up": {"uv": [8, 1.875, 7.625, 1.75], "texture": "#1"},
				"down": {"uv": [8, 2, 7.625, 2.125], "texture": "#1"}
			}
		},
		{
			"from": [5.73069, 2.57928, 6.85],
			"to": [9.73069, 7.57928, 7.85],
			"rotation": {"angle": 22.5, "axis": "z", "origin": [1.04871, 3.8973, -5.15]},
			"faces": {
				"north": {"uv": [7.125, 4.125, 7.625, 4.75], "texture": "#1"},
				"east": {"uv": [7.375, 5.625, 7.5, 6.25], "texture": "#1"},
				"south": {"uv": [4.625, 7.125, 5.125, 7.75], "texture": "#1"},
				"west": {"uv": [7.25, 7.375, 7.375, 8], "texture": "#1"},
				"up": {"uv": [2, 7.625, 1.5, 7.5], "texture": "#1"},
				"down": {"uv": [3.125, 7.5, 2.625, 7.625], "texture": "#1"}
			}
		},
		{
			"from": [4.03474, 9.09072, 6.825],
			"to": [12.03474, 19.09072, 7.825],
			"rotation": {"angle": 0, "axis": "y", "origin": [16.71672, 5.40874, -5.175]},
			"faces": {
				"north": {"uv": [4, 4.375, 5, 5.625], "texture": "#1"},
				"east": {"uv": [6.25, 7.125, 6.375, 8.375], "texture": "#1"},
				"south": {"uv": [5.125, 4.375, 6.125, 5.625], "texture": "#1"},
				"west": {"uv": [6.5, 7.125, 6.625, 8.375], "texture": "#1"},
				"up": {"uv": [8.125, 5.5, 7.125, 5.375], "texture": "#1"},
				"down": {"uv": [2, 7.25, 1, 7.375], "texture": "#1"}
			}
		},
		{
			"name": "flat_back",
			"from": [-4.5, -5, 8.7],
			"to": [20.5, 29, 8.85],
			"rotation": {"angle": 0, "axis": "y", "origin": [6.18198, 5.31802, -13.75]},
			"faces": {
				"north": {"uv": [0, 0, 3.125, 4.25], "texture": "#1"},
				"east": {"uv": [0.25, 7.75, 0.25, 12], "texture": "#1"},
				"south": {"uv": [3.25, 0, 6.375, 4.25], "texture": "#1"},
				"west": {"uv": [0.375, 7.75, 0.375, 12], "texture": "#1"},
				"up": {"uv": [10.875, 4.25, 7.75, 4.25], "texture": "#1"},
				"down": {"uv": [10.875, 4.375, 7.75, 4.375], "texture": "#1"}
			}
		},
		{
			"name": "flat_front",
			"from": [0.53474, 0.09072, 7.075],
			"to": [15.53474, 22.09072, 7.075],
			"rotation": {"angle": 0, "axis": "y", "origin": [16.71672, 5.40874, -5.175]},
			"faces": {
				"north": {"uv": [0, 4.375, 1.875, 7.125], "texture": "#1"},
				"east": {"uv": [0, 7.75, 0, 10.5], "texture": "#1"},
				"south": {"uv": [2, 4.375, 3.875, 7.125], "texture": "#1"},
				"west": {"uv": [0.125, 7.75, 0.125, 10.5], "texture": "#1"},
				"up": {"uv": [9.125, 4, 7.25, 4], "texture": "#1"},
				"down": {"uv": [9.625, 4.125, 7.75, 4.125], "texture": "#1"}
			}
		},
		{
			"from": [7.03474, 13.09072, 6.325],
			"to": [10.03474, 16.09072, 7.325],
			"rotation": {"angle": -45, "axis": "z", "origin": [8.03474, 15.09072, 6.825]},
			"faces": {
				"north": {"uv": [0, 7.25, 0.375, 7.625], "texture": "#1"},
				"east": {"uv": [7.625, 2.25, 7.75, 2.625], "texture": "#1"},
				"south": {"uv": [0.5, 7.25, 0.875, 7.625], "texture": "#1"},
				"west": {"uv": [7.625, 2.75, 7.75, 3.125], "texture": "#1"},
				"up": {"uv": [8, 5, 7.625, 4.875], "texture": "#1"},
				"down": {"uv": [8, 5.125, 7.625, 5.25], "texture": "#1"}
			}
		},
		{
			"from": [7.53474, 13.38361, 6.3],
			"to": [8.53474, 15.38361, 6.3],
			"rotation": {"angle": 0, "axis": "y", "origin": [8.03474, 14.88361, 6.8]},
			"faces": {
				"north": {"uv": [7.625, 5.625, 7.75, 5.875], "texture": "#1"},
				"east": {"uv": [0.5, 7.75, 0.5, 8], "texture": "#1"},
				"south": {"uv": [7.625, 6, 7.75, 6.25], "texture": "#1"},
				"west": {"uv": [0.625, 7.75, 0.625, 8], "texture": "#1"},
				"up": {"uv": [7.25, 5.625, 7.125, 5.625], "texture": "#1"},
				"down": {"uv": [0.875, 7.75, 0.75, 7.75], "texture": "#1"}
			}
		},
		{
			"from": [3.85355, -2.57538, 7.725],
			"to": [8.85355, -1.57538, 8.725],
			"rotation": {"angle": -45, "axis": "z", "origin": [11.53553, -0.25736, -5.25]},
			"faces": {
				"north": {"uv": [7.375, 0.75, 8, 0.875], "texture": "#1"},
				"east": {"uv": [6.75, 7.625, 6.875, 7.75], "texture": "#1"},
				"south": {"uv": [7.375, 1, 8, 1.125], "texture": "#1"},
				"west": {"uv": [7, 7.625, 7.125, 7.75], "texture": "#1"},
				"up": {"uv": [8, 1.375, 7.375, 1.25], "texture": "#1"},
				"down": {"uv": [8, 1.5, 7.375, 1.625], "texture": "#1"}
			}
		},
		{
			"from": [3.85355, -1.57538, 7.725],
			"to": [8.85355, 2.42462, 8.725],
			"rotation": {"angle": -45, "axis": "z", "origin": [11.53553, -0.25736, -5.25]},
			"faces": {
				"north": {"uv": [6.5, 3.5, 7.125, 4], "texture": "#1"},
				"east": {"uv": [1, 7.5, 1.125, 8], "texture": "#1"},
				"south": {"uv": [6.625, 5.75, 7.25, 6.25], "texture": "#1"},
				"west": {"uv": [1.25, 7.5, 1.375, 8], "texture": "#1"},
				"up": {"uv": [8, 0.375, 7.375, 0.25], "texture": "#1"},
				"down": {"uv": [8, 0.5, 7.375, 0.625], "texture": "#1"}
			}
		},
		{
			"from": [3.92235, 2.78946, 7.75],
			"to": [9.92235, 8.78946, 8.75],
			"rotation": {"angle": -22.5, "axis": "z", "origin": [12.60433, -0.89252, -5.25]},
			"faces": {
				"north": {"uv": [6.5, 0, 7.25, 0.75], "texture": "#1"},
				"east": {"uv": [2.125, 7.25, 2.25, 8], "texture": "#1"},
				"south": {"uv": [6.5, 0.875, 7.25, 1.625], "texture": "#1"},
				"west": {"uv": [2.375, 7.25, 2.5, 8], "texture": "#1"},
				"up": {"uv": [3.375, 7.375, 2.625, 7.25], "texture": "#1"},
				"down": {"uv": [8, 3.5, 7.25, 3.625], "texture": "#1"}
			}
		},
		{
			"from": [7.83163, 9.07881, 7.8],
			"to": [13.83163, 19.07881, 8.8],
			"rotation": {"angle": 0, "axis": "y", "origin": [16.51362, 5.39683, -5.175]},
			"faces": {
				"north": {"uv": [4, 5.75, 4.75, 7], "texture": "#1"},
				"east": {"uv": [5.25, 7.125, 5.375, 8.375], "texture": "#1"},
				"south": {"uv": [4.875, 5.75, 5.625, 7], "texture": "#1"},
				"west": {"uv": [5.5, 7.125, 5.625, 8.375], "texture": "#1"},
				"up": {"uv": [8, 6.75, 7.25, 6.625], "texture": "#1"},
				"down": {"uv": [8, 6.875, 7.25, 7], "texture": "#1"}
			}
		},
		{
			"from": [2.16837, 9.07881, 7.825],
			"to": [8.16837, 19.07881, 8.825],
			"rotation": {"angle": 0, "axis": "y", "origin": [-0.51362, 5.39683, -5.175]},
			"faces": {
				"north": {"uv": [5.75, 5.75, 6.5, 7], "texture": "#1"},
				"east": {"uv": [5.75, 7.125, 5.875, 8.375], "texture": "#1"},
				"south": {"uv": [6.25, 4.375, 7, 5.625], "texture": "#1"},
				"west": {"uv": [6, 7.125, 6.125, 8.375], "texture": "#1"},
				"up": {"uv": [8, 7.25, 7.25, 7.125], "texture": "#1"},
				"down": {"uv": [8.125, 0, 7.375, 0.125], "texture": "#1"}
			}
		},
		{
			"from": [6.07765, 2.78946, 7.775],
			"to": [12.07765, 8.78946, 8.775],
			"rotation": {"angle": 22.5, "axis": "z", "origin": [3.39567, -0.89252, -5.225]},
			"faces": {
				"north": {"uv": [6.5, 1.75, 7.25, 2.5], "texture": "#1"},
				"east": {"uv": [3.5, 7.25, 3.625, 8], "texture": "#1"},
				"south": {"uv": [6.5, 2.625, 7.25, 3.375], "texture": "#1"},
				"west": {"uv": [3.75, 7.25, 3.875, 8], "texture": "#1"},
				"up": {"uv": [8, 3.875, 7.25, 3.75], "texture": "#1"},
				"down": {"uv": [8, 6.375, 7.25, 6.5], "texture": "#1"}
			}
		}
	],
	"gui_light": "front",
	"display": {
		"thirdperson_righthand": {
			"rotation": [90, -90, 0],
			"translation": [2.75, -1.75, 1.75],
			"scale": [0.75, 0.75, 0.75]
		},
		"thirdperson_lefthand": {
			"rotation": [90, -90, 0],
			"translation": [2.5, -1.75, 1.75],
			"scale": [0.8, 0.8, 0.8]
		},
		"firstperson_righthand": {
			"rotation": [0, -12, 0],
			"translation": [-0.25, -4.5, 0],
			"scale": [0.5, 0.5, 0.5]
		},
		"firstperson_lefthand": {
			"rotation": [0, -12, 0],
			"translation": [-0.25, -4.5, 0],
			"scale": [0.5, 0.5, 0.5]
		},
		"ground": {
			"scale": [0.3, 0.3, 0.3]
		},
		"gui": {
			"rotation": [17, -166, 0],
			"translation": [0, 0.25, 0],
			"scale": [0.65, 0.65, 0.65]
		},
		"head": {
			"rotation": [0, -180, -31],
			"translation": [1.75, -21.25, 5]
		},
		"fixed": {
			"translation": [0, -1.75, -2]
		}
	},
	"groups": [
		{
			"name": "group",
			"origin": [16.71672, 5.40874, -5],
			"color": 0,
			"children": [0, 1, 2, 3,
				{
					"name": "group",
					"origin": [16.71672, 5.40874, -5.175],
					"color": 0,
					"children": [4, 5]
				}, 6, 7]
		},
		{
			"name": "group",
			"origin": [3.39567, -0.89252, -5],
			"color": 0,
			"children": [8, 9, 10, 11, 12, 13]
		}
	]
}