{
	"textures": {
		"0": "item/crates/anime21_crate/yoru"
	},
	"elements": [
		{
			"from": [7.64801, -1.4, 4.2],
			"to": [8.34801, 16.1, 7],
			"rotation": {"angle": 0, "axis": "y", "origin": [7.99801, -0.7, 5.95]},
			"faces": {
				"north": {"uv": [4, 2, 4.25, 8.25], "texture": "#0"},
				"east": {"uv": [0, 0, 1, 6.25], "texture": "#0"},
				"south": {"uv": [4.5, 2, 4.75, 8.25], "texture": "#0"},
				"west": {"uv": [1.25, 0, 2.25, 6.25], "texture": "#0"},
				"up": {"uv": [6.75, 8.75, 6.5, 7.75], "texture": "#0"},
				"down": {"uv": [8.5, 0, 8.25, 1], "texture": "#0"}
			}
		},
		{
			"from": [7.66551, 16.1, 4.9],
			"to": [8.33051, 17.5, 7],
			"rotation": {"angle": 0, "axis": "y", "origin": [7.99801, 7.7, 5.95]},
			"faces": {
				"north": {"uv": [7.25, 9.5, 7.5, 10], "texture": "#0"},
				"east": {"uv": [7, 3.75, 7.75, 4.25], "texture": "#0"},
				"south": {"uv": [7.75, 9.5, 8, 10], "texture": "#0"},
				"west": {"uv": [7, 4.5, 7.75, 5], "texture": "#0"},
				"up": {"uv": [4.25, 9.25, 4, 8.5], "texture": "#0"},
				"down": {"uv": [4.75, 8.5, 4.5, 9.25], "texture": "#0"}
			}
		},
		{
			"from": [7.66551, 17.5, 5.6],
			"to": [8.33051, 18.9, 7],
			"rotation": {"angle": 0, "axis": "y", "origin": [7.99801, 9.1, 5.95]},
			"faces": {
				"north": {"uv": [9.5, 7.75, 9.75, 8.25], "texture": "#0"},
				"east": {"uv": [8, 4.5, 8.5, 5], "texture": "#0"},
				"south": {"uv": [9.5, 8.5, 9.75, 9], "texture": "#0"},
				"west": {"uv": [1, 8.5, 1.5, 9], "texture": "#0"},
				"up": {"uv": [0.25, 10.25, 0, 9.75], "texture": "#0"},
				"down": {"uv": [10, 0, 9.75, 0.5], "texture": "#0"}
			}
		},
		{
			"from": [7.71801, 18.04076, 6.18093],
			"to": [8.29551, 22.24076, 6.88093],
			"rotation": {"angle": 22.5, "axis": "x", "origin": [7.99801, 18.04076, 6.53093]},
			"faces": {
				"north": {"uv": [6.5, 2.5, 6.75, 4], "texture": "#0"},
				"east": {"uv": [6.5, 4.25, 6.75, 5.75], "texture": "#0"},
				"south": {"uv": [6.5, 6, 6.75, 7.5], "texture": "#0"},
				"west": {"uv": [7, 0, 7.25, 1.5], "texture": "#0"},
				"up": {"uv": [6.25, 8.75, 6, 8.5], "texture": "#0"},
				"down": {"uv": [10, 4.25, 9.75, 4.5], "texture": "#0"}
			}
		},
		{
			"from": [7.70051, 14.174, 3.12952],
			"to": [8.31301, 20.474, 4.52952],
			"rotation": {"angle": 22.5, "axis": "x", "origin": [7.99801, 13.474, 3.47952]},
			"faces": {
				"north": {"uv": [0, 6.5, 0.25, 8.75], "texture": "#0"},
				"east": {"uv": [2.5, 6, 3, 8.25], "texture": "#0"},
				"south": {"uv": [6.5, 0, 6.75, 2.25], "texture": "#0"},
				"west": {"uv": [3.25, 6, 3.75, 8.25], "texture": "#0"},
				"up": {"uv": [0.25, 9.5, 0, 9], "texture": "#0"},
				"down": {"uv": [9.75, 7, 9.5, 7.5], "texture": "#0"}
			}
		},
		{
			"from": [7.73551, 19.25032, 7.12613],
			"to": [8.27801, 22.05032, 7.82613],
			"rotation": {"angle": 45, "axis": "x", "origin": [7.99801, 21.2213, 7.47613]},
			"faces": {
				"north": {"uv": [7, 8.25, 7.25, 9.25], "texture": "#0"},
				"east": {"uv": [7.5, 8.25, 7.75, 9.25], "texture": "#0"},
				"south": {"uv": [8, 8.25, 8.25, 9.25], "texture": "#0"},
				"west": {"uv": [0.5, 8.5, 0.75, 9.5], "texture": "#0"},
				"up": {"uv": [10.25, 1, 10, 0.75], "texture": "#0"},
				"down": {"uv": [10.25, 1.25, 10, 1.5], "texture": "#0"}
			}
		},
		{
			"from": [7.73551, 19.07532, 7.82613],
			"to": [8.27801, 20.47532, 8.52613],
			"rotation": {"angle": 45, "axis": "x", "origin": [7.99801, 21.2213, 7.47613]},
			"faces": {
				"north": {"uv": [0.5, 9.75, 0.75, 10.25], "texture": "#0"},
				"east": {"uv": [1, 9.75, 1.25, 10.25], "texture": "#0"},
				"south": {"uv": [1.5, 9.75, 1.75, 10.25], "texture": "#0"},
				"west": {"uv": [9.75, 3.5, 10, 4], "texture": "#0"},
				"up": {"uv": [10.25, 2, 10, 1.75], "texture": "#0"},
				"down": {"uv": [2.25, 10, 2, 10.25], "texture": "#0"}
			}
		},
		{
			"from": [7.68301, 12.50173, 4.46891],
			"to": [8.33051, 14.60173, 5.16891],
			"rotation": {"angle": -22.5, "axis": "x", "origin": [7.99801, 11.80173, 4.81891]},
			"faces": {
				"north": {"uv": [8.5, 2, 8.75, 2.75], "texture": "#0"},
				"east": {"uv": [2.5, 8.5, 2.75, 9.25], "texture": "#0"},
				"south": {"uv": [3, 8.5, 3.25, 9.25], "texture": "#0"},
				"west": {"uv": [3.5, 8.5, 3.75, 9.25], "texture": "#0"},
				"up": {"uv": [9.5, 10, 9.25, 9.75], "texture": "#0"},
				"down": {"uv": [10, 9.75, 9.75, 10], "texture": "#0"}
			}
		},
		{
			"from": [7.29801, -1.4, 4.9],
			"to": [8.69801, 7, 6.3],
			"rotation": {"angle": 0, "axis": "y", "origin": [7.99801, -0.7, 5.95]},
			"faces": {
				"north": {"uv": [5, 2, 5.5, 5], "texture": "#0"},
				"east": {"uv": [5, 5.25, 5.5, 8.25], "texture": "#0"},
				"south": {"uv": [5.75, 2, 6.25, 5], "texture": "#0"},
				"west": {"uv": [5.75, 5.25, 6.25, 8.25], "texture": "#0"},
				"up": {"uv": [9, 1.75, 8.5, 1.25], "texture": "#0"},
				"down": {"uv": [2.25, 8.5, 1.75, 9], "texture": "#0"}
			}
		},
		{
			"from": [7.29801, -3.5, -1.75],
			"to": [8.69801, -1.4, 12.95],
			"rotation": {"angle": 0, "axis": "y", "origin": [13.24801, 1.4, 0]},
			"faces": {
				"north": {"uv": [7, 1.75, 7.5, 2.5], "texture": "#0"},
				"east": {"uv": [0, 11, 5.25, 11.75], "texture": "#0"},
				"south": {"uv": [7, 2.75, 7.5, 3.5], "texture": "#0"},
				"west": {"uv": [0, 11, 5.25, 11.75], "texture": "#0"},
				"up": {"uv": [12.75, 7.75, 12.25, 2.5], "texture": "#0"},
				"down": {"uv": [11, 3.5, 10.5, 8.75], "texture": "#0"}
			}
		},
		{
			"from": [7.31551, -2.1, -1.9075],
			"to": [8.68051, -1.4, -0.5075],
			"rotation": {"angle": 22.5, "axis": "x", "origin": [7.64801, -2.1, -0.8575]},
			"faces": {
				"north": {"uv": [4.25, 9.5, 4.75, 9.75], "texture": "#0"},
				"east": {"uv": [5, 9.5, 5.5, 9.75], "texture": "#0"},
				"south": {"uv": [9.5, 5, 10, 5.25], "texture": "#0"},
				"west": {"uv": [9.5, 5.5, 10, 5.75], "texture": "#0"},
				"up": {"uv": [8.25, 6.5, 7.75, 6], "texture": "#0"},
				"down": {"uv": [8.25, 6.75, 7.75, 7.25], "texture": "#0"}
			}
		},
		{
			"from": [7.31551, -3.82336, -1.88394],
			"to": [8.68051, -3.12336, -0.48394],
			"rotation": {"angle": -22.5, "axis": "x", "origin": [7.64801, -3.12336, -1.18394]},
			"faces": {
				"north": {"uv": [5.75, 9.5, 6.25, 9.75], "texture": "#0"},
				"east": {"uv": [9.5, 6, 10, 6.25], "texture": "#0"},
				"south": {"uv": [6.5, 9.5, 7, 9.75], "texture": "#0"},
				"west": {"uv": [9.5, 6.5, 10, 6.75], "texture": "#0"},
				"up": {"uv": [8.25, 8, 7.75, 7.5], "texture": "#0"},
				"down": {"uv": [8.5, 3.75, 8, 4.25], "texture": "#0"}
			}
		},
		{
			"from": [7.31551, -2.1, 11.7075],
			"to": [8.68051, -1.4, 13.1075],
			"rotation": {"angle": -22.5, "axis": "x", "origin": [7.64801, -2.1, 12.0575]},
			"faces": {
				"north": {"uv": [2, 9.5, 2.5, 9.75], "texture": "#0"},
				"east": {"uv": [2.75, 9.5, 3.25, 9.75], "texture": "#0"},
				"south": {"uv": [9.5, 3, 10, 3.25], "texture": "#0"},
				"west": {"uv": [3.5, 9.5, 4, 9.75], "texture": "#0"},
				"up": {"uv": [8.25, 3.5, 7.75, 3], "texture": "#0"},
				"down": {"uv": [8.25, 5.25, 7.75, 5.75], "texture": "#0"}
			}
		},
		{
			"from": [7.31551, -3.82336, 11.68394],
			"to": [8.68051, -3.12336, 13.08394],
			"rotation": {"angle": 22.5, "axis": "x", "origin": [7.64801, -3.12336, 12.38394]},
			"faces": {
				"north": {"uv": [9.25, 1, 9.75, 1.25], "texture": "#0"},
				"east": {"uv": [9.25, 1.5, 9.75, 1.75], "texture": "#0"},
				"south": {"uv": [8.5, 9.25, 9, 9.5], "texture": "#0"},
				"west": {"uv": [9.25, 9.25, 9.75, 9.5], "texture": "#0"},
				"up": {"uv": [8.25, 2, 7.75, 1.5], "texture": "#0"},
				"down": {"uv": [8.25, 2.25, 7.75, 2.75], "texture": "#0"}
			}
		},
		{
			"from": [7.64801, -11.8, 5.25],
			"to": [8.34801, -6.9, 5.95],
			"rotation": {"angle": -45, "axis": "y", "origin": [7.99801, -11.1, 5.6]},
			"faces": {
				"north": {"uv": [0.5, 6.5, 0.75, 8.25], "texture": "#0"},
				"east": {"uv": [1, 6.5, 1.25, 8.25], "texture": "#0"},
				"south": {"uv": [1.5, 6.5, 1.75, 8.25], "texture": "#0"},
				"west": {"uv": [2, 6.5, 2.25, 8.25], "texture": "#0"},
				"up": {"uv": [8.5, 10, 8.25, 9.75], "texture": "#0"},
				"down": {"uv": [9, 9.75, 8.75, 10], "texture": "#0"}
			}
		},
		{
			"from": [7.29801, -13.025, 4.9],
			"to": [8.69801, -11.625, 6.3],
			"rotation": {"angle": 45, "axis": "x", "origin": [7.99801, -12.325, 5.6]},
			"faces": {
				"north": {"uv": [7, 5.25, 7.5, 5.75], "texture": "#0"},
				"east": {"uv": [7, 6, 7.5, 6.5], "texture": "#0"},
				"south": {"uv": [7, 6.75, 7.5, 7.25], "texture": "#0"},
				"west": {"uv": [7.5, 0, 8, 0.5], "texture": "#0"},
				"up": {"uv": [8, 1.25, 7.5, 0.75], "texture": "#0"},
				"down": {"uv": [7.5, 7.5, 7, 8], "texture": "#0"}
			}
		},
		{
			"from": [7.64801, -6.9, 5.25],
			"to": [8.34801, -2, 5.95],
			"rotation": {"angle": -45, "axis": "y", "origin": [7.99801, 13.4, 5.6]},
			"faces": {
				"north": {"uv": [0.5, 8.25, 0.75, 6.5], "texture": "#0"},
				"east": {"uv": [1, 8.25, 1.25, 6.5], "texture": "#0"},
				"south": {"uv": [1.5, 8.25, 1.75, 6.5], "texture": "#0"},
				"west": {"uv": [2, 8.25, 2.25, 6.5], "texture": "#0"},
				"up": {"uv": [9, 10, 8.75, 9.75], "texture": "#0"},
				"down": {"uv": [8.5, 9.75, 8.25, 10], "texture": "#0"}
			}
		},
		{
			"from": [6.94801, -2.8, 4.2],
			"to": [9.04801, -2.1, 4.9],
			"rotation": {"angle": -45, "axis": "x", "origin": [7.99801, -2.45, 4.55]},
			"faces": {
				"north": {"uv": [8.5, 8.25, 9.25, 8.5], "texture": "#0"},
				"east": {"uv": [4, 10, 4.25, 10.25], "texture": "#0"},
				"south": {"uv": [8.75, 0, 9.5, 0.25], "texture": "#0"},
				"west": {"uv": [4.5, 10, 4.75, 10.25], "texture": "#0"},
				"up": {"uv": [9.5, 0.75, 8.75, 0.5], "texture": "#0"},
				"down": {"uv": [9.5, 3.5, 8.75, 3.75], "texture": "#0"}
			}
		},
		{
			"from": [6.94801, -2.8, -1.4],
			"to": [9.04801, -2.1, -0.7],
			"rotation": {"angle": -45, "axis": "x", "origin": [7.99801, -2.45, -1.05]},
			"faces": {
				"north": {"uv": [8.5, 8.25, 9.25, 8.5], "texture": "#0"},
				"east": {"uv": [4, 10, 4.25, 10.25], "texture": "#0"},
				"south": {"uv": [8.75, 0, 9.5, 0.25], "texture": "#0"},
				"west": {"uv": [4.5, 10, 4.75, 10.25], "texture": "#0"},
				"up": {"uv": [9.5, 0.75, 8.75, 0.5], "texture": "#0"},
				"down": {"uv": [9.5, 3.5, 8.75, 3.75], "texture": "#0"}
			}
		},
		{
			"from": [6.94801, -2.8, 11.9],
			"to": [9.04801, -2.1, 12.6],
			"rotation": {"angle": 45, "axis": "x", "origin": [7.99801, -2.45, 12.25]},
			"faces": {
				"north": {"uv": [9.5, 0, 8.75, 0.25], "texture": "#0"},
				"east": {"uv": [4.25, 10, 4, 10.25], "texture": "#0"},
				"south": {"uv": [9.25, 8.25, 8.5, 8.5], "texture": "#0"},
				"west": {"uv": [4.75, 10, 4.5, 10.25], "texture": "#0"},
				"up": {"uv": [9.5, 0.5, 8.75, 0.75], "texture": "#0"},
				"down": {"uv": [9.5, 3.75, 8.75, 3.5], "texture": "#0"}
			}
		},
		{
			"from": [6.94801, -2.8, 6.3],
			"to": [9.04801, -2.1, 7],
			"rotation": {"angle": 45, "axis": "x", "origin": [7.99801, -2.45, 6.65]},
			"faces": {
				"north": {"uv": [9.5, 0, 8.75, 0.25], "texture": "#0"},
				"east": {"uv": [4.25, 10, 4, 10.25], "texture": "#0"},
				"south": {"uv": [9.25, 8.25, 8.5, 8.5], "texture": "#0"},
				"west": {"uv": [4.75, 10, 4.5, 10.25], "texture": "#0"},
				"up": {"uv": [9.5, 0.5, 8.75, 0.75], "texture": "#0"},
				"down": {"uv": [9.5, 3.75, 8.75, 3.5], "texture": "#0"}
			}
		},
		{
			"from": [6.94801, -1.75, 5.25],
			"to": [9.04801, -1.05, 5.95],
			"rotation": {"angle": 45, "axis": "x", "origin": [7.99801, -1.4, 5.6]},
			"faces": {
				"north": {"uv": [9.5, 0, 8.75, 0.25], "texture": "#0"},
				"east": {"uv": [4.25, 10, 4, 10.25], "texture": "#0"},
				"south": {"uv": [9.25, 8.25, 8.5, 8.5], "texture": "#0"},
				"west": {"uv": [4.75, 10, 4.5, 10.25], "texture": "#0"},
				"up": {"uv": [9.5, 0.5, 8.75, 0.75], "texture": "#0"},
				"down": {"uv": [9.5, 3.75, 8.75, 3.5], "texture": "#0"}
			}
		}
	],
	"gui_light": "front",
	"display": {
		"thirdperson_righthand": {
			"translation": [0, 12.25, 4]
		},
		"thirdperson_lefthand": {
			"translation": [0, 12, 3.75]
		},
		"firstperson_righthand": {
			"rotation": [0, 16, 0],
			"translation": [3, 7.25, 0],
			"scale": [0.7, 0.7, 0.7]
		},
		"firstperson_lefthand": {
			"rotation": [0, 16, 0],
			"translation": [3, 7.25, 0],
			"scale": [0.7, 0.7, 0.7]
		},
		"ground": {
			"rotation": [45, 0, 0],
			"scale": [0.4, 0.4, 0.4]
		},
		"gui": {
			"rotation": [127, -140, 117],
			"translation": [1.25, 3, 0],
			"scale": [0.7, 0.7, 0.7]
		},
		"head": {
			"rotation": [90, 37, 90],
			"translation": [-2, -21, 4],
			"scale": [1.5, 1.5, 1.5]
		},
		"fixed": {
			"rotation": [90, -45, 90],
			"translation": [-2.75, 1.25, 0],
			"scale": [0.7, 0.7, 0.7]
		}
	},
	"groups": [0, 1, 2, 3, 4, 5, 6, 7,
		{
			"name": "group",
			"origin": [0, 0, 0],
			"color": 0,
			"children": [8, 9, 10, 11, 12, 13, 14, 15, 16, 17, 18, 19, 20, 21]
		}
	]
}