{
	"textures": {
		"0": "item/crates/mythical/mythical_sword"
	},
	"elements": [
		{
			"from": [7, -11, 7],
			"to": [9, -1, 9],
			"rotation": {"angle": 0, "axis": "y", "origin": [0.5, 0, -4]},
			"faces": {
				"north": {"uv": [3.75, 4.75, 4, 6], "texture": "#0"},
				"east": {"uv": [4.125, 5.25, 4.375, 6.5], "texture": "#0"},
				"south": {"uv": [4.5, 5.25, 4.75, 6.5], "texture": "#0"},
				"west": {"uv": [4.875, 5.25, 5.125, 6.5], "texture": "#0"},
				"up": {"uv": [6.75, 0.25, 6.5, 0], "texture": "#0"},
				"down": {"uv": [6.75, 0.375, 6.5, 0.625], "texture": "#0"}
			}
		},
		{
			"from": [7, -5, 1],
			"to": [9, -1, 7],
			"rotation": {"angle": 0, "axis": "y", "origin": [0.5, 0, -4]},
			"faces": {
				"north": {"uv": [2.375, 6.125, 2.625, 6.625], "texture": "#0"},
				"east": {"uv": [1.5, 5, 2.25, 5.5], "texture": "#0"},
				"south": {"uv": [2.75, 6.125, 3, 6.625], "texture": "#0"},
				"west": {"uv": [2.375, 5, 3.125, 5.5], "texture": "#0"},
				"up": {"uv": [5.5, 6.25, 5.25, 5.5], "texture": "#0"},
				"down": {"uv": [1.75, 5.625, 1.5, 6.375], "texture": "#0"}
			}
		},
		{
			"from": [7.5, -1, 2],
			"to": [8.5, 20, 7],
			"rotation": {"angle": 0, "axis": "y", "origin": [0.5, 0, -4]},
			"faces": {
				"north": {"uv": [3.25, 5, 3.375, 7.625], "texture": "#0"},
				"east": {"uv": [0, 5, 0.625, 7.625], "texture": "#0"},
				"south": {"uv": [3.5, 5, 3.625, 7.625], "texture": "#0"},
				"west": {"uv": [0.75, 5, 1.375, 7.625], "texture": "#0"},
				"up": {"uv": [6.5, 6.125, 6.375, 5.5], "texture": "#0"},
				"down": {"uv": [6.5, 6.25, 6.375, 6.875], "texture": "#0"}
			}
		},
		{
			"from": [7.5, 20, 3],
			"to": [8.5, 23, 7],
			"rotation": {"angle": 0, "axis": "y", "origin": [0.5, 0, -4]},
			"faces": {
				"north": {"uv": [6.5, 2.375, 6.625, 2.75], "texture": "#0"},
				"east": {"uv": [1.875, 5.625, 2.375, 6], "texture": "#0"},
				"south": {"uv": [6.5, 2.875, 6.625, 3.25], "texture": "#0"},
				"west": {"uv": [2.5, 5.625, 3, 6], "texture": "#0"},
				"up": {"uv": [6.625, 1.25, 6.5, 0.75], "texture": "#0"},
				"down": {"uv": [6.625, 1.375, 6.5, 1.875], "texture": "#0"}
			}
		},
		{
			"from": [7.5, 23, 4],
			"to": [8.5, 26, 7],
			"rotation": {"angle": 0, "axis": "y", "origin": [0.5, 0, -4]},
			"faces": {
				"north": {"uv": [6.5, 3.375, 6.625, 3.75], "texture": "#0"},
				"east": {"uv": [5.625, 6, 6, 6.375], "texture": "#0"},
				"south": {"uv": [6.5, 3.875, 6.625, 4.25], "texture": "#0"},
				"west": {"uv": [1.875, 6.125, 2.25, 6.5], "texture": "#0"},
				"up": {"uv": [6.625, 4.75, 6.5, 4.375], "texture": "#0"},
				"down": {"uv": [6.625, 4.875, 6.5, 5.25], "texture": "#0"}
			}
		},
		{
			"from": [7.5, 26, 5],
			"to": [8.5, 28, 7],
			"rotation": {"angle": 0, "axis": "y", "origin": [0.5, 0, -4]},
			"faces": {
				"north": {"uv": [5.5, 6.5, 5.625, 6.75], "texture": "#0"},
				"east": {"uv": [1.5, 6.5, 1.75, 6.75], "texture": "#0"},
				"south": {"uv": [5.75, 6.5, 5.875, 6.75], "texture": "#0"},
				"west": {"uv": [6.5, 2, 6.75, 2.25], "texture": "#0"},
				"up": {"uv": [2, 6.875, 1.875, 6.625], "texture": "#0"},
				"down": {"uv": [2.25, 6.625, 2.125, 6.875], "texture": "#0"}
			}
		},
		{
			"from": [7.5, 28, 6],
			"to": [8.5, 30, 7],
			"rotation": {"angle": 0, "axis": "y", "origin": [0.5, 0, -4]},
			"faces": {
				"north": {"uv": [4, 6.625, 4.125, 6.875], "texture": "#0"},
				"east": {"uv": [4.25, 6.625, 4.375, 6.875], "texture": "#0"},
				"south": {"uv": [4.5, 6.625, 4.625, 6.875], "texture": "#0"},
				"west": {"uv": [4.75, 6.625, 4.875, 6.875], "texture": "#0"},
				"up": {"uv": [6.75, 5.75, 6.625, 5.625], "texture": "#0"},
				"down": {"uv": [6.75, 5.875, 6.625, 6], "texture": "#0"}
			}
		},
		{
			"from": [6.5, -3, 0],
			"to": [9.5, 0, 3],
			"rotation": {"angle": 45, "axis": "x", "origin": [7, -1.5, 1.5]},
			"faces": {
				"north": {"uv": [6, 2.5, 6.375, 2.875], "texture": "#0"},
				"east": {"uv": [6, 3, 6.375, 3.375], "texture": "#0"},
				"south": {"uv": [6, 3.5, 6.375, 3.875], "texture": "#0"},
				"west": {"uv": [6, 4, 6.375, 4.375], "texture": "#0"},
				"up": {"uv": [6.375, 4.875, 6, 4.5], "texture": "#0"},
				"down": {"uv": [6.375, 5, 6, 5.375], "texture": "#0"}
			}
		},
		{
			"from": [7.5, -8, 2],
			"to": [8.5, -3, 3],
			"rotation": {"angle": 22.5, "axis": "x", "origin": [8, -1, 4]},
			"faces": {
				"north": {"uv": [3.75, 6.125, 3.875, 6.75], "texture": "#0"},
				"east": {"uv": [6.125, 5.5, 6.25, 6.125], "texture": "#0"},
				"south": {"uv": [6.125, 6.25, 6.25, 6.875], "texture": "#0"},
				"west": {"uv": [5.25, 6.375, 5.375, 7], "texture": "#0"},
				"up": {"uv": [5.125, 6.75, 5, 6.625], "texture": "#0"},
				"down": {"uv": [6.75, 5.375, 6.625, 5.5], "texture": "#0"}
			}
		},
		{
			"from": [7, -5, 9],
			"to": [9, -1, 15],
			"rotation": {"angle": 0, "axis": "y", "origin": [0.5, 0, 20]},
			"faces": {
				"north": {"uv": [3, 6.125, 2.75, 6.625], "texture": "#0"},
				"east": {"uv": [2.25, 5, 1.5, 5.5], "texture": "#0"},
				"south": {"uv": [2.625, 6.125, 2.375, 6.625], "texture": "#0"},
				"west": {"uv": [3.125, 5, 2.375, 5.5], "texture": "#0"},
				"up": {"uv": [5.5, 5.5, 5.25, 6.25], "texture": "#0"},
				"down": {"uv": [1.75, 6.375, 1.5, 5.625], "texture": "#0"}
			}
		},
		{
			"from": [6.5, -3, 13],
			"to": [9.5, 0, 16],
			"rotation": {"angle": -45, "axis": "x", "origin": [7, -1.5, 14.5]},
			"faces": {
				"north": {"uv": [6.375, 3.5, 6, 3.875], "texture": "#0"},
				"east": {"uv": [6.375, 3, 6, 3.375], "texture": "#0"},
				"south": {"uv": [6.375, 2.5, 6, 2.875], "texture": "#0"},
				"west": {"uv": [6.375, 4, 6, 4.375], "texture": "#0"},
				"up": {"uv": [6.375, 4.5, 6, 4.875], "texture": "#0"},
				"down": {"uv": [6.375, 5.375, 6, 5], "texture": "#0"}
			}
		},
		{
			"from": [7.5, -8, 13],
			"to": [8.5, -3, 14],
			"rotation": {"angle": -22.5, "axis": "x", "origin": [8, -1, 12]},
			"faces": {
				"north": {"uv": [6.25, 6.25, 6.125, 6.875], "texture": "#0"},
				"east": {"uv": [6.25, 5.5, 6.125, 6.125], "texture": "#0"},
				"south": {"uv": [3.875, 6.125, 3.75, 6.75], "texture": "#0"},
				"west": {"uv": [5.375, 6.375, 5.25, 7], "texture": "#0"},
				"up": {"uv": [5.125, 6.625, 5, 6.75], "texture": "#0"},
				"down": {"uv": [6.75, 5.5, 6.625, 5.375], "texture": "#0"}
			}
		},
		{
			"from": [7.5, -1, 9],
			"to": [8.5, 20, 14],
			"rotation": {"angle": 0, "axis": "y", "origin": [0.5, 0, 20]},
			"faces": {
				"north": {"uv": [3.625, 5, 3.5, 7.625], "texture": "#0"},
				"east": {"uv": [0.625, 5, 0, 7.625], "texture": "#0"},
				"south": {"uv": [3.375, 5, 3.25, 7.625], "texture": "#0"},
				"west": {"uv": [1.375, 5, 0.75, 7.625], "texture": "#0"},
				"up": {"uv": [6.5, 5.5, 6.375, 6.125], "texture": "#0"},
				"down": {"uv": [6.5, 6.875, 6.375, 6.25], "texture": "#0"}
			}
		},
		{
			"from": [7.5, 20, 9],
			"to": [8.5, 23, 13],
			"rotation": {"angle": 0, "axis": "y", "origin": [0.5, 0, 20]},
			"faces": {
				"north": {"uv": [6.625, 2.875, 6.5, 3.25], "texture": "#0"},
				"east": {"uv": [2.375, 5.625, 1.875, 6], "texture": "#0"},
				"south": {"uv": [6.625, 2.375, 6.5, 2.75], "texture": "#0"},
				"west": {"uv": [3, 5.625, 2.5, 6], "texture": "#0"},
				"up": {"uv": [6.625, 0.75, 6.5, 1.25], "texture": "#0"},
				"down": {"uv": [6.625, 1.875, 6.5, 1.375], "texture": "#0"}
			}
		},
		{
			"from": [7.5, 23, 9],
			"to": [8.5, 26, 12],
			"rotation": {"angle": 0, "axis": "y", "origin": [0.5, 0, 20]},
			"faces": {
				"north": {"uv": [6.625, 3.875, 6.5, 4.25], "texture": "#0"},
				"east": {"uv": [6, 6, 5.625, 6.375], "texture": "#0"},
				"south": {"uv": [6.625, 3.375, 6.5, 3.75], "texture": "#0"},
				"west": {"uv": [2.25, 6.125, 1.875, 6.5], "texture": "#0"},
				"up": {"uv": [6.625, 4.375, 6.5, 4.75], "texture": "#0"},
				"down": {"uv": [6.625, 5.25, 6.5, 4.875], "texture": "#0"}
			}
		},
		{
			"from": [7.5, 26, 9],
			"to": [8.5, 28, 11],
			"rotation": {"angle": 0, "axis": "y", "origin": [0.5, 0, 20]},
			"faces": {
				"north": {"uv": [5.875, 6.5, 5.75, 6.75], "texture": "#0"},
				"east": {"uv": [1.75, 6.5, 1.5, 6.75], "texture": "#0"},
				"south": {"uv": [5.625, 6.5, 5.5, 6.75], "texture": "#0"},
				"west": {"uv": [6.75, 2, 6.5, 2.25], "texture": "#0"},
				"up": {"uv": [2, 6.625, 1.875, 6.875], "texture": "#0"},
				"down": {"uv": [2.25, 6.875, 2.125, 6.625], "texture": "#0"}
			}
		},
		{
			"from": [7.5, 28, 9],
			"to": [8.5, 30, 10],
			"rotation": {"angle": 0, "axis": "y", "origin": [0.5, 0, 20]},
			"faces": {
				"north": {"uv": [4.625, 6.625, 4.5, 6.875], "texture": "#0"},
				"east": {"uv": [4.375, 6.625, 4.25, 6.875], "texture": "#0"},
				"south": {"uv": [4.125, 6.625, 4, 6.875], "texture": "#0"},
				"west": {"uv": [4.875, 6.625, 4.75, 6.875], "texture": "#0"},
				"up": {"uv": [6.75, 5.625, 6.625, 5.75], "texture": "#0"},
				"down": {"uv": [6.75, 6, 6.625, 5.875], "texture": "#0"}
			}
		},
		{
			"from": [6.5, -14, 6.5],
			"to": [9.5, -11, 9.5],
			"rotation": {"angle": 0, "axis": "y", "origin": [0.5, 0, -4]},
			"faces": {
				"north": {"uv": [5.625, 5.5, 6, 5.875], "texture": "#0"},
				"east": {"uv": [6, 0, 6.375, 0.375], "texture": "#0"},
				"south": {"uv": [6, 0.5, 6.375, 0.875], "texture": "#0"},
				"west": {"uv": [6, 1, 6.375, 1.375], "texture": "#0"},
				"up": {"uv": [6.375, 1.875, 6, 1.5], "texture": "#0"},
				"down": {"uv": [6.375, 2, 6, 2.375], "texture": "#0"}
			}
		},
		{
			"from": [8, -7, 1],
			"to": [8, 32, 17],
			"rotation": {"angle": 0, "axis": "y", "origin": [8, 15.5, 4]},
			"faces": {
				"north": {"uv": [2.875, 6.75, 2.875, 11.625], "texture": "#0"},
				"east": {"uv": [0, 0, 2, 4.875], "texture": "#0"},
				"south": {"uv": [3, 6.75, 3, 11.625], "texture": "#0"},
				"west": {"uv": [2.125, 0, 4.125, 4.875], "texture": "#0"},
				"up": {"uv": [6.75, 8.125, 6.75, 6.125], "texture": "#0"},
				"down": {"uv": [6.875, 0, 6.875, 2], "texture": "#0"}
			}
		},
		{
			"from": [8, -7, -1],
			"to": [8, 32, 15],
			"rotation": {"angle": 0, "axis": "y", "origin": [8, 15.5, 4]},
			"faces": {
				"north": {"uv": [3, 6.75, 3, 11.625], "texture": "#0"},
				"east": {"uv": [2, 0, 0, 4.875], "texture": "#0"},
				"south": {"uv": [2.875, 6.75, 2.875, 11.625], "texture": "#0"},
				"west": {"uv": [4.125, 0, 2.125, 4.875], "texture": "#0"},
				"up": {"uv": [6.75, 6.125, 6.75, 8.125], "texture": "#0"},
				"down": {"uv": [6.875, 2, 6.875, 0], "texture": "#0"}
			}
		},
		{
			"from": [6.75, -7.24811, -10.40017],
			"to": [6.75, 2.75189, 2.59983],
			"rotation": {"angle": -45, "axis": "x", "origin": [6.75, -1.5, 1.5]},
			"faces": {
				"north": {"uv": [6, 6.5, 6, 7.75], "texture": "#0"},
				"east": {"uv": [5.875, 2.75, 4.25, 4], "texture": "#0"},
				"south": {"uv": [3.125, 5.625, 3.125, 6.875], "texture": "#0"},
				"west": {"uv": [5.875, 1.375, 4.25, 2.625], "texture": "#0"},
				"up": {"uv": [6.625, 6.125, 6.625, 7.75], "texture": "#0"},
				"down": {"uv": [2.375, 8.375, 2.375, 6.75], "texture": "#0"}
			}
		},
		{
			"from": [9.25, -7.24811, -10.40017],
			"to": [9.25, 2.75189, 2.59983],
			"rotation": {"angle": -22.5, "axis": "x", "origin": [9.25, -1.5, 1.5]},
			"faces": {
				"north": {"uv": [6, 6.5, 6, 7.75], "texture": "#0"},
				"east": {"uv": [4.25, 1.375, 5.875, 2.625], "texture": "#0"},
				"south": {"uv": [3.125, 5.625, 3.125, 6.875], "texture": "#0"},
				"west": {"uv": [4.25, 2.75, 5.875, 4], "texture": "#0"},
				"up": {"uv": [6.625, 6.125, 6.625, 7.75], "texture": "#0"},
				"down": {"uv": [2.375, 8.375, 2.375, 6.75], "texture": "#0"}
			}
		},
		{
			"from": [6.75, -7.24811, 13.40017],
			"to": [6.75, 2.75189, 26.40017],
			"rotation": {"angle": 45, "axis": "x", "origin": [6.75, -1.5, 14.5]},
			"faces": {
				"north": {"uv": [3.125, 5.625, 3.125, 6.875], "texture": "#0"},
				"east": {"uv": [4.25, 2.75, 5.875, 4], "texture": "#0"},
				"south": {"uv": [6, 6.5, 6, 7.75], "texture": "#0"},
				"west": {"uv": [4.25, 1.375, 5.875, 2.625], "texture": "#0"},
				"up": {"uv": [6.625, 7.75, 6.625, 6.125], "texture": "#0"},
				"down": {"uv": [2.375, 6.75, 2.375, 8.375], "texture": "#0"}
			}
		},
		{
			"from": [9.25, -7.24811, 13.40017],
			"to": [9.25, 2.75189, 26.40017],
			"rotation": {"angle": 22.5, "axis": "x", "origin": [9.25, -1.5, 14.5]},
			"faces": {
				"north": {"uv": [3.125, 5.625, 3.125, 6.875], "texture": "#0"},
				"east": {"uv": [5.875, 1.375, 4.25, 2.625], "texture": "#0"},
				"south": {"uv": [6, 6.5, 6, 7.75], "texture": "#0"},
				"west": {"uv": [5.875, 2.75, 4.25, 4], "texture": "#0"},
				"up": {"uv": [6.625, 7.75, 6.625, 6.125], "texture": "#0"},
				"down": {"uv": [2.375, 6.75, 2.375, 8.375], "texture": "#0"}
			}
		},
		{
			"from": [8, -16, -15],
			"to": [8, 23, 1],
			"rotation": {"angle": 0, "axis": "y", "origin": [8, -9, 1]},
			"faces": {
				"north": {"uv": [0, 0, 0, 4], "texture": "#0"},
				"east": {"uv": [9.625, 1.125, 11.625, 6], "texture": "#0"},
				"south": {"uv": [0, 0, 0, 4], "texture": "#0"},
				"west": {"uv": [11.625, 0.75, 9.625, 5.625], "texture": "#0"},
				"up": {"uv": [0, 0, 0, 2], "rotation": 180, "texture": "#0"},
				"down": {"uv": [0, 0, 0, 2], "rotation": 180, "texture": "#0"}
			}
		},
		{
			"from": [8, -16, 15],
			"to": [8, 23, 31],
			"rotation": {"angle": 0, "axis": "y", "origin": [8, -9, 15]},
			"faces": {
				"north": {"uv": [0, 0, 0, 4], "texture": "#0"},
				"east": {"uv": [11.625, 1.125, 9.625, 6], "texture": "#0"},
				"south": {"uv": [0, 0, 0, 4], "texture": "#0"},
				"west": {"uv": [9.625, 0.75, 11.625, 5.625], "texture": "#0"},
				"up": {"uv": [0, 2, 0, 0], "rotation": 180, "texture": "#0"},
				"down": {"uv": [0, 2, 0, 0], "rotation": 180, "texture": "#0"}
			}
		}
	],
	"gui_light": "front",
	"display": {
		"thirdperson_righthand": {
			"translation": [0, 9.25, 2],
			"scale": [0.7, 0.7, 0.7]
		},
		"thirdperson_lefthand": {
			"translation": [0, 9.25, 2],
			"scale": [0.7, 0.7, 0.7]
		},
		"firstperson_righthand": {
			"translation": [0, 3.75, 0],
			"scale": [0.5, 0.5, 0.5]
		},
		"firstperson_lefthand": {
			"translation": [0, 3.75, 0],
			"scale": [0.5, 0.5, 0.5]
		},
		"ground": {
			"rotation": [-180, 0, 0],
			"translation": [0, 1.5, 0],
			"scale": [0.25, 0.25, 0.25]
		},
		"gui": {
			"rotation": [51, -135, 69],
			"translation": [0.5, 0.75, 0],
			"scale": [0.5, 0.5, 0.5]
		},
		"head": {
			"rotation": [90, 90, 90],
			"translation": [0, 4, 11.25],
			"scale": [1.2, 1.2, 1.2]
		},
		"fixed": {
			"rotation": [90, -45, 90],
			"translation": [0.25, -0.25, -1],
			"scale": [0.55, 0.55, 0.55]
		}
	},
	"groups": [0, 1, 2, 3, 4, 5, 6, 7, 8, 9, 10, 11, 12, 13, 14, 15, 16, 17,
		{
			"name": "group",
			"origin": [15.5, 0, 0],
			"color": 0,
			"children": [18, 19]
		},
		{
			"name": "group",
			"origin": [15.5, 0, 0],
			"color": 0,
			"children": [20, 21, 22, 23]
		}, 24, 25]
}