{
	"textures": {
		"0": "item/crates/mythical/mythical_axe"
	},
	"elements": [
		{
			"from": [7, -10, 7],
			"to": [9, 21, 9],
			"faces": {
				"north": {"uv": [4.25, 2.25, 4.5, 6.125], "texture": "#0"},
				"east": {"uv": [4.625, 2.25, 4.875, 6.125], "texture": "#0"},
				"south": {"uv": [5, 2.25, 5.25, 6.125], "texture": "#0"},
				"west": {"uv": [5.375, 2.25, 5.625, 6.125], "texture": "#0"},
				"up": {"uv": [6.5, 6.25, 6.25, 6], "texture": "#0"},
				"down": {"uv": [6.5, 6.375, 6.25, 6.625], "texture": "#0"}
			}
		},
		{
			"from": [6.5, 11, 6.5],
			"to": [9.5, 18, 9.5],
			"rotation": {"angle": 0, "axis": "y", "origin": [0.5, 7, 0.5]},
			"faces": {
				"north": {"uv": [5.625, 0, 6, 0.875], "texture": "#0"},
				"east": {"uv": [5.625, 1, 6, 1.875], "texture": "#0"},
				"south": {"uv": [5.75, 2, 6.125, 2.875], "texture": "#0"},
				"west": {"uv": [5.75, 3, 6.125, 3.875], "texture": "#0"},
				"up": {"uv": [6.5, 1.875, 6.125, 1.5], "texture": "#0"},
				"down": {"uv": [6.625, 2, 6.25, 2.375], "texture": "#0"}
			}
		},
		{
			"from": [7.5, 16, 7.5],
			"to": [8.5, 23, 8.5],
			"rotation": {"angle": 0, "axis": "y", "origin": [0.5, 16, -0.5]},
			"faces": {
				"north": {"uv": [6.25, 2.5, 6.375, 3.375], "texture": "#0"},
				"east": {"uv": [4.25, 6.25, 4.375, 7.125], "texture": "#0"},
				"south": {"uv": [4.5, 6.25, 4.625, 7.125], "texture": "#0"},
				"west": {"uv": [4.75, 6.25, 4.875, 7.125], "texture": "#0"},
				"up": {"uv": [7, 1.625, 6.875, 1.5], "texture": "#0"},
				"down": {"uv": [7, 1.75, 6.875, 1.875], "texture": "#0"}
			}
		},
		{
			"from": [7.5, 16, 2.5],
			"to": [8.5, 18, 7.5],
			"rotation": {"angle": 22.5, "axis": "x", "origin": [8, 17, 6]},
			"faces": {
				"north": {"uv": [6.75, 2, 6.875, 2.25], "texture": "#0"},
				"east": {"uv": [5.75, 4, 6.375, 4.25], "texture": "#0"},
				"south": {"uv": [6.75, 3.75, 6.875, 4], "texture": "#0"},
				"west": {"uv": [5.75, 4.375, 6.375, 4.625], "texture": "#0"},
				"up": {"uv": [5.125, 6.875, 5, 6.25], "texture": "#0"},
				"down": {"uv": [5.375, 6.25, 5.25, 6.875], "texture": "#0"}
			}
		},
		{
			"from": [7.5, 16, 9.5],
			"to": [8.5, 18, 11.5],
			"rotation": {"angle": 0, "axis": "x", "origin": [8, 17, 6]},
			"faces": {
				"north": {"uv": [6.875, 0, 7, 0.25], "texture": "#0"},
				"east": {"uv": [6.5, 2.5, 6.75, 2.75], "texture": "#0"},
				"south": {"uv": [6.875, 0.375, 7, 0.625], "texture": "#0"},
				"west": {"uv": [6.5, 2.875, 6.75, 3.125], "texture": "#0"},
				"up": {"uv": [7, 1, 6.875, 0.75], "texture": "#0"},
				"down": {"uv": [7, 1.125, 6.875, 1.375], "texture": "#0"}
			}
		},
		{
			"from": [7.525, 15, 0.5],
			"to": [8.475, 20, 1.5],
			"rotation": {"angle": 0, "axis": "x", "origin": [8, 17, 6]},
			"faces": {
				"north": {"uv": [6.25, 5.25, 6.375, 5.875], "texture": "#0"},
				"east": {"uv": [5.5, 6.25, 5.625, 6.875], "texture": "#0"},
				"south": {"uv": [5.75, 6.25, 5.875, 6.875], "texture": "#0"},
				"west": {"uv": [6, 6.25, 6.125, 6.875], "texture": "#0"},
				"up": {"uv": [7, 3, 6.875, 2.875], "texture": "#0"},
				"down": {"uv": [7, 3.125, 6.875, 3.25], "texture": "#0"}
			}
		},
		{
			"from": [7.55, 16.99896, 1.49477],
			"to": [8.425, 19.99896, 2.49477],
			"rotation": {"angle": -22.5, "axis": "x", "origin": [8, 17.49896, 1.99477]},
			"faces": {
				"north": {"uv": [6.625, 0, 6.75, 0.375], "texture": "#0"},
				"east": {"uv": [6.625, 0.5, 6.75, 0.875], "texture": "#0"},
				"south": {"uv": [6.625, 1, 6.75, 1.375], "texture": "#0"},
				"west": {"uv": [6.625, 1.5, 6.75, 1.875], "texture": "#0"},
				"up": {"uv": [7, 3.5, 6.875, 3.375], "texture": "#0"},
				"down": {"uv": [7, 4.5, 6.875, 4.625], "texture": "#0"}
			}
		},
		{
			"from": [7.525, 11.00322, 0.79875],
			"to": [8.35, 14.00322, 1.79875],
			"rotation": {"angle": 45, "axis": "x", "origin": [7.95, 13.50322, 3.29875]},
			"faces": {
				"north": {"uv": [6.625, 3.25, 6.75, 3.625], "texture": "#0"},
				"east": {"uv": [6.625, 4.5, 6.75, 4.875], "texture": "#0"},
				"south": {"uv": [6.625, 5.75, 6.75, 6.125], "texture": "#0"},
				"west": {"uv": [6.625, 6.25, 6.75, 6.625], "texture": "#0"},
				"up": {"uv": [7, 4.875, 6.875, 4.75], "texture": "#0"},
				"down": {"uv": [7, 5.75, 6.875, 5.875], "texture": "#0"}
			}
		},
		{
			"from": [7.5, 11, 1.5],
			"to": [8.5, 13, 2.5],
			"rotation": {"angle": 22.5, "axis": "x", "origin": [8, 17, 6]},
			"faces": {
				"north": {"uv": [6.75, 4.125, 6.875, 4.375], "texture": "#0"},
				"east": {"uv": [6.75, 5, 6.875, 5.25], "texture": "#0"},
				"south": {"uv": [6.75, 5.375, 6.875, 5.625], "texture": "#0"},
				"west": {"uv": [6.25, 6.75, 6.375, 7], "texture": "#0"},
				"up": {"uv": [7, 2.5, 6.875, 2.375], "texture": "#0"},
				"down": {"uv": [7, 2.625, 6.875, 2.75], "texture": "#0"}
			}
		},
		{
			"from": [7.5, 13, 1.5],
			"to": [8.5, 16, 3.5],
			"rotation": {"angle": 22.5, "axis": "x", "origin": [8, 17, 6]},
			"faces": {
				"north": {"uv": [6.5, 4, 6.625, 4.375], "texture": "#0"},
				"east": {"uv": [6.25, 3.5, 6.5, 3.875], "texture": "#0"},
				"south": {"uv": [6.5, 5.25, 6.625, 5.625], "texture": "#0"},
				"west": {"uv": [6.25, 4.75, 6.5, 5.125], "texture": "#0"},
				"up": {"uv": [6.625, 7, 6.5, 6.75], "texture": "#0"},
				"down": {"uv": [6.875, 6.75, 6.75, 7], "texture": "#0"}
			}
		},
		{
			"from": [8, 1, -8.5],
			"to": [8, 32, 24.5],
			"rotation": {"angle": 0, "axis": "y", "origin": [0, 16, -0.5]},
			"faces": {
				"north": {"uv": [5.5, 7, 5.5, 10.875], "texture": "#0"},
				"east": {"uv": [0, 0, 4.125, 3.875], "texture": "#0"},
				"south": {"uv": [5.625, 7, 5.625, 10.875], "texture": "#0"},
				"west": {"uv": [0, 4, 4.125, 7.875], "texture": "#0"},
				"up": {"uv": [5.75, 11.125, 5.75, 7], "texture": "#0"},
				"down": {"uv": [5.875, 7, 5.875, 11.125], "texture": "#0"}
			}
		},
		{
			"from": [8, -16, 2.5],
			"to": [8, -8, 12.5],
			"faces": {
				"north": {"uv": [5, 7, 5, 8], "texture": "#0"},
				"east": {"uv": [4.25, 0, 5.5, 1], "texture": "#0"},
				"south": {"uv": [5.125, 7, 5.125, 8], "texture": "#0"},
				"west": {"uv": [4.25, 1.125, 5.5, 2.125], "texture": "#0"},
				"up": {"uv": [5.25, 8.25, 5.25, 7], "texture": "#0"},
				"down": {"uv": [5.375, 7, 5.375, 8.25], "texture": "#0"}
			}
		},
		{
			"from": [6.5, -12, 6.5],
			"to": [9.5, -9, 9.5],
			"rotation": {"angle": 45, "axis": "x", "origin": [8, -10.5, 8]},
			"faces": {
				"north": {"uv": [5.75, 4.75, 6.125, 5.125], "texture": "#0"},
				"east": {"uv": [5.75, 5.25, 6.125, 5.625], "texture": "#0"},
				"south": {"uv": [5.75, 5.75, 6.125, 6.125], "texture": "#0"},
				"west": {"uv": [6.125, 0, 6.5, 0.375], "texture": "#0"},
				"up": {"uv": [6.5, 0.875, 6.125, 0.5], "texture": "#0"},
				"down": {"uv": [6.5, 1, 6.125, 1.375], "texture": "#0"}
			}
		}
	],
	"gui_light": "front",
	"display": {
		"thirdperson_righthand": {
			"translation": [0, 4, 1.75],
			"scale": [0.7, 0.7, 0.7]
		},
		"thirdperson_lefthand": {
			"translation": [0, 4, 1.75],
			"scale": [0.7, 0.7, 0.7]
		},
		"firstperson_righthand": {
			"translation": [0, 3.75, 0],
			"scale": [0.5, 0.5, 0.5]
		},
		"firstperson_lefthand": {
			"translation": [0, 3.75, 0],
			"scale": [0.5, 0.5, 0.5]
		},
		"ground": {
			"rotation": [52, 0, 0],
			"scale": [0.25, 0.25, 0.25]
		},
		"gui": {
			"rotation": [77, 41, 111],
			"translation": [1.5, 1.25, 0],
			"scale": [0.55, -0.55, 0.55]
		},
		"head": {
			"rotation": [90, -34, 90],
			"translation": [-9.5, -14.5, 4.25]
		},
		"fixed": {
			"rotation": [90, -45, 90],
			"translation": [0, 0, -1],
			"scale": [0.55, 0.55, 0.55]
		}
	}
}