{
	"textures": {
		"0": "item/crates/mythical/mythical_pickaxe"
	},
	"elements": [
		{
			"from": [7, -10, 7],
			"to": [9, 10, 9],
			"faces": {
				"north": {"uv": [0, 4.25, 0.25, 6.75], "texture": "#0"},
				"east": {"uv": [0.375, 4.25, 0.625, 6.75], "texture": "#0"},
				"south": {"uv": [0.75, 4.25, 1, 6.75], "texture": "#0"},
				"west": {"uv": [1.125, 4.25, 1.375, 6.75], "texture": "#0"},
				"up": {"uv": [3.625, 6.625, 3.375, 6.375], "texture": "#0"},
				"down": {"uv": [4, 6.375, 3.75, 6.625], "texture": "#0"}
			}
		},
		{
			"from": [7, 20.22183, -2.10051],
			"to": [9, 22.22183, 3.89949],
			"rotation": {"angle": 45, "axis": "x", "origin": [-0.5, 12.72183, -6.24264]},
			"faces": {
				"north": {"uv": [6.375, 4.125, 6.625, 4.375], "texture": "#0"},
				"east": {"uv": [5.25, 5, 6, 5.25], "texture": "#0"},
				"south": {"uv": [6.375, 4.5, 6.625, 4.75], "texture": "#0"},
				"west": {"uv": [5.25, 5.375, 6, 5.625], "texture": "#0"},
				"up": {"uv": [1.75, 6.25, 1.5, 5.5], "texture": "#0"},
				"down": {"uv": [2.125, 5.5, 1.875, 6.25], "texture": "#0"}
			}
		},
		{
			"from": [7.025, 12.92602, 5.57339],
			"to": [8.975, 15.92602, 8.57339],
			"rotation": {"angle": -22.5, "axis": "x", "origin": [0, -2.07398, -0.42661]},
			"faces": {
				"north": {"uv": [4.75, 6, 5, 6.375], "texture": "#0"},
				"east": {"uv": [3.25, 5.875, 3.625, 6.25], "texture": "#0"},
				"south": {"uv": [6.125, 0, 6.375, 0.375], "texture": "#0"},
				"west": {"uv": [5.875, 3.5, 6.25, 3.875], "texture": "#0"},
				"up": {"uv": [6.375, 0.875, 6.125, 0.5], "texture": "#0"},
				"down": {"uv": [6.375, 1, 6.125, 1.375], "texture": "#0"}
			}
		},
		{
			"from": [7.025, 13.92602, 2.57339],
			"to": [8.975, 15.92602, 5.57339],
			"rotation": {"angle": -22.5, "axis": "x", "origin": [0, -2.07398, -0.42661]},
			"faces": {
				"north": {"uv": [6.375, 3.75, 6.625, 4], "texture": "#0"},
				"east": {"uv": [6.125, 1.5, 6.5, 1.75], "texture": "#0"},
				"south": {"uv": [4.125, 6.375, 4.375, 6.625], "texture": "#0"},
				"west": {"uv": [6.125, 1.875, 6.5, 2.125], "texture": "#0"},
				"up": {"uv": [6.375, 2.625, 6.125, 2.25], "texture": "#0"},
				"down": {"uv": [6.375, 2.75, 6.125, 3.125], "texture": "#0"}
			}
		},
		{
			"from": [7.5, 14.73334, 6.942],
			"to": [8.5, 16.73334, 9.942],
			"rotation": {"angle": -45, "axis": "x", "origin": [0.5, -1.26666, 3.942]},
			"faces": {
				"north": {"uv": [6.5, 2.75, 6.625, 3], "texture": "#0"},
				"east": {"uv": [6.125, 5, 6.5, 5.25], "texture": "#0"},
				"south": {"uv": [4.75, 6.5, 4.875, 6.75], "texture": "#0"},
				"west": {"uv": [6.125, 5.375, 6.5, 5.625], "texture": "#0"},
				"up": {"uv": [5.125, 4.125, 5, 3.75], "texture": "#0"},
				"down": {"uv": [3.875, 5.875, 3.75, 6.25], "texture": "#0"}
			}
		},
		{
			"from": [7.5, 15.73334, 4.942],
			"to": [8.5, 16.73334, 6.942],
			"rotation": {"angle": -45, "axis": "x", "origin": [0.5, -1.26666, 3.942]},
			"faces": {
				"north": {"uv": [5.625, 3.5, 5.75, 3.625], "texture": "#0"},
				"east": {"uv": [6.625, 1.5, 6.875, 1.625], "texture": "#0"},
				"south": {"uv": [6.125, 3.25, 6.25, 3.375], "texture": "#0"},
				"west": {"uv": [6.625, 1.75, 6.875, 1.875], "texture": "#0"},
				"up": {"uv": [6.75, 5.125, 6.625, 4.875], "texture": "#0"},
				"down": {"uv": [5.125, 6.625, 5, 6.875], "texture": "#0"}
			}
		},
		{
			"from": [6.5, -13, 6.5],
			"to": [9.5, -10, 9.5],
			"rotation": {"angle": 0, "axis": "y", "origin": [-0.5, -3, 0.5]},
			"faces": {
				"north": {"uv": [5.625, 2.5, 6, 2.875], "texture": "#0"},
				"east": {"uv": [5.625, 3, 6, 3.375], "texture": "#0"},
				"south": {"uv": [5.25, 5.75, 5.625, 6.125], "texture": "#0"},
				"west": {"uv": [5.75, 5.75, 6.125, 6.125], "texture": "#0"},
				"up": {"uv": [2.625, 6.25, 2.25, 5.875], "texture": "#0"},
				"down": {"uv": [3.125, 5.875, 2.75, 6.25], "texture": "#0"}
			}
		},
		{
			"from": [6.5, 9, 6.5],
			"to": [9.5, 12, 9.5],
			"rotation": {"angle": 45, "axis": "x", "origin": [8, 10.5, 8]},
			"faces": {
				"north": {"uv": [4.75, 5.5, 5.125, 5.875], "texture": "#0"},
				"east": {"uv": [5.625, 0, 6, 0.375], "texture": "#0"},
				"south": {"uv": [5.625, 0.5, 6, 0.875], "texture": "#0"},
				"west": {"uv": [5.625, 1, 6, 1.375], "texture": "#0"},
				"up": {"uv": [6, 1.875, 5.625, 1.5], "texture": "#0"},
				"down": {"uv": [6, 2, 5.625, 2.375], "texture": "#0"}
			}
		},
		{
			"from": [6, 10.5, 2],
			"to": [10, 14.5, 6],
			"rotation": {"angle": 45, "axis": "x", "origin": [8, 17, 8]},
			"faces": {
				"north": {"uv": [2.75, 4.875, 3.25, 5.375], "texture": "#0"},
				"east": {"uv": [3.375, 4.875, 3.875, 5.375], "texture": "#0"},
				"south": {"uv": [4, 4.875, 4.5, 5.375], "texture": "#0"},
				"west": {"uv": [4.625, 4.875, 5.125, 5.375], "texture": "#0"},
				"up": {"uv": [5.5, 0.5, 5, 0], "texture": "#0"},
				"down": {"uv": [5.5, 0.625, 5, 1.125], "texture": "#0"}
			}
		},
		{
			"from": [7.025, 12.92602, 7.42661],
			"to": [8.975, 15.92602, 10.42661],
			"rotation": {"angle": 22.5, "axis": "x", "origin": [0, -2.07398, 16.42661]},
			"faces": {
				"north": {"uv": [6.375, 0, 6.125, 0.375], "texture": "#0"},
				"east": {"uv": [3.625, 5.875, 3.25, 6.25], "texture": "#0"},
				"south": {"uv": [5, 6, 4.75, 6.375], "texture": "#0"},
				"west": {"uv": [6.25, 3.5, 5.875, 3.875], "texture": "#0"},
				"up": {"uv": [6.375, 0.5, 6.125, 0.875], "texture": "#0"},
				"down": {"uv": [6.375, 1.375, 6.125, 1], "texture": "#0"}
			}
		},
		{
			"from": [7.025, 13.92602, 10.42661],
			"to": [8.975, 15.92602, 13.42661],
			"rotation": {"angle": 22.5, "axis": "x", "origin": [0, -2.07398, 16.42661]},
			"faces": {
				"north": {"uv": [4.375, 6.375, 4.125, 6.625], "texture": "#0"},
				"east": {"uv": [6.5, 1.5, 6.125, 1.75], "texture": "#0"},
				"south": {"uv": [6.625, 3.75, 6.375, 4], "texture": "#0"},
				"west": {"uv": [6.5, 1.875, 6.125, 2.125], "texture": "#0"},
				"up": {"uv": [6.375, 2.25, 6.125, 2.625], "texture": "#0"},
				"down": {"uv": [6.375, 3.125, 6.125, 2.75], "texture": "#0"}
			}
		},
		{
			"from": [7.5, 14.73334, 6.058],
			"to": [8.5, 16.73334, 9.058],
			"rotation": {"angle": 45, "axis": "x", "origin": [0.5, -1.26666, 12.058]},
			"faces": {
				"north": {"uv": [4.875, 6.5, 4.75, 6.75], "texture": "#0"},
				"east": {"uv": [6.5, 5, 6.125, 5.25], "texture": "#0"},
				"south": {"uv": [6.625, 2.75, 6.5, 3], "texture": "#0"},
				"west": {"uv": [6.5, 5.375, 6.125, 5.625], "texture": "#0"},
				"up": {"uv": [5.125, 3.75, 5, 4.125], "texture": "#0"},
				"down": {"uv": [3.875, 6.25, 3.75, 5.875], "texture": "#0"}
			}
		},
		{
			"from": [7.5, 15.73334, 9.058],
			"to": [8.5, 16.73334, 11.058],
			"rotation": {"angle": 45, "axis": "x", "origin": [0.5, -1.26666, 12.058]},
			"faces": {
				"north": {"uv": [6.25, 3.25, 6.125, 3.375], "texture": "#0"},
				"east": {"uv": [6.875, 1.5, 6.625, 1.625], "texture": "#0"},
				"south": {"uv": [5.75, 3.5, 5.625, 3.625], "texture": "#0"},
				"west": {"uv": [6.875, 1.75, 6.625, 1.875], "texture": "#0"},
				"up": {"uv": [6.75, 4.875, 6.625, 5.125], "texture": "#0"},
				"down": {"uv": [5.125, 6.875, 5, 6.625], "texture": "#0"}
			}
		},
		{
			"from": [6, 10.5, 10],
			"to": [10, 14.5, 14],
			"rotation": {"angle": -45, "axis": "x", "origin": [8, 17, 8]},
			"faces": {
				"north": {"uv": [4.5, 4.875, 4, 5.375], "texture": "#0"},
				"east": {"uv": [3.875, 4.875, 3.375, 5.375], "texture": "#0"},
				"south": {"uv": [3.25, 4.875, 2.75, 5.375], "texture": "#0"},
				"west": {"uv": [5.125, 4.875, 4.625, 5.375], "texture": "#0"},
				"up": {"uv": [5.5, 0, 5, 0.5], "texture": "#0"},
				"down": {"uv": [5.5, 1.125, 5, 0.625], "texture": "#0"}
			}
		},
		{
			"from": [7, 20.22183, 12.10051],
			"to": [9, 22.22183, 18.10051],
			"rotation": {"angle": -45, "axis": "x", "origin": [-0.5, 12.72183, 22.24264]},
			"faces": {
				"north": {"uv": [6.625, 4.5, 6.375, 4.75], "texture": "#0"},
				"east": {"uv": [6, 5, 5.25, 5.25], "texture": "#0"},
				"south": {"uv": [6.625, 4.125, 6.375, 4.375], "texture": "#0"},
				"west": {"uv": [6, 5.375, 5.25, 5.625], "texture": "#0"},
				"up": {"uv": [1.75, 5.5, 1.5, 6.25], "texture": "#0"},
				"down": {"uv": [2.125, 6.25, 1.875, 5.5], "texture": "#0"}
			}
		},
		{
			"from": [8, 16, -9.20711],
			"to": [8, 32, 9.79289],
			"rotation": {"angle": 45, "axis": "x", "origin": [8, 24.07107, -6.70711]},
			"faces": {
				"north": {"uv": [6.625, 6.375, 6.625, 8.375], "texture": "#0"},
				"east": {"uv": [0, 0, 2.375, 2], "texture": "#0"},
				"south": {"uv": [6.75, 2.25, 6.75, 4.25], "texture": "#0"},
				"west": {"uv": [0, 2.125, 2.375, 4.125], "texture": "#0"},
				"up": {"uv": [3.375, 9.125, 3.375, 6.75], "texture": "#0"},
				"down": {"uv": [3.5, 6.75, 3.5, 9.125], "texture": "#0"}
			}
		},
		{
			"from": [8, 16, 6.20711],
			"to": [8, 32, 25.20711],
			"rotation": {"angle": -45, "axis": "x", "origin": [8, 24.07107, 22.70711]},
			"faces": {
				"north": {"uv": [6.75, 2.25, 6.75, 4.25], "texture": "#0"},
				"east": {"uv": [2.375, 0, 0, 2], "texture": "#0"},
				"south": {"uv": [6.625, 6.375, 6.625, 8.375], "texture": "#0"},
				"west": {"uv": [2.375, 2.125, 0, 4.125], "texture": "#0"},
				"up": {"uv": [3.375, 6.75, 3.375, 9.125], "texture": "#0"},
				"down": {"uv": [3.5, 9.125, 3.5, 6.75], "texture": "#0"}
			}
		}
	],
	"gui_light": "front",
	"display": {
		"thirdperson_righthand": {
			"translation": [0, 3.5, 1.5],
			"scale": [0.5, 0.5, 0.5]
		},
		"thirdperson_lefthand": {
			"translation": [0, 3.5, 1.5],
			"scale": [0.5, 0.5, 0.5]
		},
		"firstperson_righthand": {
			"scale": [0.5, 0.5, 0.5]
		},
		"firstperson_lefthand": {
			"scale": [0.5, 0.5, 0.5]
		},
		"ground": {
			"rotation": [54, 0, 0],
			"scale": [0.25, 0.25, 0.25]
		},
		"gui": {
			"rotation": [74, -140, 62],
			"translation": [0, -0.25, 0],
			"scale": [0.5, 0.5, 0.5]
		},
		"head": {
			"rotation": [0, 90, 0],
			"translation": [0, 6, 0]
		},
		"fixed": {
			"rotation": [90, -45, 90],
			"translation": [2, -2, -0.5],
			"scale": [0.5, 0.5, 0.5]
		}
	}
}