{
	"textures": {
		"0": "item/crates/valentines22_crate/cupidbow"
	},
	"elements": [
		{
			"from": [5.5, 9.25, 6.75],
			"to": [8, 11.75, 9.25],
			"rotation": {"angle": 22.5, "axis": "z", "origin": [5.99695, 9.7465, 8.00654]},
			"faces": {
				"north": {"uv": [6, 3.71429, 7.42857, 5.14286], "texture": "#0"},
				"east": {"uv": [1.14286, 6.85714, 2.57143, 8.28571], "texture": "#0"},
				"south": {"uv": [6.85714, 1.14286, 8.28571, 2.57143], "texture": "#0"},
				"west": {"uv": [5.71429, 7.14286, 7.14286, 8.57143], "texture": "#0"},
				"up": {"uv": [7.14286, 7.14286, 8.57143, 8.57143], "texture": "#0"},
				"down": {"uv": [7.42857, 2.57143, 8.85714, 4], "texture": "#0"}
			}
		},
		{
			"from": [8, 9.25, 6.75],
			"to": [10.5, 11.75, 9.25],
			"rotation": {"angle": -22.5, "axis": "z", "origin": [10.00305, 9.7465, 8.00654]},
			"faces": {
				"north": {"uv": [7.42857, 4, 8.85714, 5.42857], "texture": "#0"},
				"east": {"uv": [8, 5.42857, 9.42857, 6.85714], "texture": "#0"},
				"south": {"uv": [1.14286, 8.28571, 2.57143, 9.71429], "texture": "#0"},
				"west": {"uv": [2.57143, 8.28571, 4, 9.71429], "texture": "#0"},
				"up": {"uv": [8.28571, 0, 9.71429, 1.42857], "texture": "#0"},
				"down": {"uv": [5.71429, 8.57143, 7.14286, 10], "texture": "#0"}
			}
		},
		{
			"from": [-5.75, 8, 6.75],
			"to": [-4.25, 9.5, 9.25],
			"rotation": {"angle": 0, "axis": "y", "origin": [9.25, 6, 8]},
			"faces": {
				"north": {"uv": [2.85714, 13.71429, 3.71429, 14.57143], "texture": "#0"},
				"east": {"uv": [12.28571, 12.28571, 13.71429, 13.14286], "texture": "#0"},
				"south": {"uv": [13.71429, 1.71429, 14.57143, 2.57143], "texture": "#0"},
				"west": {"uv": [12.28571, 3.42857, 13.71429, 4.28571], "texture": "#0"},
				"up": {"uv": [9.71429, 11.14286, 10.57143, 12.57143], "texture": "#0"},
				"down": {"uv": [12.28571, 4.28571, 13.14286, 5.71429], "texture": "#0"}
			}
		},
		{
			"from": [20.25, 8, 6.75],
			"to": [21.75, 9.5, 9.25],
			"rotation": {"angle": 0, "axis": "y", "origin": [6.75, 6, 8]},
			"faces": {
				"north": {"uv": [13.71429, 6.85714, 14.57143, 7.71429], "texture": "#0"},
				"east": {"uv": [12.28571, 10.57143, 13.71429, 11.42857], "texture": "#0"},
				"south": {"uv": [13.71429, 7.71429, 14.57143, 8.57143], "texture": "#0"},
				"west": {"uv": [12.28571, 11.42857, 13.71429, 12.28571], "texture": "#0"},
				"up": {"uv": [1.14286, 12.57143, 2, 14], "texture": "#0"},
				"down": {"uv": [2, 12.57143, 2.85714, 14], "texture": "#0"}
			}
		},
		{
			"from": [-3.75, 6.5, 7.5],
			"to": [-2.5, 7.5, 8.5],
			"rotation": {"angle": 0, "axis": "y", "origin": [9.25, 6, 8]},
			"faces": {
				"north": {"uv": [13.71429, 12, 14.57143, 12.57143], "texture": "#0"},
				"east": {"uv": [3.42857, 1.42857, 4, 2], "texture": "#0"},
				"south": {"uv": [13.71429, 12.57143, 14.57143, 13.14286], "texture": "#0"},
				"west": {"uv": [7.42857, 5.42857, 8, 6], "texture": "#0"},
				"up": {"uv": [0, 14, 0.85714, 14.57143], "texture": "#0"},
				"down": {"uv": [0.85714, 14, 1.71429, 14.57143], "texture": "#0"}
			}
		},
		{
			"from": [18.5, 6.5, 7.5],
			"to": [19.75, 7.5, 8.5],
			"rotation": {"angle": 0, "axis": "y", "origin": [6.75, 6, 8]},
			"faces": {
				"north": {"uv": [7.14286, 14, 8, 14.57143], "texture": "#0"},
				"east": {"uv": [8.85714, 4.85714, 9.42857, 5.42857], "texture": "#0"},
				"south": {"uv": [12.28571, 14, 13.14286, 14.57143], "texture": "#0"},
				"west": {"uv": [10.57143, 6, 11.14286, 6.57143], "texture": "#0"},
				"up": {"uv": [14, 2.57143, 14.85714, 3.14286], "texture": "#0"},
				"down": {"uv": [14, 9.42857, 14.85714, 10], "texture": "#0"}
			}
		},
		{
			"from": [-5.80019, 6.75244, 7.25],
			"to": [-3.55019, 7.75244, 8.75],
			"rotation": {"angle": -45, "axis": "z", "origin": [-4.1682, 7.22995, 8.02557]},
			"faces": {
				"north": {"uv": [2, 1.42857, 3.42857, 2], "texture": "#0"},
				"east": {"uv": [1.71429, 14, 2.57143, 14.57143], "texture": "#0"},
				"south": {"uv": [9.71429, 8, 11.14286, 8.57143], "texture": "#0"},
				"west": {"uv": [4.57143, 14, 5.42857, 14.57143], "texture": "#0"},
				"up": {"uv": [6, 5.14286, 7.42857, 6], "texture": "#0"},
				"down": {"uv": [11.14286, 5.71429, 12.57143, 6.57143], "texture": "#0"}
			}
		},
		{
			"from": [19.55019, 6.75244, 7.25],
			"to": [21.80019, 7.75244, 8.75],
			"rotation": {"angle": 45, "axis": "z", "origin": [20.1682, 7.22995, 8.02557]},
			"faces": {
				"north": {"uv": [12.57143, 2.85714, 14, 3.42857], "texture": "#0"},
				"east": {"uv": [8, 14.28571, 8.85714, 14.85714], "texture": "#0"},
				"south": {"uv": [13.14286, 5.14286, 14.57143, 5.71429], "texture": "#0"},
				"west": {"uv": [8.85714, 14.28571, 9.71429, 14.85714], "texture": "#0"},
				"up": {"uv": [12.28571, 6.85714, 13.71429, 7.71429], "texture": "#0"},
				"down": {"uv": [12.28571, 7.71429, 13.71429, 8.57143], "texture": "#0"}
			}
		},
		{
			"from": [1.5, 13, 6.75],
			"to": [5, 15, 9.25],
			"faces": {
				"north": {"uv": [6, 6, 8, 7.14286], "texture": "#0"},
				"east": {"uv": [9.71429, 6.85714, 11.14286, 8], "texture": "#0"},
				"south": {"uv": [6, 0, 8, 1.14286], "texture": "#0"},
				"west": {"uv": [5.14286, 10, 6.57143, 11.14286], "texture": "#0"},
				"up": {"uv": [4, 1.42857, 6, 2.85714], "texture": "#0"},
				"down": {"uv": [2, 4.28571, 4, 5.71429], "texture": "#0"}
			}
		},
		{
			"from": [11, 13, 6.75],
			"to": [14.5, 15, 9.25],
			"faces": {
				"north": {"uv": [4, 2.85714, 6, 4], "texture": "#0"},
				"east": {"uv": [1.14286, 9.71429, 2.57143, 10.85714], "texture": "#0"},
				"south": {"uv": [1.14286, 5.71429, 3.14286, 6.85714], "texture": "#0"},
				"west": {"uv": [2.57143, 9.71429, 4, 10.85714], "texture": "#0"},
				"up": {"uv": [2, 0, 4, 1.42857], "texture": "#0"},
				"down": {"uv": [4, 0, 6, 1.42857], "texture": "#0"}
			}
		},
		{
			"from": [5.70878, 10.94962, 7],
			"to": [7.70878, 12.69962, 8.75],
			"rotation": {"angle": 22.5, "axis": "z", "origin": [6.70385, 10.70135, 8.00698]},
			"faces": {
				"north": {"uv": [10.57143, 9.42857, 11.71429, 10.57143], "texture": "#0"},
				"east": {"uv": [11.14286, 11.14286, 12.28571, 12.28571], "texture": "#0"},
				"south": {"uv": [11.14286, 3.42857, 12.28571, 4.57143], "texture": "#0"},
				"west": {"uv": [11.14286, 4.57143, 12.28571, 5.71429], "texture": "#0"},
				"up": {"uv": [11.14286, 6.85714, 12.28571, 8], "texture": "#0"},
				"down": {"uv": [11.42857, 1.14286, 12.57143, 2.28571], "texture": "#0"}
			}
		},
		{
			"from": [8.29122, 10.94962, 7],
			"to": [10.29122, 12.69962, 8.75],
			"rotation": {"angle": -22.5, "axis": "z", "origin": [9.29615, 10.70135, 8.00698]},
			"faces": {
				"north": {"uv": [11.42857, 2.28571, 12.57143, 3.42857], "texture": "#0"},
				"east": {"uv": [11.71429, 9.42857, 12.85714, 10.57143], "texture": "#0"},
				"south": {"uv": [6.28571, 12, 7.42857, 13.14286], "texture": "#0"},
				"west": {"uv": [7.42857, 12, 8.57143, 13.14286], "texture": "#0"},
				"up": {"uv": [3.71429, 12.28571, 4.85714, 13.42857], "texture": "#0"},
				"down": {"uv": [11.14286, 12.28571, 12.28571, 13.42857], "texture": "#0"}
			}
		},
		{
			"from": [4.94448, 12.04609, 7.25],
			"to": [6.94448, 15.04609, 8.5],
			"rotation": {"angle": 45, "axis": "z", "origin": [5.93577, 12.54579, 8.01154]},
			"faces": {
				"north": {"uv": [7.14286, 8.57143, 8.28571, 10.28571], "texture": "#0"},
				"east": {"uv": [6.57143, 10.28571, 7.42857, 12], "texture": "#0"},
				"south": {"uv": [8.28571, 8.57143, 9.42857, 10.28571], "texture": "#0"},
				"west": {"uv": [7.42857, 10.28571, 8.28571, 12], "texture": "#0"},
				"up": {"uv": [12.57143, 1.14286, 13.71429, 2], "texture": "#0"},
				"down": {"uv": [12.57143, 2, 13.71429, 2.85714], "texture": "#0"}
			}
		},
		{
			"from": [9.05552, 12.04609, 7.25],
			"to": [11.05552, 15.04609, 8.5],
			"rotation": {"angle": -45, "axis": "z", "origin": [10.06423, 12.54579, 8.01154]},
			"faces": {
				"north": {"uv": [8.85714, 1.42857, 10, 3.14286], "texture": "#0"},
				"east": {"uv": [1.14286, 10.85714, 2, 12.57143], "texture": "#0"},
				"south": {"uv": [8.85714, 3.14286, 10, 4.85714], "texture": "#0"},
				"west": {"uv": [2, 10.85714, 2.85714, 12.57143], "texture": "#0"},
				"up": {"uv": [6.28571, 13.14286, 7.42857, 14], "texture": "#0"},
				"down": {"uv": [7.42857, 13.14286, 8.57143, 14], "texture": "#0"}
			}
		},
		{
			"from": [2.55552, 5.04609, 7.25],
			"to": [4.30552, 8.04609, 8.75],
			"rotation": {"angle": -45, "axis": "z", "origin": [10.06423, 12.54579, 8.01154]},
			"faces": {
				"north": {"uv": [8.57143, 6.85714, 9.71429, 8.57143], "texture": "#0"},
				"east": {"uv": [8.28571, 10.28571, 9.14286, 12], "texture": "#0"},
				"south": {"uv": [4, 8.85714, 5.14286, 10.57143], "texture": "#0"},
				"west": {"uv": [4, 10.57143, 4.85714, 12.28571], "texture": "#0"},
				"up": {"uv": [12.57143, 5.71429, 13.71429, 6.57143], "texture": "#0"},
				"down": {"uv": [12.85714, 9.42857, 14, 10.28571], "texture": "#0"}
			}
		},
		{
			"from": [11.69448, 5.04609, 7.25],
			"to": [13.44448, 8.04609, 8.75],
			"rotation": {"angle": 45, "axis": "z", "origin": [5.93577, 12.54579, 8.01154]},
			"faces": {
				"north": {"uv": [9.42857, 9.42857, 10.57143, 11.14286], "texture": "#0"},
				"east": {"uv": [2.85714, 10.85714, 3.71429, 12.57143], "texture": "#0"},
				"south": {"uv": [9.42857, 4.85714, 10.57143, 6.57143], "texture": "#0"},
				"west": {"uv": [4.85714, 11.14286, 5.71429, 12.85714], "texture": "#0"},
				"up": {"uv": [12.28571, 13.14286, 13.42857, 14], "texture": "#0"},
				"down": {"uv": [13.14286, 4.28571, 14.28571, 5.14286], "texture": "#0"}
			}
		},
		{
			"from": [-1.26811, 8.42908, 7.5],
			"to": [0.23189, 12.67908, 8.5],
			"rotation": {"angle": -22.5, "axis": "z", "origin": [-1.25964, 10.41465, 8.02038]},
			"faces": {
				"north": {"uv": [3.14286, 5.71429, 4, 8.28571], "texture": "#0"},
				"east": {"uv": [10.57143, 10.57143, 11.14286, 13.14286], "texture": "#0"},
				"south": {"uv": [6, 1.14286, 6.85714, 3.71429], "texture": "#0"},
				"west": {"uv": [10.57143, 3.42857, 11.14286, 6], "texture": "#0"},
				"up": {"uv": [11.14286, 8, 12, 8.57143], "texture": "#0"},
				"down": {"uv": [11.14286, 10.57143, 12, 11.14286], "texture": "#0"}
			}
		},
		{
			"from": [15.76811, 8.42908, 7.5],
			"to": [17.26811, 12.67908, 8.5],
			"rotation": {"angle": 22.5, "axis": "z", "origin": [17.25964, 10.41465, 8.02038]},
			"faces": {
				"north": {"uv": [4, 6.28571, 4.85714, 8.85714], "texture": "#0"},
				"east": {"uv": [5.71429, 11.14286, 6.28571, 13.71429], "texture": "#0"},
				"south": {"uv": [4.85714, 6.28571, 5.71429, 8.85714], "texture": "#0"},
				"west": {"uv": [9.14286, 11.14286, 9.71429, 13.71429], "texture": "#0"},
				"up": {"uv": [5.42857, 14, 6.28571, 14.57143], "texture": "#0"},
				"down": {"uv": [6.28571, 14, 7.14286, 14.57143], "texture": "#0"}
			}
		},
		{
			"from": [-2.9735, 6.37085, 7.25],
			"to": [-1.4735, 8.37085, 8.75],
			"rotation": {"angle": -45, "axis": "z", "origin": [-1.71596, 7.35558, 8.01583]},
			"faces": {
				"north": {"uv": [1.14286, 4.57143, 2, 5.71429], "texture": "#0"},
				"east": {"uv": [2.85714, 12.57143, 3.71429, 13.71429], "texture": "#0"},
				"south": {"uv": [9.71429, 12.57143, 10.57143, 13.71429], "texture": "#0"},
				"west": {"uv": [4.85714, 12.85714, 5.71429, 14], "texture": "#0"},
				"up": {"uv": [13.71429, 3.42857, 14.57143, 4.28571], "texture": "#0"},
				"down": {"uv": [13.71429, 5.71429, 14.57143, 6.57143], "texture": "#0"}
			}
		},
		{
			"from": [17.4735, 6.37085, 7.25],
			"to": [18.9735, 8.37085, 8.75],
			"rotation": {"angle": 45, "axis": "z", "origin": [17.71596, 7.35558, 8.01583]},
			"faces": {
				"north": {"uv": [3.71429, 13.42857, 4.57143, 14.57143], "texture": "#0"},
				"east": {"uv": [10.57143, 13.42857, 11.42857, 14.57143], "texture": "#0"},
				"south": {"uv": [11.42857, 13.42857, 12.28571, 14.57143], "texture": "#0"},
				"west": {"uv": [13.42857, 13.42857, 14.28571, 14.57143], "texture": "#0"},
				"up": {"uv": [13.71429, 10.28571, 14.57143, 11.14286], "texture": "#0"},
				"down": {"uv": [13.71429, 11.14286, 14.57143, 12], "texture": "#0"}
			}
		},
		{
			"from": [7.25, 6.5, 8],
			"to": [18.5, 6.75, 8.25],
			"rotation": {"angle": 22.5, "axis": "z", "origin": [18.2526, 6.63396, 8.11345]},
			"faces": {
				"north": {"uv": [9.42857, 6.57143, 15.42857, 6.85714], "texture": "#0"},
				"east": {"uv": [2.57143, 8, 2.85714, 8.28571], "texture": "#0"},
				"south": {"uv": [9.42857, 8.57143, 15.42857, 8.85714], "texture": "#0"},
				"west": {"uv": [2.85714, 8, 3.14286, 8.28571], "texture": "#0"},
				"up": {"uv": [9.42857, 8.85714, 15.42857, 9.14286], "texture": "#0"},
				"down": {"uv": [9.42857, 9.14286, 15.42857, 9.42857], "texture": "#0"}
			}
		},
		{
			"from": [-2.5, 6.5, 8],
			"to": [8.75, 6.75, 8.25],
			"rotation": {"angle": -22.5, "axis": "z", "origin": [-2.24737, 6.61561, 8.13174]},
			"faces": {
				"north": {"uv": [9.71429, 0, 15.71429, 0.28571], "texture": "#0"},
				"east": {"uv": [8, 0.85714, 8.28571, 1.14286], "texture": "#0"},
				"south": {"uv": [9.71429, 0.28571, 15.71429, 0.57143], "texture": "#0"},
				"west": {"uv": [8, 6.85714, 8.28571, 7.14286], "texture": "#0"},
				"up": {"uv": [9.71429, 0.57143, 15.71429, 0.85714], "texture": "#0"},
				"down": {"uv": [9.71429, 0.85714, 15.71429, 1.14286], "texture": "#0"}
			}
		},
		{
			"from": [7.75, 2.25, 7.75],
			"to": [8.25, 20.5, 8.25],
			"rotation": {"angle": 0, "axis": "y", "origin": [8, 5, 8]},
			"faces": {
				"north": {"uv": [0, 4.57143, 0.28571, 14], "texture": "#0"},
				"east": {"uv": [0.28571, 4.57143, 0.57143, 14], "texture": "#0"},
				"south": {"uv": [0.57143, 4.57143, 0.85714, 14], "texture": "#0"},
				"west": {"uv": [0.85714, 4.57143, 1.14286, 14], "texture": "#0"},
				"up": {"uv": [8.28571, 6.85714, 8.57143, 7.14286], "texture": "#0"},
				"down": {"uv": [9.71429, 1.14286, 10, 1.42857], "texture": "#0"}
			}
		},
		{
			"from": [8, 1.25, 6.25],
			"to": [8, 5, 9.75],
			"rotation": {"angle": 0, "axis": "y", "origin": [8, 5, 8]},
			"faces": {
				"north": {"uv": [0, 0, 0, 2.28571], "texture": "#0"},
				"east": {"uv": [0, 0, 2, 2.28571], "texture": "#0"},
				"south": {"uv": [0, 0, 0, 2.28571], "texture": "#0"},
				"west": {"uv": [2, 2, 4, 4.28571], "texture": "#0"},
				"up": {"uv": [0, 0, 0, 2], "texture": "#0"},
				"down": {"uv": [0, 0, 0, 2], "texture": "#0"}
			}
		},
		{
			"from": [6.25, 1.25, 8],
			"to": [9.75, 5, 8],
			"rotation": {"angle": 0, "axis": "y", "origin": [8, 5, 8]},
			"faces": {
				"north": {"uv": [0, 2.28571, 2, 4.57143], "texture": "#0"},
				"east": {"uv": [0, 0, 0, 2.28571], "texture": "#0"},
				"south": {"uv": [4, 4, 6, 6.28571], "texture": "#0"},
				"west": {"uv": [0, 0, 0, 2.28571], "texture": "#0"},
				"up": {"uv": [0, 0, 2, 0], "texture": "#0"},
				"down": {"uv": [0, 0, 2, 0], "texture": "#0"}
			}
		},
		{
			"from": [8.4764, 20.02352, 7.5],
			"to": [9.2264, 21.77352, 8.5],
			"rotation": {"angle": -45, "axis": "z", "origin": [7.97644, 20.49996, 8.0236]},
			"faces": {
				"north": {"uv": [2.57143, 6.85714, 3.14286, 8], "texture": "#0"},
				"east": {"uv": [6.85714, 2.57143, 7.42857, 3.71429], "texture": "#0"},
				"south": {"uv": [8.28571, 1.42857, 8.85714, 2.57143], "texture": "#0"},
				"west": {"uv": [5.14286, 8.85714, 5.71429, 10], "texture": "#0"},
				"up": {"uv": [8.57143, 13.14286, 9.14286, 13.71429], "texture": "#0"},
				"down": {"uv": [0, 14.57143, 0.57143, 15.14286], "texture": "#0"}
			}
		},
		{
			"from": [9.2264, 20.27352, 7.5],
			"to": [9.4764, 21.52352, 8.5],
			"rotation": {"angle": -45, "axis": "z", "origin": [7.97644, 20.49996, 8.0236]},
			"faces": {
				"north": {"uv": [5.71429, 6.28571, 6, 7.14286], "texture": "#0"},
				"east": {"uv": [10, 13.71429, 10.57143, 14.57143], "texture": "#0"},
				"south": {"uv": [8, 0, 8.28571, 0.85714], "texture": "#0"},
				"west": {"uv": [14.28571, 14.28571, 14.85714, 15.14286], "texture": "#0"},
				"up": {"uv": [4.85714, 10.57143, 5.14286, 11.14286], "texture": "#0"},
				"down": {"uv": [6.28571, 11.14286, 6.57143, 11.71429], "texture": "#0"}
			}
		},
		{
			"from": [6.5236, 20.27352, 7.5],
			"to": [6.7736, 21.52352, 8.5],
			"rotation": {"angle": 45, "axis": "z", "origin": [8.02356, 20.49996, 8.0236]},
			"faces": {
				"north": {"uv": [9.14286, 10.28571, 9.42857, 11.14286], "texture": "#0"},
				"east": {"uv": [14.28571, 4.28571, 14.85714, 5.14286], "texture": "#0"},
				"south": {"uv": [3.71429, 10.85714, 4, 11.71429], "texture": "#0"},
				"west": {"uv": [14.28571, 13.14286, 14.85714, 14], "texture": "#0"},
				"up": {"uv": [3.71429, 11.71429, 4, 12.28571], "texture": "#0"},
				"down": {"uv": [12, 8, 12.28571, 8.57143], "texture": "#0"}
			}
		},
		{
			"from": [6.7736, 20.02352, 7.5],
			"to": [9.2736, 21.77352, 8.5],
			"rotation": {"angle": 45, "axis": "z", "origin": [8.02356, 20.49996, 8.0236]},
			"faces": {
				"north": {"uv": [10, 1.14286, 11.42857, 2.28571], "texture": "#0"},
				"east": {"uv": [10, 3.42857, 10.57143, 4.57143], "texture": "#0"},
				"south": {"uv": [10, 2.28571, 11.42857, 3.42857], "texture": "#0"},
				"west": {"uv": [8.57143, 12, 9.14286, 13.14286], "texture": "#0"},
				"up": {"uv": [8.57143, 13.71429, 10, 14.28571], "texture": "#0"},
				"down": {"uv": [13.71429, 1.14286, 15.14286, 1.71429], "texture": "#0"}
			}
		}
	],
	"gui_light": "front",
	"display": {
		"thirdperson_righthand": {
			"rotation": [-86, -93, 0],
			"translation": [0, -2, 4.5]
		},
		"thirdperson_lefthand": {
			"rotation": [-86, -93, 0],
			"translation": [0, -2, 4.5]
		},
		"firstperson_righthand": {
			"rotation": [-90, -90, -25],
			"translation": [5.75, 3.5, -3]
		},
		"firstperson_lefthand": {
			"rotation": [-90, -90, -25],
			"translation": [5.75, 3.5, -3]
		},
		"ground": {
			"scale": [0.7, 0.7, 0.7]
		},
		"gui": {
			"rotation": [0, 0, 46],
			"scale": [0.8, 0.8, 0.8]
		}
	}
}