{
	"textures": {
		"0": "item/crates/valentines22_crate/heart_shield_animated"
	},
	"elements": [
		{
			"from": [7, 2, 7],
			"to": [9, 4, 9],
			"rotation": {"angle": -45, "axis": "z", "origin": [8, 3, 8]},
			"faces": {
				"north": {"uv": [10, 10.5, 11, 11.5], "texture": "#0"},
				"east": {"uv": [0, 11, 1, 12], "texture": "#0"},
				"south": {"uv": [1, 11, 2, 12], "texture": "#0"},
				"west": {"uv": [2, 11, 3, 12], "texture": "#0"},
				"up": {"uv": [4, 12, 3, 11], "texture": "#0"},
				"down": {"uv": [5, 11, 4, 12], "texture": "#0"}
			}
		},
		{
			"from": [6, 11, 9],
			"to": [10, 12, 10],
			"rotation": {"angle": 0, "axis": "y", "origin": [0, 2, 0]},
			"faces": {
				"north": {"uv": [11, 10.5, 13, 11], "texture": "#0"},
				"east": {"uv": [5, 11, 5.5, 11.5], "texture": "#0"},
				"south": {"uv": [11, 11, 13, 11.5], "texture": "#0"},
				"west": {"uv": [5.5, 11, 6, 11.5], "texture": "#0"},
				"up": {"uv": [7, 12, 5, 11.5], "texture": "#0"},
				"down": {"uv": [12, 11.5, 10, 12], "texture": "#0"}
			}
		},
		{
			"from": [6, 11, 8],
			"to": [7, 12, 9],
			"rotation": {"angle": 0, "axis": "y", "origin": [0, 2, 0]},
			"faces": {
				"north": {"uv": [6.5, 12, 7, 12.5], "texture": "#0"},
				"east": {"uv": [12, 10, 12.5, 10.5], "texture": "#0"},
				"south": {"uv": [12.5, 10, 13, 10.5], "texture": "#0"},
				"west": {"uv": [13.5, 5, 14, 5.5], "texture": "#0"},
				"up": {"uv": [14, 6, 13.5, 5.5], "texture": "#0"},
				"down": {"uv": [3.5, 14, 3, 14.5], "texture": "#0"}
			}
		},
		{
			"from": [9, 11, 8],
			"to": [10, 12, 9],
			"rotation": {"angle": 0, "axis": "y", "origin": [0, 2, 0]},
			"faces": {
				"north": {"uv": [14, 3, 14.5, 3.5], "texture": "#0"},
				"east": {"uv": [3.5, 14, 4, 14.5], "texture": "#0"},
				"south": {"uv": [14, 3.5, 14.5, 4], "texture": "#0"},
				"west": {"uv": [4, 14, 4.5, 14.5], "texture": "#0"},
				"up": {"uv": [14.5, 4.5, 14, 4], "texture": "#0"},
				"down": {"uv": [14.5, 4.5, 14, 5], "texture": "#0"}
			}
		},
		{
			"from": [2, 4, 7.975],
			"to": [14, 17, 7.975],
			"rotation": {"angle": 0, "axis": "y", "origin": [0, 2, 0]},
			"faces": {
				"north": {"uv": [0, 0, 6, 6.5], "texture": "#0"},
				"east": {"uv": [0, 0, 0, 6.5], "texture": "#0"},
				"south": {"uv": [6, 0, 0, 6.5], "texture": "#0"},
				"west": {"uv": [0, 0, 0, 6.5], "texture": "#0"},
				"up": {"uv": [6, 0, 0, 0], "texture": "#0"},
				"down": {"uv": [6, 0, 0, 0], "texture": "#0"}
			}
		},
		{
			"from": [7, 14, 7],
			"to": [9, 16, 9],
			"rotation": {"angle": 45, "axis": "z", "origin": [8, 15, 7]},
			"faces": {
				"north": {"uv": [7, 11.5, 8, 12.5], "texture": "#0"},
				"east": {"uv": [0, 12, 1, 13], "texture": "#0"},
				"south": {"uv": [12, 0, 13, 1], "texture": "#0"},
				"west": {"uv": [1, 12, 2, 13], "texture": "#0"},
				"up": {"uv": [13, 2, 12, 1], "texture": "#0"},
				"down": {"uv": [3, 12, 2, 13], "texture": "#0"}
			}
		},
		{
			"from": [13.5, 8, 7.5],
			"to": [14.5, 11, 8.5],
			"rotation": {"angle": -22.5, "axis": "z", "origin": [14.5, 11, 8]},
			"faces": {
				"north": {"uv": [13, 13, 13.5, 14.5], "texture": "#0"},
				"east": {"uv": [13.5, 2, 14, 3.5], "texture": "#0"},
				"south": {"uv": [13.5, 3.5, 14, 5], "texture": "#0"},
				"west": {"uv": [6.5, 13.5, 7, 15], "texture": "#0"},
				"up": {"uv": [14.5, 5.5, 14, 5], "texture": "#0"},
				"down": {"uv": [6, 14, 5.5, 14.5], "texture": "#0"}
			}
		},
		{
			"from": [13.5, 11, 7.525],
			"to": [14.5, 15, 8.475],
			"rotation": {"angle": 0, "axis": "z", "origin": [14.5, 9, 8]},
			"faces": {
				"north": {"uv": [12, 2, 12.5, 4], "texture": "#0"},
				"east": {"uv": [3, 12, 3.5, 14], "texture": "#0"},
				"south": {"uv": [3.5, 12, 4, 14], "texture": "#0"},
				"west": {"uv": [4, 12, 4.5, 14], "texture": "#0"},
				"up": {"uv": [14.5, 6, 14, 5.5], "texture": "#0"},
				"down": {"uv": [6.5, 14, 6, 14.5], "texture": "#0"}
			}
		},
		{
			"from": [12.675, 11.525, 7.025],
			"to": [14.675, 15.525, 8.975],
			"rotation": {"angle": 0, "axis": "z", "origin": [14.75, 15.5, 8]},
			"faces": {
				"north": {"uv": [8, 6.5, 9, 8.5], "texture": "#0"},
				"east": {"uv": [8, 8.5, 9, 10.5], "texture": "#0"},
				"south": {"uv": [0, 9, 1, 11], "texture": "#0"},
				"west": {"uv": [1, 9, 2, 11], "texture": "#0"},
				"up": {"uv": [13, 5, 12, 4], "texture": "#0"},
				"down": {"uv": [5.5, 12, 4.5, 13], "texture": "#0"}
			}
		},
		{
			"from": [13.5, 15, 7.5],
			"to": [14.5, 20, 8.5],
			"rotation": {"angle": 45, "axis": "z", "origin": [14.5, 15, 8]},
			"faces": {
				"north": {"uv": [6, 9, 6.5, 11.5], "texture": "#0"},
				"east": {"uv": [6.5, 9, 7, 11.5], "texture": "#0"},
				"south": {"uv": [7, 9, 7.5, 11.5], "texture": "#0"},
				"west": {"uv": [7.5, 9, 8, 11.5], "texture": "#0"},
				"up": {"uv": [14.5, 6.5, 14, 6], "texture": "#0"},
				"down": {"uv": [14.5, 6.5, 14, 7], "texture": "#0"}
			}
		},
		{
			"from": [13, 15.25, 7],
			"to": [15, 20.25, 9],
			"rotation": {"angle": 45, "axis": "z", "origin": [14.5, 15, 8]},
			"faces": {
				"north": {"uv": [0, 6.5, 1, 9], "texture": "#0"},
				"east": {"uv": [1, 6.5, 2, 9], "texture": "#0"},
				"south": {"uv": [2, 6.5, 3, 9], "texture": "#0"},
				"west": {"uv": [3, 6.5, 4, 9], "texture": "#0"},
				"up": {"uv": [13, 6, 12, 5], "texture": "#0"},
				"down": {"uv": [6.5, 12, 5.5, 13], "texture": "#0"}
			}
		},
		{
			"from": [11, 18.25, 7],
			"to": [13, 20.25, 9],
			"rotation": {"angle": 45, "axis": "z", "origin": [14.5, 15, 8]},
			"faces": {
				"north": {"uv": [12, 6, 13, 7], "texture": "#0"},
				"east": {"uv": [12, 7, 13, 8], "texture": "#0"},
				"south": {"uv": [12, 8, 13, 9], "texture": "#0"},
				"west": {"uv": [12, 9, 13, 10], "texture": "#0"},
				"up": {"uv": [11, 13, 10, 12], "texture": "#0"},
				"down": {"uv": [12, 12, 11, 13], "texture": "#0"}
			}
		},
		{
			"from": [3, 18.25, 7],
			"to": [5, 20.25, 9],
			"rotation": {"angle": -45, "axis": "z", "origin": [1.5, 15, 8]},
			"faces": {
				"north": {"uv": [12, 11.5, 13, 12.5], "texture": "#0"},
				"east": {"uv": [12.5, 2, 13.5, 3], "texture": "#0"},
				"south": {"uv": [12.5, 3, 13.5, 4], "texture": "#0"},
				"west": {"uv": [6.5, 12.5, 7.5, 13.5], "texture": "#0"},
				"up": {"uv": [13, 13.5, 12, 12.5], "texture": "#0"},
				"down": {"uv": [1, 13, 0, 14], "texture": "#0"}
			}
		},
		{
			"from": [1.325, 11.525, 7.025],
			"to": [3.325, 15.525, 8.975],
			"rotation": {"angle": 0, "axis": "z", "origin": [1.5, 9, 8]},
			"faces": {
				"north": {"uv": [2, 9, 3, 11], "texture": "#0"},
				"east": {"uv": [3, 9, 4, 11], "texture": "#0"},
				"south": {"uv": [4, 9, 5, 11], "texture": "#0"},
				"west": {"uv": [5, 9, 6, 11], "texture": "#0"},
				"up": {"uv": [14, 1, 13, 0], "texture": "#0"},
				"down": {"uv": [2, 13, 1, 14], "texture": "#0"}
			}
		},
		{
			"from": [1, 15.25, 7],
			"to": [3, 20.25, 9],
			"rotation": {"angle": -45, "axis": "z", "origin": [1.5, 15, 8]},
			"faces": {
				"north": {"uv": [4, 6.5, 5, 9], "texture": "#0"},
				"east": {"uv": [5, 6.5, 6, 9], "texture": "#0"},
				"south": {"uv": [6, 6.5, 7, 9], "texture": "#0"},
				"west": {"uv": [7, 6.5, 8, 9], "texture": "#0"},
				"up": {"uv": [14, 2, 13, 1], "texture": "#0"},
				"down": {"uv": [3, 13, 2, 14], "texture": "#0"}
			}
		},
		{
			"from": [7.45, 15.95, 7.5],
			"to": [8.45, 18.95, 8.5],
			"rotation": {"angle": -45, "axis": "z", "origin": [7.5, 15, 8]},
			"faces": {
				"north": {"uv": [7, 13.5, 7.5, 15], "texture": "#0"},
				"east": {"uv": [12, 13.5, 12.5, 15], "texture": "#0"},
				"south": {"uv": [12.5, 13.5, 13, 15], "texture": "#0"},
				"west": {"uv": [13.5, 13, 14, 14.5], "texture": "#0"},
				"up": {"uv": [14.5, 7.5, 14, 7], "texture": "#0"},
				"down": {"uv": [14.5, 7.5, 14, 8], "texture": "#0"}
			}
		},
		{
			"from": [7.55, 15.95, 7.5],
			"to": [8.55, 18.95, 8.5],
			"rotation": {"angle": 45, "axis": "z", "origin": [8.5, 15, 8]},
			"faces": {
				"north": {"uv": [0, 14, 0.5, 15.5], "texture": "#0"},
				"east": {"uv": [14, 0, 14.5, 1.5], "texture": "#0"},
				"south": {"uv": [0.5, 14, 1, 15.5], "texture": "#0"},
				"west": {"uv": [1, 14, 1.5, 15.5], "texture": "#0"},
				"up": {"uv": [8.5, 14.5, 8, 14], "texture": "#0"},
				"down": {"uv": [14.5, 8, 14, 8.5], "texture": "#0"}
			}
		},
		{
			"from": [1.5, 15, 7.5],
			"to": [2.5, 20, 8.5],
			"rotation": {"angle": -45, "axis": "z", "origin": [1.5, 15, 8]},
			"faces": {
				"north": {"uv": [8, 10.5, 8.5, 13], "texture": "#0"},
				"east": {"uv": [8.5, 10.5, 9, 13], "texture": "#0"},
				"south": {"uv": [9, 10.5, 9.5, 13], "texture": "#0"},
				"west": {"uv": [9.5, 10.5, 10, 13], "texture": "#0"},
				"up": {"uv": [9, 14.5, 8.5, 14], "texture": "#0"},
				"down": {"uv": [14.5, 8.5, 14, 9], "texture": "#0"}
			}
		},
		{
			"from": [1.5, 8, 7.5],
			"to": [2.5, 11, 8.5],
			"rotation": {"angle": 22.5, "axis": "z", "origin": [1.5, 11, 8]},
			"faces": {
				"north": {"uv": [1.5, 14, 2, 15.5], "texture": "#0"},
				"east": {"uv": [14, 1.5, 14.5, 3], "texture": "#0"},
				"south": {"uv": [2, 14, 2.5, 15.5], "texture": "#0"},
				"west": {"uv": [2.5, 14, 3, 15.5], "texture": "#0"},
				"up": {"uv": [9.5, 14.5, 9, 14], "texture": "#0"},
				"down": {"uv": [14.5, 9, 14, 9.5], "texture": "#0"}
			}
		},
		{
			"from": [1.5, 11, 7.525],
			"to": [2.5, 15, 8.475],
			"rotation": {"angle": 0, "axis": "z", "origin": [1.5, 9, 8]},
			"faces": {
				"north": {"uv": [7.5, 12.5, 8, 14.5], "texture": "#0"},
				"east": {"uv": [13, 4, 13.5, 6], "texture": "#0"},
				"south": {"uv": [4.5, 13, 5, 15], "texture": "#0"},
				"west": {"uv": [5, 13, 5.5, 15], "texture": "#0"},
				"up": {"uv": [10, 14.5, 9.5, 14], "texture": "#0"},
				"down": {"uv": [14.5, 9.5, 14, 10], "texture": "#0"}
			}
		},
		{
			"from": [11.75, 7, 7],
			"to": [13.75, 9, 9],
			"rotation": {"angle": -22.5, "axis": "z", "origin": [13, 8, 7]},
			"faces": {
				"north": {"uv": [5.5, 13, 6.5, 14], "texture": "#0"},
				"east": {"uv": [13, 6, 14, 7], "texture": "#0"},
				"south": {"uv": [13, 7, 14, 8], "texture": "#0"},
				"west": {"uv": [8, 13, 9, 14], "texture": "#0"},
				"up": {"uv": [14, 9, 13, 8], "texture": "#0"},
				"down": {"uv": [10, 13, 9, 14], "texture": "#0"}
			}
		},
		{
			"from": [2.25, 7, 7],
			"to": [4.25, 9, 9],
			"rotation": {"angle": 22.5, "axis": "z", "origin": [3, 8, 7]},
			"faces": {
				"north": {"uv": [13, 9, 14, 10], "texture": "#0"},
				"east": {"uv": [10, 13, 11, 14], "texture": "#0"},
				"south": {"uv": [13, 10, 14, 11], "texture": "#0"},
				"west": {"uv": [11, 13, 12, 14], "texture": "#0"},
				"up": {"uv": [14, 12, 13, 11], "texture": "#0"},
				"down": {"uv": [14, 12, 13, 13], "texture": "#0"}
			}
		},
		{
			"from": [2, 3, 7.5],
			"to": [8, 4, 8.5],
			"rotation": {"angle": -45, "axis": "z", "origin": [8, 4, 8]},
			"faces": {
				"north": {"uv": [9, 6.5, 12, 7], "texture": "#0"},
				"east": {"uv": [10, 14, 10.5, 14.5], "texture": "#0"},
				"south": {"uv": [9, 7, 12, 7.5], "texture": "#0"},
				"west": {"uv": [14, 10, 14.5, 10.5], "texture": "#0"},
				"up": {"uv": [12, 8, 9, 7.5], "texture": "#0"},
				"down": {"uv": [12, 8, 9, 8.5], "texture": "#0"}
			}
		},
		{
			"from": [8, 3, 7.5],
			"to": [14, 4, 8.5],
			"rotation": {"angle": 45, "axis": "z", "origin": [8, 4, 8]},
			"faces": {
				"north": {"uv": [9, 8.5, 12, 9], "texture": "#0"},
				"east": {"uv": [10.5, 14, 11, 14.5], "texture": "#0"},
				"south": {"uv": [9, 9, 12, 9.5], "texture": "#0"},
				"west": {"uv": [14, 10.5, 14.5, 11], "texture": "#0"},
				"up": {"uv": [12, 10, 9, 9.5], "texture": "#0"},
				"down": {"uv": [12, 10, 9, 10.5], "texture": "#0"}
			}
		}
	],
	"gui_light": "front",
	"display": {
		"thirdperson_righthand": {
			"rotation": [47, -23, 0],
			"translation": [2.25, -0.75, -2]
		},
		"thirdperson_lefthand": {
			"rotation": [47, -23, 0],
			"translation": [2.25, -0.75, -2]
		},
		"firstperson_righthand": {
			"rotation": [0, 0, 23],
			"translation": [-2, -4.25, 0]
		},
		"firstperson_lefthand": {
			"rotation": [0, 0, 23],
			"translation": [-2, -4.25, 0]
		},
		"ground": {
			"rotation": [50, 0, 0],
			"translation": [0, -1.25, -1.25],
			"scale": [0.7, 0.7, 0.7]
		},
		"gui": {
			"rotation": [0, -165, 0],
			"translation": [0, -2.25, 0]
		},
		"fixed": {
			"translation": [0, -2.75, 0]
		}
	},
	"groups": [
		{
			"name": "group",
			"origin": [8, 4, 8],
			"color": 0,
			"children": [0, 1, 2, 3, 4, 5, 6, 7, 8, 9, 10, 11, 12, 13, 14, 15, 16, 17, 18, 19, 20, 21, 22, 23]
		}
	]
}