{
	"textures": {
		"0": "item/crates/magic_crate/crystalbow"
	},
	"elements": [
		{
			"from": [8, 7, 8],
			"to": [8.5, 10, 8.5],
			"rotation": {"angle": 0, "axis": "y", "origin": [12, 13.5, 12]},
			"faces": {
				"north": {"uv": [1.75, 6.75, 2, 8.25], "texture": "#0"},
				"east": {"uv": [3.25, 7, 3.5, 8.5], "texture": "#0"},
				"south": {"uv": [3.5, 7, 3.75, 8.5], "texture": "#0"},
				"west": {"uv": [3.75, 7, 4, 8.5], "texture": "#0"},
				"up": {"uv": [4, 2, 3.75, 1.75], "texture": "#0"},
				"down": {"uv": [6.5, 1.5, 6.25, 1.75], "texture": "#0"}
			}
		},
		{
			"from": [7, 4.5, 7.5],
			"to": [9.5, 7, 9],
			"rotation": {"angle": 0, "axis": "y", "origin": [12, 10.5, 12]},
			"faces": {
				"north": {"uv": [4, 3, 5.25, 1.75], "texture": "#0"},
				"east": {"uv": [5.75, 3.75, 6.5, 2.5], "texture": "#0"},
				"south": {"uv": [4, 1.75, 5.25, 3], "texture": "#0"},
				"west": {"uv": [5.75, 5.75, 6.5, 4.5], "texture": "#0"},
				"up": {"uv": [4, 7, 2.75, 6.25], "texture": "#0"},
				"down": {"uv": [4, 7, 2.75, 6.25], "texture": "#0"}
			}
		},
		{
			"from": [7, 9, 7.5],
			"to": [9.5, 11.5, 9],
			"rotation": {"angle": 0, "axis": "y", "origin": [12, 5.5, 12]},
			"faces": {
				"north": {"uv": [4, 3, 5.25, 1.75], "texture": "#0"},
				"east": {"uv": [5.75, 3.75, 6.5, 2.5], "texture": "#0"},
				"south": {"uv": [5.25, 3, 4, 1.75], "texture": "#0"},
				"west": {"uv": [5.75, 5.75, 6.5, 4.5], "texture": "#0"},
				"up": {"uv": [4, 7, 2.75, 6.25], "texture": "#0"},
				"down": {"uv": [4, 7, 2.75, 6.25], "texture": "#0"}
			}
		},
		{
			"from": [5, 5, 7.75],
			"to": [8.5, 6.5, 8.75],
			"rotation": {"angle": 22.5, "axis": "z", "origin": [8.25, 5.75, 8.5]},
			"faces": {
				"north": {"uv": [2, 1.25, 3.75, 2], "texture": "#0"},
				"east": {"uv": [6.75, 1.75, 7.25, 2.5], "texture": "#0"},
				"south": {"uv": [2, 2, 3.75, 1.25], "rotation": 180, "texture": "#0"},
				"west": {"uv": [6.5, 7, 7, 7.75], "texture": "#0"},
				"up": {"uv": [8.25, 7, 6.5, 6.5], "texture": "#0"},
				"down": {"uv": [8.25, 0, 6.5, 0.5], "texture": "#0"}
			}
		},
		{
			"from": [5, 9.5, 7.75],
			"to": [8.5, 11, 8.75],
			"rotation": {"angle": -22.5, "axis": "z", "origin": [8.25, 10.25, 8.5]},
			"faces": {
				"north": {"uv": [2, 2, 3.75, 1.25], "texture": "#0"},
				"east": {"uv": [6.75, 2.5, 7.25, 1.75], "texture": "#0"},
				"south": {"uv": [2, 1.25, 3.75, 2], "rotation": 180, "texture": "#0"},
				"west": {"uv": [6.5, 7.75, 7, 7], "texture": "#0"},
				"up": {"uv": [8.25, 0.5, 6.5, 0], "texture": "#0"},
				"down": {"uv": [8.25, 6.5, 6.5, 7], "texture": "#0"}
			}
		},
		{
			"from": [7.97911, 6.00023, 7.99],
			"to": [9.99911, 6.52023, 8.51],
			"rotation": {"angle": 22.5, "axis": "z", "origin": [9.98911, 7.16023, 8.25]},
			"faces": {
				"north": {"uv": [4, 3.75, 5, 4], "texture": "#0"},
				"east": {"uv": [7.25, 6, 7.5, 6.25], "texture": "#0"},
				"south": {"uv": [4, 3.75, 5, 4], "rotation": 180, "texture": "#0"},
				"west": {"uv": [7.25, 6.25, 7.5, 6.5], "texture": "#0"},
				"up": {"uv": [4, 3.75, 5, 4], "rotation": 180, "texture": "#0"},
				"down": {"uv": [4, 3.75, 5, 4], "rotation": 180, "texture": "#0"}
			}
		},
		{
			"from": [7.97911, 9.47977, 7.99],
			"to": [9.99911, 9.99977, 8.51],
			"rotation": {"angle": -22.5, "axis": "z", "origin": [9.98911, 8.83977, 8.25]},
			"faces": {
				"north": {"uv": [4, 4, 5, 3.75], "texture": "#0"},
				"east": {"uv": [7.25, 6.25, 7.5, 6], "texture": "#0"},
				"south": {"uv": [4, 4, 5, 3.75], "rotation": 180, "texture": "#0"},
				"west": {"uv": [7.25, 6.5, 7.5, 6.25], "texture": "#0"},
				"up": {"uv": [4, 4, 5, 3.75], "rotation": 180, "texture": "#0"},
				"down": {"uv": [4, 4, 5, 3.75], "rotation": 180, "texture": "#0"}
			}
		},
		{
			"from": [7.92202, 3.38724, 7.99],
			"to": [9.94202, 3.90724, 8.51],
			"rotation": {"angle": 22.5, "axis": "z", "origin": [10.68202, 6.44724, 8.25]},
			"faces": {
				"north": {"uv": [4.75, 5.75, 5, 6.75], "rotation": 270, "texture": "#0"},
				"east": {"uv": [0.5, 7.75, 0.25, 7.5], "rotation": 90, "texture": "#0"},
				"south": {"uv": [4.75, 5.75, 5, 6.75], "rotation": 90, "texture": "#0"},
				"west": {"uv": [0.75, 7.5, 0.5, 7.75], "rotation": 90, "texture": "#missing"},
				"up": {"uv": [4.75, 5.75, 5, 6.75], "rotation": 90, "texture": "#0"},
				"down": {"uv": [4.75, 5.75, 5, 6.75], "rotation": 90, "texture": "#0"}
			}
		},
		{
			"from": [7.92202, 12.09276, 7.99],
			"to": [9.94202, 12.61276, 8.51],
			"rotation": {"angle": -22.5, "axis": "z", "origin": [10.68202, 9.55276, 8.25]},
			"faces": {
				"north": {"uv": [5, 5.75, 4.75, 6.75], "rotation": 270, "texture": "#0"},
				"east": {"uv": [0.25, 7.75, 0.5, 7.5], "rotation": 90, "texture": "#0"},
				"south": {"uv": [5, 5.75, 4.75, 6.75], "rotation": 90, "texture": "#0"},
				"west": {"uv": [0.5, 7.5, 0.75, 7.75], "rotation": 90, "texture": "#missing"},
				"up": {"uv": [5, 5.75, 4.75, 6.75], "rotation": 90, "texture": "#0"},
				"down": {"uv": [5, 5.75, 4.75, 6.75], "rotation": 90, "texture": "#0"}
			}
		},
		{
			"from": [8.97911, 5.50023, 8.24],
			"to": [11.99911, 7.02023, 8.26],
			"rotation": {"angle": 22.5, "axis": "z", "origin": [9.98911, 7.16023, 8.25]},
			"faces": {
				"north": {"uv": [5, 3.75, 6.5, 4.5], "texture": "#0"},
				"east": {"uv": [0, 0, 0, 0.75], "texture": "#0"},
				"south": {"uv": [5, 3.75, 6.5, 4.5], "rotation": 180, "texture": "#0"},
				"west": {"uv": [0, 0, 0, 0.75], "texture": "#0"},
				"up": {"uv": [1.5, 0, 0, 0], "texture": "#0"},
				"down": {"uv": [1.5, 0, 0, 0], "texture": "#0"}
			}
		},
		{
			"from": [8.97911, 8.97977, 8.24],
			"to": [11.99911, 10.49977, 8.26],
			"rotation": {"angle": -22.5, "axis": "z", "origin": [9.98911, 8.83977, 8.25]},
			"faces": {
				"north": {"uv": [5, 4.5, 6.5, 3.75], "texture": "#0"},
				"east": {"uv": [0, 0.75, 0, 0], "texture": "#0"},
				"south": {"uv": [5, 4.5, 6.5, 3.75], "rotation": 180, "texture": "#0"},
				"west": {"uv": [0, 0.75, 0, 0], "texture": "#0"},
				"up": {"uv": [1.5, 0, 0, 0], "texture": "#0"},
				"down": {"uv": [1.5, 0, 0, 0], "texture": "#0"}
			}
		},
		{
			"from": [8.92202, 2.88724, 8.24],
			"to": [11.94202, 4.40724, 8.26],
			"rotation": {"angle": 22.5, "axis": "z", "origin": [10.68202, 6.44724, 8.25]},
			"faces": {
				"north": {"uv": [5.75, 0, 6.5, 1.5], "rotation": 270, "texture": "#0"},
				"east": {"uv": [0.75, 0, 0, 0], "rotation": 90, "texture": "#0"},
				"south": {"uv": [5.75, 0, 6.5, 1.5], "rotation": 90, "texture": "#0"},
				"west": {"uv": [0.75, 0, 0, 0], "rotation": 90, "texture": "#0"},
				"up": {"uv": [0, 0, 0, 1.5], "rotation": 90, "texture": "#0"},
				"down": {"uv": [0, 0, 0, 1.5], "rotation": 90, "texture": "#0"}
			}
		},
		{
			"from": [8.92202, 11.59276, 8.24],
			"to": [11.94202, 13.11276, 8.26],
			"rotation": {"angle": -22.5, "axis": "z", "origin": [10.68202, 9.55276, 8.25]},
			"faces": {
				"north": {"uv": [6.5, 0, 5.75, 1.5], "rotation": 270, "texture": "#0"},
				"east": {"uv": [0, 0, 0.75, 0], "rotation": 90, "texture": "#0"},
				"south": {"uv": [6.5, 0, 5.75, 1.5], "rotation": 90, "texture": "#0"},
				"west": {"uv": [0, 0, 0.75, 0], "rotation": 90, "texture": "#0"},
				"up": {"uv": [0, 0, 0, 1.5], "rotation": 90, "texture": "#0"},
				"down": {"uv": [0, 0, 0, 1.5], "rotation": 90, "texture": "#0"}
			}
		},
		{
			"from": [3.72418, 3.70142, 8.21],
			"to": [7.70418, 6.18142, 8.19],
			"rotation": {"angle": 22.5, "axis": "z", "origin": [5.71418, 4.94142, 8.2]},
			"faces": {
				"north": {"uv": [0, 2.5, 2, 3.75], "texture": "#0"},
				"east": {"uv": [0, 0, 0, 1.25], "texture": "#0"},
				"south": {"uv": [0, 3.75, 2, 2.5], "rotation": 180, "texture": "#0"},
				"west": {"uv": [0, 0, 0, 1.25], "texture": "#0"},
				"up": {"uv": [2, 0, 0, 0], "texture": "#0"},
				"down": {"uv": [2, 0, 0, 0], "texture": "#0"}
			}
		},
		{
			"from": [3.72418, 9.81858, 8.21],
			"to": [7.70418, 12.29858, 8.19],
			"rotation": {"angle": -22.5, "axis": "z", "origin": [5.71418, 11.05858, 8.2]},
			"faces": {
				"north": {"uv": [0, 3.75, 2, 2.5], "texture": "#0"},
				"east": {"uv": [0, 1.25, 0, 0], "texture": "#0"},
				"south": {"uv": [0, 2.5, 2, 3.75], "rotation": 180, "texture": "#0"},
				"west": {"uv": [0, 1.25, 0, 0], "texture": "#0"},
				"up": {"uv": [2, 0, 0, 0], "texture": "#0"},
				"down": {"uv": [2, 0, 0, 0], "texture": "#0"}
			}
		},
		{
			"from": [9.25679, -1.0738, 7.73],
			"to": [10.79679, 2.4662, 8.77],
			"rotation": {"angle": -22.5, "axis": "z", "origin": [7.52013, 5.86814, 8.14281]},
			"faces": {
				"north": {"uv": [5, 0, 5.75, 1.75], "texture": "#0"},
				"east": {"uv": [0.75, 6.75, 1.25, 8.5], "texture": "#0"},
				"south": {"uv": [5.75, 0, 5, 1.75], "texture": "#0"},
				"west": {"uv": [0.75, 6.75, 1.25, 8.5], "texture": "#0"},
				"up": {"uv": [7.75, 7.5, 7, 7], "texture": "#0"},
				"down": {"uv": [7.75, 0.5, 7, 1], "texture": "#0"}
			}
		},
		{
			"from": [7.68937, 1.4304, 7.72],
			"to": [9.24937, 4.9904, 8.78],
			"rotation": {"angle": 0, "axis": "z", "origin": [7.52013, 5.86814, 8.14281]},
			"faces": {
				"north": {"uv": [3.25, 4.5, 4, 6.25], "texture": "#0"},
				"east": {"uv": [6.5, 2.5, 7, 4.25], "texture": "#0"},
				"south": {"uv": [4, 4.5, 3.25, 6.25], "texture": "#0"},
				"west": {"uv": [6.5, 2.5, 7, 4.25], "texture": "#0"},
				"up": {"uv": [5.75, 5, 5, 4.5], "texture": "#missing"},
				"down": {"uv": [7.25, 6, 6.5, 6.5], "texture": "#missing"}
			}
		},
		{
			"from": [2.92225, -0.7408, 8.2],
			"to": [5.40225, 3.2392, 8.18],
			"rotation": {"angle": 22.5, "axis": "z", "origin": [7.52013, 5.86814, 8.14281]},
			"faces": {
				"north": {"uv": [0, 0, 2, 1.25], "rotation": 270, "texture": "#0"},
				"east": {"uv": [2, 0, 0, 0], "rotation": 90, "texture": "#missing"},
				"south": {"uv": [2, 0, 0, 1.25], "rotation": 90, "texture": "#0"},
				"west": {"uv": [2, 0, 0, 0], "rotation": 90, "texture": "#missing"},
				"up": {"uv": [0, 0, 0, 1.25], "rotation": 90, "texture": "#missing"},
				"down": {"uv": [0, 0, 0, 1.25], "rotation": 90, "texture": "#missing"}
			}
		},
		{
			"from": [8.06968, 0.99919, 8.21],
			"to": [12.04968, 3.47919, 8.19],
			"rotation": {"angle": -45, "axis": "z", "origin": [7.52013, 5.86814, 8.14281]},
			"faces": {
				"north": {"uv": [2, 2, 4, 3.25], "texture": "#0"},
				"east": {"uv": [0, 0, 0, 1.25], "texture": "#0"},
				"south": {"uv": [4, 2, 2, 3.25], "texture": "#0"},
				"west": {"uv": [0, 0, 0, 1.25], "texture": "#0"},
				"up": {"uv": [2, 0, 0, 0], "texture": "#0"},
				"down": {"uv": [2, 0, 0, 0], "texture": "#0"}
			}
		},
		{
			"from": [4.40659, -1.78587, 7.74],
			"to": [7.90659, -0.28587, 8.74],
			"rotation": {"angle": 0, "axis": "z", "origin": [7.52013, 5.86814, 8.14281]},
			"faces": {
				"north": {"uv": [4, 5.75, 4.75, 7.5], "rotation": 270, "texture": "#0"},
				"east": {"uv": [7.75, 1.5, 7, 1], "rotation": 90, "texture": "#missing"},
				"south": {"uv": [4.75, 5.75, 4, 7.5], "rotation": 90, "texture": "#0"},
				"west": {"uv": [7.75, 2.5, 7, 3], "rotation": 90, "texture": "#0"},
				"up": {"uv": [4.75, 6.75, 5.25, 8.5], "rotation": 90, "texture": "#0"},
				"down": {"uv": [4.75, 6.75, 5.25, 8.5], "rotation": 90, "texture": "#0"}
			}
		},
		{
			"from": [2.14066, 2.1781, 8.125],
			"to": [2.64066, 14.1781, 8.125],
			"rotation": {"angle": 45, "axis": "z", "origin": [6.52013, 6.86814, 8.14281]},
			"faces": {
				"north": {"uv": [15.24975, 8.25, 15.62475, 11.375], "texture": "#0"},
				"east": {"uv": [0.75, 6.75, 1.25, 8.5], "texture": "#0"},
				"south": {"uv": [15.24975, 8.25, 15.62475, 11.375], "texture": "#0"},
				"west": {"uv": [1.25, 6.75, 1.75, 8.5], "texture": "#0"},
				"up": {"uv": [7.75, 7.5, 7, 7], "texture": "#0"},
				"down": {"uv": [7.75, 0.5, 7, 1], "texture": "#0"}
			}
		},
		{
			"from": [4.76978, -2.38598, 8.085],
			"to": [8.24978, -0.40598, 8.065],
			"rotation": {"angle": -22.5, "axis": "z", "origin": [7.52013, 5.86814, 8.14281]},
			"faces": {
				"north": {"uv": [4, 4, 5, 5.75], "rotation": 270, "texture": "#0"},
				"east": {"uv": [1, 0, 0, 0], "rotation": 90, "texture": "#missing"},
				"south": {"uv": [4, 5.75, 5, 4], "rotation": 270, "texture": "#0"},
				"west": {"uv": [1, 0, 0, 0], "rotation": 90, "texture": "#missing"},
				"up": {"uv": [0, 0, 0, 1.75], "rotation": 90, "texture": "#missing"},
				"down": {"uv": [0, 0, 0, 1.75], "rotation": 90, "texture": "#missing"}
			}
		},
		{
			"from": [6.2634, -1.84879, 7.835],
			"to": [7.2434, -0.86879, 8.315],
			"rotation": {"angle": -22.5, "axis": "z", "origin": [7.52013, 5.86814, 8.14281]},
			"faces": {
				"north": {"uv": [5.25, 2.5, 5.75, 3], "rotation": 270, "texture": "#0"},
				"east": {"uv": [7.75, 5.25, 7.25, 5], "rotation": 90, "texture": "#missing"},
				"south": {"uv": [5.25, 2.5, 5.75, 3], "rotation": 270, "texture": "#0"},
				"west": {"uv": [7.75, 5.25, 7.25, 5.5], "rotation": 90, "texture": "#0"},
				"up": {"uv": [7.25, 2, 7.5, 2.5], "rotation": 90, "texture": "#0"},
				"down": {"uv": [3.75, 1.25, 4, 1.75], "rotation": 90, "texture": "#0"}
			}
		},
		{
			"from": [0.06565, -0.20039, 7.825],
			"to": [2.56565, 0.79961, 8.325],
			"rotation": {"angle": 22.5, "axis": "z", "origin": [7.52013, 5.86814, 8.14281]},
			"faces": {
				"north": {"uv": [6.5, 0.5, 7, 1.75], "rotation": 270, "texture": "#0"},
				"east": {"uv": [6.25, 1.75, 5.75, 1.5], "rotation": 90, "texture": "#missing"},
				"south": {"uv": [6.5, 0.5, 7, 1.75], "rotation": 90, "texture": "#0"},
				"west": {"uv": [7.75, 1.75, 7.25, 2], "rotation": 90, "texture": "#0"},
				"up": {"uv": [7, 4.25, 7.25, 5.5], "rotation": 90, "texture": "#0"},
				"down": {"uv": [7, 3, 7.25, 4.25], "rotation": 90, "texture": "#0"}
			}
		},
		{
			"from": [-1.43435, -0.70039, 8.075],
			"to": [3.06565, 1.29961, 8.075],
			"rotation": {"angle": 22.5, "axis": "z", "origin": [7.52013, 5.86814, 8.14281]},
			"faces": {
				"north": {"uv": [0, 3.75, 1, 6], "rotation": 270, "texture": "#0"},
				"east": {"uv": [1, 0, 0, 0], "rotation": 90, "texture": "#missing"},
				"south": {"uv": [1, 3.75, 0, 6], "rotation": 90, "texture": "#0"},
				"west": {"uv": [1, 0, 0, 0], "rotation": 90, "texture": "#missing"},
				"up": {"uv": [0, 0, 0, 2.25], "rotation": 90, "texture": "#missing"},
				"down": {"uv": [0, 0, 0, 2.25], "rotation": 90, "texture": "#missing"}
			}
		},
		{
			"from": [9.25679, 13.5338, 7.73],
			"to": [10.79679, 17.0738, 8.77],
			"rotation": {"angle": 22.5, "axis": "z", "origin": [7.52013, 10.13186, 8.14281]},
			"faces": {
				"north": {"uv": [5, 1.75, 5.75, 0], "texture": "#0"},
				"east": {"uv": [0.75, 8.5, 1.25, 6.75], "texture": "#0"},
				"south": {"uv": [5.75, 1.75, 5, 0], "texture": "#0"},
				"west": {"uv": [0.75, 8.5, 1.25, 6.75], "texture": "#0"},
				"up": {"uv": [7.75, 1, 7, 0.5], "texture": "#0"},
				"down": {"uv": [7.75, 7, 7, 7.5], "texture": "#0"}
			}
		},
		{
			"from": [7.68937, 11.0096, 7.72],
			"to": [9.24937, 14.5696, 8.78],
			"rotation": {"angle": 0, "axis": "z", "origin": [7.52013, 10.13186, 8.14281]},
			"faces": {
				"north": {"uv": [3.25, 6.25, 4, 4.5], "texture": "#0"},
				"east": {"uv": [6.5, 4.25, 7, 2.5], "texture": "#0"},
				"south": {"uv": [4, 6.25, 3.25, 4.5], "texture": "#0"},
				"west": {"uv": [6.5, 4.25, 7, 2.5], "texture": "#0"},
				"up": {"uv": [7.25, 6.5, 6.5, 6], "texture": "#missing"},
				"down": {"uv": [5.75, 4.5, 5, 5], "texture": "#missing"}
			}
		},
		{
			"from": [2.92225, 12.7608, 8.2],
			"to": [5.40225, 16.7408, 8.18],
			"rotation": {"angle": -22.5, "axis": "z", "origin": [7.52013, 10.13186, 8.14281]},
			"faces": {
				"north": {"uv": [2, 0, 0, 1.25], "rotation": 270, "texture": "#0"},
				"east": {"uv": [0, 0, 2, 0], "rotation": 90, "texture": "#missing"},
				"south": {"uv": [0, 0, 2, 1.25], "rotation": 90, "texture": "#0"},
				"west": {"uv": [0, 0, 2, 0], "rotation": 90, "texture": "#missing"},
				"up": {"uv": [0, 0, 0, 1.25], "rotation": 90, "texture": "#missing"},
				"down": {"uv": [0, 0, 0, 1.25], "rotation": 90, "texture": "#missing"}
			}
		},
		{
			"from": [8.06968, 12.52081, 8.21],
			"to": [12.04968, 15.00081, 8.19],
			"rotation": {"angle": 45, "axis": "z", "origin": [7.52013, 10.13186, 8.14281]},
			"faces": {
				"north": {"uv": [2, 3.25, 4, 2], "texture": "#0"},
				"east": {"uv": [0, 1.25, 0, 0], "texture": "#0"},
				"south": {"uv": [4, 3.25, 2, 2], "texture": "#0"},
				"west": {"uv": [0, 1.25, 0, 0], "texture": "#0"},
				"up": {"uv": [2, 0, 0, 0], "texture": "#0"},
				"down": {"uv": [2, 0, 0, 0], "texture": "#0"}
			}
		},
		{
			"from": [4.40659, 16.28587, 7.74],
			"to": [7.90659, 17.78587, 8.74],
			"rotation": {"angle": 0, "axis": "z", "origin": [7.52013, 10.13186, 8.14281]},
			"faces": {
				"north": {"uv": [4.75, 5.75, 4, 7.5], "rotation": 270, "texture": "#0"},
				"east": {"uv": [7, 1.5, 7.75, 1], "rotation": 90, "texture": "#missing"},
				"south": {"uv": [4, 5.75, 4.75, 7.5], "rotation": 90, "texture": "#0"},
				"west": {"uv": [7, 2.5, 7.75, 3], "rotation": 90, "texture": "#0"},
				"up": {"uv": [5.25, 6.75, 4.75, 8.5], "rotation": 90, "texture": "#0"},
				"down": {"uv": [5.25, 6.75, 4.75, 8.5], "rotation": 90, "texture": "#0"}
			}
		},
		{
			"from": [-0.78983, 13.01133, 8.125],
			"to": [11.21017, 13.51133, 8.125],
			"rotation": {"angle": 45, "axis": "z", "origin": [6.52013, 9.13186, 8.14281]},
			"faces": {
				"north": {"uv": [15.24975, 11.375, 15.62475, 8.25], "rotation": 270, "texture": "#0"},
				"east": {"uv": [7.75, 1, 7, 0.5], "rotation": 90, "texture": "#0"},
				"south": {"uv": [15.24975, 11.375, 15.62475, 8.25], "rotation": 90, "texture": "#0"},
				"west": {"uv": [7.75, 7, 7, 7.5], "rotation": 90, "texture": "#0"},
				"up": {"uv": [1.25, 8.5, 1.75, 6.75], "rotation": 90, "texture": "#0"},
				"down": {"uv": [0.75, 8.5, 1.25, 6.75], "rotation": 90, "texture": "#0"}
			}
		},
		{
			"from": [4.76978, 16.40598, 8.085],
			"to": [8.24978, 18.38598, 8.065],
			"rotation": {"angle": 22.5, "axis": "z", "origin": [7.52013, 10.13186, 8.14281]},
			"faces": {
				"north": {"uv": [5, 4, 4, 5.75], "rotation": 270, "texture": "#0"},
				"east": {"uv": [0, 0, 1, 0], "rotation": 90, "texture": "#missing"},
				"south": {"uv": [5, 5.75, 4, 4], "rotation": 270, "texture": "#0"},
				"west": {"uv": [0, 0, 1, 0], "rotation": 90, "texture": "#missing"},
				"up": {"uv": [0, 0, 0, 1.75], "rotation": 90, "texture": "#missing"},
				"down": {"uv": [0, 0, 0, 1.75], "rotation": 90, "texture": "#missing"}
			}
		},
		{
			"from": [6.2634, 16.86879, 7.835],
			"to": [7.2434, 17.84879, 8.315],
			"rotation": {"angle": 22.5, "axis": "z", "origin": [7.52013, 10.13186, 8.14281]},
			"faces": {
				"north": {"uv": [5.75, 2.5, 5.25, 3], "rotation": 270, "texture": "#0"},
				"east": {"uv": [7.25, 5.25, 7.75, 5], "rotation": 90, "texture": "#missing"},
				"south": {"uv": [5.75, 2.5, 5.25, 3], "rotation": 270, "texture": "#0"},
				"west": {"uv": [7.25, 5.25, 7.75, 5.5], "rotation": 90, "texture": "#0"},
				"up": {"uv": [4, 1.25, 3.75, 1.75], "rotation": 90, "texture": "#0"},
				"down": {"uv": [7.5, 2, 7.25, 2.5], "rotation": 90, "texture": "#0"}
			}
		},
		{
			"from": [0.06565, 15.20039, 7.825],
			"to": [2.56565, 16.20039, 8.325],
			"rotation": {"angle": -22.5, "axis": "z", "origin": [7.52013, 10.13186, 8.14281]},
			"faces": {
				"north": {"uv": [7, 0.5, 6.5, 1.75], "rotation": 270, "texture": "#0"},
				"east": {"uv": [5.75, 1.75, 6.25, 1.5], "rotation": 90, "texture": "#missing"},
				"south": {"uv": [7, 0.5, 6.5, 1.75], "rotation": 90, "texture": "#0"},
				"west": {"uv": [7.25, 1.75, 7.75, 2], "rotation": 90, "texture": "#0"},
				"up": {"uv": [7.25, 3, 7, 4.25], "rotation": 90, "texture": "#0"},
				"down": {"uv": [7.25, 4.25, 7, 5.5], "rotation": 90, "texture": "#0"}
			}
		},
		{
			"from": [-1.43435, 14.70039, 8.075],
			"to": [3.06565, 16.70039, 8.075],
			"rotation": {"angle": -22.5, "axis": "z", "origin": [7.52013, 10.13186, 8.14281]},
			"faces": {
				"north": {"uv": [1, 3.75, 0, 6], "rotation": 270, "texture": "#0"},
				"east": {"uv": [0, 0, 1, 0], "rotation": 90, "texture": "#missing"},
				"south": {"uv": [0, 3.75, 1, 6], "rotation": 90, "texture": "#0"},
				"west": {"uv": [0, 0, 1, 0], "rotation": 90, "texture": "#missing"},
				"up": {"uv": [0, 0, 0, 2.25], "rotation": 90, "texture": "#missing"},
				"down": {"uv": [0, 0, 0, 2.25], "rotation": 90, "texture": "#missing"}
			}
		},
		{
			"from": [-3.02582, 6.15142, 7.86],
			"to": [0.95418, 8.63142, 7.84],
			"rotation": {"angle": 0, "axis": "y", "origin": [-1.03582, 7.39142, 7.85]},
			"faces": {
				"north": {"uv": [0, 2.5, 2, 3.75], "texture": "#0"},
				"east": {"uv": [0, 0, 0, 1.25], "texture": "#0"},
				"south": {"uv": [0, 3.75, 2, 2.5], "rotation": 180, "texture": "#0"},
				"west": {"uv": [0, 0, 0, 1.25], "texture": "#0"},
				"up": {"uv": [2, 0, 0, 0], "texture": "#0"},
				"down": {"uv": [2, 0, 0, 0], "texture": "#0"}
			}
		},
		{
			"from": [-3.27582, 7.31858, 7.96],
			"to": [0.70418, 9.79858, 7.94],
			"rotation": {"angle": 0, "axis": "y", "origin": [-1.28582, 8.55858, 7.95]},
			"faces": {
				"north": {"uv": [0, 3.75, 2, 2.5], "texture": "#0"},
				"east": {"uv": [0, 1.25, 0, 0], "texture": "#0"},
				"south": {"uv": [0, 2.5, 2, 3.75], "rotation": 180, "texture": "#0"},
				"west": {"uv": [0, 1.25, 0, 0], "texture": "#0"},
				"up": {"uv": [2, 0, 0, 0], "texture": "#0"},
				"down": {"uv": [2, 0, 0, 0], "texture": "#0"}
			}
		},
		{
			"from": [9.92202, 7.79276, 7.69],
			"to": [11.94202, 8.31276, 8.21],
			"rotation": {"angle": 0, "axis": "y", "origin": [12.68202, 5.25276, 7.95]},
			"faces": {
				"north": {"uv": [4.75, 6.75, 5, 5.75], "rotation": 90, "texture": "#0"},
				"east": {"uv": [0.5, 7.5, 0.25, 7.75], "rotation": 270, "texture": "#0"},
				"south": {"uv": [4.75, 6.75, 5, 5.75], "rotation": 270, "texture": "#0"},
				"west": {"uv": [0.75, 7.75, 0.5, 7.5], "rotation": 270, "texture": "#0"},
				"up": {"uv": [4.75, 6.75, 5, 5.75], "rotation": 270, "texture": "#0"},
				"down": {"uv": [4.75, 6.75, 5, 5.75], "rotation": 270, "texture": "#0"}
			}
		},
		{
			"from": [10.92202, 7.29276, 7.94],
			"to": [13.94202, 8.81276, 7.96],
			"rotation": {"angle": 0, "axis": "y", "origin": [12.68202, 5.25276, 7.95]},
			"faces": {
				"north": {"uv": [5.75, 1.5, 6.5, 0], "rotation": 90, "texture": "#0"},
				"east": {"uv": [0.75, 0, 0, 0], "rotation": 270, "texture": "#0"},
				"south": {"uv": [5.75, 1.5, 6.5, 0], "rotation": 270, "texture": "#0"},
				"west": {"uv": [0.75, 0, 0, 0], "rotation": 270, "texture": "#0"},
				"up": {"uv": [0, 1.5, 0, 0], "rotation": 270, "texture": "#0"},
				"down": {"uv": [0, 1.5, 0, 0], "rotation": 270, "texture": "#0"}
			}
		},
		{
			"from": [-2, 7.85, 7.75],
			"to": [11.5, 8.25, 8.15],
			"rotation": {"angle": 0, "axis": "y", "origin": [5, 14.35, 11.75]},
			"faces": {
				"north": {"uv": [1.75, 6.75, 2, 8.25], "texture": "#0"},
				"east": {"uv": [3.25, 7, 3.5, 8.5], "texture": "#0"},
				"south": {"uv": [3.5, 7, 3.75, 8.5], "texture": "#0"},
				"west": {"uv": [3.75, 7, 4, 8.5], "texture": "#0"},
				"up": {"uv": [4, 2, 3.75, 1.75], "texture": "#0"},
				"down": {"uv": [6.5, 1.5, 6.25, 1.75], "texture": "#0"}
			}
		}
	],
	"display": {
		"thirdperson_righthand": {
			"rotation": [15, 93, 5],
			"translation": [0.5, -1.25, 1.5],
			"scale": [1.25, 1.25, 1.25]
		},
		"thirdperson_lefthand": {
			"rotation": [57, -87, -4],
			"translation": [0.5, 0, 1.5],
			"scale": [1.25, 1.25, 1.25]
		},
		"firstperson_righthand": {
			"rotation": [-0.5, 93.75, 19],
			"translation": [0.5, 4.5, -0.5]
		},
		"firstperson_lefthand": {
			"rotation": [47.5, -71, 19],
			"translation": [0.5, 4.5, -0.5]
		},
		"ground": {
			"translation": [0, 8.5, 0]
		},
		"gui": {
			"rotation": [0, 0, -41],
			"translation": [0, 0, -2]
		},
		"fixed": {
			"rotation": [0, 0, 37],
			"translation": [0, 0, -2]
		}
	},
	"groups": [0, 1, 2, 3, 4, 5, 6, 7, 8, 9, 10, 11, 12, 13, 14,
		{
			"name": "group",
			"origin": [8.58237, -0.79441, 8.28],
			"children": [
				{
					"name": "group",
					"origin": [8.48237, 0.10559, 8.28],
					"children": [15, 16, 17, 18, 19, 20, 21, 22, 23, 24]
				}
			]
		},
		{
			"name": "group",
			"origin": [8.58237, -0.79441, 8.28],
			"children": [
				{
					"name": "group",
					"origin": [8.48237, 0.10559, 8.28],
					"children": [25, 26, 27, 28, 29, 30, 31, 32, 33, 34]
				}
			]
		}, 35, 36, 37, 38, 39]
}