{
	"textures": {
		"0": "item/crates/steampunk22_crate/backpack_animated"
	},
	"elements": [
		{
			"from": [5.25, 3, 6.25],
			"to": [6.75, 12, 7.75],
			"rotation": {"angle": 0, "axis": "y", "origin": [5, -4, -10]},
			"faces": {
				"north": {"uv": [5.875, 6.25, 6.0625, 7.375], "texture": "#0"},
				"east": {"uv": [5.875, 6.25, 6.0625, 7.375], "texture": "#0"},
				"south": {"uv": [5.875, 6.25, 6.0625, 7.375], "texture": "#0"},
				"west": {"uv": [5.875, 6.25, 6.0625, 7.375], "texture": "#0"},
				"up": {"uv": [5.3125, 7.6875, 5.125, 7.5], "texture": "#0"},
				"down": {"uv": [5.6875, 7.5, 5.5, 7.6875], "texture": "#0"}
			}
		},
		{
			"from": [5.5, 12, 6.5],
			"to": [6.5, 21, 7.5],
			"rotation": {"angle": 0, "axis": "y", "origin": [5, -4, -10]},
			"faces": {
				"north": {"uv": [6.75, 3.5, 6.875, 4.625], "texture": "#0"},
				"east": {"uv": [6.75, 3.5, 6.875, 4.625], "texture": "#0"},
				"south": {"uv": [6.75, 3.5, 6.875, 4.625], "texture": "#0"},
				"west": {"uv": [6.75, 3.5, 6.875, 4.625], "texture": "#0"},
				"up": {"uv": [1.25, 5.75, 1.125, 5.625], "texture": "#0"},
				"down": {"uv": [3.5, 6.125, 3.375, 6.25], "texture": "#0"}
			}
		},
		{
			"from": [2.5, 19.75, 7],
			"to": [9.5, 27.75, 7],
			"rotation": {"angle": 22.5, "axis": "x", "origin": [6, 19.75, 7.5]},
			"faces": {
				"north": {"uv": [2.25, 0, 3.125, 1], "texture": "#0"},
				"east": {"uv": [3.14961, 3.40157, 3.14961, 4.40945], "texture": "#0"},
				"south": {"uv": [2.25, 1.125, 3.125, 2.125], "texture": "#0"},
				"west": {"uv": [7.1811, 8.063, 7.1811, 9.07087], "texture": "#0"},
				"up": {"uv": [8.94488, 6.17323, 8.063, 6.17323], "texture": "#0"},
				"down": {"uv": [9.07087, 1.76378, 8.18897, 1.76378], "texture": "#0"}
			}
		},
		{
			"from": [2.5, 11.75, 7],
			"to": [9.5, 19.75, 7],
			"rotation": {"angle": -22.5, "axis": "x", "origin": [6, 19.75, 7.5]},
			"faces": {
				"north": {"uv": [2.25, 2.25, 3.125, 3.25], "texture": "#0"},
				"east": {"uv": [2.01575, 8.18897, 2.01575, 9.19685], "texture": "#0"},
				"south": {"uv": [0, 3.25, 0.875, 4.25], "texture": "#0"},
				"west": {"uv": [5.41732, 8.18897, 5.41732, 9.19685], "texture": "#0"},
				"up": {"uv": [9.07087, 5.16536, 8.18897, 5.16536], "texture": "#0"},
				"down": {"uv": [9.07087, 5.29134, 8.18897, 5.29134], "texture": "#0"}
			}
		},
		{
			"from": [6, 16.25, 7],
			"to": [14, 23.25, 7],
			"rotation": {"angle": -22.5, "axis": "y", "origin": [6, 19.75, 7.5]},
			"faces": {
				"north": {"uv": [3.25, 0, 4.25, 0.875], "texture": "#0"},
				"east": {"uv": [5.54331, 8.18897, 5.54331, 9.07087], "texture": "#0"},
				"south": {"uv": [1, 3.25, 2, 4.125], "texture": "#0"},
				"west": {"uv": [5.66929, 8.18897, 5.66929, 9.07087], "texture": "#0"},
				"up": {"uv": [9.19685, 5.41732, 8.18897, 5.41732], "texture": "#0"},
				"down": {"uv": [9.19685, 5.54331, 8.18897, 5.54331], "texture": "#0"}
			}
		},
		{
			"from": [-2, 16.25, 7],
			"to": [6, 23.25, 7],
			"rotation": {"angle": 22.5, "axis": "y", "origin": [6, 19.75, 7.5]},
			"faces": {
				"north": {"uv": [3.25, 1, 4.25, 1.875], "texture": "#0"},
				"east": {"uv": [5.79528, 8.18897, 5.79528, 9.07087], "texture": "#0"},
				"south": {"uv": [3.25, 2, 4.25, 2.875], "texture": "#0"},
				"west": {"uv": [5.92126, 8.18897, 5.92126, 9.07087], "texture": "#0"},
				"up": {"uv": [9.19685, 6.29921, 8.18897, 6.29921], "texture": "#0"},
				"down": {"uv": [9.19685, 6.4252, 8.18897, 6.4252], "texture": "#0"}
			}
		},
		{
			"from": [5.5, 19.25, 7.5],
			"to": [6.5, 20.25, 13.5],
			"rotation": {"angle": 0, "axis": "y", "origin": [0, -3, 0]},
			"faces": {
				"north": {"uv": [9.125, 0.625, 9.25, 0.75], "texture": "#0"},
				"east": {"uv": [8.8125, 0.375, 9.5625, 0.5], "texture": "#0"},
				"south": {"uv": [8.8125, 0.625, 8.9375, 0.75], "texture": "#0"},
				"west": {"uv": [8.8125, 0.1875, 9.5625, 0.3125], "texture": "#0"},
				"up": {"uv": [8.5625, 0.125, 8.6875, 0.875], "texture": "#0"},
				"down": {"uv": [8.375, 0.125, 8.5, 0.875], "texture": "#0"}
			}
		},
		{
			"from": [2, -6, 6],
			"to": [14, -3, 9],
			"rotation": {"angle": 22.5, "axis": "y", "origin": [8, -3, 0]},
			"faces": {
				"north": {"uv": [3.75, 3, 5.25, 3.375], "texture": "#0"},
				"east": {"uv": [6.25, 6.75, 6.625, 7.125], "texture": "#0"},
				"south": {"uv": [3.75, 3.5, 5.25, 3.875], "texture": "#0"},
				"west": {"uv": [6.75, 6.75, 7.125, 7.125], "texture": "#0"},
				"up": {"uv": [5.25, 4.375, 3.75, 4], "texture": "#0"},
				"down": {"uv": [1.5, 4.375, 0, 4.75], "texture": "#0"}
			}
		},
		{
			"from": [2, -2, 6],
			"to": [14, 1, 9],
			"rotation": {"angle": 22.5, "axis": "y", "origin": [8, -3, 0]},
			"faces": {
				"north": {"uv": [4.375, 0, 5.875, 0.375], "texture": "#0"},
				"east": {"uv": [1.375, 6.875, 1.75, 7.25], "texture": "#0"},
				"south": {"uv": [4.375, 0.5, 5.875, 0.875], "texture": "#0"},
				"west": {"uv": [6.875, 5.375, 7.25, 5.75], "texture": "#0"},
				"up": {"uv": [5.875, 1.375, 4.375, 1], "texture": "#0"},
				"down": {"uv": [5.875, 1.5, 4.375, 1.875], "texture": "#0"}
			}
		},
		{
			"from": [7.75, -4.75, 9],
			"to": [8.25, -4.25, 10.25],
			"rotation": {"angle": 22.5, "axis": "y", "origin": [8, -3, 0]},
			"faces": {
				"north": {"uv": [7.75, 0.875, 7.875, 1], "texture": "#0"},
				"east": {"uv": [7.75, 2.125, 7.875, 2.25], "texture": "#0"},
				"south": {"uv": [7.75, 0.875, 7.875, 1], "texture": "#0"},
				"west": {"uv": [7.75, 2.125, 7.875, 2.25], "texture": "#0"},
				"up": {"uv": [7.75, 2.125, 7.875, 2.25], "texture": "#0"},
				"down": {"uv": [7.75, 2.125, 7.875, 2.25], "texture": "#0"}
			}
		},
		{
			"from": [7.75, -0.75, 9],
			"to": [8.25, -0.25, 10.25],
			"rotation": {"angle": 22.5, "axis": "y", "origin": [8, -3, 0]},
			"faces": {
				"north": {"uv": [7.75, 0.875, 7.875, 1], "texture": "#0"},
				"east": {"uv": [7.75, 2.125, 7.875, 2.25], "texture": "#0"},
				"south": {"uv": [7.75, 0.875, 7.875, 1], "texture": "#0"},
				"west": {"uv": [7.75, 2.125, 7.875, 2.25], "texture": "#0"},
				"up": {"uv": [7.75, 2.125, 7.875, 2.25], "texture": "#0"},
				"down": {"uv": [7.75, 2.125, 7.875, 2.25], "texture": "#0"}
			}
		},
		{
			"from": [7.75, -4.75, 10.25],
			"to": [8.25, -0.25, 10.75],
			"rotation": {"angle": 22.5, "axis": "y", "origin": [8, -3, 0]},
			"faces": {
				"north": {"uv": [2.875, 7.25, 3, 7.875], "texture": "#0"},
				"east": {"uv": [2.875, 7.25, 3, 7.875], "texture": "#0"},
				"south": {"uv": [2.875, 7.25, 3, 7.875], "texture": "#0"},
				"west": {"uv": [2.875, 7.25, 3, 7.875], "texture": "#0"},
				"up": {"uv": [7.875, 3, 7.75, 2.875], "texture": "#0"},
				"down": {"uv": [7.875, 3, 7.75, 2.875], "texture": "#0"}
			}
		},
		{
			"from": [11.25, -4.75, 10.25],
			"to": [11.75, -0.25, 10.75],
			"rotation": {"angle": 22.5, "axis": "y", "origin": [8, -3, 0]},
			"faces": {
				"north": {"uv": [7.25, 3.25, 7.375, 3.875], "texture": "#0"},
				"east": {"uv": [7.25, 3.25, 7.375, 3.875], "texture": "#0"},
				"south": {"uv": [7.25, 3.25, 7.375, 3.875], "texture": "#0"},
				"west": {"uv": [7.25, 3.25, 7.375, 3.875], "texture": "#0"},
				"up": {"uv": [7.93701, 3.52756, 7.81102, 3.40157], "texture": "#0"},
				"down": {"uv": [7.93701, 3.65354, 7.81102, 3.77953], "texture": "#0"}
			}
		},
		{
			"from": [11.25, -4.75, 9],
			"to": [11.75, -4.25, 10.25],
			"rotation": {"angle": 22.5, "axis": "y", "origin": [8, -3, 0]},
			"faces": {
				"north": {"uv": [7.75, 7.375, 7.875, 7.5], "texture": "#0"},
				"east": {"uv": [7.875, 0, 8, 0.125], "texture": "#0"},
				"south": {"uv": [7.75, 7.375, 7.875, 7.5], "texture": "#0"},
				"west": {"uv": [7.875, 0, 8, 0.125], "texture": "#0"},
				"up": {"uv": [7.875, 0, 8, 0.125], "texture": "#0"},
				"down": {"uv": [7.875, 0, 8, 0.125], "texture": "#0"}
			}
		},
		{
			"from": [11.25, -0.75, 9],
			"to": [11.75, -0.25, 10.25],
			"rotation": {"angle": 22.5, "axis": "y", "origin": [8, -3, 0]},
			"faces": {
				"north": {"uv": [7.75, 7.375, 7.875, 7.5], "texture": "#0"},
				"east": {"uv": [7.875, 0, 8, 0.125], "texture": "#0"},
				"south": {"uv": [7.75, 7.375, 7.875, 7.5], "texture": "#0"},
				"west": {"uv": [7.875, 0, 8, 0.125], "texture": "#0"},
				"up": {"uv": [7.875, 0, 8, 0.125], "texture": "#0"},
				"down": {"uv": [7.875, 0, 8, 0.125], "texture": "#0"}
			}
		},
		{
			"from": [4.25, -4.75, 10.25],
			"to": [4.75, -0.25, 10.75],
			"rotation": {"angle": 22.5, "axis": "y", "origin": [8, -3, 0]},
			"faces": {
				"north": {"uv": [7.25, 7.125, 7.375, 7.75], "texture": "#0"},
				"east": {"uv": [7.25, 7.125, 7.375, 7.75], "texture": "#0"},
				"south": {"uv": [7.25, 7.125, 7.375, 7.75], "texture": "#0"},
				"west": {"uv": [7.25, 7.125, 7.375, 7.75], "texture": "#0"},
				"up": {"uv": [5, 8, 4.875, 7.875], "texture": "#0"},
				"down": {"uv": [5, 8, 4.875, 7.875], "texture": "#0"}
			}
		},
		{
			"from": [4.25, -0.75, 9],
			"to": [4.75, -0.25, 10.25],
			"rotation": {"angle": 22.5, "axis": "y", "origin": [8, -3, 0]},
			"faces": {
				"north": {"uv": [5.125, 7.875, 5.25, 8], "texture": "#0"},
				"east": {"uv": [5.75, 8, 5.625, 7.875], "texture": "#0"},
				"south": {"uv": [5.125, 7.875, 5.25, 8], "texture": "#0"},
				"west": {"uv": [5.75, 8, 5.625, 7.875], "texture": "#0"},
				"up": {"uv": [5.75, 8, 5.625, 7.875], "texture": "#0"},
				"down": {"uv": [5.75, 8, 5.625, 7.875], "texture": "#0"}
			}
		},
		{
			"from": [4.25, -4.75, 9],
			"to": [4.75, -4.25, 10.25],
			"rotation": {"angle": 22.5, "axis": "y", "origin": [8, -3, 0]},
			"faces": {
				"north": {"uv": [5.125, 7.875, 5.25, 8], "texture": "#0"},
				"east": {"uv": [5.75, 8, 5.625, 7.875], "texture": "#0"},
				"south": {"uv": [5.125, 7.875, 5.25, 8], "texture": "#0"},
				"west": {"uv": [5.75, 8, 5.625, 7.875], "texture": "#0"},
				"up": {"uv": [5.75, 8, 5.625, 7.875], "texture": "#0"},
				"down": {"uv": [5.75, 8, 5.625, 7.875], "texture": "#0"}
			}
		},
		{
			"from": [11, -1, 9],
			"to": [12, 0, 10],
			"rotation": {"angle": 22.5, "axis": "y", "origin": [8, -3, 0]},
			"faces": {
				"north": {"uv": [7.5, 8, 7.625, 8.125], "texture": "#0"},
				"east": {"uv": [8, 7.5, 8.125, 7.625], "texture": "#0"},
				"south": {"uv": [8.0625, 7.75, 8.1875, 7.875], "texture": "#0"},
				"west": {"uv": [8, 8, 8.125, 8.125], "texture": "#0"},
				"up": {"uv": [0.125, 8.25, 0, 8.125], "texture": "#0"},
				"down": {"uv": [8.25, 0, 8.125, 0.125], "texture": "#0"}
			}
		},
		{
			"from": [11, -5, 9],
			"to": [12, -4, 10],
			"rotation": {"angle": 22.5, "axis": "y", "origin": [8, -3, 0]},
			"faces": {
				"north": {"uv": [7.5, 8, 7.625, 8.125], "texture": "#0"},
				"east": {"uv": [8, 7.5, 8.125, 7.625], "texture": "#0"},
				"south": {"uv": [8.0625, 7.75, 8.1875, 7.875], "texture": "#0"},
				"west": {"uv": [8, 8, 8.125, 8.125], "texture": "#0"},
				"up": {"uv": [0.125, 8.25, 0, 8.125], "texture": "#0"},
				"down": {"uv": [8.25, 0, 8.125, 0.125], "texture": "#0"}
			}
		},
		{
			"from": [11, -5, 10],
			"to": [12, 0, 11],
			"rotation": {"angle": 22.5, "axis": "y", "origin": [8, -3, 0]},
			"faces": {
				"north": {"uv": [7.5, 2.75, 7.625, 3.375], "texture": "#0"},
				"east": {"uv": [7.5, 2.75, 7.625, 3.375], "texture": "#0"},
				"south": {"uv": [7.5, 2.75, 7.625, 3.375], "texture": "#0"},
				"west": {"uv": [7.5, 2.75, 7.625, 3.375], "texture": "#0"},
				"up": {"uv": [0.375, 8.25, 0.25, 8.125], "texture": "#0"},
				"down": {"uv": [0.375, 8.25, 0.25, 8.125], "texture": "#0"}
			}
		},
		{
			"from": [7.5, -5, 9],
			"to": [8.5, -4, 10],
			"rotation": {"angle": 22.5, "axis": "y", "origin": [8, -3, 0]},
			"faces": {
				"north": {"uv": [7.5, 8, 7.625, 8.125], "texture": "#0"},
				"east": {"uv": [8, 7.5, 8.125, 7.625], "texture": "#0"},
				"south": {"uv": [8.0625, 7.75, 8.1875, 7.875], "texture": "#0"},
				"west": {"uv": [8, 8, 8.125, 8.125], "texture": "#0"},
				"up": {"uv": [0.125, 8.25, 0, 8.125], "texture": "#0"},
				"down": {"uv": [8.25, 0, 8.125, 0.125], "texture": "#0"}
			}
		},
		{
			"from": [7.5, -5, 10],
			"to": [8.5, 0, 11],
			"rotation": {"angle": 22.5, "axis": "y", "origin": [8, -3, 0]},
			"faces": {
				"north": {"uv": [7.5, 2.75, 7.625, 3.375], "texture": "#0"},
				"east": {"uv": [7.5, 2.75, 7.625, 3.375], "texture": "#0"},
				"south": {"uv": [7.5, 2.75, 7.625, 3.375], "texture": "#0"},
				"west": {"uv": [7.5, 2.75, 7.625, 3.375], "texture": "#0"},
				"up": {"uv": [0.375, 8.25, 0.25, 8.125], "texture": "#0"},
				"down": {"uv": [0.375, 8.25, 0.25, 8.125], "texture": "#0"}
			}
		},
		{
			"from": [7.5, -1, 9],
			"to": [8.5, 0, 10],
			"rotation": {"angle": 22.5, "axis": "y", "origin": [8, -3, 0]},
			"faces": {
				"north": {"uv": [7.5, 8, 7.625, 8.125], "texture": "#0"},
				"east": {"uv": [8, 7.5, 8.125, 7.625], "texture": "#0"},
				"south": {"uv": [8.0625, 7.75, 8.1875, 7.875], "texture": "#0"},
				"west": {"uv": [8, 8, 8.125, 8.125], "texture": "#0"},
				"up": {"uv": [0.125, 8.25, 0, 8.125], "texture": "#0"},
				"down": {"uv": [8.25, 0, 8.125, 0.125], "texture": "#0"}
			}
		},
		{
			"from": [4, -5, 9],
			"to": [5, -4, 10],
			"rotation": {"angle": 22.5, "axis": "y", "origin": [8, -3, 0]},
			"faces": {
				"north": {"uv": [7.5, 8, 7.625, 8.125], "texture": "#0"},
				"east": {"uv": [8, 7.5, 8.125, 7.625], "texture": "#0"},
				"south": {"uv": [8.0625, 7.75, 8.1875, 7.875], "texture": "#0"},
				"west": {"uv": [8, 8, 8.125, 8.125], "texture": "#0"},
				"up": {"uv": [0.125, 8.25, 0, 8.125], "texture": "#0"},
				"down": {"uv": [8.25, 0, 8.125, 0.125], "texture": "#0"}
			}
		},
		{
			"from": [4, -5, 10],
			"to": [5, 0, 11],
			"rotation": {"angle": 22.5, "axis": "y", "origin": [8, -3, 0]},
			"faces": {
				"north": {"uv": [7.5, 2.75, 7.625, 3.375], "texture": "#0"},
				"east": {"uv": [7.5, 2.75, 7.625, 3.375], "texture": "#0"},
				"south": {"uv": [7.5, 2.75, 7.625, 3.375], "texture": "#0"},
				"west": {"uv": [7.5, 2.75, 7.625, 3.375], "texture": "#0"},
				"up": {"uv": [0.375, 8.25, 0.25, 8.125], "texture": "#0"},
				"down": {"uv": [0.375, 8.25, 0.25, 8.125], "texture": "#0"}
			}
		},
		{
			"from": [4, -1, 9],
			"to": [5, 0, 10],
			"rotation": {"angle": 22.5, "axis": "y", "origin": [8, -3, 0]},
			"faces": {
				"north": {"uv": [7.5, 8, 7.625, 8.125], "texture": "#0"},
				"east": {"uv": [8, 7.5, 8.125, 7.625], "texture": "#0"},
				"south": {"uv": [8.0625, 7.75, 8.1875, 7.875], "texture": "#0"},
				"west": {"uv": [8, 8, 8.125, 8.125], "texture": "#0"},
				"up": {"uv": [0.125, 8.25, 0, 8.125], "texture": "#0"},
				"down": {"uv": [8.25, 0, 8.125, 0.125], "texture": "#0"}
			}
		},
		{
			"from": [3, -3, 6.5],
			"to": [13, -2, 8.5],
			"rotation": {"angle": 22.5, "axis": "y", "origin": [8, -3, 0]},
			"faces": {
				"north": {"uv": [6.375, 0.5, 7.625, 0.625], "texture": "#0"},
				"east": {"uv": [1.125, 5.375, 1.375, 5.5], "texture": "#0"},
				"south": {"uv": [6.375, 0.75, 7.625, 0.875], "texture": "#0"},
				"west": {"uv": [6.375, 2.25, 6.625, 2.375], "texture": "#0"},
				"up": {"uv": [6.625, 3.25, 5.375, 3], "texture": "#0"},
				"down": {"uv": [6.625, 3.375, 5.375, 3.625], "texture": "#0"}
			}
		},
		{
			"from": [3, 1, 6.5],
			"to": [13, 2, 8.5],
			"rotation": {"angle": 22.5, "axis": "y", "origin": [8, -3, 0]},
			"faces": {
				"north": {"uv": [6.375, 1, 7.625, 1.125], "texture": "#0"},
				"east": {"uv": [7.125, 2, 7.375, 2.125], "texture": "#0"},
				"south": {"uv": [6.375, 1.25, 7.625, 1.375], "texture": "#0"},
				"west": {"uv": [7.375, 6.125, 7.625, 6.25], "texture": "#0"},
				"up": {"uv": [6.625, 4, 5.375, 3.75], "texture": "#0"},
				"down": {"uv": [6.625, 4.125, 5.375, 4.375], "texture": "#0"}
			}
		},
		{
			"from": [2, 2, 6],
			"to": [14, 5, 9],
			"rotation": {"angle": 22.5, "axis": "y", "origin": [8, -3, 0]},
			"faces": {
				"north": {"uv": [4.375, 2, 5.875, 2.375], "texture": "#0"},
				"east": {"uv": [6.875, 5.875, 7.25, 6.25], "texture": "#0"},
				"south": {"uv": [4.375, 2.5, 5.875, 2.875], "texture": "#0"},
				"west": {"uv": [7, 0, 7.375, 0.375], "texture": "#0"},
				"up": {"uv": [5.25, 4.875, 3.75, 4.5], "texture": "#0"},
				"down": {"uv": [1.5, 4.875, 0, 5.25], "texture": "#0"}
			}
		},
		{
			"from": [3, 2.5, 9],
			"to": [13, 4.5, 11],
			"rotation": {"angle": 22.5, "axis": "y", "origin": [8, -3, 0]},
			"faces": {
				"north": {"uv": [5.375, 4.5, 6.625, 4.75], "texture": "#0"},
				"east": {"uv": [6.875, 6.375, 7.125, 6.625], "texture": "#0"},
				"south": {"uv": [5.125, 5.5, 6.375, 5.75], "texture": "#0"},
				"west": {"uv": [7, 5, 7.25, 5.25], "texture": "#0"},
				"up": {"uv": [1.25, 6.125, 0, 5.875], "texture": "#0"},
				"down": {"uv": [6.375, 5.875, 5.125, 6.125], "texture": "#0"}
			}
		},
		{
			"from": [4, -6, 3],
			"to": [12, 7, 6],
			"rotation": {"angle": 22.5, "axis": "y", "origin": [8, -3, 0]},
			"faces": {
				"north": {"uv": [0, 0, 1, 1.625], "texture": "#0"},
				"east": {"uv": [3.25, 3, 3.625, 4.625], "texture": "#0"},
				"south": {"uv": [1.125, 0, 2.125, 1.625], "texture": "#0"},
				"west": {"uv": [2.125, 3.375, 2.5, 5], "texture": "#0"},
				"up": {"uv": [1, 5.375, 0, 5.75], "texture": "#0"},
				"down": {"uv": [1, 5.375, 0, 5.75], "texture": "#0"}
			}
		},
		{
			"from": [5.5, 7, 4.5],
			"to": [10.5, 10, 4.5],
			"rotation": {"angle": 22.5, "axis": "y", "origin": [8, -3, 0]},
			"faces": {
				"north": {"uv": [6, 2.5, 6.625, 2.875], "texture": "#0"},
				"east": {"uv": [2.51968, 6.55118, 2.51968, 6.92913], "texture": "#0"},
				"south": {"uv": [6, 2.5, 6.625, 2.875], "texture": "#0"},
				"west": {"uv": [1.25984, 7.55905, 1.25984, 7.93701], "texture": "#0"},
				"up": {"uv": [2.77165, 8.31496, 2.14173, 8.31496], "texture": "#0"},
				"down": {"uv": [8.94488, 2.14173, 8.31496, 2.14173], "texture": "#0"}
			}
		},
		{
			"from": [12, -5, 3.5],
			"to": [13, 3, 5.5],
			"rotation": {"angle": 22.5, "axis": "y", "origin": [8, -3, 0]},
			"faces": {
				"north": {"uv": [3.875, 7.125, 4, 8.125], "texture": "#0"},
				"east": {"uv": [2.625, 6.125, 2.875, 7.125], "texture": "#0"},
				"south": {"uv": [4.125, 7.125, 4.25, 8.125], "texture": "#0"},
				"west": {"uv": [3, 6.125, 3.25, 7.125], "texture": "#0"},
				"up": {"uv": [7.375, 4.25, 7.25, 4], "texture": "#0"},
				"down": {"uv": [6, 7.5, 5.875, 7.75], "texture": "#0"}
			}
		},
		{
			"from": [3, -5, 3.5],
			"to": [4, 3, 5.5],
			"rotation": {"angle": 22.5, "axis": "y", "origin": [8, -3, 0]},
			"faces": {
				"north": {"uv": [3.875, 7.125, 4, 8.125], "texture": "#0"},
				"east": {"uv": [2.625, 6.125, 2.875, 7.125], "texture": "#0"},
				"south": {"uv": [4.125, 7.125, 4.25, 8.125], "texture": "#0"},
				"west": {"uv": [3, 6.125, 3.25, 7.125], "texture": "#0"},
				"up": {"uv": [7.375, 4.25, 7.25, 4], "texture": "#0"},
				"down": {"uv": [6, 7.5, 5.875, 7.75], "texture": "#0"}
			}
		},
		{
			"from": [13, -6, 3],
			"to": [16, 4, 6],
			"rotation": {"angle": 22.5, "axis": "y", "origin": [8, -3, 0]},
			"faces": {
				"north": {"uv": [1.625, 4.25, 2, 5.5], "texture": "#0"},
				"east": {"uv": [1.625, 4.25, 2, 5.5], "texture": "#0"},
				"south": {"uv": [1.625, 4.25, 2, 5.5], "texture": "#0"},
				"west": {"uv": [1.625, 4.25, 2, 5.5], "texture": "#0"},
				"up": {"uv": [7.375, 2.625, 7, 2.25], "texture": "#0"},
				"down": {"uv": [7.375, 2.75, 7, 3.125], "texture": "#0"}
			}
		},
		{
			"from": [0, -6, 3],
			"to": [3, 4, 6],
			"rotation": {"angle": 22.5, "axis": "y", "origin": [8, -3, 0]},
			"faces": {
				"north": {"uv": [1.625, 4.25, 2, 5.5], "texture": "#0"},
				"east": {"uv": [1.625, 4.25, 2, 5.5], "texture": "#0"},
				"south": {"uv": [1.625, 4.25, 2, 5.5], "texture": "#0"},
				"west": {"uv": [1.625, 4.25, 2, 5.5], "texture": "#0"},
				"up": {"uv": [7.375, 2.625, 7, 2.25], "texture": "#0"},
				"down": {"uv": [7.375, 2.75, 7, 3.125], "texture": "#0"}
			}
		},
		{
			"from": [14, 4, 4],
			"to": [15, 13, 5],
			"rotation": {"angle": 22.5, "axis": "y", "origin": [8, -3, 0]},
			"faces": {
				"north": {"uv": [1.875, 6.875, 2, 8], "texture": "#0"},
				"east": {"uv": [1.875, 6.875, 2, 8], "texture": "#0"},
				"south": {"uv": [1.875, 6.875, 2, 8], "texture": "#0"},
				"west": {"uv": [1.875, 6.875, 2, 8], "texture": "#0"},
				"up": {"uv": [8.31496, 5.03937, 8.18897, 4.91339], "texture": "#0"},
				"down": {"uv": [5.29134, 8.18897, 5.16536, 8.31496], "texture": "#0"}
			}
		},
		{
			"from": [13.5, 13, 3.5],
			"to": [15.5, 14, 5.5],
			"rotation": {"angle": 22.5, "axis": "y", "origin": [8, -3, 0]},
			"faces": {
				"north": {"uv": [7.5, 6.875, 7.75, 7], "texture": "#0"},
				"east": {"uv": [7.5, 6.875, 7.75, 7], "texture": "#0"},
				"south": {"uv": [7.5, 6.875, 7.75, 7], "texture": "#0"},
				"west": {"uv": [7.5, 6.875, 7.75, 7], "texture": "#0"},
				"up": {"uv": [7.625, 6, 7.375, 5.75], "texture": "#0"},
				"down": {"uv": [7.75, 0, 7.5, 0.25], "texture": "#0"}
			}
		},
		{
			"from": [10.5, 14, 4.5],
			"to": [18.5, 25, 4.5],
			"rotation": {"angle": 22.5, "axis": "y", "origin": [8, -3, 0]},
			"faces": {
				"north": {"uv": [2.14173, 1.76378, 1.13386, 3.14961], "texture": "#0"},
				"east": {"uv": [7.93701, 8.18897, 7.93701, 9.5748], "texture": "#0"},
				"south": {"uv": [1.125, 1.75, 2.125, 3.125], "texture": "#0"},
				"west": {"uv": [1.13386, 8.31496, 1.13386, 9.70079], "texture": "#0"},
				"up": {"uv": [9.32284, 2.26772, 8.31496, 2.26772], "texture": "#0"},
				"down": {"uv": [9.32284, 2.3937, 8.31496, 2.3937], "texture": "#0"}
			}
		},
		{
			"from": [0, 4, 4.5],
			"to": [4, 7, 4.5],
			"rotation": {"angle": 22.5, "axis": "y", "origin": [8, -3, 0]},
			"faces": {
				"north": {"uv": [6.25, 6.25, 6.75, 6.625], "texture": "#0"},
				"east": {"uv": [6.17323, 7.55905, 6.17323, 7.93701], "texture": "#0"},
				"south": {"uv": [6.375, 0, 6.875, 0.375], "texture": "#0"},
				"west": {"uv": [8.31496, 2.51968, 8.31496, 2.89764], "texture": "#0"},
				"up": {"uv": [8.81889, 3.02362, 8.31496, 3.02362], "texture": "#0"},
				"down": {"uv": [8.81889, 3.14961, 8.31496, 3.14961], "texture": "#0"}
			}
		}
	],
	"gui_light": "front",
	"display": {
		"thirdperson_righthand": {
			"rotation": [70, 68, 0],
			"translation": [3, -4.5, -0.5],
			"scale": [0.6, 0.6, 0.6]
		},
		"thirdperson_lefthand": {
			"rotation": [70, 105, 0],
			"translation": [2.5, -1.5, -1.5],
			"scale": [0.6, 0.6, 0.6]
		},
		"firstperson_righthand": {
			"rotation": [0, -90, 0],
			"translation": [5, 3, 0],
			"scale": [0.6, 0.6, 0.6]
		},
		"firstperson_lefthand": {
			"rotation": [0, -90, 0],
			"translation": [3.75, 3.25, 0],
			"scale": [0.6, 0.6, 0.6]
		},
		"ground": {
			"translation": [-1.25, 4.25, 2],
			"scale": [0.6, 0.6, 0.6]
		},
		"gui": {
			"rotation": [30, 22.5, 0],
			"translation": [-0.5, -0.5, 0],
			"scale": [0.55, 0.556, 0.55]
		},
		"head": {
			"rotation": [9, -22.5, 0],
			"translation": [-3.5, -65, 12.5],
			"scale": [1.25, 1.25, 1.25]
		},
		"fixed": {
			"rotation": [0, 158, 0],
			"translation": [3.5, 5.5, -4.25]
		}
	},
	"groups": [
		{
			"name": "group",
			"origin": [1, 12.5, 17.5],
			"color": 0,
			"children": [
				{
					"name": "group",
					"origin": [1, 12.5, 17.5],
					"color": 0,
					"children": [0, 1, 2, 3, 4, 5, 6]
				},
				{
					"name": "group",
					"origin": [16, 0, 0],
					"color": 0,
					"children": [7, 8, 9, 10, 11, 12, 13, 14, 15, 16, 17, 18, 19, 20, 21, 22, 23, 24, 25, 26, 27, 28, 29, 30, 31, 32, 33, 34, 35, 36, 37, 38, 39, 40]
				}
			]
		}
	]
}