{
	"textures": {
		"1": "item/crates/steampunk22_crate/armor/chestplate"
	},
	"elements": [
		{
			"name": "stpatrick_chestplate_0",
			"from": [2, 0, 2],
			"to": [14, 1, 10],
			"faces": {
				"north": {"uv": [14, 2, 2, 3], "texture": "#missing"},
				"east": {"uv": [13, 2, 14, 10], "rotation": 90, "texture": "#missing"},
				"south": {"uv": [2, 9, 14, 10], "texture": "#missing"},
				"west": {"uv": [2, 2, 3, 10], "rotation": 270, "texture": "#missing"},
				"up": {"uv": [2, 2, 14, 10], "texture": "#missing"},
				"down": {"uv": [2, 10, 14, 2], "texture": "#missing"}
			}
		},
		{
			"name": "stpatrick_chestplate_1",
			"from": [5, 0, 10],
			"to": [11, 1, 13],
			"faces": {
				"north": {"uv": [11, 10, 5, 11], "texture": "#missing"},
				"east": {"uv": [10, 10, 11, 13], "rotation": 90, "texture": "#missing"},
				"south": {"uv": [5, 12, 11, 13], "texture": "#missing"},
				"west": {"uv": [5, 10, 6, 13], "rotation": 270, "texture": "#missing"},
				"up": {"uv": [5, 10, 11, 13], "texture": "#missing"},
				"down": {"uv": [5, 13, 11, 10], "texture": "#missing"}
			}
		},
		{
			"name": "chestplate_0",
			"from": [2, 0, 2],
			"to": [14, 1, 10],
			"faces": {
				"north": {"uv": [14, 2, 2, 3], "texture": "#1"},
				"east": {"uv": [13, 2, 14, 10], "rotation": 90, "texture": "#1"},
				"south": {"uv": [2, 9, 14, 10], "texture": "#1"},
				"west": {"uv": [2, 2, 3, 10], "rotation": 270, "texture": "#1"},
				"up": {"uv": [2, 2, 14, 10], "texture": "#1"},
				"down": {"uv": [2, 10, 14, 2], "texture": "#1"}
			}
		},
		{
			"name": "chestplate_1",
			"from": [5, 0, 10],
			"to": [11, 1, 13],
			"faces": {
				"north": {"uv": [11, 10, 5, 11], "texture": "#1"},
				"east": {"uv": [10, 10, 11, 13], "rotation": 90, "texture": "#1"},
				"south": {"uv": [5, 12, 11, 13], "texture": "#1"},
				"west": {"uv": [5, 10, 6, 13], "rotation": 270, "texture": "#1"},
				"up": {"uv": [5, 10, 11, 13], "texture": "#1"},
				"down": {"uv": [5, 13, 11, 10], "texture": "#1"}
			}
		}
	],
	"gui_light": "front",
	"display": {
		"thirdperson_righthand": {
			"rotation": [-180, 0, 90],
			"translation": [-4.25, 0, 0],
			"scale": [0.6, 0.6, 0.6]
		},
		"thirdperson_lefthand": {
			"rotation": [-180, 0, 90],
			"translation": [-4.25, 0, 0],
			"scale": [0.6, 0.6, 0.6]
		},
		"firstperson_righthand": {
			"rotation": [45, 0, -90],
			"translation": [7, 2.75, -1.25],
			"scale": [0.6, 0.6, 0.6]
		},
		"firstperson_lefthand": {
			"rotation": [45, 0, -90],
			"translation": [7, 2.75, -1.25],
			"scale": [0.6, 0.6, 0.6]
		},
		"ground": {
			"translation": [0, 2.5, 0],
			"scale": [0.6, 0.6, 0.6]
		},
		"gui": {
			"rotation": [90, 0, 0]
		},
		"fixed": {
			"rotation": [90, 0, 0],
			"translation": [0, 0, 6.75]
		}
	},
	"groups": [
		{
			"name": "stpatrick_chestplate",
			"origin": [8, 8, 8],
			"color": 0,
			"children": [0, 1]
		},
		{
			"name": "chestplate",
			"origin": [8, 8, 8],
			"color": 0,
			"children": [2, 3]
		}
	]
}