{
	"textures": {
		"0": "item/crates/steampunk22_crate/fist"
	},
	"elements": [
		{
			"from": [5.5, 6, 5],
			"to": [10.5, 12, 10],
			"rotation": {"angle": 0, "axis": "y", "origin": [0.5, 0, 0]},
			"faces": {
				"north": {"uv": [0, 1.75, 1.25, 3.25], "texture": "#0"},
				"east": {"uv": [1.25, 1.75, 2.5, 3.25], "texture": "#0"},
				"south": {"uv": [2.5, 0, 3.75, 1.5], "texture": "#0"},
				"west": {"uv": [2.5, 1.5, 3.75, 3], "texture": "#0"},
				"up": {"uv": [5.25, 4.25, 4, 3], "texture": "#0"},
				"down": {"uv": [2.75, 4.25, 1.5, 5.5], "texture": "#0"}
			}
		},
		{
			"from": [7.5, 5, 4.5],
			"to": [11.5, 10, 10.5],
			"rotation": {"angle": 0, "axis": "y", "origin": [0.5, 0, 0]},
			"faces": {
				"north": {"uv": [4, 5.5, 5, 6.75], "texture": "#0"},
				"east": {"uv": [2.5, 3, 4, 4.25], "texture": "#0"},
				"south": {"uv": [0, 6, 1, 7.25], "texture": "#0"},
				"west": {"uv": [0, 3.25, 1.5, 4.5], "texture": "#0"},
				"up": {"uv": [1, 6, 0, 4.5], "texture": "#0"},
				"down": {"uv": [6, 0, 5, 1.5], "texture": "#0"}
			}
		},
		{
			"from": [10.5, 5, 4],
			"to": [12.5, 7, 11],
			"rotation": {"angle": 0, "axis": "y", "origin": [0.5, 0, 0]},
			"faces": {
				"north": {"uv": [5, 7.75, 5.5, 8.25], "texture": "#0"},
				"east": {"uv": [6, 0, 7.75, 0.5], "texture": "#0"},
				"south": {"uv": [7.75, 6.5, 8.25, 7], "texture": "#0"},
				"west": {"uv": [6, 0.5, 7.75, 1], "texture": "#0"},
				"up": {"uv": [6.5, 2.75, 6, 1], "texture": "#0"},
				"down": {"uv": [5.5, 6, 5, 7.75], "texture": "#0"}
			}
		},
		{
			"from": [12, -2, 5],
			"to": [12, 5, 10],
			"rotation": {"angle": 0, "axis": "y", "origin": [0.5, 0, 0]},
			"faces": {
				"north": {"uv": [0, 0, 0, 1.75], "texture": "#0"},
				"east": {"uv": [10.25, 0, 11.5, 1.75], "texture": "#0"},
				"south": {"uv": [0, 0, 0, 1.75], "texture": "#0"},
				"west": {"uv": [10.25, 0, 11.5, 1.75], "texture": "#0"},
				"up": {"uv": [0, 1.25, 0, 0], "texture": "#0"},
				"down": {"uv": [0, 0, 0, 1.25], "texture": "#0"}
			}
		},
		{
			"from": [9.5, 12.5, 8],
			"to": [11.5, 15, 9],
			"rotation": {"angle": 0, "axis": "y", "origin": [0.5, 0, 0]},
			"faces": {
				"north": {"uv": [1.5, 7.75, 2, 8.5], "texture": "#0"},
				"east": {"uv": [2.25, 3.25, 2.5, 4], "texture": "#0"},
				"south": {"uv": [2, 7.75, 2.5, 8.5], "texture": "#0"},
				"west": {"uv": [5.25, 8.75, 5.5, 9.5], "texture": "#0"},
				"up": {"uv": [9.5, 8.25, 9, 8], "texture": "#0"},
				"down": {"uv": [9.75, 3.25, 9.25, 3.5], "texture": "#0"}
			}
		},
		{
			"from": [9.5, 12.5, 6],
			"to": [11.5, 15, 7],
			"rotation": {"angle": 0, "axis": "y", "origin": [0.5, 0, 0]},
			"faces": {
				"north": {"uv": [2.5, 7.75, 3, 8.5], "texture": "#0"},
				"east": {"uv": [0.5, 9, 0.75, 9.75], "texture": "#0"},
				"south": {"uv": [3, 7.75, 3.5, 8.5], "texture": "#0"},
				"west": {"uv": [8.75, 9, 9, 9.75], "texture": "#0"},
				"up": {"uv": [9.75, 3.75, 9.25, 3.5], "texture": "#0"},
				"down": {"uv": [9.75, 6, 9.25, 6.25], "texture": "#0"}
			}
		},
		{
			"from": [9.5, 15, 5.75],
			"to": [11.75, 16.5, 7.25],
			"rotation": {"angle": 0, "axis": "y", "origin": [0.5, 0, 0]},
			"faces": {
				"north": {"uv": [7.5, 7.75, 8, 8.25], "texture": "#0"},
				"east": {"uv": [0, 8, 0.5, 8.5], "texture": "#0"},
				"south": {"uv": [8, 1, 8.5, 1.5], "texture": "#0"},
				"west": {"uv": [8, 1.5, 8.5, 2], "texture": "#0"},
				"up": {"uv": [8.5, 2.75, 8, 2.25], "texture": "#0"},
				"down": {"uv": [8.5, 2.75, 8, 3.25], "texture": "#0"}
			}
		},
		{
			"from": [9.5, 15, 7.75],
			"to": [11.75, 16.5, 9.25],
			"rotation": {"angle": 0, "axis": "y", "origin": [0.5, 0, 0]},
			"faces": {
				"north": {"uv": [8, 3.75, 8.5, 4.25], "texture": "#0"},
				"east": {"uv": [8, 4.25, 8.5, 4.75], "texture": "#0"},
				"south": {"uv": [8, 4.75, 8.5, 5.25], "texture": "#0"},
				"west": {"uv": [5.5, 8, 6, 8.5], "texture": "#0"},
				"up": {"uv": [6.5, 8.5, 6, 8], "texture": "#0"},
				"down": {"uv": [7, 8, 6.5, 8.5], "texture": "#0"}
			}
		},
		{
			"from": [8.5, 13, 5],
			"to": [10.5, 19, 10],
			"rotation": {"angle": 0, "axis": "y", "origin": [0.5, 0, 0]},
			"faces": {
				"north": {"uv": [5.5, 6.5, 6, 8], "texture": "#0"},
				"east": {"uv": [3.75, 0, 5, 1.5], "texture": "#0"},
				"south": {"uv": [6, 6.5, 6.5, 8], "texture": "#0"},
				"west": {"uv": [3.75, 1.5, 5, 3], "texture": "#0"},
				"up": {"uv": [1.5, 8.25, 1, 7], "texture": "#0"},
				"down": {"uv": [7.5, 1, 7, 2.25], "texture": "#0"}
			}
		},
		{
			"from": [7.5, 19, 4.5],
			"to": [11.5, 21, 10.5],
			"rotation": {"angle": 0, "axis": "y", "origin": [0.5, 0, 0]},
			"faces": {
				"north": {"uv": [7, 2.25, 8, 2.75], "texture": "#0"},
				"east": {"uv": [6.25, 5, 7.75, 5.5], "texture": "#0"},
				"south": {"uv": [7.25, 3.25, 8.25, 3.75], "texture": "#0"},
				"west": {"uv": [6.25, 5.5, 7.75, 6], "texture": "#0"},
				"up": {"uv": [6, 3, 5, 1.5], "texture": "#0"},
				"down": {"uv": [6.25, 3, 5.25, 4.5], "texture": "#0"}
			}
		},
		{
			"from": [8.75, 21, 8],
			"to": [10.25, 27, 9.5],
			"rotation": {"angle": 0, "axis": "y", "origin": [0.5, 0, 0]},
			"faces": {
				"north": {"uv": [6.5, 6.5, 7, 8], "texture": "#0"},
				"east": {"uv": [6.75, 3.25, 7.25, 4.75], "texture": "#0"},
				"south": {"uv": [4, 6.75, 4.5, 8.25], "texture": "#0"},
				"west": {"uv": [4.5, 6.75, 5, 8.25], "texture": "#0"},
				"up": {"uv": [8.5, 8.25, 8, 7.75], "texture": "#0"},
				"down": {"uv": [1.5, 8.25, 1, 8.75], "texture": "#0"}
			}
		},
		{
			"from": [8.75, 21, 5.5],
			"to": [10.25, 25, 7],
			"rotation": {"angle": 0, "axis": "y", "origin": [0.5, 0, 0]},
			"faces": {
				"north": {"uv": [1, 4.5, 1.5, 5.5], "texture": "#0"},
				"east": {"uv": [7.25, 3.75, 7.75, 4.75], "texture": "#0"},
				"south": {"uv": [7, 7.25, 7.5, 8.25], "texture": "#0"},
				"west": {"uv": [7.5, 1, 8, 2], "texture": "#0"},
				"up": {"uv": [8.75, 3.75, 8.25, 3.25], "texture": "#0"},
				"down": {"uv": [4.5, 8.25, 4, 8.75], "texture": "#0"}
			}
		},
		{
			"from": [5.5, 18, 4.5],
			"to": [9.5, 19, 5.5],
			"rotation": {"angle": 0, "axis": "y", "origin": [0.5, 0, 0]},
			"faces": {
				"north": {"uv": [1.5, 4, 2.5, 4.25], "texture": "#0"},
				"east": {"uv": [6, 2.75, 6.25, 3], "texture": "#0"},
				"south": {"uv": [6.75, 4.75, 7.75, 5], "texture": "#0"},
				"west": {"uv": [9.25, 6.75, 9.5, 7], "texture": "#0"},
				"up": {"uv": [8.75, 7.25, 7.75, 7], "texture": "#0"},
				"down": {"uv": [5.5, 8.25, 4.5, 8.5], "texture": "#0"}
			}
		},
		{
			"from": [5.5, 16, 4.5],
			"to": [9.5, 17, 5.5],
			"rotation": {"angle": 0, "axis": "y", "origin": [0.5, 0, 0]},
			"faces": {
				"north": {"uv": [8.25, 6, 9.25, 6.25], "texture": "#0"},
				"east": {"uv": [0, 9.5, 0.25, 9.75], "texture": "#0"},
				"south": {"uv": [8.25, 6.25, 9.25, 6.5], "texture": "#0"},
				"west": {"uv": [9.5, 0, 9.75, 0.25], "texture": "#0"},
				"up": {"uv": [9.25, 6.75, 8.25, 6.5], "texture": "#0"},
				"down": {"uv": [9.25, 6.75, 8.25, 7], "texture": "#0"}
			}
		},
		{
			"from": [9.88686, 13, 5.56879],
			"to": [10.38686, 19, 9.31879],
			"rotation": {"angle": 22.5, "axis": "y", "origin": [6.5, 16, 5]},
			"faces": {
				"north": {"uv": [3.75, 7, 4, 8.5], "texture": "#0"},
				"east": {"uv": [5.25, 4.5, 6.25, 6], "texture": "#0"},
				"south": {"uv": [0.75, 7.25, 1, 8.75], "texture": "#0"},
				"west": {"uv": [1, 5.5, 2, 7], "texture": "#0"},
				"up": {"uv": [0.75, 9, 0.5, 8], "texture": "#0"},
				"down": {"uv": [7.25, 8.25, 7, 9.25], "texture": "#0"}
			}
		},
		{
			"from": [5.5, 14, 4.5],
			"to": [9.5, 15, 5.5],
			"rotation": {"angle": 0, "axis": "y", "origin": [0.5, 0, 0]},
			"faces": {
				"north": {"uv": [7.25, 8.25, 8.25, 8.5], "texture": "#0"},
				"east": {"uv": [0.25, 9.5, 0.5, 9.75], "texture": "#0"},
				"south": {"uv": [8.25, 8.25, 9.25, 8.5], "texture": "#0"},
				"west": {"uv": [9.5, 0.25, 9.75, 0.5], "texture": "#0"},
				"up": {"uv": [9.5, 1.25, 8.5, 1], "texture": "#0"},
				"down": {"uv": [9.5, 1.25, 8.5, 1.5], "texture": "#0"}
			}
		},
		{
			"from": [5.5, 18, 5.5],
			"to": [6.5, 19, 9.5],
			"rotation": {"angle": 0, "axis": "y", "origin": [0.5, 0, 0]},
			"faces": {
				"north": {"uv": [9.5, 0.5, 9.75, 0.75], "texture": "#0"},
				"east": {"uv": [1.5, 8.5, 2.5, 8.75], "texture": "#0"},
				"south": {"uv": [9.5, 0.75, 9.75, 1], "texture": "#0"},
				"west": {"uv": [8.5, 1.5, 9.5, 1.75], "texture": "#0"},
				"up": {"uv": [0.25, 9.5, 0, 8.5], "texture": "#0"},
				"down": {"uv": [0.5, 8.5, 0.25, 9.5], "texture": "#0"}
			}
		},
		{
			"from": [5.5, 16, 5.5],
			"to": [6.5, 17, 9.5],
			"rotation": {"angle": 0, "axis": "y", "origin": [0.5, 0, 0]},
			"faces": {
				"north": {"uv": [9.5, 1, 9.75, 1.25], "texture": "#0"},
				"east": {"uv": [8.5, 1.75, 9.5, 2], "texture": "#0"},
				"south": {"uv": [9.5, 1.25, 9.75, 1.5], "texture": "#0"},
				"west": {"uv": [8.5, 2.25, 9.5, 2.5], "texture": "#0"},
				"up": {"uv": [2.75, 9.5, 2.5, 8.5], "texture": "#0"},
				"down": {"uv": [3, 8.5, 2.75, 9.5], "texture": "#0"}
			}
		},
		{
			"from": [5.5, 14, 5.5],
			"to": [6.5, 15, 9.5],
			"rotation": {"angle": 0, "axis": "y", "origin": [0.5, 0, 0]},
			"faces": {
				"north": {"uv": [9.5, 1.5, 9.75, 1.75], "texture": "#0"},
				"east": {"uv": [8.5, 2.5, 9.5, 2.75], "texture": "#0"},
				"south": {"uv": [9.5, 1.75, 9.75, 2], "texture": "#0"},
				"west": {"uv": [8.5, 2.75, 9.5, 3], "texture": "#0"},
				"up": {"uv": [3.25, 9.5, 3, 8.5], "texture": "#0"},
				"down": {"uv": [3.5, 8.5, 3.25, 9.5], "texture": "#0"}
			}
		},
		{
			"from": [5.5, 18, 9.5],
			"to": [9.5, 19, 10.5],
			"rotation": {"angle": 0, "axis": "y", "origin": [0.5, 0, 0]},
			"faces": {
				"north": {"uv": [8.5, 3, 9.5, 3.25], "texture": "#0"},
				"east": {"uv": [9.5, 2.25, 9.75, 2.5], "texture": "#0"},
				"south": {"uv": [8.5, 3.75, 9.5, 4], "texture": "#0"},
				"west": {"uv": [2.5, 9.5, 2.75, 9.75], "texture": "#0"},
				"up": {"uv": [9.5, 4.25, 8.5, 4], "texture": "#0"},
				"down": {"uv": [9.5, 4.25, 8.5, 4.5], "texture": "#0"}
			}
		},
		{
			"from": [5.5, 16, 9.5],
			"to": [9.5, 17, 10.5],
			"rotation": {"angle": 0, "axis": "y", "origin": [0.5, 0, 0]},
			"faces": {
				"north": {"uv": [4.5, 8.5, 5.5, 8.75], "texture": "#0"},
				"east": {"uv": [9.5, 2.5, 9.75, 2.75], "texture": "#0"},
				"south": {"uv": [8.5, 4.5, 9.5, 4.75], "texture": "#0"},
				"west": {"uv": [2.75, 9.5, 3, 9.75], "texture": "#0"},
				"up": {"uv": [9.5, 5, 8.5, 4.75], "texture": "#0"},
				"down": {"uv": [9.5, 5, 8.5, 5.25], "texture": "#0"}
			}
		},
		{
			"from": [11.80028, 13, 5.3006],
			"to": [12.30028, 19, 9.0506],
			"rotation": {"angle": -22.5, "axis": "y", "origin": [6.5, 16, 5]},
			"faces": {
				"north": {"uv": [3.5, 7.75, 3.75, 9.25], "texture": "#0"},
				"east": {"uv": [2, 5.5, 3, 7], "texture": "#0"},
				"south": {"uv": [7.75, 3.75, 8, 5.25], "texture": "#0"},
				"west": {"uv": [3, 5.5, 4, 7], "texture": "#0"},
				"up": {"uv": [4, 9.5, 3.75, 8.5], "texture": "#0"},
				"down": {"uv": [5.75, 8.5, 5.5, 9.5], "texture": "#0"}
			}
		},
		{
			"from": [5.5, 14, 9.5],
			"to": [9.5, 15, 10.5],
			"rotation": {"angle": 0, "axis": "y", "origin": [0.5, 0, 0]},
			"faces": {
				"north": {"uv": [5.75, 8.5, 6.75, 8.75], "texture": "#0"},
				"east": {"uv": [9.5, 2.75, 9.75, 3], "texture": "#0"},
				"south": {"uv": [7.25, 8.5, 8.25, 8.75], "texture": "#0"},
				"west": {"uv": [3, 9.5, 3.25, 9.75], "texture": "#0"},
				"up": {"uv": [9.5, 7.5, 8.5, 7.25], "texture": "#0"},
				"down": {"uv": [9.5, 7.5, 8.5, 7.75], "texture": "#0"}
			}
		},
		{
			"from": [5.75, 12, 5.25],
			"to": [10.25, 13, 9.75],
			"rotation": {"angle": 0, "axis": "y", "origin": [1, 0, 0]},
			"faces": {
				"north": {"uv": [7.5, 2, 8.75, 2.25], "texture": "#0"},
				"east": {"uv": [7.75, 5.25, 9, 5.5], "texture": "#0"},
				"south": {"uv": [7.75, 5.5, 9, 5.75], "texture": "#0"},
				"west": {"uv": [7.75, 5.75, 9, 6], "texture": "#0"},
				"up": {"uv": [4, 5.5, 2.75, 4.25], "texture": "#0"},
				"down": {"uv": [5.25, 4.25, 4, 5.5], "texture": "#0"}
			}
		},
		{
			"from": [11, -1, 9.5],
			"to": [12, 3, 10.5],
			"rotation": {"angle": -22.5, "axis": "z", "origin": [12, 5, 9]},
			"faces": {
				"north": {"uv": [8.75, 8.5, 8.5, 9.5], "texture": "#0"},
				"east": {"uv": [8.5, 8.5, 8.25, 9.5], "texture": "#0"},
				"south": {"uv": [7, 8.5, 6.75, 9.5], "texture": "#0"},
				"west": {"uv": [9, 0, 8.75, 1], "texture": "#0"},
				"up": {"uv": [9.75, 3, 9.5, 3.25], "texture": "#0"},
				"down": {"uv": [3.5, 9.75, 3.25, 9.5], "texture": "#0"}
			}
		},
		{
			"from": [10, -1.5, 9.5],
			"to": [11, -0.5, 10.5],
			"rotation": {"angle": -22.5, "axis": "z", "origin": [12, 5, 9]},
			"faces": {
				"north": {"uv": [9.75, 4, 9.5, 4.25], "texture": "#0"},
				"east": {"uv": [9.75, 3.75, 9.5, 4], "texture": "#0"},
				"south": {"uv": [4, 9.5, 3.75, 9.75], "texture": "#0"},
				"west": {"uv": [9.75, 4.25, 9.5, 4.5], "texture": "#0"},
				"up": {"uv": [9.75, 4.5, 9.5, 4.75], "texture": "#0"},
				"down": {"uv": [9.75, 5, 9.5, 4.75], "texture": "#0"}
			}
		},
		{
			"from": [10, -1.5, 8],
			"to": [11, -0.5, 9],
			"rotation": {"angle": -22.5, "axis": "z", "origin": [12, 5, 9]},
			"faces": {
				"north": {"uv": [9.75, 5.25, 9.5, 5.5], "texture": "#0"},
				"east": {"uv": [5.5, 9.5, 5.25, 9.75], "texture": "#0"},
				"south": {"uv": [9.75, 5, 9.5, 5.25], "texture": "#0"},
				"west": {"uv": [5.75, 9.5, 5.5, 9.75], "texture": "#0"},
				"up": {"uv": [9.75, 5.5, 9.5, 5.75], "texture": "#0"},
				"down": {"uv": [9.75, 6.5, 9.5, 6.25], "texture": "#0"}
			}
		},
		{
			"from": [10, -1.5, 6.5],
			"to": [11, -0.5, 7.5],
			"rotation": {"angle": -22.5, "axis": "z", "origin": [12, 5, 9]},
			"faces": {
				"north": {"uv": [9.75, 6.75, 9.5, 7], "texture": "#0"},
				"east": {"uv": [7, 9.5, 6.75, 9.75], "texture": "#0"},
				"south": {"uv": [9.75, 6.5, 9.5, 6.75], "texture": "#0"},
				"west": {"uv": [9.75, 7.25, 9.5, 7.5], "texture": "#0"},
				"up": {"uv": [9.75, 7.5, 9.5, 7.75], "texture": "#0"},
				"down": {"uv": [9.75, 8.25, 9.5, 8], "texture": "#0"}
			}
		},
		{
			"from": [10, -0.5, 5],
			"to": [11, 0.5, 6],
			"rotation": {"angle": -22.5, "axis": "z", "origin": [12, 5, 9]},
			"faces": {
				"north": {"uv": [8.75, 9.5, 8.5, 9.75], "texture": "#0"},
				"east": {"uv": [9.75, 8.25, 9.5, 8.5], "texture": "#0"},
				"south": {"uv": [8.5, 9.5, 8.25, 9.75], "texture": "#0"},
				"west": {"uv": [9.75, 8.5, 9.5, 8.75], "texture": "#0"},
				"up": {"uv": [9.75, 8.75, 9.5, 9], "texture": "#0"},
				"down": {"uv": [9.75, 9.25, 9.5, 9], "texture": "#0"}
			}
		},
		{
			"from": [10, 3, 4.25],
			"to": [12, 5, 10.75],
			"rotation": {"angle": -22.5, "axis": "z", "origin": [12, 5, 7]},
			"faces": {
				"north": {"uv": [8.5, 7.75, 9, 8.25], "texture": "#0"},
				"east": {"uv": [5.5, 6, 7.25, 6.5], "texture": "#0"},
				"south": {"uv": [0.75, 8.75, 1.25, 9.25], "texture": "#0"},
				"west": {"uv": [6.25, 2.75, 8, 3.25], "texture": "#0"},
				"up": {"uv": [6.75, 5, 6.25, 3.25], "texture": "#0"},
				"down": {"uv": [7, 1, 6.5, 2.75], "texture": "#0"}
			}
		},
		{
			"from": [9, 1, 10.75],
			"to": [10, 4, 11.75],
			"rotation": {"angle": -22.5, "axis": "z", "origin": [12, 5, 9]},
			"faces": {
				"north": {"uv": [1.25, 9.25, 1, 10], "texture": "#0"},
				"east": {"uv": [1, 9.25, 0.75, 10], "texture": "#0"},
				"south": {"uv": [9.25, 9, 9, 9.75], "texture": "#0"},
				"west": {"uv": [3.75, 9.25, 3.5, 10], "texture": "#0"},
				"up": {"uv": [9.75, 9.25, 9.5, 9.5], "texture": "#0"},
				"down": {"uv": [9.75, 9.75, 9.5, 9.5], "texture": "#0"}
			}
		},
		{
			"from": [11, -1, 8],
			"to": [12, 3, 9],
			"rotation": {"angle": -22.5, "axis": "z", "origin": [12, 5, 9]},
			"faces": {
				"north": {"uv": [2, 8.75, 1.75, 9.75], "texture": "#0"},
				"east": {"uv": [1.75, 8.75, 1.5, 9.75], "texture": "#0"},
				"south": {"uv": [1.5, 8.75, 1.25, 9.75], "texture": "#0"},
				"west": {"uv": [2.25, 8.75, 2, 9.75], "texture": "#0"},
				"up": {"uv": [0.25, 9.75, 0, 10], "texture": "#0"},
				"down": {"uv": [10, 0.25, 9.75, 0], "texture": "#0"}
			}
		},
		{
			"from": [11, -1, 6.5],
			"to": [12, 3, 7.5],
			"rotation": {"angle": -22.5, "axis": "z", "origin": [12, 5, 9]},
			"faces": {
				"north": {"uv": [4.5, 8.75, 4.25, 9.75], "texture": "#0"},
				"east": {"uv": [4.25, 8.75, 4, 9.75], "texture": "#0"},
				"south": {"uv": [2.5, 8.75, 2.25, 9.75], "texture": "#0"},
				"west": {"uv": [4.75, 8.75, 4.5, 9.75], "texture": "#0"},
				"up": {"uv": [0.5, 9.75, 0.25, 10], "texture": "#0"},
				"down": {"uv": [10, 0.5, 9.75, 0.25], "texture": "#0"}
			}
		},
		{
			"from": [11, 0, 5],
			"to": [12, 3, 6],
			"rotation": {"angle": -22.5, "axis": "z", "origin": [12, 5, 9]},
			"faces": {
				"north": {"uv": [6, 9.25, 5.75, 10], "texture": "#0"},
				"east": {"uv": [5.25, 9.25, 5, 10], "texture": "#0"},
				"south": {"uv": [5, 9.25, 4.75, 10], "texture": "#0"},
				"west": {"uv": [6.25, 9.25, 6, 10], "texture": "#0"},
				"up": {"uv": [0.75, 9.75, 0.5, 10], "texture": "#0"},
				"down": {"uv": [10, 0.75, 9.75, 0.5], "texture": "#0"}
			}
		},
		{
			"from": [5, 6, 6],
			"to": [8, 9, 9],
			"faces": {
				"north": {"uv": [1.5, 3.25, 2.25, 4], "texture": "#0"},
				"east": {"uv": [1.5, 7, 2.25, 7.75], "texture": "#0"},
				"south": {"uv": [2.25, 7, 3, 7.75], "texture": "#0"},
				"west": {"uv": [3, 7, 3.75, 7.75], "texture": "#0"},
				"up": {"uv": [7.75, 7.25, 7, 6.5], "texture": "#0"},
				"down": {"uv": [0.75, 7.25, 0, 8], "texture": "#0"}
			}
		},
		{
			"from": [4.5, 4, 6.5],
			"to": [5.5, 6, 8.5],
			"faces": {
				"north": {"uv": [5, 5.5, 5.25, 6], "texture": "#0"},
				"east": {"uv": [8.75, 3.25, 9.25, 3.75], "texture": "#0"},
				"south": {"uv": [6.25, 9.25, 6.5, 9.75], "texture": "#0"},
				"west": {"uv": [4.75, 8.75, 5.25, 9.25], "texture": "#0"},
				"up": {"uv": [9.5, 6.75, 9.25, 6.25], "texture": "#0"},
				"down": {"uv": [6.75, 9.25, 6.5, 9.75], "texture": "#0"}
			}
		},
		{
			"from": [7.5, 4, 6.5],
			"to": [8.5, 6, 8.5],
			"faces": {
				"north": {"uv": [7, 9.25, 7.25, 9.75], "texture": "#0"},
				"east": {"uv": [5.75, 8.75, 6.25, 9.25], "texture": "#0"},
				"south": {"uv": [7.25, 9.25, 7.5, 9.75], "texture": "#0"},
				"west": {"uv": [6.25, 8.75, 6.75, 9.25], "texture": "#0"},
				"up": {"uv": [7.75, 9.75, 7.5, 9.25], "texture": "#0"},
				"down": {"uv": [8, 9.25, 7.75, 9.75], "texture": "#0"}
			}
		},
		{
			"from": [5.5, 4.5, 6.5],
			"to": [7.5, 6, 8.5],
			"faces": {
				"north": {"uv": [7.25, 8.75, 7.75, 9.25], "texture": "#0"},
				"east": {"uv": [7.75, 8.75, 8.25, 9.25], "texture": "#0"},
				"south": {"uv": [8.75, 8.5, 9.25, 9], "texture": "#0"},
				"west": {"uv": [9, 0, 9.5, 0.5], "texture": "#0"},
				"up": {"uv": [9.5, 1, 9, 0.5], "texture": "#0"},
				"down": {"uv": [9.5, 5.25, 9, 5.75], "texture": "#0"}
			}
		},
		{
			"from": [4.5, 4, 5.5],
			"to": [8.5, 6, 6.5],
			"faces": {
				"north": {"uv": [7.25, 6, 8.25, 6.5], "texture": "#0"},
				"east": {"uv": [8, 9.25, 8.25, 9.75], "texture": "#0"},
				"south": {"uv": [7.5, 7.25, 8.5, 7.75], "texture": "#0"},
				"west": {"uv": [9.25, 8.25, 9.5, 8.75], "texture": "#0"},
				"up": {"uv": [9.75, 2.25, 8.75, 2], "texture": "#0"},
				"down": {"uv": [9.75, 7, 8.75, 7.25], "texture": "#0"}
			}
		},
		{
			"from": [4.5, 4, 8.5],
			"to": [8.5, 6, 9.5],
			"faces": {
				"north": {"uv": [7.75, 0, 8.75, 0.5], "texture": "#0"},
				"east": {"uv": [9.25, 8.75, 9.5, 9.25], "texture": "#0"},
				"south": {"uv": [7.75, 0.5, 8.75, 1], "texture": "#0"},
				"west": {"uv": [9.25, 9.25, 9.5, 9.75], "texture": "#0"},
				"up": {"uv": [10, 6, 9, 5.75], "texture": "#0"},
				"down": {"uv": [10, 7.75, 9, 8], "texture": "#0"}
			}
		}
	],
	"gui_light": "front",
	"display": {
		"thirdperson_righthand": {
			"rotation": [90, 0, 0],
			"translation": [0, -2.5, 1]
		},
		"thirdperson_lefthand": {
			"rotation": [90, -180, 0],
			"translation": [0, -1.5, 1]
		},
		"firstperson_righthand": {
			"rotation": [144, 4, -10],
			"translation": [1, 0, 0]
		},
		"firstperson_lefthand": {
			"rotation": [144, -164, 9]
		},
		"ground": {
			"rotation": [57, 90, 0],
			"translation": [0, 5, -3.25]
		},
		"gui": {
			"rotation": [0, -45, 30],
			"translation": [0.5, -3, 0],
			"scale": [0.7, 0.7, 0.7]
		},
		"head": {
			"rotation": [0, -90, 0],
			"translation": [0, -20.25, 5]
		},
		"fixed": {
			"rotation": [0, 90, 0],
			"translation": [0, -5, 0]
		}
	},
	"groups": [
		{
			"name": "cyberarm",
			"origin": [0.5, 0, 0],
			"color": 0,
			"boneType": "",
			"children": [
				{
					"name": "arm",
					"origin": [1, 0, 0],
					"color": 0,
					"boneType": "",
					"children": [0, 1, 2, 3, 4, 5, 6, 7, 8, 9, 10, 11, 12, 13, 14, 15, 16, 17, 18, 19, 20, 21, 22, 23]
				},
				{
					"name": "hand",
					"origin": [0, 0, 0],
					"color": 0,
					"boneType": "",
					"children": [24, 25, 26, 27, 28, 29, 30, 31, 32, 33]
				},
				{
					"name": "cannon",
					"origin": [8, 8, 8],
					"color": 0,
					"boneType": "",
					"children": [34, 35, 36, 37, 38, 39]
				}
			]
		}
	]
}