{
	"textures": {
		"0": "item/crates/steampunk22_crate/hat"
	},
	"elements": [
		{
			"from": [2, 0, 2],
			"to": [14, 1, 14],
			"faces": {
				"north": {"uv": [10.75, 7.5, 13.75, 7.75], "texture": "#0"},
				"east": {"uv": [10.75, 7.75, 13.75, 8], "texture": "#0"},
				"south": {"uv": [10.75, 8, 13.75, 8.25], "texture": "#0"},
				"west": {"uv": [10.75, 8.25, 13.75, 8.5], "texture": "#0"},
				"up": {"uv": [3, 3, 0, 0], "texture": "#0"},
				"down": {"uv": [3, 3, 0, 6], "texture": "#0"}
			}
		},
		{
			"from": [5, 2, 5.025],
			"to": [11, 12, 10.975],
			"rotation": {"angle": 22.5, "axis": "z", "origin": [8, 2, 8]},
			"faces": {
				"north": {"uv": [3, 0, 4.5, 2.5], "texture": "#0"},
				"east": {"uv": [3, 2.5, 4.5, 5], "texture": "#0"},
				"south": {"uv": [4.5, 0, 6, 2.5], "texture": "#0"},
				"west": {"uv": [4.5, 2.5, 6, 5], "texture": "#0"},
				"up": {"uv": [10.5, 10, 9, 8.5], "texture": "#0"},
				"down": {"uv": [4.5, 10, 3, 11.5], "texture": "#0"}
			}
		},
		{
			"from": [5, 2, 5.025],
			"to": [11, 12, 10.975],
			"rotation": {"angle": -22.5, "axis": "z", "origin": [8, 2, 8]},
			"faces": {
				"north": {"uv": [3, 5, 4.5, 7.5], "texture": "#0"},
				"east": {"uv": [4.5, 5, 6, 7.5], "texture": "#0"},
				"south": {"uv": [0, 6, 1.5, 8.5], "texture": "#0"},
				"west": {"uv": [6, 0, 7.5, 2.5], "texture": "#0"},
				"up": {"uv": [6, 11.5, 4.5, 10], "texture": "#0"},
				"down": {"uv": [7.5, 10, 6, 11.5], "texture": "#0"}
			}
		},
		{
			"from": [5, 2, 5],
			"to": [11, 12, 11],
			"rotation": {"angle": 0, "axis": "y", "origin": [8, 2, 8]},
			"faces": {
				"north": {"uv": [1.5, 6, 3, 8.5], "texture": "#0"},
				"east": {"uv": [6, 2.5, 7.5, 5], "texture": "#0"},
				"south": {"uv": [6, 5, 7.5, 7.5], "texture": "#0"},
				"west": {"uv": [7.5, 0, 9, 2.5], "texture": "#0"},
				"up": {"uv": [9, 11.5, 7.5, 10], "texture": "#0"},
				"down": {"uv": [10.5, 10, 9, 11.5], "texture": "#0"}
			}
		},
		{
			"from": [5, 2, 5],
			"to": [11, 12, 11],
			"rotation": {"angle": -22.5, "axis": "x", "origin": [8, 2, 8]},
			"faces": {
				"north": {"uv": [7.5, 2.5, 9, 5], "texture": "#0"},
				"east": {"uv": [3, 7.5, 4.5, 10], "texture": "#0"},
				"south": {"uv": [4.5, 7.5, 6, 10], "texture": "#0"},
				"west": {"uv": [7.5, 5, 9, 7.5], "texture": "#0"},
				"up": {"uv": [11.75, 1.5, 10.25, 0], "texture": "#0"},
				"down": {"uv": [11.75, 1.5, 10.25, 3], "texture": "#0"}
			}
		},
		{
			"from": [5, 2, 5],
			"to": [11, 12, 11],
			"rotation": {"angle": 22.5, "axis": "x", "origin": [8, 2, 8]},
			"faces": {
				"north": {"uv": [6, 7.5, 7.5, 10], "texture": "#0"},
				"east": {"uv": [7.5, 7.5, 9, 10], "texture": "#0"},
				"south": {"uv": [0, 8.5, 1.5, 11], "texture": "#0"},
				"west": {"uv": [1.5, 8.5, 3, 11], "texture": "#0"},
				"up": {"uv": [11.75, 4.5, 10.25, 3], "texture": "#0"},
				"down": {"uv": [12, 8.5, 10.5, 10], "texture": "#0"}
			}
		},
		{
			"from": [4, 1, 3],
			"to": [7, 4, 5],
			"faces": {
				"north": {"uv": [1, 11, 1.75, 11.75], "texture": "#0"},
				"east": {"uv": [11.75, 0, 12.25, 0.75], "texture": "#0"},
				"south": {"uv": [1.75, 11, 2.5, 11.75], "texture": "#0"},
				"west": {"uv": [11.75, 0.75, 12.25, 1.5], "texture": "#0"},
				"up": {"uv": [1.75, 12.25, 1, 11.75], "texture": "#0"},
				"down": {"uv": [12.5, 1.5, 11.75, 2], "texture": "#0"}
			}
		},
		{
			"from": [4.5, 1, 4.5],
			"to": [11.5, 2, 11.5],
			"rotation": {"angle": 0, "axis": "y", "origin": [-0.5, 0, 0]},
			"faces": {
				"north": {"uv": [4, 11.5, 5.75, 11.75], "texture": "#0"},
				"east": {"uv": [5.75, 11.5, 7.5, 11.75], "texture": "#0"},
				"south": {"uv": [7.5, 11.5, 9.25, 11.75], "texture": "#0"},
				"west": {"uv": [9.25, 11.5, 11, 11.75], "texture": "#0"},
				"up": {"uv": [10.75, 6.75, 9, 5], "texture": "#0"},
				"down": {"uv": [10.75, 6.75, 9, 8.5], "texture": "#0"}
			}
		},
		{
			"from": [9, 1, 3],
			"to": [12, 4, 5],
			"faces": {
				"north": {"uv": [2.5, 11.5, 3.25, 12.25], "texture": "#0"},
				"east": {"uv": [1.75, 11.75, 2.25, 12.5], "texture": "#0"},
				"south": {"uv": [3.25, 11.5, 4, 12.25], "texture": "#0"},
				"west": {"uv": [11.75, 2, 12.25, 2.75], "texture": "#0"},
				"up": {"uv": [12.5, 3.25, 11.75, 2.75], "texture": "#0"},
				"down": {"uv": [12.5, 3.25, 11.75, 3.75], "texture": "#0"}
			}
		},
		{
			"from": [9, 4, 4],
			"to": [14, 14, 4],
			"rotation": {"angle": -22.5, "axis": "z", "origin": [10, 4, 4]},
			"faces": {
				"north": {"uv": [13.875, 0.375, 15.125, 2.875], "texture": "#0"},
				"east": {"uv": [0, 0, 0, 2.5], "texture": "#0"},
				"south": {"uv": [15.125, 0.375, 13.875, 2.875], "texture": "#0"},
				"west": {"uv": [0, 0, 0, 2.5], "texture": "#0"},
				"up": {"uv": [1.25, 0, 0, 0], "texture": "#0"},
				"down": {"uv": [1.25, 0, 0, 0], "texture": "#0"}
			}
		}
	],
	"gui_light": "front",
	"display": {
		"thirdperson_righthand": {
			"translation": [0, 5, 0],
			"scale": [0.6, 0.6, 0.6]
		},
		"thirdperson_lefthand": {
			"translation": [0, 5, 0],
			"scale": [0.6, 0.6, 0.6]
		},
		"firstperson_righthand": {
			"rotation": [0, 125, 0],
			"translation": [3.25, 5.25, 0],
			"scale": [0.6, 0.6, 0.6]
		},
		"firstperson_lefthand": {
			"rotation": [0, 125, 0],
			"translation": [3.25, 5.25, 0],
			"scale": [0.6, 0.6, 0.6]
		},
		"ground": {
			"translation": [0, 1.75, 0],
			"scale": [0.6, 0.6, 0.6]
		},
		"gui": {
			"rotation": [30, -145, 0],
			"translation": [0, 2.25, 0],
			"scale": [0.8, 0.8, 0.8]
		},
		"head": {
			"translation": [0, 19.25, 0],
			"scale": [1.7, 1.7, 1.7]
		},
		"fixed": {
			"translation": [0, 2, 0]
		}
	},
	"groups": [
		{
			"name": "group",
			"origin": [10, 4, 4],
			"color": 0,
			"boneType": "",
			"children": [0, 1, 2, 3, 4, 5, 6, 7, 8, 9]
		}
	]
}