{
	"textures": {
		"0": "item/crates/steampunk22_crate/scythe"
	},
	"elements": [
		{
			"from": [6, 17.00422, 7.21653],
			"to": [10, 27.00422, 11.21653],
			"rotation": {"angle": 0, "axis": "y", "origin": [7, 12, 10.25]},
			"faces": {
				"north": {"uv": [0, 5.6367, 0.50104, 6.8893], "texture": "#0"},
				"east": {"uv": [0.6263, 5.6367, 1.12734, 6.8893], "texture": "#0"},
				"south": {"uv": [1.2526, 5.6367, 1.75364, 6.8893], "texture": "#0"},
				"west": {"uv": [1.8789, 5.6367, 2.37994, 6.8893], "texture": "#0"},
				"up": {"uv": [7.01456, 4.00832, 6.51352, 3.50728], "texture": "#0"},
				"down": {"uv": [7.01456, 4.13358, 6.51352, 4.63462], "texture": "#0"}
			}
		},
		{
			"from": [8, -2.99578, -15.78347],
			"to": [8, 26.00422, 7.21653],
			"rotation": {"angle": 0, "axis": "y", "origin": [5, 12, 10.25]},
			"faces": {
				"north": {"uv": [2.75572, 7.89138, 2.75572, 11.52391], "texture": "#0"},
				"east": {"uv": [5.88722, 0, 3.00624, 3.63254], "texture": "#0"},
				"south": {"uv": [1.2526, 8.26716, 1.2526, 11.89969], "texture": "#0"},
				"west": {"uv": [3.00624, 0, 5.88722, 3.63254], "texture": "#0"},
				"up": {"uv": [0, 11.27339, 0, 8.39242], "texture": "#0"},
				"down": {"uv": [0.12526, 8.39242, 0.12526, 11.27339], "texture": "#0"}
			}
		},
		{
			"from": [5, 22.10422, 2.21653],
			"to": [11, 25.1, 12.21653],
			"rotation": {"angle": 22.5, "axis": "x", "origin": [7, 22, 10.25]},
			"faces": {
				"north": {"uv": [6.13774, 6.38826, 6.8893, 6.76404], "texture": "#0"},
				"east": {"uv": [2.5052, 5.6367, 3.7578, 6.01248], "texture": "#0"},
				"south": {"uv": [6.51352, 3.00624, 7.26508, 3.38202], "texture": "#0"},
				"west": {"uv": [3.88306, 5.6367, 5.13566, 6.01248], "texture": "#0"},
				"up": {"uv": [6.01248, 5.0104, 5.26092, 3.7578], "texture": "#0"},
				"down": {"uv": [6.01248, 5.13566, 5.26092, 6.38826], "texture": "#0"}
			}
		},
		{
			"from": [7, 9.00422, 8.21653],
			"to": [9, 17.00422, 10.21653],
			"rotation": {"angle": 0, "axis": "y", "origin": [7, 9, 10.25]},
			"faces": {
				"north": {"uv": [5.26092, 6.51352, 5.51144, 7.5156], "texture": "#0"},
				"east": {"uv": [5.6367, 6.51352, 5.88722, 7.5156], "texture": "#0"},
				"south": {"uv": [6.63878, 0, 6.8893, 1.00208], "texture": "#0"},
				"west": {"uv": [6.63878, 1.12734, 6.8893, 2.12942], "texture": "#0"},
				"up": {"uv": [3.38202, 8.26716, 3.1315, 8.01664], "texture": "#0"},
				"down": {"uv": [3.7578, 8.01664, 3.50728, 8.26716], "texture": "#0"}
			}
		},
		{
			"from": [6, 15.00422, 9.21653],
			"to": [10, 16.00422, 11.21653],
			"rotation": {"angle": 0, "axis": "y", "origin": [7, 9, 10.25]},
			"faces": {
				"north": {"uv": [7.64086, 7.39034, 8.1419, 7.5156], "texture": "#0"},
				"east": {"uv": [8.26716, 6.76404, 8.51768, 6.8893], "texture": "#0"},
				"south": {"uv": [8.01664, 2.37994, 8.51768, 2.5052], "texture": "#0"},
				"west": {"uv": [8.26716, 7.01456, 8.51768, 7.13982], "texture": "#0"},
				"up": {"uv": [7.89138, 7.89138, 7.39034, 7.64086], "texture": "#0"},
				"down": {"uv": [8.26716, 0.37578, 7.76612, 0.6263], "texture": "#0"}
			}
		},
		{
			"from": [6, 13.00422, 7.21653],
			"to": [10, 14.00422, 11.21653],
			"rotation": {"angle": 0, "axis": "y", "origin": [7, 9, 10.25]},
			"faces": {
				"north": {"uv": [3.88306, 8.01664, 4.3841, 8.1419], "texture": "#0"},
				"east": {"uv": [7.39034, 8.01664, 7.89138, 8.1419], "texture": "#0"},
				"south": {"uv": [8.01664, 7.64086, 8.51768, 7.76612], "texture": "#0"},
				"west": {"uv": [8.01664, 7.89138, 8.51768, 8.01664], "texture": "#0"},
				"up": {"uv": [7.13982, 2.75572, 6.63878, 2.25468], "texture": "#0"},
				"down": {"uv": [4.75988, 6.63878, 4.25884, 7.13982], "texture": "#0"}
			}
		},
		{
			"from": [6, 11.00422, 9.21653],
			"to": [10, 12.00422, 11.21653],
			"rotation": {"angle": 0, "axis": "y", "origin": [7, 9, 10.25]},
			"faces": {
				"north": {"uv": [1.37786, 8.1419, 1.8789, 8.26716], "texture": "#0"},
				"east": {"uv": [8.26716, 7.26508, 8.51768, 7.39034], "texture": "#0"},
				"south": {"uv": [8.1419, 2.63046, 8.64294, 2.75572], "texture": "#0"},
				"west": {"uv": [7.39034, 8.26716, 7.64086, 8.39242], "texture": "#0"},
				"up": {"uv": [8.26716, 1.00208, 7.76612, 0.75156], "texture": "#0"},
				"down": {"uv": [1.8789, 7.76612, 1.37786, 8.01664], "texture": "#0"}
			}
		},
		{
			"from": [7.1, -3, 2.35],
			"to": [8.9, 11, 4.15],
			"rotation": {"angle": 22.5, "axis": "x", "origin": [7, -5, 2.25]},
			"faces": {
				"north": {"uv": [6.13774, 3.00624, 6.38826, 4.75988], "texture": "#0"},
				"east": {"uv": [3.1315, 6.13774, 3.38202, 7.89138], "texture": "#0"},
				"south": {"uv": [3.50728, 6.13774, 3.7578, 7.89138], "texture": "#0"},
				"west": {"uv": [3.88306, 6.13774, 4.13358, 7.89138], "texture": "#0"},
				"up": {"uv": [8.39242, 3.1315, 8.1419, 2.88098], "texture": "#0"},
				"down": {"uv": [8.39242, 3.25676, 8.1419, 3.50728], "texture": "#0"}
			}
		},
		{
			"from": [6, 7, 1.25],
			"to": [10, 8, 5.25],
			"rotation": {"angle": 22.5, "axis": "x", "origin": [7, -5, 2.25]},
			"faces": {
				"north": {"uv": [8.1419, 3.63254, 8.64294, 3.7578], "texture": "#0"},
				"east": {"uv": [8.1419, 3.88306, 8.64294, 4.00832], "texture": "#0"},
				"south": {"uv": [8.1419, 4.13358, 8.64294, 4.25884], "texture": "#0"},
				"west": {"uv": [8.1419, 4.3841, 8.64294, 4.50936], "texture": "#0"},
				"up": {"uv": [6.51352, 7.39034, 6.01248, 6.8893], "texture": "#0"},
				"down": {"uv": [7.13982, 6.8893, 6.63878, 7.39034], "texture": "#0"}
			}
		},
		{
			"from": [6.5, 0, 1.75],
			"to": [9.5, 1, 4.75],
			"rotation": {"angle": 22.5, "axis": "x", "origin": [7, -5, 2.25]},
			"faces": {
				"north": {"uv": [4.57199, 8.1419, 4.94777, 8.26716], "texture": "#0"},
				"east": {"uv": [5.19829, 8.1419, 5.57407, 8.26716], "texture": "#0"},
				"south": {"uv": [8.07927, 8.1419, 8.45505, 8.26716], "texture": "#0"},
				"west": {"uv": [0.68893, 8.26716, 1.06471, 8.39242], "texture": "#0"},
				"up": {"uv": [0.43841, 7.45297, 0.06263, 7.07719], "texture": "#0"},
				"down": {"uv": [7.45297, 0.06263, 7.07719, 0.43841], "texture": "#0"}
			}
		},
		{
			"from": [7, -8, 3],
			"to": [9, -3, 5],
			"rotation": {"angle": 0, "axis": "y", "origin": [7, 0, -4]},
			"faces": {
				"north": {"uv": [7.26508, 1.8789, 7.5156, 2.5052], "texture": "#0"},
				"east": {"uv": [4.25884, 7.26508, 4.50936, 7.89138], "texture": "#0"},
				"south": {"uv": [7.26508, 6.8893, 7.5156, 7.5156], "texture": "#0"},
				"west": {"uv": [7.39034, 2.63046, 7.64086, 3.25676], "texture": "#0"},
				"up": {"uv": [8.51768, 1.37786, 8.26716, 1.12734], "texture": "#0"},
				"down": {"uv": [2.25468, 8.26716, 2.00416, 8.51768], "texture": "#0"}
			}
		},
		{
			"from": [7.1, -10.05025, 5.97868],
			"to": [8.9, -5.05025, 7.77868],
			"rotation": {"angle": -45, "axis": "x", "origin": [7, -10, 8]},
			"faces": {
				"north": {"uv": [4.63462, 7.39034, 4.88514, 8.01664], "texture": "#0"},
				"east": {"uv": [0.6263, 7.5156, 0.87682, 8.1419], "texture": "#0"},
				"south": {"uv": [1.00208, 7.5156, 1.2526, 8.1419], "texture": "#0"},
				"west": {"uv": [7.5156, 1.12734, 7.76612, 1.75364], "texture": "#0"},
				"up": {"uv": [4.13358, 8.51768, 3.88306, 8.26716], "texture": "#0"},
				"down": {"uv": [8.51768, 4.63462, 8.26716, 4.88514], "texture": "#0"}
			}
		},
		{
			"from": [7, -15.05025, 5.87868],
			"to": [9, -10.05025, 7.87868],
			"rotation": {"angle": 0, "axis": "y", "origin": [7, -10, 8]},
			"faces": {
				"north": {"uv": [7.5156, 5.0104, 7.76612, 5.6367], "texture": "#0"},
				"east": {"uv": [6.01248, 7.5156, 6.263, 8.1419], "texture": "#0"},
				"south": {"uv": [6.38826, 7.5156, 6.63878, 8.1419], "texture": "#0"},
				"west": {"uv": [6.76404, 7.5156, 7.01456, 8.1419], "texture": "#0"},
				"up": {"uv": [8.51768, 5.26092, 8.26716, 5.0104], "texture": "#0"},
				"down": {"uv": [8.51768, 5.38618, 8.26716, 5.6367], "texture": "#0"}
			}
		},
		{
			"from": [7.1, -14.77868, 2.94975],
			"to": [8.9, -12.97868, 7.94975],
			"rotation": {"angle": -22.5, "axis": "x", "origin": [7, -15, 8]},
			"faces": {
				"north": {"uv": [5.76196, 8.26716, 6.01248, 8.51768], "texture": "#0"},
				"east": {"uv": [7.13982, 5.76196, 7.76612, 6.01248], "texture": "#0"},
				"south": {"uv": [8.26716, 5.76196, 8.51768, 6.01248], "texture": "#0"},
				"west": {"uv": [7.64086, 0, 8.26716, 0.25052], "texture": "#0"},
				"up": {"uv": [0.25052, 8.26716, 0, 7.64086], "texture": "#0"},
				"down": {"uv": [7.89138, 1.8789, 7.64086, 2.5052], "texture": "#0"}
			}
		}
	],
	"gui_light": "front",
	"display": {
		"gui": {
			"rotation": [90, -145, 90],
			"translation": [-0.5, 0.75, 0],
			"scale": [0.5, 0.5, 0.5]
		}
	},
	"groups": [
		{
			"name": "group",
			"origin": [7, -15, 8],
			"color": 0,
			"boneType": "",
			"children": [0, 1, 2, 3, 4, 5, 6, 7, 8, 9, 10, 11, 12, 13]
		}
	]
}