{
	"textures": {
		"0": "item/crates/steampunk22_crate/scythe_animated_t2"
	},
	"elements": [
		{
			"from": [6, 17.00422, 7.21653],
			"to": [10, 27.00422, 11.21653],
			"rotation": {"angle": 0, "axis": "x", "origin": [7, 12, 10.25]},
			"faces": {
				"north": {"uv": [0, 5.625, 0.5, 6.875], "texture": "#0"},
				"east": {"uv": [0.625, 5.625, 1.125, 6.875], "texture": "#0"},
				"south": {"uv": [1.25, 5.625, 1.75, 6.875], "texture": "#0"},
				"west": {"uv": [1.875, 5.625, 2.375, 6.875], "texture": "#0"},
				"up": {"uv": [7, 4, 6.5, 3.5], "texture": "#0"},
				"down": {"uv": [7, 4.125, 6.5, 4.625], "texture": "#0"}
			}
		},
		{
			"from": [8, -2.99578, -15.78347],
			"to": [8, 26.00422, 7.21653],
			"rotation": {"angle": 0, "axis": "x", "origin": [5, 12, 10.25]},
			"faces": {
				"north": {"uv": [2.75, 7.875, 2.75, 11.5], "texture": "#0"},
				"east": {"uv": [5.875, 0, 3, 3.625], "texture": "#0"},
				"south": {"uv": [1.25, 8.25, 1.25, 11.875], "texture": "#0"},
				"west": {"uv": [3, 0, 5.875, 3.625], "texture": "#0"},
				"up": {"uv": [0, 11.25, 0, 8.375], "texture": "#0"},
				"down": {"uv": [0.125, 8.375, 0.125, 11.25], "texture": "#0"}
			}
		},
		{
			"from": [8, 15.00422, 11.21653],
			"to": [8, 29, 31],
			"rotation": {"angle": 0, "axis": "x", "origin": [5, 12, 10.25]},
			"faces": {
				"north": {"uv": [0.25, 8.375, 0.25, 10.125], "texture": "#0"},
				"east": {"uv": [5.125, 3.75, 2.625, 5.5], "texture": "#0"},
				"south": {"uv": [1.375, 8.375, 1.375, 10.125], "texture": "#0"},
				"west": {"uv": [2.625, 3.75, 5.125, 5.5], "texture": "#0"},
				"up": {"uv": [1.5, 10.875, 1.5, 8.375], "texture": "#0"},
				"down": {"uv": [1.625, 8.375, 1.625, 10.875], "texture": "#0"}
			}
		},
		{
			"from": [5, 22.10422, 2.21653],
			"to": [11, 25.1, 12.21653],
			"rotation": {"angle": 22.5, "axis": "x", "origin": [7, 22, 10.25]},
			"faces": {
				"north": {"uv": [6.125, 6.375, 6.875, 6.75], "texture": "#0"},
				"east": {"uv": [2.5, 5.625, 3.75, 6], "texture": "#0"},
				"south": {"uv": [6.5, 3, 7.25, 3.375], "texture": "#0"},
				"west": {"uv": [3.875, 5.625, 5.125, 6], "texture": "#0"},
				"up": {"uv": [6, 5, 5.25, 3.75], "texture": "#0"},
				"down": {"uv": [6, 5.125, 5.25, 6.375], "texture": "#0"}
			}
		},
		{
			"from": [7, 9.00422, 8.21653],
			"to": [9, 17.00422, 10.21653],
			"rotation": {"angle": 0, "axis": "x", "origin": [7, 9, 10.25]},
			"faces": {
				"north": {"uv": [5.25, 6.5, 5.5, 7.5], "texture": "#0"},
				"east": {"uv": [5.625, 6.5, 5.875, 7.5], "texture": "#0"},
				"south": {"uv": [6.625, 0, 6.875, 1], "texture": "#0"},
				"west": {"uv": [6.625, 1.125, 6.875, 2.125], "texture": "#0"},
				"up": {"uv": [3.375, 8.25, 3.125, 8], "texture": "#0"},
				"down": {"uv": [3.75, 8, 3.5, 8.25], "texture": "#0"}
			}
		},
		{
			"from": [6, 15.00422, 9.21653],
			"to": [10, 16.00422, 11.21653],
			"rotation": {"angle": 0, "axis": "x", "origin": [7, 9, 10.25]},
			"faces": {
				"north": {"uv": [7.625, 7.375, 8.125, 7.5], "texture": "#0"},
				"east": {"uv": [8.25, 6.75, 8.5, 6.875], "texture": "#0"},
				"south": {"uv": [8, 2.375, 8.5, 2.5], "texture": "#0"},
				"west": {"uv": [8.25, 7, 8.5, 7.125], "texture": "#0"},
				"up": {"uv": [7.875, 7.875, 7.375, 7.625], "texture": "#0"},
				"down": {"uv": [8.25, 0.375, 7.75, 0.625], "texture": "#0"}
			}
		},
		{
			"from": [6, 13.00422, 7.21653],
			"to": [10, 14.00422, 11.21653],
			"rotation": {"angle": 0, "axis": "x", "origin": [7, 9, 10.25]},
			"faces": {
				"north": {"uv": [3.875, 8, 4.375, 8.125], "texture": "#0"},
				"east": {"uv": [7.375, 8, 7.875, 8.125], "texture": "#0"},
				"south": {"uv": [8, 7.625, 8.5, 7.75], "texture": "#0"},
				"west": {"uv": [8, 7.875, 8.5, 8], "texture": "#0"},
				"up": {"uv": [7.125, 2.75, 6.625, 2.25], "texture": "#0"},
				"down": {"uv": [4.75, 6.625, 4.25, 7.125], "texture": "#0"}
			}
		},
		{
			"from": [6, 11.00422, 9.21653],
			"to": [10, 12.00422, 11.21653],
			"rotation": {"angle": 0, "axis": "x", "origin": [7, 9, 10.25]},
			"faces": {
				"north": {"uv": [1.375, 8.125, 1.875, 8.25], "texture": "#0"},
				"east": {"uv": [8.25, 7.25, 8.5, 7.375], "texture": "#0"},
				"south": {"uv": [8.125, 2.625, 8.625, 2.75], "texture": "#0"},
				"west": {"uv": [7.375, 8.25, 7.625, 8.375], "texture": "#0"},
				"up": {"uv": [8.25, 1, 7.75, 0.75], "texture": "#0"},
				"down": {"uv": [1.875, 7.75, 1.375, 8], "texture": "#0"}
			}
		},
		{
			"from": [7.1, -3, 2.35],
			"to": [8.9, 11, 4.15],
			"rotation": {"angle": 22.5, "axis": "x", "origin": [7, -5, 2.25]},
			"faces": {
				"north": {"uv": [6.125, 3, 6.375, 4.75], "texture": "#0"},
				"east": {"uv": [3.125, 6.125, 3.375, 7.875], "texture": "#0"},
				"south": {"uv": [3.5, 6.125, 3.75, 7.875], "texture": "#0"},
				"west": {"uv": [3.875, 6.125, 4.125, 7.875], "texture": "#0"},
				"up": {"uv": [8.375, 3.125, 8.125, 2.875], "texture": "#0"},
				"down": {"uv": [8.375, 3.25, 8.125, 3.5], "texture": "#0"}
			}
		},
		{
			"from": [6, 7, 1.25],
			"to": [10, 8, 5.25],
			"rotation": {"angle": 22.5, "axis": "x", "origin": [7, -5, 2.25]},
			"faces": {
				"north": {"uv": [8.125, 3.625, 8.625, 3.75], "texture": "#0"},
				"east": {"uv": [8.125, 3.875, 8.625, 4], "texture": "#0"},
				"south": {"uv": [8.125, 4.125, 8.625, 4.25], "texture": "#0"},
				"west": {"uv": [8.125, 4.375, 8.625, 4.5], "texture": "#0"},
				"up": {"uv": [6.5, 7.375, 6, 6.875], "texture": "#0"},
				"down": {"uv": [7.125, 6.875, 6.625, 7.375], "texture": "#0"}
			}
		},
		{
			"from": [6.5, 0, 1.75],
			"to": [9.5, 1, 4.75],
			"rotation": {"angle": 22.5, "axis": "x", "origin": [7, -5, 2.25]},
			"faces": {
				"north": {"uv": [4.5625, 8.125, 4.9375, 8.25], "texture": "#0"},
				"east": {"uv": [5.1875, 8.125, 5.5625, 8.25], "texture": "#0"},
				"south": {"uv": [8.0625, 8.125, 8.4375, 8.25], "texture": "#0"},
				"west": {"uv": [0.6875, 8.25, 1.0625, 8.375], "texture": "#0"},
				"up": {"uv": [0.4375, 7.4375, 0.0625, 7.0625], "texture": "#0"},
				"down": {"uv": [7.4375, 0.0625, 7.0625, 0.4375], "texture": "#0"}
			}
		},
		{
			"from": [7, -8, 3],
			"to": [9, -3, 5],
			"rotation": {"angle": 0, "axis": "y", "origin": [7, 0, -4]},
			"faces": {
				"north": {"uv": [7.25, 1.875, 7.5, 2.5], "texture": "#0"},
				"east": {"uv": [4.25, 7.25, 4.5, 7.875], "texture": "#0"},
				"south": {"uv": [7.25, 6.875, 7.5, 7.5], "texture": "#0"},
				"west": {"uv": [7.375, 2.625, 7.625, 3.25], "texture": "#0"},
				"up": {"uv": [8.5, 1.375, 8.25, 1.125], "texture": "#0"},
				"down": {"uv": [2.25, 8.25, 2, 8.5], "texture": "#0"}
			}
		},
		{
			"from": [7.1, -10.05025, 5.97868],
			"to": [8.9, -5.05025, 7.77868],
			"rotation": {"angle": -45, "axis": "x", "origin": [7, -10, 8]},
			"faces": {
				"north": {"uv": [4.625, 7.375, 4.875, 8], "texture": "#0"},
				"east": {"uv": [0.625, 7.5, 0.875, 8.125], "texture": "#0"},
				"south": {"uv": [1, 7.5, 1.25, 8.125], "texture": "#0"},
				"west": {"uv": [7.5, 1.125, 7.75, 1.75], "texture": "#0"},
				"up": {"uv": [4.125, 8.5, 3.875, 8.25], "texture": "#0"},
				"down": {"uv": [8.5, 4.625, 8.25, 4.875], "texture": "#0"}
			}
		},
		{
			"from": [7, -15.05025, 5.87868],
			"to": [9, -10.05025, 7.87868],
			"rotation": {"angle": 0, "axis": "x", "origin": [7, -10, 8]},
			"faces": {
				"north": {"uv": [7.5, 5, 7.75, 5.625], "texture": "#0"},
				"east": {"uv": [6, 7.5, 6.25, 8.125], "texture": "#0"},
				"south": {"uv": [6.375, 7.5, 6.625, 8.125], "texture": "#0"},
				"west": {"uv": [6.75, 7.5, 7, 8.125], "texture": "#0"},
				"up": {"uv": [8.5, 5.25, 8.25, 5], "texture": "#0"},
				"down": {"uv": [8.5, 5.375, 8.25, 5.625], "texture": "#0"}
			}
		},
		{
			"from": [7.1, -14.77868, 2.94975],
			"to": [8.9, -12.97868, 7.94975],
			"rotation": {"angle": -22.5, "axis": "x", "origin": [7, -15, 8]},
			"faces": {
				"north": {"uv": [5.75, 8.25, 6, 8.5], "texture": "#0"},
				"east": {"uv": [7.125, 5.75, 7.75, 6], "texture": "#0"},
				"south": {"uv": [8.25, 5.75, 8.5, 6], "texture": "#0"},
				"west": {"uv": [7.625, 0, 8.25, 0.25], "texture": "#0"},
				"up": {"uv": [0.25, 8.25, 0, 7.625], "texture": "#0"},
				"down": {"uv": [7.875, 1.875, 7.625, 2.5], "texture": "#0"}
			}
		}
	],
	"gui_light": "front",
	"display": {
		"thirdperson_righthand": {
			"rotation": [-11, 0, 0],
			"translation": [0, 2.5, 0.5],
			"scale": [0.8, 0.8, 0.8]
		},
		"thirdperson_lefthand": {
			"rotation": [-11, 0, 0],
			"translation": [0, 2.5, 0.5],
			"scale": [0.8, 0.8, 0.8]
		},
		"firstperson_righthand": {
			"translation": [3, 0, 0],
			"scale": [0.6, 0.6, 0.6]
		},
		"firstperson_lefthand": {
			"translation": [3, 0, 0],
			"scale": [0.6, 0.6, 0.6]
		},
		"ground": {
			"rotation": [52, 0, -35],
			"translation": [0, 3.5, 0],
			"scale": [0.5, 0.5, 0.5]
		},
		"gui": {
			"rotation": [90, -145, 90],
			"translation": [-0.5, 0.75, 0],
			"scale": [0.5, 0.5, 0.5]
		},
		"head": {
			"rotation": [-90, 47, -90],
			"translation": [1.25, -14.75, 5.5],
			"scale": [1.3, 1.3, 1.3]
		},
		"fixed": {
			"rotation": [0, -90, 0],
			"translation": [0, 0, -2.25]
		}
	},
	"groups": [
		{
			"name": "group",
			"origin": [7, -15, 8],
			"color": 0,
			"boneType": "",
			"children": [0, 1, 2, 3, 4, 5, 6, 7, 8, 9, 10, 11, 12, 13, 14]
		}
	]
}