{
	"textures": {
		"0": "item/crates/steampunk22_crate/steampunk_axe",
		"1": "item/crates/steampunk22_crate/steampunk_gear",
		"3": "item/crates/steampunk22_crate/steam"
	},
	"elements": [
		{
			"from": [7, 5.5, 7],
			"to": [9, 6, 9],
			"rotation": {"angle": 0, "axis": "y", "origin": [8.25, 7.5, 8]},
			"faces": {
				"north": {"uv": [12.25, 9.75, 13.25, 10], "texture": "#0"},
				"east": {"uv": [11.25, 9.75, 12.25, 10], "texture": "#0"},
				"south": {"uv": [14.25, 9.75, 15.25, 10], "texture": "#0"},
				"west": {"uv": [13.25, 9.75, 14.25, 10], "texture": "#0"},
				"up": {"uv": [13.25, 9.75, 12.25, 8.75], "texture": "#0"},
				"down": {"uv": [14.25, 8.75, 13.25, 9.75], "texture": "#0"}
			}
		},
		{
			"from": [7, 6.5, 6.5],
			"to": [9, 7, 9.5],
			"rotation": {"angle": 0, "axis": "y", "origin": [8.25, 7.5, 8]},
			"faces": {
				"north": {"uv": [5.75, 11.75, 6.75, 12], "texture": "#0"},
				"east": {"uv": [4.25, 11.75, 5.75, 12], "texture": "#0"},
				"south": {"uv": [8.25, 11.75, 9.25, 12], "texture": "#0"},
				"west": {"uv": [6.75, 11.75, 8.25, 12], "texture": "#0"},
				"up": {"uv": [6.75, 11.75, 5.75, 10.25], "texture": "#0"},
				"down": {"uv": [7.75, 10.25, 6.75, 11.75], "texture": "#0"}
			}
		},
		{
			"from": [8.25, 5.51256, 8.88388],
			"to": [8.75, 6.01256, 10.88388],
			"rotation": {"angle": 45, "axis": "x", "origin": [7.75, 5.76256, 10.38388]},
			"faces": {
				"north": {"uv": [13, 5.5, 13.25, 5.75], "texture": "#0"},
				"east": {"uv": [12, 5.5, 13, 5.75], "texture": "#0"},
				"south": {"uv": [14.25, 5.5, 14.5, 5.75], "texture": "#0"},
				"west": {"uv": [13.25, 5.5, 14.25, 5.75], "texture": "#0"},
				"up": {"uv": [13.25, 5.5, 13, 4.5], "texture": "#0"},
				"down": {"uv": [13.5, 4.5, 13.25, 5.5], "texture": "#0"}
			}
		},
		{
			"from": [7.2495, -7.0005, 7.2495],
			"to": [8.7505, 6.5005, 8.7505],
			"rotation": {"angle": 0, "axis": "y", "origin": [8.25, 4, 8]},
			"faces": {
				"north": {"uv": [0.75, 0.75, 1.5, 7.5], "texture": "#0"},
				"east": {"uv": [0, 0.75, 0.75, 7.5], "texture": "#0"},
				"south": {"uv": [2.25, 0.75, 3, 7.5], "texture": "#0"},
				"west": {"uv": [1.5, 0.75, 2.25, 7.5], "texture": "#0"},
				"up": {"uv": [1.5, 0.75, 0.75, 0], "texture": "#0"},
				"down": {"uv": [2.25, 0, 1.5, 0.75], "texture": "#0"}
			}
		},
		{
			"from": [7.1245, 3.9995, 7.1245],
			"to": [8.8755, 4.5005, 8.8755],
			"rotation": {"angle": 0, "axis": "y", "origin": [8.25, 4, 8]},
			"faces": {
				"north": {"uv": [1, 13.5, 1.75, 13.75], "texture": "#0"},
				"east": {"uv": [0.25, 13.5, 1, 13.75], "texture": "#0"},
				"south": {"uv": [2.5, 13.5, 3.25, 13.75], "texture": "#0"},
				"west": {"uv": [1.75, 13.5, 2.5, 13.75], "texture": "#0"},
				"up": {"uv": [1.75, 13.5, 1, 12.75], "texture": "#0"},
				"down": {"uv": [2.5, 12.75, 1.75, 13.5], "texture": "#0"}
			}
		},
		{
			"from": [7.1245, -0.0005, 7.1245],
			"to": [8.8755, 0.5005, 8.8755],
			"rotation": {"angle": 0, "axis": "y", "origin": [8.25, 4, 8]},
			"faces": {
				"north": {"uv": [1, 15, 1.75, 15.25], "texture": "#0"},
				"east": {"uv": [0.25, 15, 1, 15.25], "texture": "#0"},
				"south": {"uv": [2.5, 15, 3.25, 15.25], "texture": "#0"},
				"west": {"uv": [1.75, 15, 2.5, 15.25], "texture": "#0"},
				"up": {"uv": [1.75, 15, 1, 14.25], "texture": "#0"},
				"down": {"uv": [2.5, 14.25, 1.75, 15], "texture": "#0"}
			}
		},
		{
			"from": [7, -1.5, 7],
			"to": [9, -1, 9],
			"rotation": {"angle": 0, "axis": "y", "origin": [8.25, 9.5, 8]},
			"faces": {
				"north": {"uv": [12.25, 8.25, 13.25, 8.5], "texture": "#0"},
				"east": {"uv": [11.25, 8.25, 12.25, 8.5], "texture": "#0"},
				"south": {"uv": [14.25, 8.25, 15.25, 8.5], "texture": "#0"},
				"west": {"uv": [13.25, 8.25, 14.25, 8.5], "texture": "#0"},
				"up": {"uv": [13.25, 8.25, 12.25, 7.25], "texture": "#0"},
				"down": {"uv": [14.25, 7.25, 13.25, 8.25], "texture": "#0"}
			}
		},
		{
			"from": [7, -8, 6.75],
			"to": [9, -7, 9.25],
			"rotation": {"angle": 0, "axis": "y", "origin": [8.25, 4, 8]},
			"faces": {
				"north": {"uv": [11.25, 11.75, 12.25, 12.25], "texture": "#0"},
				"east": {"uv": [10, 11.75, 11.25, 12.25], "texture": "#0"},
				"south": {"uv": [13.5, 11.75, 14.5, 12.25], "texture": "#0"},
				"west": {"uv": [12.25, 11.75, 13.5, 12.25], "texture": "#0"},
				"up": {"uv": [12.25, 11.75, 11.25, 10.5], "texture": "#0"},
				"down": {"uv": [13.25, 10.5, 12.25, 11.75], "texture": "#0"}
			}
		},
		{
			"from": [7, -2.5, 6.75],
			"to": [9, -2, 9.25],
			"rotation": {"angle": 0, "axis": "y", "origin": [8.25, 4, 8]},
			"faces": {
				"north": {"uv": [10.75, 1.25, 11.75, 1.5], "texture": "#0"},
				"east": {"uv": [9.5, 1.25, 10.75, 1.5], "texture": "#0"},
				"south": {"uv": [13, 1.25, 14, 1.5], "texture": "#0"},
				"west": {"uv": [11.75, 1.25, 13, 1.5], "texture": "#0"},
				"up": {"uv": [11.75, 1.25, 10.75, 0], "texture": "#0"},
				"down": {"uv": [12.75, 0, 11.75, 1.25], "texture": "#0"}
			}
		},
		{
			"from": [7.5, -5.72155, -1.50815],
			"to": [8.5, -4.22155, -0.00815],
			"rotation": {"angle": -45, "axis": "x", "origin": [8, 3.85355, 7.81409]},
			"faces": {
				"north": {"uv": [8, 4.5, 8.5, 5.25], "texture": "#0"},
				"east": {"uv": [7.25, 4.5, 8, 5.25], "texture": "#0"},
				"south": {"uv": [9.25, 4.5, 9.75, 5.25], "texture": "#0"},
				"west": {"uv": [8.5, 4.5, 9.25, 5.25], "texture": "#0"},
				"up": {"uv": [8.5, 4.5, 8, 3.75], "texture": "#0"},
				"down": {"uv": [9, 3.75, 8.5, 4.5], "texture": "#0"}
			}
		},
		{
			"from": [7.25, 1.40144, 8.85984],
			"to": [8.75, 2.90144, 9.35984],
			"rotation": {"angle": -22.5, "axis": "x", "origin": [8, 3.35855, 9.88599]},
			"faces": {
				"north": {"uv": [3, 10.75, 3.75, 11.5], "texture": "#0"},
				"east": {"uv": [2.75, 10.75, 3, 11.5], "texture": "#0"},
				"south": {"uv": [4, 10.75, 4.75, 11.5], "texture": "#0"},
				"west": {"uv": [3.75, 10.75, 4, 11.5], "texture": "#0"},
				"up": {"uv": [3.75, 10.75, 3, 10.5], "texture": "#0"},
				"down": {"uv": [4.5, 10.5, 3.75, 10.75], "texture": "#0"}
			}
		},
		{
			"from": [7.25, 5.51256, 8.88388],
			"to": [7.75, 6.01256, 10.88388],
			"rotation": {"angle": 45, "axis": "x", "origin": [7.75, 5.76256, 10.38388]},
			"faces": {
				"north": {"uv": [13, 2.75, 13.25, 3], "texture": "#0"},
				"east": {"uv": [12, 2.75, 13, 3], "texture": "#0"},
				"south": {"uv": [14.25, 2.75, 14.5, 3], "texture": "#0"},
				"west": {"uv": [13.25, 2.75, 14.25, 3], "texture": "#0"},
				"up": {"uv": [13.25, 2.75, 13, 1.75], "texture": "#0"},
				"down": {"uv": [13.5, 1.75, 13.25, 2.75], "texture": "#0"}
			}
		},
		{
			"from": [7.25, 2.30973, 9.48362],
			"to": [7.75, 5.80973, 9.98362],
			"rotation": {"angle": 22.5, "axis": "x", "origin": [8, 3.35855, 9.88599]},
			"faces": {
				"north": {"uv": [4.5, 12.5, 4.75, 14.25], "texture": "#0"},
				"east": {"uv": [4.25, 12.5, 4.5, 14.25], "texture": "#0"},
				"south": {"uv": [5, 12.5, 5.25, 14.25], "texture": "#0"},
				"west": {"uv": [4.75, 12.5, 5, 14.25], "texture": "#0"},
				"up": {"uv": [4.75, 12.5, 4.5, 12.25], "texture": "#0"},
				"down": {"uv": [5, 12.25, 4.75, 12.5], "texture": "#0"}
			}
		},
		{
			"from": [8.25, 2.30973, 9.48362],
			"to": [8.75, 5.80973, 9.98362],
			"rotation": {"angle": 22.5, "axis": "x", "origin": [8, 3.35855, 9.88599]},
			"faces": {
				"north": {"uv": [0.25, 8.75, 0.5, 10.5], "texture": "#0"},
				"east": {"uv": [0, 8.75, 0.25, 10.5], "texture": "#0"},
				"south": {"uv": [0.75, 8.75, 1, 10.5], "texture": "#0"},
				"west": {"uv": [0.5, 8.75, 0.75, 10.5], "texture": "#0"},
				"up": {"uv": [0.5, 8.75, 0.25, 8.5], "texture": "#0"},
				"down": {"uv": [0.75, 8.5, 0.5, 8.75], "texture": "#0"}
			}
		},
		{
			"from": [7.25, 6.5, 6.25],
			"to": [7.75, 10, 9.75],
			"rotation": {"angle": 45, "axis": "x", "origin": [8, 8.25, 8]},
			"faces": {
				"north": {"uv": [8.75, 1.75, 9, 3.5], "texture": "#0"},
				"east": {"uv": [7, 1.75, 8.75, 3.5], "texture": "#0"},
				"south": {"uv": [10.75, 1.75, 11, 3.5], "texture": "#0"},
				"west": {"uv": [9, 1.75, 10.75, 3.5], "texture": "#0"},
				"up": {"uv": [9, 1.75, 8.75, 0], "texture": "#0"},
				"down": {"uv": [9.25, 0, 9, 1.75], "texture": "#0"}
			}
		},
		{
			"from": [8.25, 6.5, 6.25],
			"to": [8.75, 10, 9.75],
			"rotation": {"angle": 45, "axis": "x", "origin": [8, 8.25, 8]},
			"faces": {
				"north": {"uv": [3.25, 8.5, 3.5, 10.25], "texture": "#0"},
				"east": {"uv": [1.5, 8.5, 3.25, 10.25], "texture": "#0"},
				"south": {"uv": [5.25, 8.5, 5.5, 10.25], "texture": "#0"},
				"west": {"uv": [3.5, 8.5, 5.25, 10.25], "texture": "#0"},
				"up": {"uv": [3.5, 8.5, 3.25, 6.75], "texture": "#0"},
				"down": {"uv": [3.75, 6.75, 3.5, 8.5], "texture": "#0"}
			}
		},
		{
			"from": [6.5, 8, 7.75],
			"to": [9, 8.5, 8.25],
			"rotation": {"angle": 0, "axis": "y", "origin": [8.25, 12, 8]},
			"faces": {
				"north": {"uv": [7.5, 5.75, 8.75, 6], "texture": "#0"},
				"east": {"uv": [7.25, 5.75, 7.5, 6], "texture": "#0"},
				"south": {"uv": [9, 5.75, 10.25, 6], "texture": "#0"},
				"west": {"uv": [8.75, 5.75, 9, 6], "texture": "#0"},
				"up": {"uv": [8.75, 5.75, 7.5, 5.5], "texture": "#0"},
				"down": {"uv": [10, 5.5, 8.75, 5.75], "texture": "#0"}
			}
		},
		{
			"from": [7, 9.25, 7.75],
			"to": [9, 9.75, 8.25],
			"rotation": {"angle": 0, "axis": "y", "origin": [8.25, 12, 8]},
			"faces": {
				"north": {"uv": [0.25, 8, 1.25, 8.25], "texture": "#0"},
				"east": {"uv": [0, 8, 0.25, 8.25], "texture": "#0"},
				"south": {"uv": [1.5, 8, 2.5, 8.25], "texture": "#0"},
				"west": {"uv": [1.25, 8, 1.5, 8.25], "texture": "#0"},
				"up": {"uv": [1.25, 8, 0.25, 7.75], "texture": "#0"},
				"down": {"uv": [2.25, 7.75, 1.25, 8], "texture": "#0"}
			}
		},
		{
			"from": [7.7495, 8.9995, 4.7495],
			"to": [8.2505, 10.0005, 8.7505],
			"rotation": {"angle": 0, "axis": "y", "origin": [8.25, 3.5, 8]},
			"faces": {
				"north": {"uv": [11.25, 6.5, 11.5, 7], "texture": "#0"},
				"east": {"uv": [9.25, 6.5, 11.25, 7], "texture": "#0"},
				"south": {"uv": [13.5, 6.5, 13.75, 7], "texture": "#0"},
				"west": {"uv": [11.5, 6.5, 13.5, 7], "texture": "#0"},
				"up": {"uv": [11.5, 6.5, 11.25, 4.5], "texture": "#0"},
				"down": {"uv": [11.75, 4.5, 11.5, 6.5], "texture": "#0"}
			}
		},
		{
			"from": [7.7495, 7.4995, 4.7495],
			"to": [8.2505, 8.5005, 8.7505],
			"rotation": {"angle": 0, "axis": "y", "origin": [8.25, 3.5, 8]},
			"faces": {
				"north": {"uv": [11.25, 3.75, 11.5, 4.25], "texture": "#0"},
				"east": {"uv": [9.25, 3.75, 11.25, 4.25], "texture": "#0"},
				"south": {"uv": [13.5, 3.75, 13.75, 4.25], "texture": "#0"},
				"west": {"uv": [11.5, 3.75, 13.5, 4.25], "texture": "#0"},
				"up": {"uv": [11.5, 3.75, 11.25, 1.75], "texture": "#0"},
				"down": {"uv": [11.75, 1.75, 11.5, 3.75], "texture": "#0"}
			}
		},
		{
			"from": [7.7495, 3.9995, 2.2495],
			"to": [8.2505, 10.0005, 4.7505],
			"rotation": {"angle": 0, "axis": "y", "origin": [8.25, 3.5, 8]},
			"faces": {
				"north": {"uv": [9.25, 8.5, 9.5, 11.5], "texture": "#0"},
				"east": {"uv": [8, 8.5, 9.25, 11.5], "texture": "#0"},
				"south": {"uv": [10.75, 8.5, 11, 11.5], "texture": "#0"},
				"west": {"uv": [9.5, 8.5, 10.75, 11.5], "texture": "#0"},
				"up": {"uv": [9.5, 8.5, 9.25, 7.25], "texture": "#0"},
				"down": {"uv": [9.75, 7.25, 9.5, 8.5], "texture": "#0"}
			}
		},
		{
			"from": [7.4995, 9.2495, 4.2495],
			"to": [8.5005, 10.2505, 7.2505],
			"rotation": {"angle": 0, "axis": "y", "origin": [8.25, 3.5, 8]},
			"faces": {
				"north": {"uv": [1.5, 12, 2, 12.5], "texture": "#0"},
				"east": {"uv": [0, 12, 1.5, 12.5], "texture": "#0"},
				"south": {"uv": [3.5, 12, 4, 12.5], "texture": "#0"},
				"west": {"uv": [2, 12, 3.5, 12.5], "texture": "#0"},
				"up": {"uv": [2, 12, 1.5, 10.5], "texture": "#0"},
				"down": {"uv": [2.5, 10.5, 2, 12], "texture": "#0"}
			}
		},
		{
			"from": [7.4995, 8.7495, 3.7495],
			"to": [8.5005, 10.2505, 4.2505],
			"rotation": {"angle": 0, "axis": "y", "origin": [8.25, 3.5, 8]},
			"faces": {
				"north": {"uv": [4.25, 0.75, 4.75, 1.5], "texture": "#0"},
				"east": {"uv": [4, 0.75, 4.25, 1.5], "texture": "#0"},
				"south": {"uv": [5, 0.75, 5.5, 1.5], "texture": "#0"},
				"west": {"uv": [4.75, 0.75, 5, 1.5], "texture": "#0"},
				"up": {"uv": [4.75, 0.75, 4.25, 0.5], "texture": "#0"},
				"down": {"uv": [5.25, 0.5, 4.75, 0.75], "texture": "#0"}
			}
		},
		{
			"from": [7.4995, 8.2495, 2.7495],
			"to": [8.5005, 10.2505, 3.2505],
			"rotation": {"angle": 0, "axis": "y", "origin": [8.25, 3.5, 8]},
			"faces": {
				"north": {"uv": [5.75, 12.5, 6.25, 13.5], "texture": "#0"},
				"east": {"uv": [5.5, 12.5, 5.75, 13.5], "texture": "#0"},
				"south": {"uv": [6.5, 12.5, 7, 13.5], "texture": "#0"},
				"west": {"uv": [6.25, 12.5, 6.5, 13.5], "texture": "#0"},
				"up": {"uv": [6.25, 12.5, 5.75, 12.25], "texture": "#0"},
				"down": {"uv": [6.75, 12.25, 6.25, 12.5], "texture": "#0"}
			}
		},
		{
			"from": [7.9995, 1.4995, 1.2495],
			"to": [8.0005, 10.0005, 4.7505],
			"rotation": {"angle": 0, "axis": "y", "origin": [8.25, 3.5, 8]},
			"faces": {
				"north": {"uv": [5, 1.75, 5, 6], "texture": "#0"},
				"east": {"uv": [3.25, 1.75, 5, 6], "texture": "#0"},
				"south": {"uv": [6.75, 1.75, 6.75, 6], "texture": "#0"},
				"west": {"uv": [5, 1.75, 6.75, 6], "texture": "#0"},
				"up": {"uv": [5, 1.75, 5, 0], "texture": "#0"},
				"down": {"uv": [5, 0, 5, 1.75], "texture": "#0"}
			}
		},
		{
			"name": "big0",
			"from": [8, 6.35388, 7.59698],
			"to": [8, 10.35388, 11.59698],
			"rotation": {"angle": 22.5, "axis": "x", "origin": [8, 8.35388, 9.59698]},
			"faces": {
				"north": {"uv": [0, 0, 0, 2], "texture": "#1"},
				"east": {"uv": [0, 0, 2, 2], "texture": "#1"},
				"south": {"uv": [0, 0, 0, 2], "texture": "#1"},
				"west": {"uv": [0, 2, 2, 4], "texture": "#1"},
				"up": {"uv": [0, 2, 0, 0], "texture": "#1"},
				"down": {"uv": [0, 0, 0, 2], "texture": "#1"}
			}
		},
		{
			"name": "big1",
			"from": [8, 6.35388, 7.59698],
			"to": [8, 10.35388, 11.59698],
			"rotation": {"angle": 0, "axis": "y", "origin": [8, 8.35388, 9.59698]},
			"faces": {
				"north": {"uv": [0, 0, 0, 2], "texture": "#1"},
				"east": {"uv": [2, 0, 4, 2], "texture": "#1"},
				"south": {"uv": [0, 0, 0, 2], "texture": "#1"},
				"west": {"uv": [2, 2, 4, 4], "texture": "#1"},
				"up": {"uv": [0, 2, 0, 0], "texture": "#1"},
				"down": {"uv": [0, 0, 0, 2], "texture": "#1"}
			}
		},
		{
			"name": "big2",
			"from": [8, 6.35388, 7.59698],
			"to": [8, 10.35388, 11.59698],
			"rotation": {"angle": -22.5, "axis": "x", "origin": [8, 8.35388, 9.59698]},
			"faces": {
				"north": {"uv": [0, 0, 0, 2], "texture": "#1"},
				"east": {"uv": [0, 4, 2, 6], "texture": "#1"},
				"south": {"uv": [0, 0, 0, 2], "texture": "#1"},
				"west": {"uv": [4, 0, 6, 2], "texture": "#1"},
				"up": {"uv": [0, 2, 0, 0], "texture": "#1"},
				"down": {"uv": [0, 0, 0, 2], "texture": "#1"}
			}
		},
		{
			"name": "big3",
			"from": [8, 6.35388, 7.59698],
			"to": [8, 10.35388, 11.59698],
			"rotation": {"angle": -45, "axis": "x", "origin": [8, 8.35388, 9.59698]},
			"faces": {
				"north": {"uv": [0, 0, 0, 2], "texture": "#1"},
				"east": {"uv": [2, 4, 4, 6], "texture": "#1"},
				"south": {"uv": [0, 0, 0, 2], "texture": "#1"},
				"west": {"uv": [4, 2, 6, 4], "texture": "#1"},
				"up": {"uv": [0, 2, 0, 0], "texture": "#1"},
				"down": {"uv": [0, 0, 0, 2], "texture": "#1"}
			}
		},
		{
			"name": "big4",
			"from": [8, 6.35388, 7.59698],
			"to": [8, 10.35388, 11.59698],
			"rotation": {"angle": 22.5, "axis": "x", "origin": [8, 8.35388, 9.59698]},
			"faces": {
				"north": {"uv": [0, 0, 0, 2], "texture": "#1"},
				"east": {"uv": [4, 4, 6, 6], "texture": "#1"},
				"south": {"uv": [0, 0, 0, 2], "texture": "#1"},
				"west": {"uv": [0, 6, 2, 8], "texture": "#1"},
				"up": {"uv": [0, 2, 0, 0], "texture": "#1"},
				"down": {"uv": [0, 0, 0, 2], "texture": "#1"}
			}
		},
		{
			"name": "big5",
			"from": [8, 6.35388, 7.59698],
			"to": [8, 10.35388, 11.59698],
			"rotation": {"angle": 0, "axis": "y", "origin": [8, 8.35388, 9.59698]},
			"faces": {
				"north": {"uv": [0, 0, 0, 2], "texture": "#1"},
				"east": {"uv": [6, 0, 8, 2], "texture": "#1"},
				"south": {"uv": [0, 0, 0, 2], "texture": "#1"},
				"west": {"uv": [2, 6, 4, 8], "texture": "#1"},
				"up": {"uv": [0, 2, 0, 0], "texture": "#1"},
				"down": {"uv": [0, 0, 0, 2], "texture": "#1"}
			}
		},
		{
			"name": "big6",
			"from": [8, 6.35388, 7.59698],
			"to": [8, 10.35388, 11.59698],
			"rotation": {"angle": -22.5, "axis": "x", "origin": [8, 8.35388, 9.59698]},
			"faces": {
				"north": {"uv": [0, 0, 0, 2], "texture": "#1"},
				"east": {"uv": [6, 2, 8, 4], "texture": "#1"},
				"south": {"uv": [0, 0, 0, 2], "texture": "#1"},
				"west": {"uv": [4, 6, 6, 8], "texture": "#1"},
				"up": {"uv": [0, 2, 0, 0], "texture": "#1"},
				"down": {"uv": [0, 0, 0, 2], "texture": "#1"}
			}
		},
		{
			"name": "big7",
			"from": [8, 6.35388, 7.59698],
			"to": [8, 10.35388, 11.59698],
			"rotation": {"angle": -45, "axis": "x", "origin": [8, 8.35388, 9.59698]},
			"faces": {
				"north": {"uv": [0, 0, 0, 2], "texture": "#1"},
				"east": {"uv": [6, 4, 8, 6], "texture": "#1"},
				"south": {"uv": [0, 0, 0, 2], "texture": "#1"},
				"west": {"uv": [6, 6, 8, 8], "texture": "#1"},
				"up": {"uv": [0, 2, 0, 0], "texture": "#1"},
				"down": {"uv": [0, 0, 0, 2], "texture": "#1"}
			}
		},
		{
			"name": "big8",
			"from": [8, 6.35388, 7.59698],
			"to": [8, 10.35388, 11.59698],
			"rotation": {"angle": 22.5, "axis": "x", "origin": [8, 8.35388, 9.59698]},
			"faces": {
				"north": {"uv": [0, 0, 0, 2], "texture": "#1"},
				"east": {"uv": [0, 8, 2, 10], "texture": "#1"},
				"south": {"uv": [0, 0, 0, 2], "texture": "#1"},
				"west": {"uv": [8, 0, 10, 2], "texture": "#1"},
				"up": {"uv": [0, 2, 0, 0], "texture": "#1"},
				"down": {"uv": [0, 0, 0, 2], "texture": "#1"}
			}
		},
		{
			"name": "big9",
			"from": [8, 6.35388, 7.59698],
			"to": [8, 10.35388, 11.59698],
			"rotation": {"angle": 0, "axis": "y", "origin": [8, 8.35388, 9.59698]},
			"faces": {
				"north": {"uv": [0, 0, 0, 2], "texture": "#1"},
				"east": {"uv": [2, 8, 4, 10], "texture": "#1"},
				"south": {"uv": [0, 0, 0, 2], "texture": "#1"},
				"west": {"uv": [8, 2, 10, 4], "texture": "#1"},
				"up": {"uv": [0, 2, 0, 0], "texture": "#1"},
				"down": {"uv": [0, 0, 0, 2], "texture": "#1"}
			}
		},
		{
			"name": "big10",
			"from": [8, 6.35388, 7.59698],
			"to": [8, 10.35388, 11.59698],
			"rotation": {"angle": -22.5, "axis": "x", "origin": [8, 8.35388, 9.59698]},
			"faces": {
				"north": {"uv": [0, 0, 0, 2], "texture": "#1"},
				"east": {"uv": [4, 8, 6, 10], "texture": "#1"},
				"south": {"uv": [0, 0, 0, 2], "texture": "#1"},
				"west": {"uv": [8, 4, 10, 6], "texture": "#1"},
				"up": {"uv": [0, 2, 0, 0], "texture": "#1"},
				"down": {"uv": [0, 0, 0, 2], "texture": "#1"}
			}
		},
		{
			"name": "big11",
			"from": [8, 6.35388, 7.59698],
			"to": [8, 10.35388, 11.59698],
			"rotation": {"angle": -45, "axis": "x", "origin": [8, 8.35388, 9.59698]},
			"faces": {
				"north": {"uv": [0, 0, 0, 2], "texture": "#1"},
				"east": {"uv": [6, 8, 8, 10], "texture": "#1"},
				"south": {"uv": [0, 0, 0, 2], "texture": "#1"},
				"west": {"uv": [8, 6, 10, 8], "texture": "#1"},
				"up": {"uv": [0, 2, 0, 0], "texture": "#1"},
				"down": {"uv": [0, 0, 0, 2], "texture": "#1"}
			}
		},
		{
			"name": "big12",
			"from": [8, 6.35388, 7.59698],
			"to": [8, 10.35388, 11.59698],
			"rotation": {"angle": 22.5, "axis": "x", "origin": [8, 8.35388, 9.59698]},
			"faces": {
				"north": {"uv": [0, 0, 0, 2], "texture": "#1"},
				"east": {"uv": [8, 8, 10, 10], "texture": "#1"},
				"south": {"uv": [0, 0, 0, 2], "texture": "#1"},
				"west": {"uv": [0, 10, 2, 12], "texture": "#1"},
				"up": {"uv": [0, 2, 0, 0], "texture": "#1"},
				"down": {"uv": [0, 0, 0, 2], "texture": "#1"}
			}
		},
		{
			"name": "big13",
			"from": [8, 6.35388, 7.59698],
			"to": [8, 10.35388, 11.59698],
			"rotation": {"angle": 0, "axis": "y", "origin": [8, 8.35388, 9.59698]},
			"faces": {
				"north": {"uv": [0, 0, 0, 2], "texture": "#1"},
				"east": {"uv": [10, 0, 12, 2], "texture": "#1"},
				"south": {"uv": [0, 0, 0, 2], "texture": "#1"},
				"west": {"uv": [2, 10, 4, 12], "texture": "#1"},
				"up": {"uv": [0, 2, 0, 0], "texture": "#1"},
				"down": {"uv": [0, 0, 0, 2], "texture": "#1"}
			}
		},
		{
			"name": "big14",
			"from": [8, 6.35388, 7.59698],
			"to": [8, 10.35388, 11.59698],
			"rotation": {"angle": -22.5, "axis": "x", "origin": [8, 8.35388, 9.59698]},
			"faces": {
				"north": {"uv": [0, 0, 0, 2], "texture": "#1"},
				"east": {"uv": [10, 2, 12, 4], "texture": "#1"},
				"south": {"uv": [0, 0, 0, 2], "texture": "#1"},
				"west": {"uv": [4, 10, 6, 12], "texture": "#1"},
				"up": {"uv": [0, 2, 0, 0], "texture": "#1"},
				"down": {"uv": [0, 0, 0, 2], "texture": "#1"}
			}
		},
		{
			"name": "big15",
			"from": [8, 6.35388, 7.59698],
			"to": [8, 10.35388, 11.59698],
			"rotation": {"angle": -45, "axis": "x", "origin": [8, 8.35388, 9.59698]},
			"faces": {
				"north": {"uv": [0, 0, 0, 2], "texture": "#1"},
				"east": {"uv": [10, 4, 12, 6], "texture": "#1"},
				"south": {"uv": [0, 0, 0, 2], "texture": "#1"},
				"west": {"uv": [6, 10, 8, 12], "texture": "#1"},
				"up": {"uv": [0, 2, 0, 0], "texture": "#1"},
				"down": {"uv": [0, 0, 0, 2], "texture": "#1"}
			}
		},
		{
			"name": "small0",
			"from": [8, 5.44605, 5.61157],
			"to": [8, 7.94605, 8.11157],
			"rotation": {"angle": -22.5, "axis": "x", "origin": [8, 6.69605, 6.86157]},
			"faces": {
				"north": {"uv": [0, 0, 0, 1.25], "texture": "#1"},
				"east": {"uv": [10, 6, 11.25, 7.25], "texture": "#1"},
				"south": {"uv": [0, 0, 0, 1.25], "texture": "#1"},
				"west": {"uv": [10, 7.25, 11.25, 8.5], "texture": "#1"},
				"up": {"uv": [0, 1.25, 0, 0], "texture": "#1"},
				"down": {"uv": [0, 0, 0, 1.25], "texture": "#1"}
			}
		},
		{
			"name": "small1",
			"from": [8, 5.44605, 5.61157],
			"to": [8, 7.94605, 8.11157],
			"rotation": {"angle": 0, "axis": "y", "origin": [8, 6.69605, 6.86157]},
			"faces": {
				"north": {"uv": [0, 0, 0, 1.25], "texture": "#1"},
				"east": {"uv": [8, 10, 9.25, 11.25], "texture": "#1"},
				"south": {"uv": [0, 0, 0, 1.25], "texture": "#1"},
				"west": {"uv": [10, 8.5, 11.25, 9.75], "texture": "#1"},
				"up": {"uv": [0, 1.25, 0, 0], "texture": "#1"},
				"down": {"uv": [0, 0, 0, 1.25], "texture": "#1"}
			}
		},
		{
			"name": "small2",
			"from": [8, 5.44605, 5.61157],
			"to": [8, 7.94605, 8.11157],
			"rotation": {"angle": 22.5, "axis": "x", "origin": [8, 6.69605, 6.86157]},
			"faces": {
				"north": {"uv": [0, 0, 0, 1.25], "texture": "#1"},
				"east": {"uv": [9.25, 10, 10.5, 11.25], "texture": "#1"},
				"south": {"uv": [0, 0, 0, 1.25], "texture": "#1"},
				"west": {"uv": [10.5, 9.75, 11.75, 11], "texture": "#1"},
				"up": {"uv": [0, 1.25, 0, 0], "texture": "#1"},
				"down": {"uv": [0, 0, 0, 1.25], "texture": "#1"}
			}
		},
		{
			"name": "small3",
			"from": [8, 5.44605, 5.61157],
			"to": [8, 7.94605, 8.11157],
			"rotation": {"angle": 45, "axis": "x", "origin": [8, 6.69605, 6.86157]},
			"faces": {
				"north": {"uv": [0, 0, 0, 1.25], "texture": "#1"},
				"east": {"uv": [10.5, 11, 11.75, 12.25], "texture": "#1"},
				"south": {"uv": [0, 0, 0, 1.25], "texture": "#1"},
				"west": {"uv": [11.25, 6, 12.5, 7.25], "texture": "#1"},
				"up": {"uv": [0, 1.25, 0, 0], "texture": "#1"},
				"down": {"uv": [0, 0, 0, 1.25], "texture": "#1"}
			}
		},
		{
			"name": "small4",
			"from": [8, 5.44605, 5.61157],
			"to": [8, 7.94605, 8.11157],
			"rotation": {"angle": -22.5, "axis": "x", "origin": [8, 6.69605, 6.86157]},
			"faces": {
				"north": {"uv": [0, 0, 0, 1.25], "texture": "#1"},
				"east": {"uv": [11.25, 7.25, 12.5, 8.5], "texture": "#1"},
				"south": {"uv": [0, 0, 0, 1.25], "texture": "#1"},
				"west": {"uv": [8, 11.25, 9.25, 12.5], "texture": "#1"},
				"up": {"uv": [0, 1.25, 0, 0], "texture": "#1"},
				"down": {"uv": [0, 0, 0, 1.25], "texture": "#1"}
			}
		},
		{
			"name": "small5",
			"from": [8, 5.44605, 5.61157],
			"to": [8, 7.94605, 8.11157],
			"rotation": {"angle": 0, "axis": "y", "origin": [8, 6.69605, 6.86157]},
			"faces": {
				"north": {"uv": [0, 0, 0, 1.25], "texture": "#1"},
				"east": {"uv": [11.25, 8.5, 12.5, 9.75], "texture": "#1"},
				"south": {"uv": [0, 0, 0, 1.25], "texture": "#1"},
				"west": {"uv": [9.25, 11.25, 10.5, 12.5], "texture": "#1"},
				"up": {"uv": [0, 1.25, 0, 0], "texture": "#1"},
				"down": {"uv": [0, 0, 0, 1.25], "texture": "#1"}
			}
		},
		{
			"name": "small6",
			"from": [8, 5.44605, 5.61157],
			"to": [8, 7.94605, 8.11157],
			"rotation": {"angle": 22.5, "axis": "x", "origin": [8, 6.69605, 6.86157]},
			"faces": {
				"north": {"uv": [0, 0, 0, 1.25], "texture": "#1"},
				"east": {"uv": [11.75, 9.75, 13, 11], "texture": "#1"},
				"south": {"uv": [0, 0, 0, 1.25], "texture": "#1"},
				"west": {"uv": [11.75, 11, 13, 12.25], "texture": "#1"},
				"up": {"uv": [0, 1.25, 0, 0], "texture": "#1"},
				"down": {"uv": [0, 0, 0, 1.25], "texture": "#1"}
			}
		},
		{
			"name": "small7",
			"from": [8, 5.44605, 5.61157],
			"to": [8, 7.94605, 8.11157],
			"rotation": {"angle": 45, "axis": "x", "origin": [8, 6.69605, 6.86157]},
			"faces": {
				"north": {"uv": [0, 0, 0, 1.25], "texture": "#1"},
				"east": {"uv": [0, 12, 1.25, 13.25], "texture": "#1"},
				"south": {"uv": [0, 0, 0, 1.25], "texture": "#1"},
				"west": {"uv": [12, 0, 13.25, 1.25], "texture": "#1"},
				"up": {"uv": [0, 1.25, 0, 0], "texture": "#1"},
				"down": {"uv": [0, 0, 0, 1.25], "texture": "#1"}
			}
		},
		{
			"name": "small8",
			"from": [8, 5.44605, 5.61157],
			"to": [8, 7.94605, 8.11157],
			"rotation": {"angle": -22.5, "axis": "x", "origin": [8, 6.69605, 6.86157]},
			"faces": {
				"north": {"uv": [0, 0, 0, 1.25], "texture": "#1"},
				"east": {"uv": [1.25, 12, 2.5, 13.25], "texture": "#1"},
				"south": {"uv": [0, 0, 0, 1.25], "texture": "#1"},
				"west": {"uv": [12, 1.25, 13.25, 2.5], "texture": "#1"},
				"up": {"uv": [0, 1.25, 0, 0], "texture": "#1"},
				"down": {"uv": [0, 0, 0, 1.25], "texture": "#1"}
			}
		},
		{
			"name": "small9",
			"from": [8, 5.44605, 5.61157],
			"to": [8, 7.94605, 8.11157],
			"rotation": {"angle": 0, "axis": "y", "origin": [8, 6.69605, 6.86157]},
			"faces": {
				"north": {"uv": [0, 0, 0, 1.25], "texture": "#1"},
				"east": {"uv": [2.5, 12, 3.75, 13.25], "texture": "#1"},
				"south": {"uv": [0, 0, 0, 1.25], "texture": "#1"},
				"west": {"uv": [12, 2.5, 13.25, 3.75], "texture": "#1"},
				"up": {"uv": [0, 1.25, 0, 0], "texture": "#1"},
				"down": {"uv": [0, 0, 0, 1.25], "texture": "#1"}
			}
		},
		{
			"name": "small10",
			"from": [8, 5.44605, 5.61157],
			"to": [8, 7.94605, 8.11157],
			"rotation": {"angle": 22.5, "axis": "x", "origin": [8, 6.69605, 6.86157]},
			"faces": {
				"north": {"uv": [0, 0, 0, 1.25], "texture": "#1"},
				"east": {"uv": [3.75, 12, 5, 13.25], "texture": "#1"},
				"south": {"uv": [0, 0, 0, 1.25], "texture": "#1"},
				"west": {"uv": [12, 3.75, 13.25, 5], "texture": "#1"},
				"up": {"uv": [0, 1.25, 0, 0], "texture": "#1"},
				"down": {"uv": [0, 0, 0, 1.25], "texture": "#1"}
			}
		},
		{
			"name": "small11",
			"from": [8, 5.44605, 5.61157],
			"to": [8, 7.94605, 8.11157],
			"rotation": {"angle": 45, "axis": "x", "origin": [8, 6.69605, 6.86157]},
			"faces": {
				"north": {"uv": [0, 0, 0, 1.25], "texture": "#1"},
				"east": {"uv": [5, 12, 6.25, 13.25], "texture": "#1"},
				"south": {"uv": [0, 0, 0, 1.25], "texture": "#1"},
				"west": {"uv": [6.25, 12, 7.5, 13.25], "texture": "#1"},
				"up": {"uv": [0, 1.25, 0, 0], "texture": "#1"},
				"down": {"uv": [0, 0, 0, 1.25], "texture": "#1"}
			}
		},
		{
			"name": "small12",
			"from": [8, 5.44605, 5.61157],
			"to": [8, 7.94605, 8.11157],
			"rotation": {"angle": -22.5, "axis": "x", "origin": [8, 6.69605, 6.86157]},
			"faces": {
				"north": {"uv": [0, 0, 0, 1.25], "texture": "#1"},
				"east": {"uv": [10.5, 12.25, 11.75, 13.5], "texture": "#1"},
				"south": {"uv": [0, 0, 0, 1.25], "texture": "#1"},
				"west": {"uv": [11.75, 12.25, 13, 13.5], "texture": "#1"},
				"up": {"uv": [0, 1.25, 0, 0], "texture": "#1"},
				"down": {"uv": [0, 0, 0, 1.25], "texture": "#1"}
			}
		},
		{
			"name": "small13",
			"from": [8, 5.44605, 5.61157],
			"to": [8, 7.94605, 8.11157],
			"rotation": {"angle": 0, "axis": "y", "origin": [8, 6.69605, 6.86157]},
			"faces": {
				"north": {"uv": [0, 0, 0, 1.25], "texture": "#1"},
				"east": {"uv": [12.5, 5, 13.75, 6.25], "texture": "#1"},
				"south": {"uv": [0, 0, 0, 1.25], "texture": "#1"},
				"west": {"uv": [12.5, 6.25, 13.75, 7.5], "texture": "#1"},
				"up": {"uv": [0, 1.25, 0, 0], "texture": "#1"},
				"down": {"uv": [0, 0, 0, 1.25], "texture": "#1"}
			}
		},
		{
			"name": "small14",
			"from": [8, 5.44605, 5.61157],
			"to": [8, 7.94605, 8.11157],
			"rotation": {"angle": 22.5, "axis": "x", "origin": [8, 6.69605, 6.86157]},
			"faces": {
				"north": {"uv": [0, 0, 0, 1.25], "texture": "#1"},
				"east": {"uv": [7.5, 12.5, 8.75, 13.75], "texture": "#1"},
				"south": {"uv": [0, 0, 0, 1.25], "texture": "#1"},
				"west": {"uv": [12.5, 7.5, 13.75, 8.75], "texture": "#1"},
				"up": {"uv": [0, 1.25, 0, 0], "texture": "#1"},
				"down": {"uv": [0, 0, 0, 1.25], "texture": "#1"}
			}
		},
		{
			"name": "small15",
			"from": [8, 5.44605, 5.61157],
			"to": [8, 7.94605, 8.11157],
			"rotation": {"angle": 45, "axis": "x", "origin": [8, 6.69605, 6.86157]},
			"faces": {
				"north": {"uv": [0, 0, 0, 1.25], "texture": "#1"},
				"east": {"uv": [8.75, 12.5, 10, 13.75], "texture": "#1"},
				"south": {"uv": [0, 0, 0, 1.25], "texture": "#1"},
				"west": {"uv": [13, 8.75, 14.25, 10], "texture": "#1"},
				"up": {"uv": [0, 1.25, 0, 0], "texture": "#1"},
				"down": {"uv": [0, 0, 0, 1.25], "texture": "#1"}
			}
		},
		{
			"name": "red0",
			"from": [6.75, 8, 7.75],
			"to": [6.75, 10.5, 8.25],
			"rotation": {"angle": -22.5, "axis": "x", "origin": [9.25, 8.25, 8]},
			"faces": {
				"north": {"uv": [0, 0, 0, 1.25], "texture": "#1"},
				"east": {"uv": [10, 12.5, 10.25, 13.75], "texture": "#1"},
				"south": {"uv": [0, 0, 0, 1.25], "texture": "#1"},
				"west": {"uv": [10.25, 12.5, 10.5, 13.75], "texture": "#1"},
				"up": {"uv": [0, 0.25, 0, 0], "texture": "#1"},
				"down": {"uv": [0, 0, 0, 0.25], "texture": "#1"}
			}
		},
		{
			"name": "red1",
			"from": [6.75, 8, 7.75],
			"to": [6.75, 10.5, 8.25],
			"rotation": {"angle": -45, "axis": "x", "origin": [9.25, 8.25, 8]},
			"faces": {
				"north": {"uv": [0, 0, 0, 1.25], "texture": "#1"},
				"east": {"uv": [13, 10, 13.25, 11.25], "texture": "#1"},
				"south": {"uv": [0, 0, 0, 1.25], "texture": "#1"},
				"west": {"uv": [13, 11.25, 13.25, 12.5], "texture": "#1"},
				"up": {"uv": [0, 0.25, 0, 0], "texture": "#1"},
				"down": {"uv": [0, 0, 0, 0.25], "texture": "#1"}
			}
		},
		{
			"name": "red2",
			"from": [6.75, 8, 5.75],
			"to": [6.75, 8.5, 8.25],
			"rotation": {"angle": 0, "axis": "y", "origin": [9.25, 8.25, 8]},
			"faces": {
				"north": {"uv": [0, 0, 0, 0.25], "texture": "#1"},
				"east": {"uv": [13, 12.5, 14.25, 12.75], "texture": "#1"},
				"south": {"uv": [0, 0, 0, 0.25], "texture": "#1"},
				"west": {"uv": [13, 12.75, 14.25, 13], "texture": "#1"},
				"up": {"uv": [0, 1.25, 0, 0], "texture": "#1"},
				"down": {"uv": [0, 0, 0, 1.25], "texture": "#1"}
			}
		},
		{
			"name": "red3",
			"from": [6.75, 8, 5.75],
			"to": [6.75, 8.5, 8.25],
			"rotation": {"angle": 0, "axis": "y", "origin": [9.25, 8.25, 8]},
			"faces": {
				"north": {"uv": [0, 0, 0, 0.25], "texture": "#1"},
				"east": {"uv": [13, 13, 14.25, 13.25], "texture": "#1"},
				"south": {"uv": [0, 0, 0, 0.25], "texture": "#1"},
				"west": {"uv": [0, 13.25, 1.25, 13.5], "texture": "#1"},
				"up": {"uv": [0, 1.25, 0, 0], "texture": "#1"},
				"down": {"uv": [0, 0, 0, 1.25], "texture": "#1"}
			}
		},
		{
			"name": "red4",
			"from": [6.75, 8, 5.75],
			"to": [6.75, 8.5, 8.25],
			"rotation": {"angle": -22.5, "axis": "x", "origin": [9.25, 8.25, 8]},
			"faces": {
				"north": {"uv": [0, 0, 0, 0.25], "texture": "#1"},
				"east": {"uv": [13.25, 0, 14.5, 0.25], "texture": "#1"},
				"south": {"uv": [0, 0, 0, 0.25], "texture": "#1"},
				"west": {"uv": [13.25, 0.25, 14.5, 0.5], "texture": "#1"},
				"up": {"uv": [0, 1.25, 0, 0], "texture": "#1"},
				"down": {"uv": [0, 0, 0, 1.25], "texture": "#1"}
			}
		},
		{
			"name": "red5",
			"from": [6.75, 8, 5.75],
			"to": [6.75, 8.5, 8.25],
			"rotation": {"angle": 22.5, "axis": "x", "origin": [9.25, 8.25, 8]},
			"faces": {
				"north": {"uv": [0, 0, 0, 0.25], "texture": "#1"},
				"east": {"uv": [13.25, 0.5, 14.5, 0.75], "texture": "#1"},
				"south": {"uv": [0, 0, 0, 0.25], "texture": "#1"},
				"west": {"uv": [13.25, 0.75, 14.5, 1], "texture": "#1"},
				"up": {"uv": [0, 1.25, 0, 0], "texture": "#1"},
				"down": {"uv": [0, 0, 0, 1.25], "texture": "#1"}
			}
		},
		{
			"name": "red6",
			"from": [6.75, 8, 7.75],
			"to": [6.75, 10.5, 8.25],
			"rotation": {"angle": -45, "axis": "x", "origin": [9.25, 8.25, 8]},
			"faces": {
				"north": {"uv": [0, 0, 0, 1.25], "texture": "#1"},
				"east": {"uv": [13.25, 1, 13.5, 2.25], "texture": "#1"},
				"south": {"uv": [0, 0, 0, 1.25], "texture": "#1"},
				"west": {"uv": [1.25, 13.25, 1.5, 14.5], "texture": "#1"},
				"up": {"uv": [0, 0.25, 0, 0], "texture": "#1"},
				"down": {"uv": [0, 0, 0, 0.25], "texture": "#1"}
			}
		},
		{
			"name": "red7",
			"from": [6.75, 8, 7.75],
			"to": [6.75, 10.5, 8.25],
			"rotation": {"angle": -22.5, "axis": "x", "origin": [9.25, 8.25, 8]},
			"faces": {
				"north": {"uv": [0, 0, 0, 1.25], "texture": "#1"},
				"east": {"uv": [1.5, 13.25, 1.75, 14.5], "texture": "#1"},
				"south": {"uv": [0, 0, 0, 1.25], "texture": "#1"},
				"west": {"uv": [1.75, 13.25, 2, 14.5], "texture": "#1"},
				"up": {"uv": [0, 0.25, 0, 0], "texture": "#1"},
				"down": {"uv": [0, 0, 0, 0.25], "texture": "#1"}
			}
		},
		{
			"name": "red8",
			"from": [6.75, 8, 7.75],
			"to": [6.75, 8.5, 10.25],
			"rotation": {"angle": -45, "axis": "x", "origin": [9.25, 8.25, 8]},
			"faces": {
				"north": {"uv": [0, 0, 0, 0.25], "texture": "#1"},
				"east": {"uv": [2, 13.25, 3.25, 13.5], "texture": "#1"},
				"south": {"uv": [0, 0, 0, 0.25], "texture": "#1"},
				"west": {"uv": [13.25, 2.25, 14.5, 2.5], "texture": "#1"},
				"up": {"uv": [0, 1.25, 0, 0], "texture": "#1"},
				"down": {"uv": [0, 0, 0, 1.25], "texture": "#1"}
			}
		},
		{
			"name": "red9",
			"from": [6.75, 8, 7.75],
			"to": [6.75, 10.5, 8.25],
			"rotation": {"angle": 0, "axis": "y", "origin": [9.25, 8.25, 8]},
			"faces": {
				"north": {"uv": [0, 1.25, 0, 0], "rotation": 180, "texture": "#1"},
				"east": {"uv": [13.25, 2.5, 14.5, 2.75], "rotation": 90, "texture": "#1"},
				"south": {"uv": [0, 0, 0, 1.25], "texture": "#1"},
				"west": {"uv": [13.25, 2.75, 14.5, 3], "rotation": 270, "texture": "#1"},
				"up": {"uv": [0, 0, 0, 0.25], "texture": "#1"},
				"down": {"uv": [0, 0, 0, 0.25], "rotation": 180, "texture": "#1"}
			}
		},
		{
			"name": "red10",
			"from": [6.75, 8, 7.75],
			"to": [6.75, 10.5, 8.25],
			"rotation": {"angle": -22.5, "axis": "x", "origin": [9.25, 8.25, 8]},
			"faces": {
				"north": {"uv": [0, 0, 0, 1.25], "texture": "#1"},
				"east": {"uv": [13.25, 3, 13.5, 4.25], "texture": "#1"},
				"south": {"uv": [0, 0, 0, 1.25], "texture": "#1"},
				"west": {"uv": [3.25, 13.25, 3.5, 14.5], "texture": "#1"},
				"up": {"uv": [0, 0.25, 0, 0], "texture": "#1"},
				"down": {"uv": [0, 0, 0, 0.25], "texture": "#1"}
			}
		},
		{
			"name": "red11",
			"from": [6.75, 8, 7.75],
			"to": [6.75, 10.5, 8.25],
			"rotation": {"angle": -45, "axis": "x", "origin": [9.25, 8.25, 8]},
			"faces": {
				"north": {"uv": [0, 0, 0, 1.25], "texture": "#1"},
				"east": {"uv": [3.5, 13.25, 3.75, 14.5], "texture": "#1"},
				"south": {"uv": [0, 0, 0, 1.25], "texture": "#1"},
				"west": {"uv": [3.75, 13.25, 4, 14.5], "texture": "#1"},
				"up": {"uv": [0, 0.25, 0, 0], "texture": "#1"},
				"down": {"uv": [0, 0, 0, 0.25], "texture": "#1"}
			}
		},
		{
			"name": "red12",
			"from": [6.75, 8, 5.75],
			"to": [6.75, 8.5, 8.25],
			"rotation": {"angle": -22.5, "axis": "x", "origin": [9.25, 8.25, 8]},
			"faces": {
				"north": {"uv": [0, 0, 0, 0.25], "texture": "#1"},
				"east": {"uv": [4, 13.25, 5.25, 13.5], "texture": "#1"},
				"south": {"uv": [0, 0, 0, 0.25], "texture": "#1"},
				"west": {"uv": [13.25, 4.25, 14.5, 4.5], "texture": "#1"},
				"up": {"uv": [0, 1.25, 0, 0], "texture": "#1"},
				"down": {"uv": [0, 0, 0, 1.25], "texture": "#1"}
			}
		},
		{
			"name": "red13",
			"from": [6.75, 8, 5.75],
			"to": [6.75, 8.5, 8.25],
			"rotation": {"angle": 22.5, "axis": "x", "origin": [9.25, 8.25, 8]},
			"faces": {
				"north": {"uv": [0, 0, 0, 0.25], "texture": "#1"},
				"east": {"uv": [13.25, 4.5, 14.5, 4.75], "texture": "#1"},
				"south": {"uv": [0, 0, 0, 0.25], "texture": "#1"},
				"west": {"uv": [13.25, 4.75, 14.5, 5], "texture": "#1"},
				"up": {"uv": [0, 1.25, 0, 0], "texture": "#1"},
				"down": {"uv": [0, 0, 0, 1.25], "texture": "#1"}
			}
		},
		{
			"name": "red14",
			"from": [6.75, 8, 7.75],
			"to": [6.75, 10.5, 8.25],
			"rotation": {"angle": 0, "axis": "y", "origin": [9.25, 8.25, 8]},
			"faces": {
				"north": {"uv": [0, 0, 0, 1.25], "texture": "#1"},
				"east": {"uv": [5.25, 13.25, 5.5, 14.5], "texture": "#1"},
				"south": {"uv": [0, 0, 0, 1.25], "texture": "#1"},
				"west": {"uv": [5.5, 13.25, 5.75, 14.5], "texture": "#1"},
				"up": {"uv": [0, 0.25, 0, 0], "texture": "#1"},
				"down": {"uv": [0, 0, 0, 0.25], "texture": "#1"}
			}
		},
		{
			"name": "red15",
			"from": [6.75, 8, 7.75],
			"to": [6.75, 10.5, 8.25],
			"rotation": {"angle": -45, "axis": "x", "origin": [9.25, 8.25, 8]},
			"faces": {
				"north": {"uv": [0, 0, 0, 1.25], "texture": "#1"},
				"east": {"uv": [5.75, 13.25, 6, 14.5], "texture": "#1"},
				"south": {"uv": [0, 0, 0, 1.25], "texture": "#1"},
				"west": {"uv": [6, 13.25, 6.25, 14.5], "texture": "#1"},
				"up": {"uv": [0, 0.25, 0, 0], "texture": "#1"},
				"down": {"uv": [0, 0, 0, 0.25], "texture": "#1"}
			}
		},
		{
			"name": "white0",
			"from": [6.8, 8, 7.75],
			"to": [6.8, 8.5, 9.75],
			"rotation": {"angle": -22.5, "axis": "x", "origin": [9.225, 8.25, 8]},
			"faces": {
				"north": {"uv": [0, 0, 0, 0.25], "texture": "#1"},
				"east": {"uv": [6.25, 13.25, 7.25, 13.5], "texture": "#1"},
				"south": {"uv": [0, 0, 0, 0.25], "texture": "#1"},
				"west": {"uv": [13.25, 10, 14.25, 10.25], "texture": "#1"},
				"up": {"uv": [0, 1, 0, 0], "texture": "#1"},
				"down": {"uv": [0, 0, 0, 1], "texture": "#1"}
			}
		},
		{
			"name": "white1",
			"from": [6.8, 8, 7.75],
			"to": [6.8, 8.5, 9.75],
			"rotation": {"angle": -22.5, "axis": "x", "origin": [9.225, 8.25, 8]},
			"faces": {
				"north": {"uv": [0, 0, 0, 0.25], "texture": "#1"},
				"east": {"uv": [13.25, 10.25, 14.25, 10.5], "texture": "#1"},
				"south": {"uv": [0, 0, 0, 0.25], "texture": "#1"},
				"west": {"uv": [13.25, 10.5, 14.25, 10.75], "texture": "#1"},
				"up": {"uv": [0, 1, 0, 0], "texture": "#1"},
				"down": {"uv": [0, 0, 0, 1], "texture": "#1"}
			}
		},
		{
			"name": "white2",
			"from": [6.8, 8, 7.75],
			"to": [6.8, 8.5, 9.75],
			"rotation": {"angle": -45, "axis": "x", "origin": [9.225, 8.25, 8]},
			"faces": {
				"north": {"uv": [0, 0, 0, 0.25], "texture": "#1"},
				"east": {"uv": [13.25, 10.75, 14.25, 11], "texture": "#1"},
				"south": {"uv": [0, 0, 0, 0.25], "texture": "#1"},
				"west": {"uv": [13.25, 11, 14.25, 11.25], "texture": "#1"},
				"up": {"uv": [0, 1, 0, 0], "texture": "#1"},
				"down": {"uv": [0, 0, 0, 1], "texture": "#1"}
			}
		},
		{
			"name": "white3",
			"from": [6.8, 8, 7.75],
			"to": [6.8, 8.5, 9.75],
			"rotation": {"angle": -45, "axis": "x", "origin": [9.225, 8.25, 8]},
			"faces": {
				"north": {"uv": [0, 0, 0, 0.25], "texture": "#1"},
				"east": {"uv": [13.25, 11.25, 14.25, 11.5], "texture": "#1"},
				"south": {"uv": [0, 0, 0, 0.25], "texture": "#1"},
				"west": {"uv": [13.25, 11.5, 14.25, 11.75], "texture": "#1"},
				"up": {"uv": [0, 1, 0, 0], "texture": "#1"},
				"down": {"uv": [0, 0, 0, 1], "texture": "#1"}
			}
		},
		{
			"name": "white4",
			"from": [6.8, 8, 7.75],
			"to": [6.8, 10, 8.25],
			"rotation": {"angle": 22.5, "axis": "x", "origin": [9.225, 8.25, 8]},
			"faces": {
				"north": {"uv": [0, 1, 0, 0], "rotation": 180, "texture": "#1"},
				"east": {"uv": [13.25, 11.75, 14.25, 12], "rotation": 90, "texture": "#1"},
				"south": {"uv": [0, 0, 0, 1], "texture": "#1"},
				"west": {"uv": [13.25, 12, 14.25, 12.25], "rotation": 270, "texture": "#1"},
				"up": {"uv": [0, 0, 0, 0.25], "texture": "#1"},
				"down": {"uv": [0, 0, 0, 0.25], "rotation": 180, "texture": "#1"}
			}
		},
		{
			"name": "white5",
			"from": [6.8, 8, 7.75],
			"to": [6.8, 10, 8.25],
			"rotation": {"angle": 0, "axis": "y", "origin": [9.225, 8.25, 8]},
			"faces": {
				"north": {"uv": [0, 1, 0, 0], "rotation": 180, "texture": "#1"},
				"east": {"uv": [13.25, 12.25, 14.25, 12.5], "rotation": 90, "texture": "#1"},
				"south": {"uv": [0, 0, 0, 1], "texture": "#1"},
				"west": {"uv": [13, 13.25, 14, 13.5], "rotation": 270, "texture": "#1"},
				"up": {"uv": [0, 0, 0, 0.25], "texture": "#1"},
				"down": {"uv": [0, 0, 0, 0.25], "rotation": 180, "texture": "#1"}
			}
		},
		{
			"name": "white6",
			"from": [6.8, 8, 7.75],
			"to": [6.8, 10, 8.25],
			"rotation": {"angle": -45, "axis": "x", "origin": [9.225, 8.25, 8]},
			"faces": {
				"north": {"uv": [0, 0, 0, 1], "texture": "#1"},
				"east": {"uv": [12, 5, 12.25, 6], "texture": "#1"},
				"south": {"uv": [0, 0, 0, 1], "texture": "#1"},
				"west": {"uv": [12.25, 5, 12.5, 6], "texture": "#1"},
				"up": {"uv": [0, 0.25, 0, 0], "texture": "#1"},
				"down": {"uv": [0, 0, 0, 0.25], "texture": "#1"}
			}
		},
		{
			"name": "white7",
			"from": [6.8, 8, 7.75],
			"to": [6.8, 10, 8.25],
			"rotation": {"angle": -45, "axis": "x", "origin": [9.225, 8.25, 8]},
			"faces": {
				"north": {"uv": [0, 0, 0, 1], "texture": "#1"},
				"east": {"uv": [12.5, 8.75, 12.75, 9.75], "texture": "#1"},
				"south": {"uv": [0, 0, 0, 1], "texture": "#1"},
				"west": {"uv": [12.75, 8.75, 13, 9.75], "texture": "#1"},
				"up": {"uv": [0, 0.25, 0, 0], "texture": "#1"},
				"down": {"uv": [0, 0, 0, 0.25], "texture": "#1"}
			}
		},
		{
			"name": "white8",
			"from": [6.8, 8, 7.75],
			"to": [6.8, 10, 8.25],
			"rotation": {"angle": -22.5, "axis": "x", "origin": [9.225, 8.25, 8]},
			"faces": {
				"north": {"uv": [0, 0, 0, 1], "texture": "#1"},
				"east": {"uv": [7.25, 13.25, 7.5, 14.25], "texture": "#1"},
				"south": {"uv": [0, 0, 0, 1], "texture": "#1"},
				"west": {"uv": [0, 13.5, 0.25, 14.5], "texture": "#1"},
				"up": {"uv": [0, 0.25, 0, 0], "texture": "#1"},
				"down": {"uv": [0, 0, 0, 0.25], "texture": "#1"}
			}
		},
		{
			"name": "white9",
			"from": [6.8, 8, 7.75],
			"to": [6.8, 10, 8.25],
			"rotation": {"angle": 0, "axis": "y", "origin": [9.225, 8.25, 8]},
			"faces": {
				"north": {"uv": [0, 0, 0, 1], "texture": "#1"},
				"east": {"uv": [0.25, 13.5, 0.5, 14.5], "texture": "#1"},
				"south": {"uv": [0, 0, 0, 1], "texture": "#1"},
				"west": {"uv": [0.5, 13.5, 0.75, 14.5], "texture": "#1"},
				"up": {"uv": [0, 0.25, 0, 0], "texture": "#1"},
				"down": {"uv": [0, 0, 0, 0.25], "texture": "#1"}
			}
		},
		{
			"name": "white10",
			"from": [6.8, 8, 7.75],
			"to": [6.8, 10, 8.25],
			"rotation": {"angle": -22.5, "axis": "x", "origin": [9.225, 8.25, 8]},
			"faces": {
				"north": {"uv": [0, 0, 0, 1], "texture": "#1"},
				"east": {"uv": [0.75, 13.5, 1, 14.5], "texture": "#1"},
				"south": {"uv": [0, 0, 0, 1], "texture": "#1"},
				"west": {"uv": [1, 13.5, 1.25, 14.5], "texture": "#1"},
				"up": {"uv": [0, 0.25, 0, 0], "texture": "#1"},
				"down": {"uv": [0, 0, 0, 0.25], "texture": "#1"}
			}
		},
		{
			"name": "white11",
			"from": [6.8, 8, 7.75],
			"to": [6.8, 10, 8.25],
			"rotation": {"angle": 22.5, "axis": "x", "origin": [9.225, 8.25, 8]},
			"faces": {
				"north": {"uv": [0, 0, 0, 1], "texture": "#1"},
				"east": {"uv": [13.5, 1, 13.75, 2], "texture": "#1"},
				"south": {"uv": [0, 0, 0, 1], "texture": "#1"},
				"west": {"uv": [2, 13.5, 2.25, 14.5], "texture": "#1"},
				"up": {"uv": [0, 0.25, 0, 0], "texture": "#1"},
				"down": {"uv": [0, 0, 0, 0.25], "texture": "#1"}
			}
		},
		{
			"name": "white12",
			"from": [6.8, 8, 7.75],
			"to": [6.8, 10, 8.25],
			"rotation": {"angle": 22.5, "axis": "x", "origin": [9.225, 8.25, 8]},
			"faces": {
				"north": {"uv": [0, 0, 0, 1], "rotation": 180, "texture": "#1"},
				"east": {"uv": [13.5, 2, 14.5, 2.25], "rotation": 270, "texture": "#1"},
				"south": {"uv": [0, 1, 0, 0], "texture": "#1"},
				"west": {"uv": [2.25, 13.5, 3.25, 13.75], "rotation": 90, "texture": "#1"},
				"up": {"uv": [0, 0, 0, 0.25], "rotation": 180, "texture": "#1"},
				"down": {"uv": [0, 0, 0, 0.25], "texture": "#1"}
			}
		},
		{
			"name": "white13",
			"from": [6.8, 8, 7.75],
			"to": [6.8, 8.5, 9.75],
			"rotation": {"angle": -22.5, "axis": "x", "origin": [9.225, 8.25, 8]},
			"faces": {
				"north": {"uv": [0, 0, 0, 0.25], "rotation": 180, "texture": "#1"},
				"east": {"uv": [13.5, 3, 13.75, 4], "rotation": 270, "texture": "#1"},
				"south": {"uv": [0, 0.25, 0, 0], "texture": "#1"},
				"west": {"uv": [4, 13.5, 4.25, 14.5], "rotation": 90, "texture": "#1"},
				"up": {"uv": [0, 0, 0, 1], "rotation": 180, "texture": "#1"},
				"down": {"uv": [0, 0, 0, 1], "texture": "#1"}
			}
		},
		{
			"name": "white14",
			"from": [6.8, 8, 7.75],
			"to": [6.8, 10, 8.25],
			"rotation": {"angle": 45, "axis": "x", "origin": [9.225, 8.25, 8]},
			"faces": {
				"north": {"uv": [0, 0, 0, 1], "texture": "#1"},
				"east": {"uv": [4.25, 13.5, 4.5, 14.5], "texture": "#1"},
				"south": {"uv": [0, 0, 0, 1], "texture": "#1"},
				"west": {"uv": [4.5, 13.5, 4.75, 14.5], "texture": "#1"},
				"up": {"uv": [0, 0.25, 0, 0], "texture": "#1"},
				"down": {"uv": [0, 0, 0, 0.25], "texture": "#1"}
			}
		},
		{
			"name": "white15",
			"from": [6.8, 8, 7.75],
			"to": [6.8, 8.5, 9.75],
			"rotation": {"angle": -45, "axis": "x", "origin": [9.225, 8.25, 8]},
			"faces": {
				"north": {"uv": [0, 0, 0, 0.25], "rotation": 180, "texture": "#1"},
				"east": {"uv": [4.75, 13.5, 5, 14.5], "rotation": 270, "texture": "#1"},
				"south": {"uv": [0, 0.25, 0, 0], "texture": "#1"},
				"west": {"uv": [5, 13.5, 5.25, 14.5], "rotation": 90, "texture": "#1"},
				"up": {"uv": [0, 0, 0, 1], "rotation": 180, "texture": "#1"},
				"down": {"uv": [0, 0, 0, 1], "texture": "#1"}
			}
		},
		{
			"name": "steam",
			"from": [8, 0.42279, 8.78199],
			"to": [8, 8.42279, 16.78199],
			"rotation": {"angle": 22.5, "axis": "x", "origin": [8, 2.92279, 12.78199]},
			"faces": {
				"north": {"uv": [0, 0, 0, 8], "rotation": 180, "texture": "#3"},
				"east": {"uv": [0, 0, 16, 16], "rotation": 270, "texture": "#3"},
				"south": {"uv": [0, 8, 0, 0], "texture": "#3"},
				"west": {"uv": [16, 0, 0, 16], "rotation": 90, "texture": "#3"},
				"up": {"uv": [0, 0, 0, 8], "rotation": 180, "texture": "#3"},
				"down": {"uv": [0, 0, 0, 8], "texture": "#3"}
			}
		},
		{
			"name": "steam",
			"from": [8, 7.87132, 5.85355],
			"to": [8, 15.87132, 13.85355],
			"rotation": {"angle": -22.5, "axis": "x", "origin": [8, 3.87132, 3.35355]},
			"faces": {
				"north": {"uv": [0, 0, 0, 8], "texture": "#3"},
				"east": {"uv": [0, 0, 16, 16], "texture": "#3"},
				"south": {"uv": [0, 0, 0, 8], "texture": "#3"},
				"west": {"uv": [16, 0, 0, 16], "texture": "#3"},
				"up": {"uv": [0, 8, 0, 0], "texture": "#3"},
				"down": {"uv": [0, 0, 0, 8], "texture": "#3"}
			}
		}
	],
	"gui_light": "front",
	"display": {
		"thirdperson_righthand": {
			"translation": [0, 10.75, 1.5]
		},
		"thirdperson_lefthand": {
			"translation": [0, 10.75, 1.5]
		},
		"firstperson_righthand": {
			"rotation": [-12, 11, 0],
			"translation": [4.25, 8.5, -5.25]
		},
		"firstperson_lefthand": {
			"rotation": [-12, 11, 0],
			"translation": [4.25, 8.5, -5.25]
		},
		"ground": {
			"rotation": [-45, 0, 0],
			"translation": [0, 13.5, -5]
		},
		"gui": {
			"rotation": [-90, 135, 90],
			"translation": [2.25, 2.5, 0],
			"scale": [0.75, 0.75, 0.75]
		},
		"fixed": {
			"rotation": [90, -45, 90],
			"translation": [-2.75, 2.75, -0.5],
			"scale": [0.9, 0.9, 0.9]
		}
	},
	"groups": [
		{
			"name": "axe",
			"origin": [8.5, 8, 8],
			"color": 0,
			"children": [0, 1, 2, 3, 4, 5, 6, 7, 8, 9, 10, 11, 12, 13, 14, 15, 16, 17, 18, 19, 20, 21, 22, 23, 24]
		},
		{
			"name": "gear_big",
			"origin": [8, 0.51946, 5.53377],
			"color": 0,
			"children": [
				{
					"name": "0-3",
					"origin": [8, 0.51946, 5.53377],
					"color": 0,
					"children": [25, 26, 27, 28]
				},
				{
					"name": "4-7",
					"origin": [8, 0.51946, 5.53377],
					"color": 0,
					"children": [29, 30, 31, 32]
				},
				{
					"name": "8-11",
					"origin": [8, 0.51946, 5.53377],
					"color": 0,
					"children": [33, 34, 35, 36]
				},
				{
					"name": "12-15",
					"origin": [8, 0.51946, 5.53377],
					"color": 0,
					"children": [37, 38, 39, 40]
				}
			]
		},
		{
			"name": "gear_small",
			"origin": [8, 0.45278, 12.01279],
			"color": 0,
			"children": [
				{
					"name": "0-3",
					"origin": [8, 0.45278, 12.01279],
					"color": 3,
					"children": [41, 42, 43, 44]
				},
				{
					"name": "4-7",
					"origin": [8, 0.45278, 12.01279],
					"color": 0,
					"children": [45, 46, 47, 48]
				},
				{
					"name": "8-11",
					"origin": [8, 0.45278, 12.01279],
					"color": 0,
					"children": [49, 50, 51, 52]
				},
				{
					"name": "12-15",
					"origin": [8, 0.45278, 12.01279],
					"color": 0,
					"children": [53, 54, 55, 56]
				}
			]
		},
		{
			"name": "red",
			"origin": [10.499, 0.5, 8],
			"color": 0,
			"children": [57, 58, 59, 60, 61, 62, 63, 64, 65, 66, 67, 68, 69, 70, 71, 72]
		},
		{
			"name": "white",
			"origin": [10.499, 0.5, 8],
			"color": 0,
			"children": [73, 74, 75, 76, 77, 78, 79, 80, 81, 82, 83, 84, 85, 86, 87, 88]
		},
		89,
		90
	]
}