{
	"textures": {
		"0": "item/crates/steampunk22_crate/wings_animated",
		"1": "item/crates/steampunk22_crate/steam"
	},
	"elements": [
		{
			"from": [4, 3.5, 9.5],
			"to": [12, 5, 11],
			"rotation": {"angle": 0, "axis": "y", "origin": [4, 2, 6]},
			"faces": {
				"north": {"uv": [4.75, 1.75, 6.75, 2.125], "texture": "#0"},
				"east": {"uv": [7.25, 7.75, 7.625, 8.125], "texture": "#0"},
				"south": {"uv": [3.75, 4.75, 5.75, 5.125], "texture": "#0"},
				"west": {"uv": [1.5, 8, 1.875, 8.375], "texture": "#0"},
				"up": {"uv": [5.75, 5.875, 3.75, 5.5], "texture": "#0"},
				"down": {"uv": [8, 4.75, 6, 5.125], "texture": "#0"}
			}
		},
		{
			"from": [11.99455, 3.6, 9.6],
			"to": [13.49455, 4.9, 10.9],
			"rotation": {"angle": 45, "axis": "z", "origin": [11.99455, 3.5, 9.5]},
			"faces": {
				"north": {"uv": [3, 8, 3.375, 8.375], "texture": "#0"},
				"east": {"uv": [8, 3.5, 8.375, 3.875], "texture": "#0"},
				"south": {"uv": [8, 7.75, 8.375, 8.125], "texture": "#0"},
				"west": {"uv": [0, 8.25, 0.375, 8.625], "texture": "#0"},
				"up": {"uv": [1.125, 8.625, 0.75, 8.25], "texture": "#0"},
				"down": {"uv": [8.625, 1.75, 8.25, 2.125], "texture": "#0"}
			}
		},
		{
			"from": [13.49455, 3.25, 9.25],
			"to": [15.49455, 5.25, 11.25],
			"rotation": {"angle": 45, "axis": "z", "origin": [11.99455, 3.5, 9.5]},
			"faces": {
				"north": {"uv": [1.5, 6.5, 2, 7], "texture": "#0"},
				"east": {"uv": [2.25, 6.5, 2.75, 7], "texture": "#0"},
				"south": {"uv": [3, 6.5, 3.5, 7], "texture": "#0"},
				"west": {"uv": [6.75, 5.5, 7.25, 6], "texture": "#0"},
				"up": {"uv": [6.5, 7.25, 6, 6.75], "texture": "#0"},
				"down": {"uv": [7.25, 6.25, 6.75, 6.75], "texture": "#0"}
			}
		},
		{
			"from": [12.75991, 0.65224, 10.25],
			"to": [26.75991, 6.15224, 10.25],
			"rotation": {"angle": -22.5, "axis": "z", "origin": [11.99455, 5.5, 9.5]},
			"faces": {
				"north": {"uv": [0, 4.75, 3.5, 6.125], "texture": "#0"},
				"east": {"uv": [5.5, 8.25, 5.5, 9.625], "texture": "#0"},
				"south": {"uv": [3.5, 4.75, 0, 6.125], "texture": "#0"},
				"west": {"uv": [5.75, 8.25, 5.75, 9.625], "texture": "#0"},
				"up": {"uv": [11.75, 6.5, 8.25, 6.5], "texture": "#0"},
				"down": {"uv": [11.75, 6.75, 8.25, 6.75], "texture": "#0"}
			}
		},
		{
			"from": [12.49455, 2.5, 10],
			"to": [27.49455, 8, 10],
			"rotation": {"angle": 0, "axis": "z", "origin": [11.99455, 5.5, 9.5]},
			"faces": {
				"north": {"uv": [0, 3, 3.75, 4.375], "texture": "#0"},
				"east": {"uv": [5, 8.25, 5, 9.625], "texture": "#0"},
				"south": {"uv": [3.75, 3, 0, 4.375], "texture": "#0"},
				"west": {"uv": [5.25, 8.25, 5.25, 9.625], "texture": "#0"},
				"up": {"uv": [12, 6, 8.25, 6], "texture": "#0"},
				"down": {"uv": [12, 6.25, 8.25, 6.25], "texture": "#0"}
			}
		},
		{
			"from": [12.72918, 4.15224, 9.75],
			"to": [30.08463, 9.15224, 9.75],
			"rotation": {"angle": 22.5, "axis": "z", "origin": [11.99455, 5.5, 9.5]},
			"faces": {
				"north": {"uv": [0, 0, 4.375, 1.25], "texture": "#0"},
				"east": {"uv": [8.25, 4.25, 8.25, 5.5], "texture": "#0"},
				"south": {"uv": [4.375, 0, 0, 1.25], "texture": "#0"},
				"west": {"uv": [4.75, 8.25, 4.75, 9.5], "texture": "#0"},
				"up": {"uv": [12.625, 2.5, 8.25, 2.5], "texture": "#0"},
				"down": {"uv": [12.625, 5.75, 8.25, 5.75], "texture": "#0"}
			}
		},
		{
			"from": [12.72918, 4.15224, 9.75],
			"to": [30.08463, 9.15224, 9.75],
			"rotation": {"angle": 45, "axis": "z", "origin": [11.99455, 5.5, 9.5]},
			"faces": {
				"north": {"uv": [9.625, 0, 14, 1.25], "texture": "#0"},
				"east": {"uv": [8.25, 4.25, 8.25, 5.5], "texture": "#0"},
				"south": {"uv": [14, 0, 9.625, 1.25], "texture": "#0"},
				"west": {"uv": [4.75, 8.25, 4.75, 9.5], "texture": "#0"},
				"up": {"uv": [12.625, 2.5, 8.25, 2.5], "texture": "#0"},
				"down": {"uv": [12.625, 5.75, 8.25, 5.75], "texture": "#0"}
			}
		},
		{
			"from": [12.49455, 2.5, 10],
			"to": [27.49455, 8, 10],
			"rotation": {"angle": 22.5, "axis": "z", "origin": [11.99455, 5.5, 9.5]},
			"faces": {
				"north": {"uv": [10.25, 2, 14, 3.375], "texture": "#0"},
				"east": {"uv": [5, 8.25, 5, 9.625], "texture": "#0"},
				"south": {"uv": [14, 2, 10.25, 3.375], "texture": "#0"},
				"west": {"uv": [5.25, 8.25, 5.25, 9.625], "texture": "#0"},
				"up": {"uv": [12, 6, 8.25, 6], "texture": "#0"},
				"down": {"uv": [12, 6.25, 8.25, 6.25], "texture": "#0"}
			}
		},
		{
			"from": [12.75991, 0.65224, 10.25],
			"to": [26.75991, 6.15224, 10.25],
			"rotation": {"angle": 0, "axis": "z", "origin": [11.99455, 5.5, 9.5]},
			"faces": {
				"north": {"uv": [10.5, 4, 14, 5.375], "texture": "#0"},
				"east": {"uv": [5.5, 8.25, 5.5, 9.625], "texture": "#0"},
				"south": {"uv": [14, 4, 10.5, 5.375], "texture": "#0"},
				"west": {"uv": [5.75, 8.25, 5.75, 9.625], "texture": "#0"},
				"up": {"uv": [11.75, 6.5, 8.25, 6.5], "texture": "#0"},
				"down": {"uv": [11.75, 6.75, 8.25, 6.75], "texture": "#0"}
			}
		},
		{
			"from": [-14.08463, 4.15224, 9.75],
			"to": [3.27082, 9.15224, 9.75],
			"rotation": {"angle": -45, "axis": "z", "origin": [4.00545, 5.5, 9.5]},
			"faces": {
				"north": {"uv": [14, 0, 9.625, 1.25], "texture": "#0"},
				"east": {"uv": [4.75, 8.25, 4.75, 9.5], "texture": "#0"},
				"south": {"uv": [9.625, 0, 14, 1.25], "texture": "#0"},
				"west": {"uv": [8.25, 4.25, 8.25, 5.5], "texture": "#0"},
				"up": {"uv": [8.25, 2.5, 12.625, 2.5], "texture": "#0"},
				"down": {"uv": [8.25, 5.75, 12.625, 5.75], "texture": "#0"}
			}
		},
		{
			"from": [-11.49455, 2.5, 10],
			"to": [3.50545, 8, 10],
			"rotation": {"angle": -22.5, "axis": "z", "origin": [4.00545, 5.5, 9.5]},
			"faces": {
				"north": {"uv": [14, 2, 10.25, 3.375], "texture": "#0"},
				"east": {"uv": [5.25, 8.25, 5.25, 9.625], "texture": "#0"},
				"south": {"uv": [10.25, 2, 14, 3.375], "texture": "#0"},
				"west": {"uv": [5, 8.25, 5, 9.625], "texture": "#0"},
				"up": {"uv": [8.25, 6, 12, 6], "texture": "#0"},
				"down": {"uv": [8.25, 6.25, 12, 6.25], "texture": "#0"}
			}
		},
		{
			"from": [-10.75991, 0.65224, 10.25],
			"to": [3.24009, 6.15224, 10.25],
			"rotation": {"angle": 0, "axis": "z", "origin": [4.00545, 5.5, 9.5]},
			"faces": {
				"north": {"uv": [14, 4, 10.5, 5.375], "texture": "#0"},
				"east": {"uv": [5.75, 8.25, 5.75, 9.625], "texture": "#0"},
				"south": {"uv": [10.5, 4, 14, 5.375], "texture": "#0"},
				"west": {"uv": [5.5, 8.25, 5.5, 9.625], "texture": "#0"},
				"up": {"uv": [8.25, 6.5, 11.75, 6.5], "texture": "#0"},
				"down": {"uv": [8.25, 6.75, 11.75, 6.75], "texture": "#0"}
			}
		},
		{
			"from": [2.50545, 3.6, 9.6],
			"to": [4.00545, 4.9, 10.9],
			"rotation": {"angle": -45, "axis": "z", "origin": [4.00545, 3.5, 9.5]},
			"faces": {
				"north": {"uv": [3.375, 8, 3, 8.375], "texture": "#0"},
				"east": {"uv": [0.375, 8.25, 0, 8.625], "texture": "#0"},
				"south": {"uv": [8.375, 7.75, 8, 8.125], "texture": "#0"},
				"west": {"uv": [8.375, 3.5, 8, 3.875], "texture": "#0"},
				"up": {"uv": [0.75, 8.625, 1.125, 8.25], "texture": "#0"},
				"down": {"uv": [8.25, 1.75, 8.625, 2.125], "texture": "#0"}
			}
		},
		{
			"from": [0.50545, 3.25, 9.25],
			"to": [2.50545, 5.25, 11.25],
			"rotation": {"angle": -45, "axis": "z", "origin": [4.00545, 3.5, 9.5]},
			"faces": {
				"north": {"uv": [2, 6.5, 1.5, 7], "texture": "#0"},
				"east": {"uv": [7.25, 5.5, 6.75, 6], "texture": "#0"},
				"south": {"uv": [3.5, 6.5, 3, 7], "texture": "#0"},
				"west": {"uv": [2.75, 6.5, 2.25, 7], "texture": "#0"},
				"up": {"uv": [6, 7.25, 6.5, 6.75], "texture": "#0"},
				"down": {"uv": [6.75, 6.25, 7.25, 6.75], "texture": "#0"}
			}
		},
		{
			"from": [-11.49455, 2.5, 10],
			"to": [3.50545, 8, 10],
			"rotation": {"angle": 0, "axis": "z", "origin": [4.00545, 3.5, 9.5]},
			"faces": {
				"north": {"uv": [3.75, 3, 0, 4.375], "texture": "#0"},
				"east": {"uv": [5.25, 8.25, 5.25, 9.625], "texture": "#0"},
				"south": {"uv": [0, 3, 3.75, 4.375], "texture": "#0"},
				"west": {"uv": [5, 8.25, 5, 9.625], "texture": "#0"},
				"up": {"uv": [8.25, 6, 12, 6], "texture": "#0"},
				"down": {"uv": [8.25, 6.25, 12, 6.25], "texture": "#0"}
			}
		},
		{
			"from": [-14.85, 4, 9.75],
			"to": [2.50545, 9, 9.75],
			"rotation": {"angle": -22.5, "axis": "z", "origin": [4.00545, 3.5, 9.5]},
			"faces": {
				"north": {"uv": [4.375, 0, 0, 1.25], "texture": "#0"},
				"east": {"uv": [4.75, 8.25, 4.75, 9.5], "texture": "#0"},
				"south": {"uv": [0, 0, 4.375, 1.25], "texture": "#0"},
				"west": {"uv": [8.25, 4.25, 8.25, 5.5], "texture": "#0"},
				"up": {"uv": [8.25, 2.5, 12.625, 2.5], "texture": "#0"},
				"down": {"uv": [8.25, 5.75, 12.625, 5.75], "texture": "#0"}
			}
		},
		{
			"from": [-9.99455, 0.5, 10.25],
			"to": [4.00545, 6, 10.25],
			"rotation": {"angle": 22.5, "axis": "z", "origin": [4.00545, 3.5, 9.5]},
			"faces": {
				"north": {"uv": [3.5, 4.75, 0, 6.125], "texture": "#0"},
				"east": {"uv": [5.75, 8.25, 5.75, 9.625], "texture": "#0"},
				"south": {"uv": [0, 4.75, 3.5, 6.125], "texture": "#0"},
				"west": {"uv": [5.5, 8.25, 5.5, 9.625], "texture": "#0"},
				"up": {"uv": [8.25, 6.5, 11.75, 6.5], "texture": "#0"},
				"down": {"uv": [8.25, 6.75, 11.75, 6.75], "texture": "#0"}
			}
		},
		{
			"from": [5.73744, 1.75, 9.25],
			"to": [7.73744, 3.75, 11.25],
			"rotation": {"angle": -45, "axis": "z", "origin": [9.23744, 2, 9.5]},
			"faces": {
				"north": {"uv": [7, 1.75, 7.5, 2.25], "texture": "#0"},
				"east": {"uv": [6.75, 7, 7.25, 7.5], "texture": "#0"},
				"south": {"uv": [7.5, 1.75, 7, 2.25], "texture": "#0"},
				"west": {"uv": [2.25, 7.25, 2.75, 7.75], "texture": "#0"},
				"up": {"uv": [3.5, 7.75, 3, 7.25], "texture": "#0"},
				"down": {"uv": [0.5, 7.5, 0, 8], "texture": "#0"}
			}
		},
		{
			"name": "steam",
			"from": [6, 8.87132, 9.35355],
			"to": [14, 16.87132, 9.35355],
			"rotation": {"angle": -22.5, "axis": "z", "origin": [8, 3.87132, 3.35355]},
			"faces": {
				"north": {"uv": [0, 0, 16, 16], "texture": "#1"},
				"east": {"uv": [0, 0, 0, 4], "texture": "#1"},
				"south": {"uv": [16, 0, 0, 16], "texture": "#1"},
				"west": {"uv": [0, 0, 0, 4], "texture": "#1"},
				"up": {"uv": [0, 4, 0, 0], "rotation": 270, "texture": "#1"},
				"down": {"uv": [0, 0, 0, 4], "rotation": 90, "texture": "#1"}
			}
		},
		{
			"name": "steam",
			"from": [2, 8.87132, 9.35355],
			"to": [10, 16.87132, 9.35355],
			"rotation": {"angle": 22.5, "axis": "z", "origin": [8, 3.87132, 3.35355]},
			"faces": {
				"north": {"uv": [16, 0, 0, 16], "texture": "#1"},
				"east": {"uv": [0, 0, 0, 4], "texture": "#1"},
				"south": {"uv": [0, 0, 16, 16], "texture": "#1"},
				"west": {"uv": [0, 0, 0, 4], "texture": "#1"},
				"up": {"uv": [0, 0, 0, 4], "rotation": 270, "texture": "#1"},
				"down": {"uv": [0, 4, 0, 0], "rotation": 90, "texture": "#1"}
			}
		}
	],
	"gui_light": "front",
	"display": {
		"thirdperson_righthand": {
			"translation": [0, 3.25, 0],
			"scale": [0.5, 0.5, 0.5]
		},
		"thirdperson_lefthand": {
			"translation": [0, 3.25, 0],
			"scale": [0.5, 0.5, 0.5]
		},
		"firstperson_righthand": {
			"rotation": [0, -79, 0],
			"translation": [5.5, 3.5, 0],
			"scale": [0.5, 0.5, 0.5]
		},
		"firstperson_lefthand": {
			"rotation": [0, -79, 0],
			"translation": [5.5, 3.5, 0],
			"scale": [0.5, 0.5, 0.5]
		},
		"ground": {
			"translation": [0, 3.5, -1.25],
			"scale": [0.5, 0.5, 0.5]
		},
		"gui": {
			"rotation": [30, 45, 0],
			"translation": [-0.75, 1, 0],
			"scale": [0.55, 0.55, 0.55]
		},
		"head": {
			"rotation": [15, 0, 0],
			"translation": [0, -65, 3.5],
			"scale": [2.49, 2.49, 2.49]
		},
		"fixed": {
			"translation": [0, 3.5, -3.5]
		}
	},
	"groups": [
		{
			"name": "group",
			"origin": [10.18614, 0.56407, -0.61765],
			"color": 0,
			"children": [0, 1, 2, 3, 4, 5, 6, 7, 8, 9, 10, 11, 12, 13, 14, 15, 16, 17]
		},
		18,
		19
	]
}