{
	"credit": "Made with Blockbench",
	"textures": {
		"0": "item/crates/thanksgiving20_crate/turkeyleg"
	},
	"elements": [
		{
			"from": [6.5, -10, -5],
			"to": [12.5, -4, 1],
			"rotation": {"angle": 0, "axis": "y", "origin": [30.5, 16, 21]},
			"faces": {
				"north": {"uv": [6, 3, 8, 5], "texture": "#0"},
				"east": {"uv": [0, 10, 2, 12], "texture": "#0"},
				"south": {"uv": [5, 11, 7, 13], "texture": "#0"},
				"west": {"uv": [7, 11, 9, 13], "texture": "#0"},
				"up": {"uv": [13, 13, 11, 11], "texture": "#0"},
				"down": {"uv": [13, 0, 11, 2], "texture": "#0"}
			}
		},
		{
			"from": [7.25, -4.25, 0],
			"to": [11.75, 7.75, 4.5],
			"rotation": {"angle": 45, "axis": "x", "origin": [9.5, -1.25, -0.75]},
			"faces": {
				"north": {"uv": [3, 8, 5, 12], "texture": "#0"},
				"east": {"uv": [9, 9, 11, 13], "texture": "#0"},
				"south": {"uv": [9, 0, 11, 4], "texture": "#0"},
				"west": {"uv": [9, 4, 11, 8], "texture": "#0"},
				"up": {"uv": [13, 4, 11, 2], "texture": "#0"},
				"down": {"uv": [13, 4, 11, 6], "texture": "#0"}
			}
		},
		{
			"from": [5, 4.75, -2.25],
			"to": [14, 20.5, 6.75],
			"rotation": {"angle": 45, "axis": "x", "origin": [9.5, -1.25, -0.75]},
			"faces": {
				"north": {"uv": [0, 0, 3, 5], "texture": "#0"},
				"east": {"uv": [3, 3, 6, 8], "texture": "#0"},
				"south": {"uv": [0, 5, 3, 10], "texture": "#0"},
				"west": {"uv": [6, 6, 9, 11], "texture": "#0"},
				"up": {"uv": [6, 3, 3, 0], "texture": "#0"},
				"down": {"uv": [9, 0, 6, 3], "texture": "#0"}
			}
		},
		{
			"from": [6.5, 20.5, -0.75],
			"to": [12.5, 22, 5.25],
			"rotation": {"angle": 45, "axis": "x", "origin": [9.5, -1.25, -0.75]},
			"faces": {
				"north": {"uv": [6, 5, 8, 6], "texture": "#0"},
				"east": {"uv": [9, 8, 11, 9], "texture": "#0"},
				"south": {"uv": [11, 10, 13, 11], "texture": "#0"},
				"west": {"uv": [0, 12, 2, 13], "texture": "#0"},
				"up": {"uv": [13, 8, 11, 6], "texture": "#0"},
				"down": {"uv": [13, 8, 11, 10], "texture": "#0"}
			}
		}
	],
	"gui_light": "front",
	"display": {
		"thirdperson_righthand": {
			"rotation": [-45, 0, 0],
			"translation": [-1, 5.5, -0.5],
			"scale": [0.7, 0.7, 0.7]
		},
		"thirdperson_lefthand": {
			"rotation": [-45, 0, 0],
			"translation": [1, 5.5, -0.5],
			"scale": [0.7, 0.7, 0.7]
		},
		"firstperson_righthand": {
			"rotation": [31, -180, 0],
			"translation": [15.5, 9.25, -8.25]
		},
		"firstperson_lefthand": {
			"rotation": [31, -180, 0],
			"translation": [9.75, 9.25, -7]
		},
		"ground": {
			"translation": [0, 2.75, 0],
			"scale": [0.4, 0.4, 0.4]
		},
		"gui": {
			"rotation": [0, 90, 0],
			"translation": [0.5, 3.5, 0],
			"scale": [0.6, 0.6, 0.6]
		},
		"fixed": {
			"rotation": [0, -90, 0],
			"translation": [-8.75, 8.5, 0],
			"scale": [2, 2, 2]
		}
	},
	"groups": [
		{
			"name": "main",
			"origin": [8, 8, 8],
			"color": 0,
			"boneType": "",
			"children": [0, 1, 2, 3]
		}
	]
}