{
	"textures": {
		"0": "item/crates/egypt_crate/pharaoh_mask"
	},
	"elements": [
		{
			"from": [9.88268, 0.07612, 3.75],
			"to": [15.88268, 15.07612, 15.5],
			"rotation": {"angle": 22.5, "axis": "z", "origin": [15.88268, 14.07612, 7.75]},
			"faces": {
				"north": {"uv": [2.75, 8.125, 4.375, 12.125], "texture": "#0"},
				"east": {"uv": [0, 8.125, 2.75, 12.125], "texture": "#0"},
				"south": {"uv": [2.75, 8.125, 4.375, 12.125], "texture": "#0"},
				"west": {"uv": [0, 8.125, 2.75, 12.125], "texture": "#0"},
				"up": {"uv": [4.375, 8.125, 6, 10.875], "texture": "#0"},
				"down": {"uv": [4.375, 8.125, 6, 10.875], "texture": "#0"}
			}
		},
		{
			"from": [8, -4.89876, 10.87225],
			"to": [15.5, 10.10124, 16.87225],
			"rotation": {"angle": -22.5, "axis": "x", "origin": [15.9, 9.10124, 3.87225]},
			"faces": {
				"north": {"uv": [0, 8.125, 2.75, 12.125], "texture": "#0"},
				"east": {"uv": [2.75, 8.125, 4.375, 12.125], "texture": "#0"},
				"south": {"uv": [1.125, 8.125, 2.75, 12.125], "texture": "#0"},
				"west": {"uv": [2.75, 8.125, 4.375, 12.125], "texture": "#0"},
				"up": {"uv": [4.375, 8.125, 6, 9.75], "rotation": 90, "texture": "#0"},
				"down": {"uv": [4.375, 8.125, 6, 9.75], "rotation": 90, "texture": "#0"}
			}
		},
		{
			"from": [0.5, -4.89876, 10.87225],
			"to": [8, 10.10124, 16.87225],
			"rotation": {"angle": -22.5, "axis": "x", "origin": [15.9, 9.10124, 3.87225]},
			"faces": {
				"north": {"uv": [0, 8.125, 2.75, 12.125], "texture": "#0"},
				"east": {"uv": [2.75, 8.125, 4.375, 12.125], "texture": "#0"},
				"south": {"uv": [0, 8.125, 1.625, 12.125], "texture": "#0"},
				"west": {"uv": [2.75, 8.125, 4.375, 12.125], "texture": "#0"},
				"up": {"uv": [4.375, 9.25, 6, 10.875], "rotation": 90, "texture": "#0"},
				"down": {"uv": [4.375, 9.25, 6, 10.875], "rotation": 90, "texture": "#0"}
			}
		},
		{
			"from": [0.11732, 0.07612, 3.75],
			"to": [6.11732, 15.07612, 15.5],
			"rotation": {"angle": -22.5, "axis": "z", "origin": [0.11732, 14.07612, 7.75]},
			"faces": {
				"north": {"uv": [4.375, 8.125, 2.75, 12.125], "texture": "#0"},
				"east": {"uv": [2.75, 8.125, 0, 12.125], "texture": "#0"},
				"south": {"uv": [4.375, 8.125, 2.75, 12.125], "texture": "#0"},
				"west": {"uv": [2.75, 8.125, 0, 12.125], "texture": "#0"},
				"up": {"uv": [6, 8.125, 4.375, 10.875], "texture": "#0"},
				"down": {"uv": [6, 8.125, 4.375, 10.875], "texture": "#0"}
			}
		},
		{
			"from": [3.35, -7.5, 1.5],
			"to": [12.55, -6, 3.5],
			"rotation": {"angle": 0, "axis": "y", "origin": [12.55, -6.05, 5.5]},
			"faces": {
				"north": {"uv": [1.875, 14, 4.375, 14.375], "texture": "#0"},
				"east": {"uv": [6.125, 12.375, 6.625, 12.75], "texture": "#0"},
				"south": {"uv": [6.125, 12.375, 6.625, 12.75], "texture": "#0"},
				"west": {"uv": [6.125, 12.375, 6.625, 12.75], "texture": "#0"},
				"up": {"uv": [6.125, 12.375, 6.625, 12.75], "texture": "#0"},
				"down": {"uv": [6.125, 12.375, 6.625, 12.75], "texture": "#0"}
			}
		},
		{
			"from": [1.95, -6, 1.5],
			"to": [13.95, 0, 3.5],
			"rotation": {"angle": 0, "axis": "y", "origin": [12.45, -0.05, 5.5]},
			"faces": {
				"north": {"uv": [1.5, 12.375, 4.75, 14], "texture": "#0"},
				"east": {"uv": [6.125, 12.375, 6.625, 12.75], "texture": "#0"},
				"south": {"uv": [6.125, 12.375, 6.625, 12.75], "texture": "#0"},
				"west": {"uv": [6.125, 12.375, 6.625, 12.75], "texture": "#0"},
				"up": {"uv": [6.125, 12.375, 6.625, 12.75], "texture": "#0"},
				"down": {"uv": [6.125, 12.375, 6.625, 12.75], "texture": "#0"}
			}
		},
		{
			"from": [-2.6, -6.2, -0.4],
			"to": [1.9, 2.8, 4.1],
			"rotation": {"angle": 0, "axis": "y", "origin": [0.4, -0.25, 6.1]},
			"faces": {
				"north": {"uv": [0, 13.5, 1.25, 16], "texture": "#0"},
				"east": {"uv": [0, 13.5, 1.25, 16], "texture": "#0"},
				"south": {"uv": [0, 13.5, 1.25, 16], "texture": "#0"},
				"west": {"uv": [0, 13.5, 1.25, 16], "texture": "#0"},
				"up": {"uv": [0, 12.25, 1.25, 13.5], "texture": "#0"},
				"down": {"uv": [0, 12.25, 1.25, 13.5], "texture": "#0"}
			}
		},
		{
			"from": [14.1, -6.2, -0.4],
			"to": [18.6, 2.8, 4.1],
			"rotation": {"angle": 0, "axis": "y", "origin": [15.6, -0.25, 6.1]},
			"faces": {
				"north": {"uv": [1.25, 13.5, 0, 16], "texture": "#0"},
				"east": {"uv": [1.25, 13.5, 0, 16], "texture": "#0"},
				"south": {"uv": [1.25, 13.5, 0, 16], "texture": "#0"},
				"west": {"uv": [1.25, 13.5, 0, 16], "texture": "#0"},
				"up": {"uv": [1.25, 12.25, 0, 13.5], "texture": "#0"},
				"down": {"uv": [1.25, 12.25, 0, 13.5], "texture": "#0"}
			}
		},
		{
			"from": [0, 8.9, 0],
			"to": [16, 10.8, 14.75],
			"rotation": {"angle": 0, "axis": "y", "origin": [8, 7.9, 8]},
			"faces": {
				"north": {"uv": [0, 1.125, 4.25, 1.625], "texture": "#0"},
				"east": {"uv": [0, 1.125, 4.25, 1.625], "texture": "#0"},
				"south": {"uv": [0, 1.125, 4.25, 1.625], "texture": "#0"},
				"west": {"uv": [0, 1.125, 4.25, 1.625], "texture": "#0"},
				"up": {"uv": [0, 1.125, 4.25, 1.625], "texture": "#0"},
				"down": {"uv": [0, 1.125, 4.25, 1.625], "texture": "#0"}
			}
		},
		{
			"from": [7.25, 13.35, -4],
			"to": [8.75, 14.85, -1],
			"rotation": {"angle": 0, "axis": "y", "origin": [8, 21.35, 3.5]},
			"faces": {
				"north": {"uv": [5, 12.25, 5.375, 12.625], "rotation": 90, "texture": "#0"},
				"east": {"uv": [5, 12.625, 5.375, 13.375], "rotation": 90, "texture": "#0"},
				"south": {"uv": [5, 12.25, 5.375, 12.625], "rotation": 180, "texture": "#0"},
				"west": {"uv": [5, 13.375, 5.375, 12.625], "rotation": 90, "texture": "#0"},
				"up": {"uv": [5.375, 12.25, 6.125, 12.625], "rotation": 90, "texture": "#0"},
				"down": {"uv": [5.375, 12.625, 6.125, 12.25], "rotation": 270, "texture": "#0"}
			}
		},
		{
			"from": [7.25, 0.4, -9.75],
			"to": [8.75, 1.9, -5.25],
			"rotation": {"angle": -45, "axis": "x", "origin": [8, 8.4, -0.75]},
			"faces": {
				"north": {"uv": [5, 13.375, 5.375, 13.75], "rotation": 90, "texture": "#0"},
				"east": {"uv": [5, 13.625, 5.375, 14.75], "rotation": 90, "texture": "#0"},
				"south": {"uv": [5, 13.375, 5.375, 13.75], "rotation": 90, "texture": "#0"},
				"west": {"uv": [5, 13.625, 5.375, 14.75], "rotation": 90, "texture": "#0"},
				"up": {"uv": [5, 13.5, 5.375, 14.625], "texture": "#0"},
				"down": {"uv": [5, 13.25, 5.375, 14.375], "texture": "#0"}
			}
		},
		{
			"from": [7, 0.15, -6.25],
			"to": [9, 2.15, -4.75],
			"rotation": {"angle": -45, "axis": "x", "origin": [7.75, 8.4, -0.75]},
			"faces": {
				"north": {"uv": [5.375, 13.5, 5.875, 14], "rotation": 90, "texture": "#0"},
				"east": {"uv": [5.375, 13.5, 5.75, 14], "texture": "#0"},
				"south": {"uv": [5.375, 13.5, 5.75, 14], "rotation": 90, "texture": "#0"},
				"west": {"uv": [5.375, 13.5, 5.75, 14], "texture": "#0"},
				"up": {"uv": [5.375, 13.5, 5.75, 14], "rotation": 90, "texture": "#0"},
				"down": {"uv": [5.375, 13.5, 5.75, 14], "rotation": 90, "texture": "#0"}
			}
		},
		{
			"from": [7, 0.15, -11.25],
			"to": [9, 2.15, -9.75],
			"rotation": {"angle": -45, "axis": "x", "origin": [7.75, 8.4, -0.75]},
			"faces": {
				"north": {"uv": [5.375, 13.5, 5.875, 14], "rotation": 90, "texture": "#0"},
				"east": {"uv": [5.375, 13.5, 5.75, 14], "texture": "#0"},
				"south": {"uv": [5.375, 13.5, 5.75, 14], "rotation": 90, "texture": "#0"},
				"west": {"uv": [5.375, 13.5, 5.75, 14], "texture": "#0"},
				"up": {"uv": [5.375, 13.5, 5.75, 14], "rotation": 90, "texture": "#0"},
				"down": {"uv": [5.375, 13.5, 5.75, 14], "rotation": 90, "texture": "#0"}
			}
		},
		{
			"from": [7.25, 10.35, -2.5],
			"to": [8.75, 13.35, 0.5],
			"rotation": {"angle": 0, "axis": "y", "origin": [8, 18.35, 5]},
			"faces": {
				"north": {"uv": [5.375, 12.25, 6.125, 12.625], "rotation": 270, "texture": "#0"},
				"east": {"uv": [5.375, 12.625, 6.125, 13.375], "texture": "#0"},
				"south": {"uv": [5.375, 12.25, 6.125, 12.625], "rotation": 90, "texture": "#0"},
				"west": {"uv": [6.125, 12.625, 5.375, 13.375], "texture": "#0"},
				"up": {"uv": [5.375, 12.25, 6.125, 12.625], "rotation": 90, "texture": "#0"},
				"down": {"uv": [5.375, 12.25, 6.125, 12.625], "rotation": 90, "texture": "#0"}
			}
		},
		{
			"from": [0.5, 0, 0.5],
			"to": [15.5, 15, 15.5],
			"faces": {
				"north": {"uv": [0, 0, 4, 4], "texture": "#0"},
				"east": {"uv": [12, 0, 8, 4], "texture": "#0"},
				"south": {"uv": [4, 0, 8, 4], "texture": "#0"},
				"west": {"uv": [8, 0, 12, 4], "texture": "#0"},
				"up": {"uv": [0, 4, 4, 8], "texture": "#0"},
				"down": {"uv": [12, 0.125, 16, 4.125], "texture": "#0"}
			}
		}
	],
	"display": {
		"thirdperson_righthand": {
			"rotation": [0, 31.25, 0],
			"translation": [0.25, 0, 0],
			"scale": [0.25, 0.25, 0.25]
		},
		"thirdperson_lefthand": {
			"rotation": [0, 31.25, 0],
			"translation": [0.25, 0, 0],
			"scale": [0.25, 0.25, 0.25]
		},
		"firstperson_righthand": {
			"rotation": [-7, 105.5, 4],
			"translation": [1.25, 3.25, -2.25],
			"scale": [0.4, 0.4, 0.4]
		},
		"firstperson_lefthand": {
			"rotation": [-7, 105.5, 4],
			"translation": [1.25, 3.25, -2.25],
			"scale": [0.4, 0.4, 0.4]
		},
		"ground": {
			"translation": [0, 1, 0],
			"scale": [0.3, 0.3, 0.3]
		},
		"gui": {
			"rotation": [0, -180, 0],
			"translation": [0, 2.75, 0],
			"scale": [0.6, 0.6, 0.6]
		},
		"head": {
			"rotation": [0.5, 0, 0],
			"translation": [0, 0.5, 0]
		},
		"fixed": {
			"translation": [0, 3.5, 0],
			"scale": [0.7, 0.7, 0.7]
		}
	},
	"groups": [
		{
			"name": "group",
			"origin": [8, 8, 8],
			"children": [0, 1, 2, 3, 4, 5, 6, 7, 8, 9, 10, 11, 12, 13, 14]
		}
	]
}