{
	"textures": {
		"0": "item/crates/egypt_crate/pharaoh_sword"
	},
	"elements": [
		{
			"from": [7.5, -8, 7.5],
			"to": [8.5, -4, 8.5],
			"rotation": {"angle": 0, "axis": "y", "origin": [8, 9, 8]},
			"faces": {
				"north": {"uv": [0, 2, 0.5, 4], "texture": "#0"},
				"east": {"uv": [0, 2, 0.5, 4], "texture": "#0"},
				"south": {"uv": [0, 2, 0.5, 4], "texture": "#0"},
				"west": {"uv": [0, 2, 0.5, 4], "texture": "#0"},
				"up": {"uv": [0, 2, 0.5, 4], "texture": "#0"},
				"down": {"uv": [0, 2, 0.5, 4], "texture": "#0"}
			}
		},
		{
			"from": [7.95, -1, 4.5],
			"to": [8.05, 21, 11.5],
			"rotation": {"angle": 0, "axis": "y", "origin": [8.05, 17, 8]},
			"faces": {
				"north": {"uv": [15.75, 0, 16, 0.25], "texture": "#0"},
				"east": {"uv": [12, 5, 15.5, 16], "texture": "#0"},
				"south": {"uv": [15.75, 0, 16, 0.25], "texture": "#0"},
				"west": {"uv": [15.5, 5, 12, 16], "texture": "#0"},
				"up": {"uv": [15.75, 0, 16, 0.25], "texture": "#0"},
				"down": {"uv": [15.75, 0, 16, 0.25], "texture": "#0"}
			}
		},
		{
			"from": [9.95, -2, 7.15],
			"to": [10.05, 2, 14.15],
			"rotation": {"angle": 22.5, "axis": "y", "origin": [10.05, 16, 10.65]},
			"faces": {
				"north": {"uv": [15.75, 0, 16, 0.25], "texture": "#0"},
				"east": {"uv": [7.75, 14, 11.25, 16], "texture": "#0"},
				"south": {"uv": [15.75, 0, 16, 0.25], "texture": "#0"},
				"west": {"uv": [11.25, 14, 7.75, 16], "texture": "#0"},
				"up": {"uv": [15.75, 0, 16, 0.25], "texture": "#0"},
				"down": {"uv": [15.75, 0, 16, 0.25], "texture": "#0"}
			}
		},
		{
			"from": [8.7, -1.35, 7.75],
			"to": [8.8, 2.65, 14.75],
			"rotation": {"angle": -22.5, "axis": "x", "origin": [8.8, -0.35, 11.25]},
			"faces": {
				"north": {"uv": [15.75, 0, 16, 0.25], "texture": "#0"},
				"east": {"uv": [7.75, 11.5, 11.25, 13.5], "texture": "#0"},
				"south": {"uv": [15.75, 0, 16, 0.25], "texture": "#0"},
				"west": {"uv": [11.25, 11.5, 7.75, 13.5], "texture": "#0"},
				"up": {"uv": [15.75, 0, 16, 0.25], "texture": "#0"},
				"down": {"uv": [15.75, 0, 16, 0.25], "texture": "#0"}
			}
		},
		{
			"from": [7.2, -1.35, 7.75],
			"to": [7.3, 2.65, 14.75],
			"rotation": {"angle": -22.5, "axis": "x", "origin": [7.2, -0.35, 11.25]},
			"faces": {
				"north": {"uv": [16, 0, 15.75, 0.25], "texture": "#0"},
				"east": {"uv": [7.75, 11.5, 11.25, 13.5], "texture": "#0"},
				"south": {"uv": [16, 0, 15.75, 0.25], "texture": "#0"},
				"west": {"uv": [11.25, 11.5, 7.75, 13.5], "texture": "#0"},
				"up": {"uv": [16, 0, 15.75, 0.25], "texture": "#0"},
				"down": {"uv": [16, 0, 15.75, 0.25], "texture": "#0"}
			}
		},
		{
			"from": [5.95, -2, 7.15],
			"to": [6.05, 2, 14.15],
			"rotation": {"angle": -22.5, "axis": "y", "origin": [5.95, 16, 10.65]},
			"faces": {
				"north": {"uv": [16, 0, 15.75, 0.25], "texture": "#0"},
				"east": {"uv": [7.75, 14, 11.25, 16], "texture": "#0"},
				"south": {"uv": [16, 0, 15.75, 0.25], "texture": "#0"},
				"west": {"uv": [11.25, 14, 7.75, 16], "texture": "#0"},
				"up": {"uv": [16, 0, 15.75, 0.25], "texture": "#0"},
				"down": {"uv": [16, 0, 15.75, 0.25], "texture": "#0"}
			}
		},
		{
			"from": [7.25, -4, 7.25],
			"to": [8.75, -3, 8.75],
			"rotation": {"angle": 0, "axis": "y", "origin": [8, 0, 8]},
			"faces": {
				"north": {"uv": [0, 5, 0.75, 5.5], "texture": "#0"},
				"east": {"uv": [0, 5, 0.75, 5.5], "texture": "#0"},
				"south": {"uv": [0, 5, 0.75, 5.5], "texture": "#0"},
				"west": {"uv": [0, 5, 0.75, 5.5], "texture": "#0"},
				"up": {"uv": [0, 5, 0.75, 5.5], "texture": "#0"},
				"down": {"uv": [0.75, 5, 1.5, 5.75], "texture": "#0"}
			}
		},
		{
			"from": [7.25, -9, 7.25],
			"to": [8.75, -8, 8.75],
			"rotation": {"angle": 0, "axis": "y", "origin": [8, -12, 8]},
			"faces": {
				"north": {"uv": [0, 5.5, 0.75, 5], "texture": "#0"},
				"east": {"uv": [0, 5.5, 0.75, 5], "texture": "#0"},
				"south": {"uv": [0, 5.5, 0.75, 5], "texture": "#0"},
				"west": {"uv": [0, 5.5, 0.75, 5], "texture": "#0"},
				"up": {"uv": [0.75, 5.75, 1.5, 5], "texture": "#0"},
				"down": {"uv": [0, 5.5, 0.75, 5], "texture": "#0"}
			}
		},
		{
			"from": [7.5, -11.75, 6.5],
			"to": [8.5, -9.75, 8.5],
			"rotation": {"angle": 45, "axis": "x", "origin": [8, -11.25, 8]},
			"faces": {
				"north": {"uv": [0, 1.5, 1, 2], "rotation": 270, "texture": "#0"},
				"east": {"uv": [1.25, 1.75, 2.25, 2.75], "rotation": 180, "texture": "#0"},
				"south": {"uv": [0, 1, 1, 1.5], "rotation": 270, "texture": "#0"},
				"west": {"uv": [1.25, 1.75, 2.25, 2.75], "rotation": 90, "texture": "#0"},
				"up": {"uv": [0, 1.5, 1, 2], "rotation": 270, "texture": "#0"},
				"down": {"uv": [0, 1, 1, 1.5], "rotation": 90, "texture": "#0"}
			}
		},
		{
			"from": [6.5, -2, 6.5],
			"to": [9.5, -1, 9.5],
			"rotation": {"angle": 45, "axis": "y", "origin": [8, -21, 8]},
			"faces": {
				"north": {"uv": [3.25, 14, 1.75, 14.5], "texture": "#0"},
				"east": {"uv": [1.75, 14, 3.25, 14.5], "texture": "#0"},
				"south": {"uv": [3.25, 14, 1.75, 14.5], "texture": "#0"},
				"west": {"uv": [1.75, 14, 3.25, 14.5], "texture": "#0"},
				"up": {"uv": [3.25, 12.5, 4.75, 14], "texture": "#0"},
				"down": {"uv": [1.75, 12.5, 3.25, 14], "texture": "#0"}
			}
		},
		{
			"from": [7, -3, 7],
			"to": [9, -2, 9],
			"rotation": {"angle": 0, "axis": "y", "origin": [8, -20, 8]},
			"faces": {
				"north": {"uv": [0.75, 14.5, 1.75, 15], "texture": "#0"},
				"east": {"uv": [0.75, 14.5, 1.75, 15], "texture": "#0"},
				"south": {"uv": [0.75, 14.5, 1.75, 15], "texture": "#0"},
				"west": {"uv": [0.75, 14.5, 1.75, 15], "texture": "#0"},
				"up": {"uv": [2.75, 15.5, 3.75, 14.5], "texture": "#0"},
				"down": {"uv": [1.75, 14.5, 2.75, 15.5], "texture": "#0"}
			}
		},
		{
			"from": [7, -10, 7],
			"to": [9, -9, 9],
			"faces": {
				"north": {"uv": [0.75, 15, 1.75, 14.5], "texture": "#0"},
				"east": {"uv": [0.75, 15, 1.75, 14.5], "texture": "#0"},
				"south": {"uv": [0.75, 15, 1.75, 14.5], "texture": "#0"},
				"west": {"uv": [0.75, 15, 1.75, 14.5], "texture": "#0"},
				"up": {"uv": [1.75, 15.5, 2.75, 14.5], "texture": "#0"},
				"down": {"uv": [2.75, 15.5, 3.75, 14.5], "texture": "#0"}
			}
		}
	],
	"display": {
		"thirdperson_righthand": {
			"translation": [0, 8.5, 1.25],
			"scale": [0.75, 0.75, 0.75]
		},
		"thirdperson_lefthand": {
			"translation": [0, 8.5, 1.25],
			"scale": [0.75, 0.75, 0.75]
		},
		"firstperson_righthand": {
			"rotation": [-11.25, 5.5, -2.5],
			"translation": [0, 6.5, 0],
			"scale": [0.6, 0.6, 0.6]
		},
		"firstperson_lefthand": {
			"rotation": [-11.25, 5.5, -2.5],
			"translation": [0, 6.5, 0],
			"scale": [0.6, 0.6, 0.6]
		},
		"ground": {
			"rotation": [0, 0, 42.5],
			"translation": [0, 4, 0],
			"scale": [0.5, 0.5, 0.5]
		},
		"gui": {
			"rotation": [-114.75, -43.25, -103.5],
			"translation": [1.75, 1.25, 0],
			"scale": [0.6, 0.6, 0.6]
		},
		"head": {
			"rotation": [90, 48.5, 103.5],
			"translation": [-1, -14.25, 5.75],
			"scale": [1.5, 1.5, 1.5]
		},
		"fixed": {
			"rotation": [0, 90, 0],
			"translation": [0, 2.25, -1.5],
			"scale": [0.5, 0.5, 0.5]
		}
	},
	"groups": [
		{
			"name": "group",
			"origin": [8, 4, 5.5],
			"children": [0, 1, 2, 3, 4, 5, 6, 7, 8, 9, 10, 11]
		}
	]
}