{
	"textures": {
		"0": "item/crates/easter21_crate/bunnyears"
	},
	"elements": [
		{
			"from": [9, 0, 7],
			"to": [12, 6, 8],
			"rotation": {"angle": 22.5, "axis": "y", "origin": [10.5, 0, 7]},
			"faces": {
				"north": {"uv": [1.75, 3.25, 2.5, 4.75], "texture": "#0"},
				"east": {"uv": [6, 1, 6.25, 2.5], "texture": "#0"},
				"south": {"uv": [2.75, 3.25, 3.5, 4.75], "texture": "#0"},
				"west": {"uv": [3.5, 6, 3.75, 7.5], "texture": "#0"},
				"up": {"uv": [7, 4.25, 6.25, 4], "texture": "#0"},
				"down": {"uv": [7, 4.5, 6.25, 4.75], "texture": "#0"}
			}
		},
		{
			"from": [4, 0, 7],
			"to": [7, 6, 8],
			"rotation": {"angle": -22.5, "axis": "y", "origin": [5.5, 0, 7]},
			"faces": {
				"north": {"uv": [3.5, 1.25, 4.25, 2.75], "texture": "#0"},
				"east": {"uv": [4, 6, 4.25, 7.5], "texture": "#0"},
				"south": {"uv": [3.75, 3, 4.5, 4.5], "texture": "#0"},
				"west": {"uv": [5.75, 6, 6, 7.5], "texture": "#0"},
				"up": {"uv": [7, 5.25, 6.25, 5], "texture": "#0"},
				"down": {"uv": [7, 5.5, 6.25, 5.75], "texture": "#0"}
			}
		},
		{
			"from": [9, 6, 7],
			"to": [11, 15, 8],
			"rotation": {"angle": 22.5, "axis": "y", "origin": [10.5, 6, 7]},
			"faces": {
				"north": {"uv": [0, 4.5, 0.5, 6.75], "texture": "#0"},
				"east": {"uv": [5.5, 1, 5.75, 3.25], "texture": "#0"},
				"south": {"uv": [4.5, 0, 5, 2.25], "texture": "#0"},
				"west": {"uv": [5.75, 3.5, 6, 5.75], "texture": "#0"},
				"up": {"uv": [3.25, 1.5, 2.75, 1.25], "texture": "#0"},
				"down": {"uv": [7.25, 2.5, 6.75, 2.75], "texture": "#0"}
			}
		},
		{
			"from": [5, 6, 7],
			"to": [7, 13, 8],
			"rotation": {"angle": -22.5, "axis": "y", "origin": [5.5, 6, 7]},
			"faces": {
				"north": {"uv": [0.75, 4.5, 1.25, 6.25], "texture": "#0"},
				"east": {"uv": [4.75, 5.75, 5, 7.5], "texture": "#0"},
				"south": {"uv": [4.75, 2.5, 5.25, 4.25], "texture": "#0"},
				"west": {"uv": [5.25, 5.75, 5.5, 7.5], "texture": "#0"},
				"up": {"uv": [7.25, 3.25, 6.75, 3], "texture": "#0"},
				"down": {"uv": [7.25, 3.5, 6.75, 3.75], "texture": "#0"}
			}
		},
		{
			"from": [3, -1, 6],
			"to": [13, 0, 9],
			"faces": {
				"north": {"uv": [5.25, 0, 7.75, 0.25], "texture": "#0"},
				"east": {"uv": [6.25, 6, 7, 6.25], "texture": "#0"},
				"south": {"uv": [5.25, 0.5, 7.75, 0.75], "texture": "#0"},
				"west": {"uv": [6.5, 1, 7.25, 1.25], "texture": "#0"},
				"up": {"uv": [2.5, 0.75, 0, 0], "texture": "#0"},
				"down": {"uv": [2.5, 1, 0, 1.75], "texture": "#0"}
			}
		},
		{
			"from": [12, -5, 6],
			"to": [13, -1, 9],
			"faces": {
				"north": {"uv": [1.5, 6.25, 1.75, 7.25], "texture": "#0"},
				"east": {"uv": [3.75, 4.75, 4.5, 5.75], "texture": "#0"},
				"south": {"uv": [2, 6.25, 2.25, 7.25], "texture": "#0"},
				"west": {"uv": [4.75, 4.5, 5.5, 5.5], "texture": "#0"},
				"up": {"uv": [3.25, 7, 3, 6.25], "texture": "#0"},
				"down": {"uv": [1, 6.5, 0.75, 7.25], "texture": "#0"}
			}
		},
		{
			"from": [11, -9, 3.5],
			"to": [17, -5, 3.5],
			"faces": {
				"north": {"uv": [0, 2, 1.5, 3], "texture": "#0"},
				"east": {"uv": [5.25, 1, 5.25, 2], "texture": "#0"},
				"south": {"uv": [1.75, 2, 3.25, 3], "texture": "#0"},
				"west": {"uv": [4.5, 6, 4.5, 7], "texture": "#0"},
				"up": {"uv": [8.25, 6.5, 6.75, 6.5], "texture": "#0"},
				"down": {"uv": [8.25, 6.75, 6.75, 6.75], "texture": "#0"}
			}
		},
		{
			"from": [-1, -9, 3.5],
			"to": [5, -5, 3.5],
			"rotation": {"angle": 0, "axis": "y", "origin": [16, 0, 0]},
			"faces": {
				"north": {"uv": [2.75, 0, 4.25, 1], "texture": "#0"},
				"east": {"uv": [1.25, 6.5, 1.25, 7.5], "texture": "#0"},
				"south": {"uv": [0, 3.25, 1.5, 4.25], "texture": "#0"},
				"west": {"uv": [0, 7, 0, 8], "texture": "#0"},
				"up": {"uv": [8.5, 1.5, 7, 1.5], "texture": "#0"},
				"down": {"uv": [8.5, 1.75, 7, 1.75], "texture": "#0"}
			}
		},
		{
			"from": [3, -5, 6],
			"to": [4, -1, 9],
			"rotation": {"angle": 0, "axis": "y", "origin": [16, 0, 0]},
			"faces": {
				"north": {"uv": [2.5, 6.25, 2.75, 7.25], "texture": "#0"},
				"east": {"uv": [1.5, 5, 2.25, 6], "texture": "#0"},
				"south": {"uv": [6.25, 2.75, 6.5, 3.75], "texture": "#0"},
				"west": {"uv": [2.5, 5, 3.25, 6], "texture": "#0"},
				"up": {"uv": [6.75, 2.25, 6.5, 1.5], "texture": "#0"},
				"down": {"uv": [6.5, 6.5, 6.25, 7.25], "texture": "#0"}
			}
		}
	],
	"gui_light": "front",
	"display": {
		"thirdperson_righthand": {
			"translation": [0, 5.75, 0],
			"scale": [0.6, 0.6, 0.6]
		},
		"thirdperson_lefthand": {
			"translation": [0, 5.75, 0],
			"scale": [0.6, 0.6, 0.6]
		},
		"firstperson_righthand": {
			"rotation": [0, 132, 0],
			"translation": [3, 8.5, -1.5],
			"scale": [0.6, 0.6, 0.6]
		},
		"firstperson_lefthand": {
			"rotation": [0, 132, 0],
			"translation": [3, 8.5, -1.5],
			"scale": [0.6, 0.6, 0.6]
		},
		"ground": {
			"translation": [0, 8.5, 0],
			"scale": [0.6, 0.6, 0.6]
		},
		"gui": {
			"rotation": [30, -145, 0],
			"translation": [0, 4.25, 0],
			"scale": [0.7, 0.7, 0.7]
		},
		"head": {
			"translation": [0, 21.75, 0],
			"scale": [1.6, 1.6, 1.6]
		},
		"fixed": {
			"translation": [0, 4.75, -1.75]
		}
	},
	"groups": [
		{
			"name": "group",
			"origin": [16, 0, 0],
			"color": 0,
			"boneType": "",
			"children": [0, 1, 2, 3, 4, 5, 6, 7, 8]
		}
	]
}