{
	"textures": {
		"0": "item/crates/easter21_crate/bunnyfeet"
	},
	"elements": [
		{
			"name": "bunnyfeet_0",
			"from": [2.5, 0, 3],
			"to": [5, 0.5, 11.5],
			"faces": {
				"north": {"uv": [5, 3, 2.5, 3.5], "texture": "#0"},
				"east": {"uv": [4.5, 3, 5, 11.5], "rotation": 90, "texture": "#0"},
				"south": {"uv": [2.5, 11, 5, 11.5], "texture": "#0"},
				"west": {"uv": [2.5, 3, 3, 11.5], "rotation": 270, "texture": "#0"},
				"up": {"uv": [2.5, 3, 5, 11.5], "texture": "#0"},
				"down": {"uv": [2.5, 11.5, 5, 3], "texture": "#0"}
			}
		},
		{
			"name": "bunnyfeet_1",
			"from": [11, 0, 3],
			"to": [13.5, 0.5, 11.5],
			"faces": {
				"north": {"uv": [13.5, 3, 11, 3.5], "texture": "#0"},
				"east": {"uv": [13, 3, 13.5, 11.5], "rotation": 90, "texture": "#0"},
				"south": {"uv": [11, 11, 13.5, 11.5], "texture": "#0"},
				"west": {"uv": [11, 3, 11.5, 11.5], "rotation": 270, "texture": "#0"},
				"up": {"uv": [11, 3, 13.5, 11.5], "texture": "#0"},
				"down": {"uv": [11, 11.5, 13.5, 3], "texture": "#0"}
			}
		},
		{
			"name": "bunnyfeet_2",
			"from": [1, 0, 3.5],
			"to": [2.5, 0.5, 9],
			"faces": {
				"north": {"uv": [2.5, 3.5, 1, 4], "texture": "#0"},
				"east": {"uv": [2, 3.5, 2.5, 9], "rotation": 90, "texture": "#0"},
				"south": {"uv": [1, 8.5, 2.5, 9], "texture": "#0"},
				"west": {"uv": [1, 3.5, 1.5, 9], "rotation": 270, "texture": "#0"},
				"up": {"uv": [1, 3.5, 2.5, 9], "texture": "#0"},
				"down": {"uv": [1, 9, 2.5, 3.5], "texture": "#0"}
			}
		},
		{
			"name": "bunnyfeet_3",
			"from": [5, 0, 3.5],
			"to": [5.5, 0.5, 12.5],
			"faces": {
				"north": {"uv": [5.5, 3.5, 5, 4], "texture": "#0"},
				"east": {"uv": [5, 3.5, 5.5, 12.5], "rotation": 90, "texture": "#0"},
				"south": {"uv": [5, 12, 5.5, 12.5], "texture": "#0"},
				"west": {"uv": [5, 3.5, 5.5, 12.5], "rotation": 270, "texture": "#0"},
				"up": {"uv": [5, 3.5, 5.5, 12.5], "texture": "#0"},
				"down": {"uv": [5, 12.5, 5.5, 3.5], "texture": "#0"}
			}
		},
		{
			"name": "bunnyfeet_4",
			"from": [10.5, 0, 3.5],
			"to": [11, 0.5, 12.5],
			"faces": {
				"north": {"uv": [11, 3.5, 10.5, 4], "texture": "#0"},
				"east": {"uv": [10.5, 3.5, 11, 12.5], "rotation": 90, "texture": "#0"},
				"south": {"uv": [10.5, 12, 11, 12.5], "texture": "#0"},
				"west": {"uv": [10.5, 3.5, 11, 12.5], "rotation": 270, "texture": "#0"},
				"up": {"uv": [10.5, 3.5, 11, 12.5], "texture": "#0"},
				"down": {"uv": [10.5, 12.5, 11, 3.5], "texture": "#0"}
			}
		},
		{
			"name": "bunnyfeet_5",
			"from": [13.5, 0, 3.5],
			"to": [15, 0.5, 9],
			"faces": {
				"north": {"uv": [15, 3.5, 13.5, 4], "texture": "#0"},
				"east": {"uv": [14.5, 3.5, 15, 9], "rotation": 90, "texture": "#0"},
				"south": {"uv": [13.5, 8.5, 15, 9], "texture": "#0"},
				"west": {"uv": [13.5, 3.5, 14, 9], "rotation": 270, "texture": "#0"},
				"up": {"uv": [13.5, 3.5, 15, 9], "texture": "#0"},
				"down": {"uv": [13.5, 9, 15, 3.5], "texture": "#0"}
			}
		},
		{
			"name": "bunnyfeet_6",
			"from": [0.5, 0, 4],
			"to": [1, 0.5, 8],
			"faces": {
				"north": {"uv": [1, 4, 0.5, 4.5], "texture": "#0"},
				"east": {"uv": [0.5, 4, 1, 8], "rotation": 90, "texture": "#0"},
				"south": {"uv": [0.5, 7.5, 1, 8], "texture": "#0"},
				"west": {"uv": [0.5, 4, 1, 8], "rotation": 270, "texture": "#0"},
				"up": {"uv": [0.5, 4, 1, 8], "texture": "#0"},
				"down": {"uv": [0.5, 8, 1, 4], "texture": "#0"}
			}
		},
		{
			"name": "bunnyfeet_7",
			"from": [15, 0, 4],
			"to": [15.5, 0.5, 8],
			"faces": {
				"north": {"uv": [15.5, 4, 15, 4.5], "texture": "#0"},
				"east": {"uv": [15, 4, 15.5, 8], "rotation": 90, "texture": "#0"},
				"south": {"uv": [15, 7.5, 15.5, 8], "texture": "#0"},
				"west": {"uv": [15, 4, 15.5, 8], "rotation": 270, "texture": "#0"},
				"up": {"uv": [15, 4, 15.5, 8], "texture": "#0"},
				"down": {"uv": [15, 8, 15.5, 4], "texture": "#0"}
			}
		},
		{
			"name": "bunnyfeet_8",
			"from": [5.5, 0, 4.5],
			"to": [6, 0.5, 12.5],
			"faces": {
				"north": {"uv": [6, 4.5, 5.5, 5], "texture": "#0"},
				"east": {"uv": [5.5, 4.5, 6, 12.5], "rotation": 90, "texture": "#0"},
				"south": {"uv": [5.5, 12, 6, 12.5], "texture": "#0"},
				"west": {"uv": [5.5, 4.5, 6, 12.5], "rotation": 270, "texture": "#0"},
				"up": {"uv": [5.5, 4.5, 6, 12.5], "texture": "#0"},
				"down": {"uv": [5.5, 12.5, 6, 4.5], "texture": "#0"}
			}
		},
		{
			"name": "bunnyfeet_9",
			"from": [10, 0, 4.5],
			"to": [10.5, 0.5, 12.5],
			"faces": {
				"north": {"uv": [10.5, 4.5, 10, 5], "texture": "#0"},
				"east": {"uv": [10, 4.5, 10.5, 12.5], "rotation": 90, "texture": "#0"},
				"south": {"uv": [10, 12, 10.5, 12.5], "texture": "#0"},
				"west": {"uv": [10, 4.5, 10.5, 12.5], "rotation": 270, "texture": "#0"},
				"up": {"uv": [10, 4.5, 10.5, 12.5], "texture": "#0"},
				"down": {"uv": [10, 12.5, 10.5, 4.5], "texture": "#0"}
			}
		},
		{
			"name": "bunnyfeet_10",
			"from": [0, 0, 5.5],
			"to": [0.5, 0.5, 7],
			"faces": {
				"north": {"uv": [0.5, 5.5, 0, 6], "texture": "#0"},
				"east": {"uv": [0, 5.5, 0.5, 7], "rotation": 90, "texture": "#0"},
				"south": {"uv": [0, 6.5, 0.5, 7], "texture": "#0"},
				"west": {"uv": [0, 5.5, 0.5, 7], "rotation": 270, "texture": "#0"},
				"up": {"uv": [0, 5.5, 0.5, 7], "texture": "#0"},
				"down": {"uv": [0, 7, 0.5, 5.5], "texture": "#0"}
			}
		},
		{
			"name": "bunnyfeet_11",
			"from": [15.5, 0, 5.5],
			"to": [16, 0.5, 7],
			"faces": {
				"north": {"uv": [16, 5.5, 15.5, 6], "texture": "#0"},
				"east": {"uv": [15.5, 5.5, 16, 7], "rotation": 90, "texture": "#0"},
				"south": {"uv": [15.5, 6.5, 16, 7], "texture": "#0"},
				"west": {"uv": [15.5, 5.5, 16, 7], "rotation": 270, "texture": "#0"},
				"up": {"uv": [15.5, 5.5, 16, 7], "texture": "#0"},
				"down": {"uv": [15.5, 7, 16, 5.5], "texture": "#0"}
			}
		},
		{
			"name": "bunnyfeet_12",
			"from": [6, 0, 7.5],
			"to": [6.5, 0.5, 12.5],
			"faces": {
				"north": {"uv": [6.5, 7.5, 6, 8], "texture": "#0"},
				"east": {"uv": [6, 7.5, 6.5, 12.5], "rotation": 90, "texture": "#0"},
				"south": {"uv": [6, 12, 6.5, 12.5], "texture": "#0"},
				"west": {"uv": [6, 7.5, 6.5, 12.5], "rotation": 270, "texture": "#0"},
				"up": {"uv": [6, 7.5, 6.5, 12.5], "texture": "#0"},
				"down": {"uv": [6, 12.5, 6.5, 7.5], "texture": "#0"}
			}
		},
		{
			"name": "bunnyfeet_13",
			"from": [9.5, 0, 7.5],
			"to": [10, 0.5, 12.5],
			"faces": {
				"north": {"uv": [10, 7.5, 9.5, 8], "texture": "#0"},
				"east": {"uv": [9.5, 7.5, 10, 12.5], "rotation": 90, "texture": "#0"},
				"south": {"uv": [9.5, 12, 10, 12.5], "texture": "#0"},
				"west": {"uv": [9.5, 7.5, 10, 12.5], "rotation": 270, "texture": "#0"},
				"up": {"uv": [9.5, 7.5, 10, 12.5], "texture": "#0"},
				"down": {"uv": [9.5, 12.5, 10, 7.5], "texture": "#0"}
			}
		},
		{
			"name": "bunnyfeet_14",
			"from": [1.5, 0, 9],
			"to": [2.5, 0.5, 10],
			"faces": {
				"north": {"uv": [2.5, 9, 1.5, 9.5], "texture": "#0"},
				"east": {"uv": [2, 9, 2.5, 10], "rotation": 90, "texture": "#0"},
				"south": {"uv": [1.5, 9.5, 2.5, 10], "texture": "#0"},
				"west": {"uv": [1.5, 9, 2, 10], "rotation": 270, "texture": "#0"},
				"up": {"uv": [1.5, 9, 2.5, 10], "texture": "#0"},
				"down": {"uv": [1.5, 10, 2.5, 9], "texture": "#0"}
			}
		},
		{
			"name": "bunnyfeet_15",
			"from": [6.5, 0, 9],
			"to": [7, 0.5, 12],
			"faces": {
				"north": {"uv": [7, 9, 6.5, 9.5], "texture": "#0"},
				"east": {"uv": [6.5, 9, 7, 12], "rotation": 90, "texture": "#0"},
				"south": {"uv": [6.5, 11.5, 7, 12], "texture": "#0"},
				"west": {"uv": [6.5, 9, 7, 12], "rotation": 270, "texture": "#0"},
				"up": {"uv": [6.5, 9, 7, 12], "texture": "#0"},
				"down": {"uv": [6.5, 12, 7, 9], "texture": "#0"}
			}
		},
		{
			"name": "bunnyfeet_16",
			"from": [9, 0, 9],
			"to": [9.5, 0.5, 12],
			"faces": {
				"north": {"uv": [9.5, 9, 9, 9.5], "texture": "#0"},
				"east": {"uv": [9, 9, 9.5, 12], "rotation": 90, "texture": "#0"},
				"south": {"uv": [9, 11.5, 9.5, 12], "texture": "#0"},
				"west": {"uv": [9, 9, 9.5, 12], "rotation": 270, "texture": "#0"},
				"up": {"uv": [9, 9, 9.5, 12], "texture": "#0"},
				"down": {"uv": [9, 12, 9.5, 9], "texture": "#0"}
			}
		},
		{
			"name": "bunnyfeet_17",
			"from": [13.5, 0, 9],
			"to": [14.5, 0.5, 10],
			"faces": {
				"north": {"uv": [14.5, 9, 13.5, 9.5], "texture": "#0"},
				"east": {"uv": [14, 9, 14.5, 10], "rotation": 90, "texture": "#0"},
				"south": {"uv": [13.5, 9.5, 14.5, 10], "texture": "#0"},
				"west": {"uv": [13.5, 9, 14, 10], "rotation": 270, "texture": "#0"},
				"up": {"uv": [13.5, 9, 14.5, 10], "texture": "#0"},
				"down": {"uv": [13.5, 10, 14.5, 9], "texture": "#0"}
			}
		},
		{
			"name": "bunnyfeet_18",
			"from": [7, 0, 9.5],
			"to": [7.5, 0.5, 11.5],
			"faces": {
				"north": {"uv": [7.5, 9.5, 7, 10], "texture": "#0"},
				"east": {"uv": [7, 9.5, 7.5, 11.5], "rotation": 90, "texture": "#0"},
				"south": {"uv": [7, 11, 7.5, 11.5], "texture": "#0"},
				"west": {"uv": [7, 9.5, 7.5, 11.5], "rotation": 270, "texture": "#0"},
				"up": {"uv": [7, 9.5, 7.5, 11.5], "texture": "#0"},
				"down": {"uv": [7, 11.5, 7.5, 9.5], "texture": "#0"}
			}
		},
		{
			"name": "bunnyfeet_19",
			"from": [8.5, 0, 9.5],
			"to": [9, 0.5, 11.5],
			"faces": {
				"north": {"uv": [9, 9.5, 8.5, 10], "texture": "#0"},
				"east": {"uv": [8.5, 9.5, 9, 11.5], "rotation": 90, "texture": "#0"},
				"south": {"uv": [8.5, 11, 9, 11.5], "texture": "#0"},
				"west": {"uv": [8.5, 9.5, 9, 11.5], "rotation": 270, "texture": "#0"},
				"up": {"uv": [8.5, 9.5, 9, 11.5], "texture": "#0"},
				"down": {"uv": [8.5, 11.5, 9, 9.5], "texture": "#0"}
			}
		},
		{
			"name": "bunnyfeet_20",
			"from": [2, 0, 10],
			"to": [2.5, 0.5, 11],
			"faces": {
				"north": {"uv": [2.5, 10, 2, 10.5], "texture": "#0"},
				"east": {"uv": [2, 10, 2.5, 11], "rotation": 90, "texture": "#0"},
				"south": {"uv": [2, 10.5, 2.5, 11], "texture": "#0"},
				"west": {"uv": [2, 10, 2.5, 11], "rotation": 270, "texture": "#0"},
				"up": {"uv": [2, 10, 2.5, 11], "texture": "#0"},
				"down": {"uv": [2, 11, 2.5, 10], "texture": "#0"}
			}
		},
		{
			"name": "bunnyfeet_21",
			"from": [13.5, 0, 10],
			"to": [14, 0.5, 11],
			"faces": {
				"north": {"uv": [14, 10, 13.5, 10.5], "texture": "#0"},
				"east": {"uv": [13.5, 10, 14, 11], "rotation": 90, "texture": "#0"},
				"south": {"uv": [13.5, 10.5, 14, 11], "texture": "#0"},
				"west": {"uv": [13.5, 10, 14, 11], "rotation": 270, "texture": "#0"},
				"up": {"uv": [13.5, 10, 14, 11], "texture": "#0"},
				"down": {"uv": [13.5, 11, 14, 10], "texture": "#0"}
			}
		},
		{
			"name": "bunnyfeet_22",
			"from": [3, 0, 11.5],
			"to": [5, 0.5, 12],
			"faces": {
				"north": {"uv": [5, 11.5, 3, 12], "texture": "#0"},
				"east": {"uv": [4.5, 11.5, 5, 12], "rotation": 90, "texture": "#0"},
				"south": {"uv": [3, 11.5, 5, 12], "texture": "#0"},
				"west": {"uv": [3, 11.5, 3.5, 12], "rotation": 270, "texture": "#0"},
				"up": {"uv": [3, 11.5, 5, 12], "texture": "#0"},
				"down": {"uv": [3, 12, 5, 11.5], "texture": "#0"}
			}
		},
		{
			"name": "bunnyfeet_23",
			"from": [11, 0, 11.5],
			"to": [12.5, 0.5, 12.5],
			"faces": {
				"north": {"uv": [12.5, 11.5, 11, 12], "texture": "#0"},
				"east": {"uv": [12, 11.5, 12.5, 12.5], "rotation": 90, "texture": "#0"},
				"south": {"uv": [11, 12, 12.5, 12.5], "texture": "#0"},
				"west": {"uv": [11, 11.5, 11.5, 12.5], "rotation": 270, "texture": "#0"},
				"up": {"uv": [11, 11.5, 12.5, 12.5], "texture": "#0"},
				"down": {"uv": [11, 12.5, 12.5, 11.5], "texture": "#0"}
			}
		},
		{
			"name": "bunnyfeet_24",
			"from": [12.5, 0, 11.5],
			"to": [13, 0.5, 12],
			"faces": {
				"north": {"uv": [13, 11.5, 12.5, 12], "texture": "#0"},
				"east": {"uv": [12.5, 11.5, 13, 12], "rotation": 90, "texture": "#0"},
				"south": {"uv": [12.5, 11.5, 13, 12], "texture": "#0"},
				"west": {"uv": [12.5, 11.5, 13, 12], "rotation": 270, "texture": "#0"},
				"up": {"uv": [12.5, 11.5, 13, 12], "texture": "#0"},
				"down": {"uv": [12.5, 12, 13, 11.5], "texture": "#0"}
			}
		},
		{
			"name": "bunnyfeet_25",
			"from": [3.5, 0, 12],
			"to": [5, 0.5, 12.5],
			"faces": {
				"north": {"uv": [5, 12, 3.5, 12.5], "texture": "#0"},
				"east": {"uv": [4.5, 12, 5, 12.5], "rotation": 90, "texture": "#0"},
				"south": {"uv": [3.5, 12, 5, 12.5], "texture": "#0"},
				"west": {"uv": [3.5, 12, 4, 12.5], "rotation": 270, "texture": "#0"},
				"up": {"uv": [3.5, 12, 5, 12.5], "texture": "#0"},
				"down": {"uv": [3.5, 12.5, 5, 12], "texture": "#0"}
			}
		}
	],
	"gui_light": "front",
	"display": {
		"thirdperson_righthand": {
			"rotation": [90, 0, 0],
			"translation": [0, 0.75, 4],
			"scale": [0.5, 0.5, 0.5]
		},
		"thirdperson_lefthand": {
			"rotation": [90, 0, 0],
			"translation": [0, 0.75, 4],
			"scale": [0.5, 0.5, 0.5]
		},
		"firstperson_righthand": {
			"rotation": [90, 0, 80]
		},
		"firstperson_lefthand": {
			"rotation": [90, 0, 80]
		},
		"ground": {
			"translation": [0, 3.5, 0],
			"scale": [0.7, 0.7, 0.7]
		},
		"gui": {
			"rotation": [90, -22, 0],
			"translation": [-0.75, -0.5, 0]
		},
		"head": {
			"rotation": [90, 0, 0],
			"translation": [0, 7, 8.25]
		},
		"fixed": {
			"rotation": [90, 0, 0],
			"translation": [0, 0, 7.25]
		}
	},
	"groups": [
		{
			"name": "bunnyfeet",
			"origin": [8, 8, 8],
			"children": [0, 1, 2, 3, 4, 5, 6, 7, 8, 9, 10, 11, 12, 13, 14, 15, 16, 17, 18, 19, 20, 21, 22, 23, 24, 25]
		}
	]
}