{
	"textures": {
		"0": "item/crates/easter21_crate/carrotsword"
	},
	"elements": [
		{
			"from": [7.5, 1, 7.5],
			"to": [8.5, 5, 8.5],
			"faces": {
				"north": {"uv": [3, 5, 3.5, 7], "texture": "#0"},
				"east": {"uv": [3.5, 5, 4, 7], "texture": "#0"},
				"south": {"uv": [4, 5, 4.5, 7], "texture": "#0"},
				"west": {"uv": [4.5, 5, 5, 7], "texture": "#0"},
				"up": {"uv": [8, 8.5, 7.5, 8], "texture": "#0"},
				"down": {"uv": [8.5, 7.5, 8, 8], "texture": "#0"}
			}
		},
		{
			"from": [7.456, -0.032, 7.3692],
			"to": [8.544, 1.6, 8.6308],
			"rotation": {"angle": -22.5, "axis": "z", "origin": [8, 1.6, 7.728]},
			"faces": {
				"north": {"uv": [7, 6, 7.5, 6.875], "texture": "#0"},
				"east": {"uv": [6, 1, 6.625, 1.875], "texture": "#0"},
				"south": {"uv": [7, 7, 7.5, 7.875], "texture": "#0"},
				"west": {"uv": [6, 4, 6.625, 4.875], "texture": "#0"},
				"up": {"uv": [3.5, 8.625, 3, 8], "texture": "#0"},
				"down": {"uv": [8.5, 3, 8, 3.625], "texture": "#0"}
			}
		},
		{
			"from": [7.456, 4.4, 7.4236],
			"to": [8.544, 6.032, 8.5764],
			"rotation": {"angle": -22.5, "axis": "z", "origin": [8, 4.4, 7.728]},
			"faces": {
				"north": {"uv": [7.5, 2, 8, 2.875], "texture": "#0"},
				"east": {"uv": [5, 6, 5.625, 6.875], "texture": "#0"},
				"south": {"uv": [7.5, 3, 8, 3.875], "texture": "#0"},
				"west": {"uv": [6, 5, 6.625, 5.875], "texture": "#0"},
				"up": {"uv": [4, 8.625, 3.5, 8], "texture": "#0"},
				"down": {"uv": [4.5, 8, 4, 8.625], "texture": "#0"}
			}
		},
		{
			"from": [7.456, -0.032, 7.4236],
			"to": [8.544, 1.6, 8.5764],
			"rotation": {"angle": 22.5, "axis": "z", "origin": [8, 1.6, 7.728]},
			"faces": {
				"north": {"uv": [7.5, 6, 8, 6.875], "texture": "#0"},
				"east": {"uv": [6, 6, 6.625, 6.875], "texture": "#0"},
				"south": {"uv": [7.5, 7, 8, 7.875], "texture": "#0"},
				"west": {"uv": [6.5, 2, 7.125, 2.875], "texture": "#0"},
				"up": {"uv": [8.5, 4.625, 8, 4], "texture": "#0"},
				"down": {"uv": [5, 8, 4.5, 8.625], "texture": "#0"}
			}
		},
		{
			"from": [7.9184, 4.5904, 7.342],
			"to": [9.5504, 6.2224, 8.658],
			"rotation": {"angle": 45, "axis": "z", "origin": [8, 4.672, 7.728]},
			"faces": {
				"north": {"uv": [5, 1, 5.875, 1.875], "texture": "#0"},
				"east": {"uv": [6.5, 3, 7.125, 3.875], "texture": "#0"},
				"south": {"uv": [5, 5, 5.875, 5.875], "texture": "#0"},
				"west": {"uv": [0, 7, 0.625, 7.875], "texture": "#0"},
				"up": {"uv": [7.875, 0.625, 7, 0], "texture": "#0"},
				"down": {"uv": [7.875, 1, 7, 1.625], "texture": "#0"}
			}
		},
		{
			"from": [7.9184, -0.2224, 7.342],
			"to": [9.5504, 1.4096, 8.658],
			"rotation": {"angle": -45, "axis": "z", "origin": [8, 1.328, 7.728]},
			"faces": {
				"north": {"uv": [5.5, 2, 6.375, 2.875], "texture": "#0"},
				"east": {"uv": [3, 7, 3.625, 7.875], "texture": "#0"},
				"south": {"uv": [5.5, 3, 6.375, 3.875], "texture": "#0"},
				"west": {"uv": [4, 7, 4.625, 7.875], "texture": "#0"},
				"up": {"uv": [7.875, 4.625, 7, 4], "texture": "#0"},
				"down": {"uv": [5.875, 7, 5, 7.625], "texture": "#0"}
			}
		},
		{
			"from": [8.4184, 5.0904, 7.192],
			"to": [9.3004, 5.9724, 8.808],
			"rotation": {"angle": 45, "axis": "z", "origin": [8, 4.672, 7.728]},
			"faces": {
				"north": {"uv": [5.5, 8, 6, 8.5], "texture": "#0"},
				"east": {"uv": [3, 2, 3.75, 2.5], "texture": "#0"},
				"south": {"uv": [6, 8, 6.5, 8.5], "texture": "#0"},
				"west": {"uv": [1.5, 8, 2.25, 8.5], "texture": "#0"},
				"up": {"uv": [8.5, 2.75, 8, 2], "texture": "#0"},
				"down": {"uv": [3, 8, 2.5, 8.75], "texture": "#0"}
			}
		},
		{
			"from": [7, 5.6, 7],
			"to": [9, 6.1, 9],
			"faces": {
				"north": {"uv": [8, 6, 9, 6.25], "texture": "#0"},
				"east": {"uv": [6.5, 8, 7.5, 8.25], "texture": "#0"},
				"south": {"uv": [8, 6.5, 9, 6.75], "texture": "#0"},
				"west": {"uv": [8, 7, 9, 7.25], "texture": "#0"},
				"up": {"uv": [1, 6, 0, 5], "texture": "#0"},
				"down": {"uv": [6, 0, 5, 1], "texture": "#0"}
			}
		},
		{
			"from": [7.25, 5.6, 6.5],
			"to": [8.75, 6.1, 7],
			"faces": {
				"north": {"uv": [5.5, 8.5, 6.25, 8.75], "texture": "#0"},
				"east": {"uv": [2, 10, 2.25, 10.25], "texture": "#0"},
				"south": {"uv": [6.5, 8.5, 7.25, 8.75], "texture": "#0"},
				"west": {"uv": [10, 2, 10.25, 2.25], "texture": "#0"},
				"up": {"uv": [9.25, 7.75, 8.5, 7.5], "texture": "#0"},
				"down": {"uv": [9.25, 8, 8.5, 8.25], "texture": "#0"}
			}
		},
		{
			"from": [7.25, 5.6, 9],
			"to": [8.75, 6.1, 9.5],
			"faces": {
				"north": {"uv": [8.5, 8.5, 9.25, 8.75], "texture": "#0"},
				"east": {"uv": [2.5, 10, 2.75, 10.25], "texture": "#0"},
				"south": {"uv": [0, 9, 0.75, 9.25], "texture": "#0"},
				"west": {"uv": [10, 2.5, 10.25, 2.75], "texture": "#0"},
				"up": {"uv": [9.75, 0.25, 9, 0], "texture": "#0"},
				"down": {"uv": [9.75, 0.5, 9, 0.75], "texture": "#0"}
			}
		},
		{
			"from": [6.5, 5.6, 7.25],
			"to": [7, 6.1, 8.75],
			"faces": {
				"north": {"uv": [3, 10, 3.25, 10.25], "texture": "#0"},
				"east": {"uv": [9, 1, 9.75, 1.25], "texture": "#0"},
				"south": {"uv": [10, 3, 10.25, 3.25], "texture": "#0"},
				"west": {"uv": [9, 1.5, 9.75, 1.75], "texture": "#0"},
				"up": {"uv": [7.75, 9.25, 7.5, 8.5], "texture": "#0"},
				"down": {"uv": [1.25, 9, 1, 9.75], "texture": "#0"}
			}
		},
		{
			"from": [9, 5.6, 7.25],
			"to": [9.5, 6.1, 8.75],
			"faces": {
				"north": {"uv": [3.5, 10, 3.75, 10.25], "texture": "#0"},
				"east": {"uv": [9, 2, 9.75, 2.25], "texture": "#0"},
				"south": {"uv": [10, 3.5, 10.25, 3.75], "texture": "#0"},
				"west": {"uv": [2.5, 9, 3.25, 9.25], "texture": "#0"},
				"up": {"uv": [9.25, 3.25, 9, 2.5], "texture": "#0"},
				"down": {"uv": [3.75, 9, 3.5, 9.75], "texture": "#0"}
			}
		},
		{
			"from": [5.9, 5.54, 7.72],
			"to": [7.02, 6.1, 8.28],
			"rotation": {"angle": 22.5, "axis": "z", "origin": [7.02, 5.54, 7.72]},
			"faces": {
				"north": {"uv": [7.5, 9.5, 8, 9.75], "texture": "#0"},
				"east": {"uv": [4, 10, 4.25, 10.25], "texture": "#0"},
				"south": {"uv": [9.5, 7.5, 10, 7.75], "texture": "#0"},
				"west": {"uv": [10, 4, 10.25, 4.25], "texture": "#0"},
				"up": {"uv": [8.5, 9.75, 8, 9.5], "texture": "#0"},
				"down": {"uv": [10, 8, 9.5, 8.25], "texture": "#0"}
			}
		},
		{
			"from": [8.98, 5.54, 7.72],
			"to": [10.1, 6.1, 8.28],
			"rotation": {"angle": -22.5, "axis": "z", "origin": [8.98, 5.54, 7.72]},
			"faces": {
				"north": {"uv": [8.5, 9.5, 9, 9.75], "texture": "#0"},
				"east": {"uv": [4.5, 10, 4.75, 10.25], "texture": "#0"},
				"south": {"uv": [9.5, 8.5, 10, 8.75], "texture": "#0"},
				"west": {"uv": [10, 4.5, 10.25, 4.75], "texture": "#0"},
				"up": {"uv": [9.5, 9.75, 9, 9.5], "texture": "#0"},
				"down": {"uv": [10, 9.5, 9.5, 9.75], "texture": "#0"}
			}
		},
		{
			"from": [6.00077, 5.135, 7.776],
			"to": [6.44877, 6.815, 8.224],
			"rotation": {"angle": 22.5, "axis": "z", "origin": [5.913, 5.121, 7.72]},
			"faces": {
				"north": {"uv": [8, 8, 8.25, 8.875], "texture": "#0"},
				"east": {"uv": [8.5, 0, 8.75, 0.875], "texture": "#0"},
				"south": {"uv": [1.5, 8.5, 1.75, 9.375], "texture": "#0"},
				"west": {"uv": [2, 8.5, 2.25, 9.375], "texture": "#0"},
				"up": {"uv": [5.25, 10.25, 5, 10], "texture": "#0"},
				"down": {"uv": [10.25, 5, 10, 5.25], "texture": "#0"}
			}
		},
		{
			"from": [9.55123, 5.135, 7.776],
			"to": [9.99923, 6.815, 8.224],
			"rotation": {"angle": -22.5, "axis": "z", "origin": [10.087, 5.121, 7.72]},
			"faces": {
				"north": {"uv": [8.5, 2, 8.75, 2.875], "texture": "#0"},
				"east": {"uv": [8.5, 3, 8.75, 3.875], "texture": "#0"},
				"south": {"uv": [8.5, 4, 8.75, 4.875], "texture": "#0"},
				"west": {"uv": [8.5, 5, 8.75, 5.875], "texture": "#0"},
				"up": {"uv": [5.75, 10.25, 5.5, 10], "texture": "#0"},
				"down": {"uv": [10.25, 5.5, 10, 5.75], "texture": "#0"}
			}
		},
		{
			"from": [5.1592, 6.6785, 7.832],
			"to": [6.2792, 7.0145, 8.168],
			"rotation": {"angle": 22.5, "axis": "z", "origin": [6.438, 5.246, 7.72]},
			"faces": {
				"north": {"uv": [6, 10, 6.5, 10.125], "texture": "#0"},
				"east": {"uv": [10.5, 4.5, 10.625, 4.625], "texture": "#0"},
				"south": {"uv": [10, 6, 10.5, 6.125], "texture": "#0"},
				"west": {"uv": [5, 10.5, 5.125, 10.625], "texture": "#0"},
				"up": {"uv": [7, 10.125, 6.5, 10], "texture": "#0"},
				"down": {"uv": [10.5, 6.5, 10, 6.625], "texture": "#0"}
			}
		},
		{
			"from": [9.7208, 6.6785, 7.832],
			"to": [10.8408, 7.0145, 8.168],
			"rotation": {"angle": -22.5, "axis": "z", "origin": [9.562, 5.246, 7.72]},
			"faces": {
				"north": {"uv": [7, 10, 7.5, 10.125], "texture": "#0"},
				"east": {"uv": [10.5, 5, 10.625, 5.125], "texture": "#0"},
				"south": {"uv": [10, 7, 10.5, 7.125], "texture": "#0"},
				"west": {"uv": [5.5, 10.5, 5.625, 10.625], "texture": "#0"},
				"up": {"uv": [8, 10.125, 7.5, 10], "texture": "#0"},
				"down": {"uv": [10.5, 7.5, 10, 7.625], "texture": "#0"}
			}
		},
		{
			"from": [4.5755, 5.8172, 7.888],
			"to": [4.7995, 6.3772, 8.112],
			"rotation": {"angle": 0, "axis": "z", "origin": [6.438, 5.246, 7.72]},
			"faces": {
				"north": {"uv": [10.5, 0.5, 10.625, 0.75], "texture": "#0"},
				"east": {"uv": [1, 10.5, 1.125, 10.75], "texture": "#0"},
				"south": {"uv": [10.5, 1, 10.625, 1.25], "texture": "#0"},
				"west": {"uv": [1.5, 10.5, 1.625, 10.75], "texture": "#0"},
				"up": {"uv": [10.625, 5.625, 10.5, 5.5], "texture": "#0"},
				"down": {"uv": [6.125, 10.5, 6, 10.625], "texture": "#0"}
			}
		},
		{
			"from": [11.2005, 5.8172, 7.888],
			"to": [11.4245, 6.3772, 8.112],
			"rotation": {"angle": 0, "axis": "z", "origin": [9.562, 5.246, 7.72]},
			"faces": {
				"north": {"uv": [10.5, 1.5, 10.625, 1.75], "texture": "#0"},
				"east": {"uv": [2, 10.5, 2.125, 10.75], "texture": "#0"},
				"south": {"uv": [10.5, 2, 10.625, 2.25], "texture": "#0"},
				"west": {"uv": [2.5, 10.5, 2.625, 10.75], "texture": "#0"},
				"up": {"uv": [10.625, 6.125, 10.5, 6], "texture": "#0"},
				"down": {"uv": [6.625, 10.5, 6.5, 10.625], "texture": "#0"}
			}
		},
		{
			"from": [7.1, 6, 7.1],
			"to": [8.9, 11, 8.9],
			"faces": {
				"north": {"uv": [0, 0, 0.875, 2.5], "texture": "#0"},
				"east": {"uv": [0, 0, 0.875, 2.5], "texture": "#0"},
				"south": {"uv": [0, 0, 0.875, 2.5], "texture": "#0"},
				"west": {"uv": [0, 0, 0.875, 2.5], "texture": "#0"},
				"up": {"uv": [0.875, 6.875, 0, 6], "texture": "#0"},
				"down": {"uv": [6.875, 0, 6, 0.875], "texture": "#0"}
			}
		},
		{
			"from": [6.85, 6.75, 6.85],
			"to": [9.15, 8.75, 9.15],
			"faces": {
				"north": {"uv": [4, 2, 5.125, 3], "texture": "#0"},
				"east": {"uv": [4, 2, 5.125, 3], "texture": "#0"},
				"south": {"uv": [4, 2, 5.125, 3], "texture": "#0"},
				"west": {"uv": [4, 2, 5.125, 3], "texture": "#0"},
				"up": {"uv": [2.125, 3.625, 1, 2.5], "texture": "#0"},
				"down": {"uv": [3.625, 2.5, 2.5, 3.625], "texture": "#0"}
			}
		},
		{
			"from": [7.35, 11, 7.35],
			"to": [8.65, 15, 8.65],
			"faces": {
				"north": {"uv": [3, 0, 3.625, 2], "texture": "#0"},
				"east": {"uv": [3, 0, 3.625, 2], "texture": "#0"},
				"south": {"uv": [3, 0, 3.625, 2], "texture": "#0"},
				"west": {"uv": [3, 0, 3.625, 2], "texture": "#0"},
				"up": {"uv": [1.125, 8.625, 0.5, 8], "texture": "#0"},
				"down": {"uv": [8.625, 1, 8, 1.625], "texture": "#0"}
			}
		},
		{
			"from": [7.6, 14, 7.6],
			"to": [8.4, 18, 8.4],
			"faces": {
				"north": {"uv": [1, 6, 1.375, 8], "texture": "#0"},
				"east": {"uv": [1, 6, 1.375, 8], "texture": "#0"},
				"south": {"uv": [1, 6, 1.375, 8], "texture": "#0"},
				"west": {"uv": [1, 6, 1.375, 8], "texture": "#0"},
				"up": {"uv": [7.375, 9.375, 7, 9], "texture": "#0"},
				"down": {"uv": [1.875, 9.5, 1.5, 9.875], "texture": "#0"}
			}
		},
		{
			"from": [7.85, 18, 7.85],
			"to": [8.15, 19, 8.15],
			"faces": {
				"north": {"uv": [8, 10, 8.125, 10.5], "texture": "#0"},
				"east": {"uv": [10, 8, 10.125, 8.5], "texture": "#0"},
				"south": {"uv": [8.5, 10, 8.625, 10.5], "texture": "#0"},
				"west": {"uv": [10, 8.5, 10.125, 9], "texture": "#0"},
				"up": {"uv": [10.625, 6.625, 10.5, 6.5], "texture": "#0"},
				"down": {"uv": [7.125, 10.5, 7, 10.625], "texture": "#0"}
			}
		},
		{
			"from": [8.372, 6.858, 7.68],
			"to": [9.012, 7.818, 8.32],
			"rotation": {"angle": -22.5, "axis": "z", "origin": [8.18, 6.026, 7.68]},
			"faces": {
				"north": {"uv": [9, 3.5, 9.375, 4], "texture": "#0"},
				"east": {"uv": [4, 9, 4.375, 9.5], "texture": "#0"},
				"south": {"uv": [9, 4, 9.375, 4.5], "texture": "#0"},
				"west": {"uv": [4.5, 9, 4.875, 9.5], "texture": "#0"},
				"up": {"uv": [2.375, 9.875, 2, 9.5], "texture": "#0"},
				"down": {"uv": [2.875, 9.5, 2.5, 9.875], "texture": "#0"}
			}
		},
		{
			"from": [6.988, 6.858, 7.68],
			"to": [7.628, 7.818, 8.32],
			"rotation": {"angle": 22.5, "axis": "z", "origin": [7.82, 6.026, 7.68]},
			"faces": {
				"north": {"uv": [9, 4.5, 9.375, 5], "texture": "#0"},
				"east": {"uv": [5, 9, 5.375, 9.5], "texture": "#0"},
				"south": {"uv": [9, 5, 9.375, 5.5], "texture": "#0"},
				"west": {"uv": [5.5, 9, 5.875, 9.5], "texture": "#0"},
				"up": {"uv": [9.875, 2.875, 9.5, 2.5], "texture": "#0"},
				"down": {"uv": [3.375, 9.5, 3, 9.875], "texture": "#0"}
			}
		},
		{
			"from": [8.436, 7.818, 7.744],
			"to": [8.948, 8.778, 8.256],
			"rotation": {"angle": -22.5, "axis": "z", "origin": [8.18, 6.026, 7.68]},
			"faces": {
				"north": {"uv": [0, 10, 0.25, 10.5], "texture": "#0"},
				"east": {"uv": [10, 0, 10.25, 0.5], "texture": "#0"},
				"south": {"uv": [0.5, 10, 0.75, 10.5], "texture": "#0"},
				"west": {"uv": [10, 0.5, 10.25, 1], "texture": "#0"},
				"up": {"uv": [9.25, 10.25, 9, 10], "texture": "#0"},
				"down": {"uv": [10.25, 9, 10, 9.25], "texture": "#0"}
			}
		},
		{
			"from": [7.052, 7.818, 7.744],
			"to": [7.564, 8.778, 8.256],
			"rotation": {"angle": 22.5, "axis": "z", "origin": [7.82, 6.026, 7.68]},
			"faces": {
				"north": {"uv": [1, 10, 1.25, 10.5], "texture": "#0"},
				"east": {"uv": [10, 1, 10.25, 1.5], "texture": "#0"},
				"south": {"uv": [1.5, 10, 1.75, 10.5], "texture": "#0"},
				"west": {"uv": [10, 1.5, 10.25, 2], "texture": "#0"},
				"up": {"uv": [9.75, 10.25, 9.5, 10], "texture": "#0"},
				"down": {"uv": [10.25, 9.5, 10, 9.75], "texture": "#0"}
			}
		},
		{
			"from": [9.43531, 7.96248, 7.808],
			"to": [10.87531, 8.34648, 8.192],
			"rotation": {"angle": 22.5, "axis": "z", "origin": [9.14, 8.506, 7.68]},
			"faces": {
				"north": {"uv": [9, 5.5, 9.75, 5.75], "texture": "#0"},
				"east": {"uv": [10, 10, 10.25, 10.25], "texture": "#0"},
				"south": {"uv": [6, 9, 6.75, 9.25], "texture": "#0"},
				"west": {"uv": [0, 10.5, 0.25, 10.75], "texture": "#0"},
				"up": {"uv": [9.75, 6.25, 9, 6], "texture": "#0"},
				"down": {"uv": [9.75, 6.5, 9, 6.75], "texture": "#0"}
			}
		},
		{
			"from": [5.12469, 7.96248, 7.808],
			"to": [6.56469, 8.34648, 8.192],
			"rotation": {"angle": -22.5, "axis": "z", "origin": [6.86, 8.506, 7.68]},
			"faces": {
				"north": {"uv": [9, 7, 9.75, 7.25], "texture": "#0"},
				"east": {"uv": [10.5, 0, 10.75, 0.25], "texture": "#0"},
				"south": {"uv": [8, 9, 8.75, 9.25], "texture": "#0"},
				"west": {"uv": [0.5, 10.5, 0.75, 10.75], "texture": "#0"},
				"up": {"uv": [9.75, 9.25, 9, 9], "texture": "#0"},
				"down": {"uv": [0.75, 9.5, 0, 9.75], "texture": "#0"}
			}
		},
		{
			"from": [10.58731, 7.56248, 7.872],
			"to": [10.84331, 8.04248, 8.128],
			"rotation": {"angle": 22.5, "axis": "z", "origin": [9.14, 8.506, 7.68]},
			"faces": {
				"north": {"uv": [10.5, 2.5, 10.625, 2.75], "texture": "#0"},
				"east": {"uv": [3, 10.5, 3.125, 10.75], "texture": "#0"},
				"south": {"uv": [10.5, 3, 10.625, 3.25], "texture": "#0"},
				"west": {"uv": [3.5, 10.5, 3.625, 10.75], "texture": "#0"},
				"up": {"uv": [10.625, 7.125, 10.5, 7], "texture": "#0"},
				"down": {"uv": [7.625, 10.5, 7.5, 10.625], "texture": "#0"}
			}
		},
		{
			"from": [5.15669, 7.56248, 7.872],
			"to": [5.41269, 8.04248, 8.128],
			"rotation": {"angle": -22.5, "axis": "z", "origin": [6.86, 8.506, 7.68]},
			"faces": {
				"north": {"uv": [10.5, 3.5, 10.625, 3.75], "texture": "#0"},
				"east": {"uv": [4, 10.5, 4.125, 10.75], "texture": "#0"},
				"south": {"uv": [10.5, 4, 10.625, 4.25], "texture": "#0"},
				"west": {"uv": [4.5, 10.5, 4.625, 10.75], "texture": "#0"},
				"up": {"uv": [10.625, 7.625, 10.5, 7.5], "texture": "#0"},
				"down": {"uv": [8.125, 10.5, 8, 10.625], "texture": "#0"}
			}
		},
		{
			"from": [8.628, 6.09, 7.616],
			"to": [9.396, 6.73, 8.384],
			"rotation": {"angle": 0, "axis": "y", "origin": [8.18, 6.09, 7.68]},
			"faces": {
				"north": {"uv": [9.5, 3, 9.875, 3.375], "texture": "#0"},
				"east": {"uv": [9.5, 3.5, 9.875, 3.875], "texture": "#0"},
				"south": {"uv": [4, 9.5, 4.375, 9.875], "texture": "#0"},
				"west": {"uv": [9.5, 4, 9.875, 4.375], "texture": "#0"},
				"up": {"uv": [4.875, 9.875, 4.5, 9.5], "texture": "#0"},
				"down": {"uv": [9.875, 4.5, 9.5, 4.875], "texture": "#0"}
			}
		},
		{
			"from": [6.604, 6.09, 7.616],
			"to": [7.372, 6.73, 8.384],
			"rotation": {"angle": 0, "axis": "y", "origin": [7.82, 6.09, 7.68]},
			"faces": {
				"north": {"uv": [5, 9.5, 5.375, 9.875], "texture": "#0"},
				"east": {"uv": [9.5, 5, 9.875, 5.375], "texture": "#0"},
				"south": {"uv": [5.5, 9.5, 5.875, 9.875], "texture": "#0"},
				"west": {"uv": [6, 9.5, 6.375, 9.875], "texture": "#0"},
				"up": {"uv": [6.875, 9.875, 6.5, 9.5], "texture": "#0"},
				"down": {"uv": [7.375, 9.5, 7, 9.875], "texture": "#0"}
			}
		},
		{
			"from": [7.456, 4.4, 7.3692],
			"to": [8.544, 6.032, 8.6308],
			"rotation": {"angle": 22.5, "axis": "z", "origin": [8, 4.4, 7.728]},
			"faces": {
				"north": {"uv": [0, 8, 0.5, 8.875], "texture": "#0"},
				"east": {"uv": [7, 5, 7.625, 5.875], "texture": "#0"},
				"south": {"uv": [8, 0, 8.5, 0.875], "texture": "#0"},
				"west": {"uv": [6, 7, 6.625, 7.875], "texture": "#0"},
				"up": {"uv": [5.5, 8.625, 5, 8], "texture": "#0"},
				"down": {"uv": [8.5, 5, 8, 5.625], "texture": "#0"}
			}
		}
	],
	"gui_light": "front",
	"display": {
		"thirdperson_righthand": {
			"rotation": [0, -90, 0],
			"translation": [0, 6.75, 1.25],
			"scale": [1.7, 1.7, 1.7]
		},
		"thirdperson_lefthand": {
			"rotation": [0, -90, 0],
			"translation": [0, 6.75, 1.25],
			"scale": [1.7, 1.7, 1.7]
		},
		"firstperson_righthand": {
			"rotation": [-3, -76, 0],
			"translation": [2.25, 4.5, 0.5]
		},
		"firstperson_lefthand": {
			"rotation": [-3, -76, 0],
			"translation": [2.25, 4.5, 0.5]
		},
		"ground": {
			"rotation": [0, 0, -52],
			"translation": [0, 4, 0],
			"scale": [1.3, 1.3, 1.3]
		},
		"gui": {
			"rotation": [0, 0, -45],
			"translation": [-1.25, -1, 0],
			"scale": [1.2, 1.2, 1.2]
		},
		"head": {
			"rotation": [0, 0, -140],
			"translation": [-2, -12.25, 5],
			"scale": [2, 2, 2]
		},
		"fixed": {
			"rotation": [0, 0, 45],
			"translation": [1.25, -1.5, -0.5],
			"scale": [2, 2, 2]
		}
	},
	"groups": [
		{
			"name": "main",
			"origin": [8, 8, 8],
			"color": 0,
			"children": [0, 1, 2, 3, 4, 5, 6, 7, 8, 9, 10, 11, 12, 13, 14, 15, 16, 17, 18, 19, 20, 21, 22, 23, 24, 25, 26, 27, 28, 29, 30, 31, 32, 33, 34, 35]
		}
	]
}