{
	"textures": {
		"0": "item/crates/easter21_crate/carrotshield"
	},
	"elements": [
		{
			"from": [3, -6, 7],
			"to": [13, 6, 8],
			"rotation": {"angle": 0, "axis": "y", "origin": [0, -6, 0]},
			"faces": {
				"north": {"uv": [0, 0, 5, 6], "texture": "#0"},
				"east": {"uv": [10, 0, 10.5, 6], "texture": "#0"},
				"south": {"uv": [5, 0, 0, 6], "texture": "#0"},
				"west": {"uv": [10.5, 0, 11, 6], "texture": "#0"},
				"up": {"uv": [16, 0.5, 11, 0], "texture": "#0"},
				"down": {"uv": [16, 0.5, 11, 1], "texture": "#0"}
			}
		},
		{
			"from": [3.5, 6, 7.9],
			"to": [12.5, 21, 7.9],
			"rotation": {"angle": 0, "axis": "y", "origin": [-3, -6, 0]},
			"faces": {
				"north": {"uv": [8, 6, 3.5, 13.5], "texture": "#0"},
				"east": {"uv": [0, 0, 0, 7.5], "texture": "#0"},
				"south": {"uv": [3.5, 6, 8, 13.5], "texture": "#0"},
				"west": {"uv": [0, 0, 0, 7.5], "texture": "#0"},
				"up": {"uv": [4, 0, 0, 0], "texture": "#0"},
				"down": {"uv": [4, 0, 0, 0], "texture": "#0"}
			}
		},
		{
			"from": [3.5, 6, 7.4],
			"to": [12.5, 21, 7.4],
			"rotation": {"angle": 0, "axis": "y", "origin": [-3, -6, 0]},
			"faces": {
				"north": {"uv": [8, 6, 3.5, 13.5], "texture": "#0"},
				"east": {"uv": [0, 0, 0, 7.5], "texture": "#0"},
				"south": {"uv": [3.5, 6, 8, 13.5], "texture": "#0"},
				"west": {"uv": [0, 0, 0, 7.5], "texture": "#0"},
				"up": {"uv": [4, 0, 0, 0], "texture": "#0"},
				"down": {"uv": [4, 0, 0, 0], "texture": "#0"}
			}
		},
		{
			"from": [3.5, 6, 7.75],
			"to": [12.5, 21, 7.75],
			"rotation": {"angle": 45, "axis": "z", "origin": [8, 6, 7]},
			"faces": {
				"north": {"uv": [8, 6, 3.5, 13.5], "texture": "#0"},
				"east": {"uv": [0, 0, 0, 7.5], "texture": "#0"},
				"south": {"uv": [3.5, 6, 8, 13.5], "texture": "#0"},
				"west": {"uv": [0, 0, 0, 7.5], "texture": "#0"},
				"up": {"uv": [4, 0, 0, 0], "texture": "#0"},
				"down": {"uv": [4, 0, 0, 0], "texture": "#0"}
			}
		},
		{
			"from": [3.5, 6, 7.65],
			"to": [12.5, 21, 7.65],
			"rotation": {"angle": -45, "axis": "z", "origin": [8, 6, 7]},
			"faces": {
				"north": {"uv": [3.5, 6, 8, 13.5], "texture": "#0"},
				"east": {"uv": [0, 0, 0, 7.5], "texture": "#0"},
				"south": {"uv": [8, 6, 3.5, 13.5], "texture": "#0"},
				"west": {"uv": [0, 0, 0, 7.5], "texture": "#0"},
				"up": {"uv": [0, 0, 4, 0], "texture": "#0"},
				"down": {"uv": [0, 0, 4, 0], "texture": "#0"}
			}
		},
		{
			"from": [6, -10, 7.025],
			"to": [13, -3, 7.975],
			"rotation": {"angle": 45, "axis": "z", "origin": [8, -8, 7]},
			"faces": {
				"north": {"uv": [8, 6, 11.5, 9.5], "texture": "#0"},
				"east": {"uv": [11, 1, 11.5, 4.5], "texture": "#0"},
				"south": {"uv": [11.5, 6, 8, 9.5], "texture": "#0"},
				"west": {"uv": [11.5, 1, 12, 4.5], "texture": "#0"},
				"up": {"uv": [14.5, 5, 11, 4.5], "texture": "#0"},
				"down": {"uv": [14.5, 5, 11, 5.5], "texture": "#0"}
			}
		}
	],
	"gui_light": "front",
	"display": {
		"thirdperson_righthand": {
			"rotation": [0, -90, 0],
			"translation": [2, 4.75, 0]
		},
		"thirdperson_lefthand": {
			"rotation": [0, -90, 0],
			"translation": [2, 4.75, 0]
		},
		"firstperson_righthand": {
			"rotation": [0, 6, 0],
			"translation": [3.75, 4, 0],
			"scale": [0.7, 0.7, 0.7]
		},
		"firstperson_lefthand": {
			"translation": [3.75, 4, 0],
			"scale": [0.7, 0.7, 0.7]
		},
		"ground": {
			"rotation": [71, 0, 0],
			"translation": [0, 1, 2.5],
			"scale": [0.7, 0.7, 0.7]
		},
		"gui": {
			"translation": [0, 3, 0],
			"scale": [0.7, 0.7, 0.7]
		},
		"head": {
			"translation": [0, 8.25, 0]
		},
		"fixed": {
			"translation": [0, 4.5, -1.5]
		}
	},
	"groups": [
		{
			"name": "group",
			"origin": [8, -8, 7],
			"color": 0,
			"children": [0, 1, 2, 3, 4, 5]
		}
	]
}