{
	"textures": {
		"0": "item/crates/easter21_crate/chocolateshield"
	},
	"elements": [
		{
			"from": [-2, 26, 2],
			"to": [-0.25, 27, 12],
			"rotation": {"angle": 0, "axis": "y", "origin": [0, 22, 18]},
			"faces": {
				"north": {"uv": [8.25, 1.75, 8.75, 2], "texture": "#0"},
				"east": {"uv": [7, 5.5, 9.5, 5.75], "texture": "#0"},
				"south": {"uv": [8.75, 1.75, 9.25, 2], "texture": "#0"},
				"west": {"uv": [7, 5.75, 9.5, 6], "texture": "#0"},
				"up": {"uv": [3.5, 7.5, 3, 5], "texture": "#0"},
				"down": {"uv": [4, 5, 3.5, 7.5], "texture": "#0"}
			}
		},
		{
			"from": [-0.25, 16, 6.5],
			"to": [2, 17, 7.5],
			"rotation": {"angle": 0, "axis": "y", "origin": [0, 15, 18]},
			"faces": {
				"north": {"uv": [9, 5.25, 9.5, 5.5], "texture": "#0"},
				"east": {"uv": [7.75, 10, 8, 10.25], "texture": "#0"},
				"south": {"uv": [9.75, 6.75, 10.25, 7], "texture": "#0"},
				"west": {"uv": [10, 7.75, 10.25, 8], "texture": "#0"},
				"up": {"uv": [7.5, 10, 7, 9.75], "texture": "#0"},
				"down": {"uv": [10.25, 7, 9.75, 7.25], "texture": "#0"}
			}
		},
		{
			"from": [1.25, 16, 7.5],
			"to": [2, 17, 9.5],
			"rotation": {"angle": 0, "axis": "y", "origin": [0, 15, 18]},
			"faces": {
				"north": {"uv": [8.25, 10, 8.5, 10.25], "texture": "#0"},
				"east": {"uv": [9.75, 7.25, 10.25, 7.5], "texture": "#0"},
				"south": {"uv": [8.5, 10, 8.75, 10.25], "texture": "#0"},
				"west": {"uv": [7.5, 9.75, 8, 10], "texture": "#0"},
				"up": {"uv": [10, 8, 9.75, 7.5], "texture": "#0"},
				"down": {"uv": [8.25, 9.75, 8, 10.25], "texture": "#0"}
			}
		},
		{
			"from": [-0.25, 16, 9.5],
			"to": [2, 17, 10.5],
			"rotation": {"angle": 0, "axis": "y", "origin": [0, 15, 18]},
			"faces": {
				"north": {"uv": [9.75, 8, 10.25, 8.25], "texture": "#0"},
				"east": {"uv": [9, 10, 9.25, 10.25], "texture": "#0"},
				"south": {"uv": [8.25, 9.75, 8.75, 10], "texture": "#0"},
				"west": {"uv": [9.25, 10, 9.5, 10.25], "texture": "#0"},
				"up": {"uv": [10.25, 8.5, 9.75, 8.25], "texture": "#0"},
				"down": {"uv": [10.25, 8.5, 9.75, 8.75], "texture": "#0"}
			}
		},
		{
			"from": [-2, 19, 2],
			"to": [-0.25, 20, 15],
			"rotation": {"angle": 0, "axis": "y", "origin": [0, 15, 18]},
			"faces": {
				"north": {"uv": [9.75, 8.75, 10.25, 9], "texture": "#0"},
				"east": {"uv": [5, 5, 8.25, 5.25], "texture": "#0"},
				"south": {"uv": [9, 9.75, 9.5, 10], "texture": "#0"},
				"west": {"uv": [5, 5.25, 8.25, 5.5], "texture": "#0"},
				"up": {"uv": [0.5, 8.25, 0, 5], "texture": "#0"},
				"down": {"uv": [1, 5, 0.5, 8.25], "texture": "#0"}
			}
		},
		{
			"from": [-2, 20, 1.975],
			"to": [-0.25, 21, 15],
			"rotation": {"angle": 0, "axis": "y", "origin": [0, 16, 18]},
			"faces": {
				"north": {"uv": [9.75, 9, 10.25, 9.25], "texture": "#0"},
				"east": {"uv": [5.5, 0, 8.75, 0.25], "texture": "#0"},
				"south": {"uv": [9.75, 9.25, 10.25, 9.5], "texture": "#0"},
				"west": {"uv": [5.5, 0.25, 8.75, 0.5], "texture": "#0"},
				"up": {"uv": [1.5, 8.25, 1, 5], "texture": "#0"},
				"down": {"uv": [2, 5, 1.5, 8.25], "texture": "#0"}
			}
		},
		{
			"from": [-2, 6, 1.975],
			"to": [-0.25, 14, 15],
			"rotation": {"angle": 0, "axis": "y", "origin": [0, 9, 18]},
			"faces": {
				"north": {"uv": [4, 5, 4.5, 7], "texture": "#0"},
				"east": {"uv": [6.5, 3, 3.25, 5], "texture": "#0"},
				"south": {"uv": [4.5, 5, 5, 7], "texture": "#0"},
				"west": {"uv": [3.25, 3, 6.5, 5], "texture": "#0"},
				"up": {"uv": [2.5, 8.25, 2, 5], "texture": "#0"},
				"down": {"uv": [3, 5, 2.5, 8.25], "texture": "#0"}
			}
		},
		{
			"from": [-2.25, 11.75, 13.225],
			"to": [0, 13.75, 17.25],
			"rotation": {"angle": -22.5, "axis": "x", "origin": [0, 11.75, 13.25]},
			"faces": {
				"north": {"uv": [8.75, 1.25, 9.25, 1.75], "texture": "#0"},
				"east": {"uv": [5.5, 2, 6.5, 2.5], "texture": "#0"},
				"south": {"uv": [9, 4.75, 9.5, 5.25], "texture": "#0"},
				"west": {"uv": [5.5, 2.5, 6.5, 3], "texture": "#0"},
				"up": {"uv": [2, 9.25, 1.5, 8.25], "texture": "#0"},
				"down": {"uv": [2.5, 8.25, 2, 9.25], "texture": "#0"}
			}
		},
		{
			"from": [-2.25, 11.75, -0.25],
			"to": [0, 13.75, 3.775],
			"rotation": {"angle": 22.5, "axis": "x", "origin": [0, 11.75, 3.75]},
			"faces": {
				"north": {"uv": [9.75, 0, 10.25, 0.5], "texture": "#0"},
				"east": {"uv": [8.25, 2.25, 9.25, 2.75], "texture": "#0"},
				"south": {"uv": [9.75, 0.5, 10.25, 1], "texture": "#0"},
				"west": {"uv": [8.25, 2.75, 9.25, 3.25], "texture": "#0"},
				"up": {"uv": [3, 9.25, 2.5, 8.25], "texture": "#0"},
				"down": {"uv": [8.75, 3.25, 8.25, 4.25], "texture": "#0"}
			}
		},
		{
			"from": [-2, 13.45, 16.025],
			"to": [-0.25, 14.95, 18.8],
			"rotation": {"angle": 0, "axis": "x", "origin": [0, 11.75, 13.25]},
			"faces": {
				"north": {"uv": [9.75, 1, 10.25, 1.5], "texture": "#0"},
				"east": {"uv": [8.25, 4.25, 9, 4.75], "texture": "#0"},
				"south": {"uv": [9.75, 1.5, 10.25, 2], "texture": "#0"},
				"west": {"uv": [8.25, 5, 9, 5.5], "texture": "#0"},
				"up": {"uv": [6, 9, 5.5, 8.25], "texture": "#0"},
				"down": {"uv": [6.5, 8.25, 6, 9], "texture": "#0"}
			}
		},
		{
			"from": [-2, 13.45, -1.8],
			"to": [-0.25, 14.95, 0.975],
			"rotation": {"angle": 0, "axis": "x", "origin": [0, 11.75, 3.75]},
			"faces": {
				"north": {"uv": [9.75, 2, 10.25, 2.5], "texture": "#0"},
				"east": {"uv": [8.25, 6, 9, 6.5], "texture": "#0"},
				"south": {"uv": [9.75, 2.5, 10.25, 3], "texture": "#0"},
				"west": {"uv": [8.25, 6.5, 9, 7], "texture": "#0"},
				"up": {"uv": [7, 9, 6.5, 8.25], "texture": "#0"},
				"down": {"uv": [8.75, 7, 8.25, 7.75], "texture": "#0"}
			}
		},
		{
			"from": [-1.29289, 14, 2.29289],
			"to": [-0.29289, 26, 13.29289],
			"rotation": {"angle": 0, "axis": "y", "origin": [-1.29289, 21, 17.29289]},
			"faces": {
				"north": {"uv": [5, 5.5, 5.25, 8.5], "texture": "#0"},
				"east": {"uv": [0, 0, 2.75, 3], "texture": "#0"},
				"south": {"uv": [5.25, 5.5, 5.5, 8.5], "texture": "#0"},
				"west": {"uv": [2.75, 0, 5.5, 3], "texture": "#0"},
				"up": {"uv": [7, 4.75, 6.75, 2], "texture": "#0"},
				"down": {"uv": [7, 5.5, 6.75, 8.25], "texture": "#0"}
			}
		},
		{
			"from": [-1.29289, 14, 13.29289],
			"to": [-0.29289, 24, 14.09289],
			"rotation": {"angle": 0, "axis": "y", "origin": [-1.29289, 21, 17.29289]},
			"faces": {
				"north": {"uv": [4.25, 7, 4.5, 9.5], "texture": "#0"},
				"east": {"uv": [4.5, 7, 4.75, 9.5], "texture": "#0"},
				"south": {"uv": [4.75, 7, 5, 9.5], "texture": "#0"},
				"west": {"uv": [7, 6, 7.25, 8.5], "texture": "#0"},
				"up": {"uv": [9.75, 10.25, 9.5, 10], "texture": "#0"},
				"down": {"uv": [10, 10, 9.75, 10.25], "texture": "#0"}
			}
		},
		{
			"from": [-2, 21, 6],
			"to": [-0.25, 26, 7],
			"rotation": {"angle": 0, "axis": "y", "origin": [0, 21, 6]},
			"faces": {
				"north": {"uv": [7.25, 2.25, 7.75, 3.5], "texture": "#0"},
				"east": {"uv": [7, 8.5, 7.25, 9.75], "texture": "#0"},
				"south": {"uv": [7.25, 3.5, 7.75, 4.75], "texture": "#0"},
				"west": {"uv": [7.25, 8.5, 7.5, 9.75], "texture": "#0"},
				"up": {"uv": [10.25, 9.75, 9.75, 9.5], "texture": "#0"},
				"down": {"uv": [10.25, 9.75, 9.75, 10], "texture": "#0"}
			}
		},
		{
			"from": [-2, 14, 6],
			"to": [-0.25, 19, 7],
			"rotation": {"angle": 0, "axis": "y", "origin": [0, 14, 6]},
			"faces": {
				"north": {"uv": [7.25, 6, 7.75, 7.25], "texture": "#0"},
				"east": {"uv": [7.5, 8.5, 7.75, 9.75], "texture": "#0"},
				"south": {"uv": [7.25, 7.25, 7.75, 8.5], "texture": "#0"},
				"west": {"uv": [7.75, 8.5, 8, 9.75], "texture": "#0"},
				"up": {"uv": [3.5, 10.25, 3, 10], "texture": "#0"},
				"down": {"uv": [10.5, 3, 10, 3.25], "texture": "#0"}
			}
		},
		{
			"from": [-2, 21, 10],
			"to": [-0.25, 26, 11],
			"rotation": {"angle": 0, "axis": "y", "origin": [0, 21, 10]},
			"faces": {
				"north": {"uv": [3, 7.5, 3.5, 8.75], "texture": "#0"},
				"east": {"uv": [8, 8.5, 8.25, 9.75], "texture": "#0"},
				"south": {"uv": [3.5, 7.5, 4, 8.75], "texture": "#0"},
				"west": {"uv": [8.25, 8.5, 8.5, 9.75], "texture": "#0"},
				"up": {"uv": [10.5, 3.5, 10, 3.25], "texture": "#0"},
				"down": {"uv": [4, 10, 3.5, 10.25], "texture": "#0"}
			}
		},
		{
			"from": [-2, 14, 10],
			"to": [-0.25, 19, 11],
			"rotation": {"angle": 0, "axis": "y", "origin": [0, 14, 10]},
			"faces": {
				"north": {"uv": [7.75, 2.25, 8.25, 3.5], "texture": "#0"},
				"east": {"uv": [8.5, 8.5, 8.75, 9.75], "texture": "#0"},
				"south": {"uv": [7.75, 3.5, 8.25, 4.75], "texture": "#0"},
				"west": {"uv": [8.75, 0, 9, 1.25], "texture": "#0"},
				"up": {"uv": [10.5, 3.75, 10, 3.5], "texture": "#0"},
				"down": {"uv": [10.5, 3.75, 10, 4], "texture": "#0"}
			}
		},
		{
			"from": [-2, 21, 14],
			"to": [-0.25, 24, 15],
			"rotation": {"angle": 0, "axis": "y", "origin": [0, 21, 14]},
			"faces": {
				"north": {"uv": [8.25, 7.75, 8.75, 8.5], "texture": "#0"},
				"east": {"uv": [9.25, 1.25, 9.5, 2], "texture": "#0"},
				"south": {"uv": [5, 8.5, 5.5, 9.25], "texture": "#0"},
				"west": {"uv": [9.75, 6, 10, 6.75], "texture": "#0"},
				"up": {"uv": [10.5, 4.25, 10, 4], "texture": "#0"},
				"down": {"uv": [10.5, 4.25, 10, 4.5], "texture": "#0"}
			}
		},
		{
			"from": [-2, 14, 14],
			"to": [-0.25, 19, 15],
			"rotation": {"angle": 0, "axis": "y", "origin": [0, 14, 14]},
			"faces": {
				"north": {"uv": [7.75, 6, 8.25, 7.25], "texture": "#0"},
				"east": {"uv": [3, 8.75, 3.25, 10], "texture": "#0"},
				"south": {"uv": [7.75, 7.25, 8.25, 8.5], "texture": "#0"},
				"west": {"uv": [3.25, 8.75, 3.5, 10], "texture": "#0"},
				"up": {"uv": [10.5, 4.75, 10, 4.5], "texture": "#0"},
				"down": {"uv": [10.5, 4.75, 10, 5], "texture": "#0"}
			}
		},
		{
			"from": [0.82843, 21, 6.17157],
			"to": [1.82843, 26, 7.17157],
			"rotation": {"angle": -45, "axis": "y", "origin": [0.82843, 21, 3.17157]},
			"faces": {
				"north": {"uv": [3.5, 8.75, 3.75, 10], "texture": "#0"},
				"east": {"uv": [3.75, 8.75, 4, 10], "texture": "#0"},
				"south": {"uv": [8.75, 7, 9, 8.25], "texture": "#0"},
				"west": {"uv": [8.75, 8.25, 9, 9.5], "texture": "#0"},
				"up": {"uv": [10.25, 10.25, 10, 10], "texture": "#0"},
				"down": {"uv": [10.5, 0, 10.25, 0.25], "texture": "#0"}
			}
		},
		{
			"from": [0.82843, 14, 6.17157],
			"to": [1.82843, 19, 7.17157],
			"rotation": {"angle": -45, "axis": "y", "origin": [0.82843, 14, 3.17157]},
			"faces": {
				"north": {"uv": [9, 0, 9.25, 1.25], "texture": "#0"},
				"east": {"uv": [9, 3.25, 9.25, 4.5], "texture": "#0"},
				"south": {"uv": [5.5, 9, 5.75, 10.25], "texture": "#0"},
				"west": {"uv": [5.75, 9, 6, 10.25], "texture": "#0"},
				"up": {"uv": [10.5, 0.5, 10.25, 0.25], "texture": "#0"},
				"down": {"uv": [10.5, 0.5, 10.25, 0.75], "texture": "#0"}
			}
		},
		{
			"from": [-3, 21, 2.58579],
			"to": [-2, 26, 3.58579],
			"rotation": {"angle": 45, "axis": "y", "origin": [-2, 21, 1.58579]},
			"faces": {
				"north": {"uv": [6, 9, 6.25, 10.25], "texture": "#0"},
				"east": {"uv": [9, 6, 9.25, 7.25], "texture": "#0"},
				"south": {"uv": [6.25, 9, 6.5, 10.25], "texture": "#0"},
				"west": {"uv": [6.5, 9, 6.75, 10.25], "texture": "#0"},
				"up": {"uv": [10.5, 1, 10.25, 0.75], "texture": "#0"},
				"down": {"uv": [10.5, 1, 10.25, 1.25], "texture": "#0"}
			}
		},
		{
			"from": [-3, 14, 2.58579],
			"to": [-2, 19, 3.58579],
			"rotation": {"angle": 45, "axis": "y", "origin": [-2, 14, 1.58579]},
			"faces": {
				"north": {"uv": [6.75, 9, 7, 10.25], "texture": "#0"},
				"east": {"uv": [9, 7.25, 9.25, 8.5], "texture": "#0"},
				"south": {"uv": [9, 8.5, 9.25, 9.75], "texture": "#0"},
				"west": {"uv": [9.25, 0, 9.5, 1.25], "texture": "#0"},
				"up": {"uv": [10.5, 1.5, 10.25, 1.25], "texture": "#0"},
				"down": {"uv": [10.5, 1.5, 10.25, 1.75], "texture": "#0"}
			}
		},
		{
			"from": [-2, 20.975, 2],
			"to": [-0.25, 26, 3],
			"rotation": {"angle": 0, "axis": "y", "origin": [0, 21, 2]},
			"faces": {
				"north": {"uv": [0, 8.25, 0.5, 9.5], "texture": "#0"},
				"east": {"uv": [1.5, 9.25, 1.75, 10.5], "texture": "#0"},
				"south": {"uv": [0.5, 8.25, 1, 9.5], "texture": "#0"},
				"west": {"uv": [1.75, 9.25, 2, 10.5], "texture": "#0"},
				"up": {"uv": [10.5, 5.25, 10, 5], "texture": "#0"},
				"down": {"uv": [10.5, 5.25, 10, 5.5], "texture": "#0"}
			}
		},
		{
			"from": [-2, 13.975, 2],
			"to": [-0.25, 19, 3],
			"rotation": {"angle": 0, "axis": "y", "origin": [0, 14, 2]},
			"faces": {
				"north": {"uv": [8.25, 0.5, 8.75, 1.75], "texture": "#0"},
				"east": {"uv": [2, 9.25, 2.25, 10.5], "texture": "#0"},
				"south": {"uv": [1, 8.25, 1.5, 9.5], "texture": "#0"},
				"west": {"uv": [2.25, 9.25, 2.5, 10.5], "texture": "#0"},
				"up": {"uv": [10.5, 5.75, 10, 5.5], "texture": "#0"},
				"down": {"uv": [10.5, 5.75, 10, 6], "texture": "#0"}
			}
		},
		{
			"from": [0.82843, 21, 10.17157],
			"to": [1.82843, 26, 11.17157],
			"rotation": {"angle": -45, "axis": "y", "origin": [0.82843, 21, 7.17157]},
			"faces": {
				"north": {"uv": [9.25, 2.25, 9.5, 3.5], "texture": "#0"},
				"east": {"uv": [2.5, 9.25, 2.75, 10.5], "texture": "#0"},
				"south": {"uv": [2.75, 9.25, 3, 10.5], "texture": "#0"},
				"west": {"uv": [9.25, 3.5, 9.5, 4.75], "texture": "#0"},
				"up": {"uv": [10.5, 2, 10.25, 1.75], "texture": "#0"},
				"down": {"uv": [10.5, 2, 10.25, 2.25], "texture": "#0"}
			}
		},
		{
			"from": [0.82843, 14, 10.17157],
			"to": [1.82843, 19, 11.17157],
			"rotation": {"angle": -45, "axis": "y", "origin": [0.82843, 14, 7.17157]},
			"faces": {
				"north": {"uv": [5, 9.25, 5.25, 10.5], "texture": "#0"},
				"east": {"uv": [5.25, 9.25, 5.5, 10.5], "texture": "#0"},
				"south": {"uv": [9.25, 6, 9.5, 7.25], "texture": "#0"},
				"west": {"uv": [9.25, 7.25, 9.5, 8.5], "texture": "#0"},
				"up": {"uv": [10.5, 2.5, 10.25, 2.25], "texture": "#0"},
				"down": {"uv": [10.5, 2.5, 10.25, 2.75], "texture": "#0"}
			}
		},
		{
			"from": [-3, 21, 10.58579],
			"to": [-2, 26, 11.58579],
			"rotation": {"angle": 45, "axis": "y", "origin": [-2, 21, 9.58579]},
			"faces": {
				"north": {"uv": [9.25, 8.5, 9.5, 9.75], "texture": "#0"},
				"east": {"uv": [0, 9.5, 0.25, 10.75], "texture": "#0"},
				"south": {"uv": [9.5, 0, 9.75, 1.25], "texture": "#0"},
				"west": {"uv": [0.25, 9.5, 0.5, 10.75], "texture": "#0"},
				"up": {"uv": [10.5, 3, 10.25, 2.75], "texture": "#0"},
				"down": {"uv": [3.25, 10.25, 3, 10.5], "texture": "#0"}
			}
		},
		{
			"from": [-3, 14, 10.58579],
			"to": [-2, 19, 11.58579],
			"rotation": {"angle": 45, "axis": "y", "origin": [-2, 14, 9.58579]},
			"faces": {
				"north": {"uv": [0.5, 9.5, 0.75, 10.75], "texture": "#0"},
				"east": {"uv": [0.75, 9.5, 1, 10.75], "texture": "#0"},
				"south": {"uv": [1, 9.5, 1.25, 10.75], "texture": "#0"},
				"west": {"uv": [1.25, 9.5, 1.5, 10.75], "texture": "#0"},
				"up": {"uv": [3.5, 10.5, 3.25, 10.25], "texture": "#0"},
				"down": {"uv": [3.75, 10.25, 3.5, 10.5], "texture": "#0"}
			}
		},
		{
			"from": [0.82843, 21, 14.17157],
			"to": [1.82843, 25, 15.17157],
			"rotation": {"angle": -45, "axis": "y", "origin": [0.82843, 21, 11.17157]},
			"faces": {
				"north": {"uv": [8.75, 3.25, 9, 4.25], "texture": "#0"},
				"east": {"uv": [9.75, 3, 10, 4], "texture": "#0"},
				"south": {"uv": [9.75, 4, 10, 5], "texture": "#0"},
				"west": {"uv": [9.75, 5, 10, 6], "texture": "#0"},
				"up": {"uv": [4, 10.5, 3.75, 10.25], "texture": "#0"},
				"down": {"uv": [5.75, 10.25, 5.5, 10.5], "texture": "#0"}
			}
		},
		{
			"from": [0.82843, 14, 14.17157],
			"to": [1.82843, 19, 15.17157],
			"rotation": {"angle": -45, "axis": "y", "origin": [0.82843, 14, 11.17157]},
			"faces": {
				"north": {"uv": [9.5, 1.25, 9.75, 2.5], "texture": "#0"},
				"east": {"uv": [9.5, 2.5, 9.75, 3.75], "texture": "#0"},
				"south": {"uv": [9.5, 3.75, 9.75, 5], "texture": "#0"},
				"west": {"uv": [4, 9.5, 4.25, 10.75], "texture": "#0"},
				"up": {"uv": [6, 10.5, 5.75, 10.25], "texture": "#0"},
				"down": {"uv": [6.25, 10.25, 6, 10.5], "texture": "#0"}
			}
		},
		{
			"from": [-3, 21, 6.58579],
			"to": [-2, 26, 7.58579],
			"rotation": {"angle": 45, "axis": "y", "origin": [-2, 21, 5.58579]},
			"faces": {
				"north": {"uv": [4.25, 9.5, 4.5, 10.75], "texture": "#0"},
				"east": {"uv": [4.5, 9.5, 4.75, 10.75], "texture": "#0"},
				"south": {"uv": [4.75, 9.5, 5, 10.75], "texture": "#0"},
				"west": {"uv": [9.5, 5, 9.75, 6.25], "texture": "#0"},
				"up": {"uv": [10.5, 6.25, 10.25, 6], "texture": "#0"},
				"down": {"uv": [6.5, 10.25, 6.25, 10.5], "texture": "#0"}
			}
		},
		{
			"from": [-3, 14, 6.58579],
			"to": [-2, 19, 7.58579],
			"rotation": {"angle": 45, "axis": "y", "origin": [-2, 14, 5.58579]},
			"faces": {
				"north": {"uv": [9.5, 6.25, 9.75, 7.5], "texture": "#0"},
				"east": {"uv": [9.5, 7.5, 9.75, 8.75], "texture": "#0"},
				"south": {"uv": [8.75, 9.5, 9, 10.75], "texture": "#0"},
				"west": {"uv": [9.5, 8.75, 9.75, 10], "texture": "#0"},
				"up": {"uv": [10.5, 6.5, 10.25, 6.25], "texture": "#0"},
				"down": {"uv": [6.75, 10.25, 6.5, 10.5], "texture": "#0"}
			}
		},
		{
			"from": [-8.36396, 17.36396, 3],
			"to": [-7.36396, 18.36396, 14],
			"rotation": {"angle": 45, "axis": "z", "origin": [-8.36396, 27.36396, 13]},
			"faces": {
				"north": {"uv": [9, 4.5, 9.25, 4.75], "texture": "#0"},
				"east": {"uv": [5.5, 0.5, 8.25, 0.75], "texture": "#0"},
				"south": {"uv": [10, 6, 10.25, 6.25], "texture": "#0"},
				"west": {"uv": [5.5, 0.75, 8.25, 1], "texture": "#0"},
				"up": {"uv": [5.75, 8.25, 5.5, 5.5], "texture": "#0"},
				"down": {"uv": [6, 5.5, 5.75, 8.25], "texture": "#0"}
			}
		},
		{
			"from": [-8.36396, 10.36396, 3],
			"to": [-7.36396, 11.36396, 14],
			"rotation": {"angle": 45, "axis": "z", "origin": [-8.36396, 20.36396, 13]},
			"faces": {
				"north": {"uv": [10, 6.25, 10.25, 6.5], "texture": "#0"},
				"east": {"uv": [5.5, 1, 8.25, 1.25], "texture": "#0"},
				"south": {"uv": [10, 6.5, 10.25, 6.75], "texture": "#0"},
				"west": {"uv": [5.5, 1.25, 8.25, 1.5], "texture": "#0"},
				"up": {"uv": [6.25, 8.25, 6, 5.5], "texture": "#0"},
				"down": {"uv": [6.5, 5.5, 6.25, 8.25], "texture": "#0"}
			}
		},
		{
			"from": [-8.36396, 28.63604, 3],
			"to": [-7.36396, 29.63604, 13],
			"rotation": {"angle": -45, "axis": "z", "origin": [-8.36396, 19.63604, 13]},
			"faces": {
				"north": {"uv": [7, 10, 7.25, 10.25], "texture": "#0"},
				"east": {"uv": [6.5, 4.75, 9, 5], "texture": "#0"},
				"south": {"uv": [7.25, 10, 7.5, 10.25], "texture": "#0"},
				"west": {"uv": [7, 2, 9.5, 2.25], "texture": "#0"},
				"up": {"uv": [7.25, 4.75, 7, 2.25], "texture": "#0"},
				"down": {"uv": [4.25, 7, 4, 9.5], "texture": "#0"}
			}
		},
		{
			"from": [-8.36396, 21.63604, 3],
			"to": [-7.36396, 22.63604, 14],
			"rotation": {"angle": -45, "axis": "z", "origin": [-8.36396, 12.63604, 13]},
			"faces": {
				"north": {"uv": [7.5, 10, 7.75, 10.25], "texture": "#0"},
				"east": {"uv": [5.5, 1.5, 8.25, 1.75], "texture": "#0"},
				"south": {"uv": [10, 7.5, 10.25, 7.75], "texture": "#0"},
				"west": {"uv": [5.5, 1.75, 8.25, 2], "texture": "#0"},
				"up": {"uv": [6.75, 4.75, 6.5, 2], "texture": "#0"},
				"down": {"uv": [6.75, 5.5, 6.5, 8.25], "texture": "#0"}
			}
		}
	],
	"gui_light": "front",
	"display": {
		"thirdperson_righthand": {
			"rotation": [0, -180, 0],
			"translation": [-7, -10.25, 3.25]
		},
		"thirdperson_lefthand": {
			"translation": [-7, -10.25, 3.25]
		},
		"firstperson_righthand": {
			"rotation": [0, -79, 0],
			"translation": [1.5, -6.75, 9.25],
			"scale": [0.8, 0.8, 0.8]
		},
		"firstperson_lefthand": {
			"rotation": [0, 94, 0],
			"translation": [1.5, -6.75, 9.25],
			"scale": [0.8, 0.8, 0.8]
		},
		"ground": {
			"rotation": [0, 0, -90],
			"translation": [-8, -8.25, 0]
		},
		"gui": {
			"rotation": [0, 123, 0],
			"translation": [-4.25, -6.75, 0],
			"scale": [0.8, 0.8, 0.8]
		},
		"head": {
			"rotation": [0, 90, 0],
			"translation": [0, -32, -11.25],
			"scale": [2, 2, 2]
		},
		"fixed": {
			"rotation": [0, -90, 0],
			"translation": [0.75, -13, 11.5],
			"scale": [1.5, 1.5, 1.5]
		}
	},
	"groups": [
		{
			"name": "group",
			"origin": [-2, 14, 5.58579],
			"children": [0, 1, 2, 3, 4, 5, 6, 7, 8, 9, 10, 11, 12, 13, 14, 15, 16, 17, 18, 19, 20, 21, 22, 23, 24, 25, 26, 27, 28, 29, 30, 31, 32, 33, 34, 35, 36]
		}
	]
}