{"textures": {		"0": "item/crates/easter21_crate/choco_sword"},	"elements": [		{			"from": [-3, 0, 14.58579],			"to": [-2, 5, 15.58579],			"rotation": {"angle": 45, "axis": "y", "origin": [-2, 0, 13.58579]},			"faces": {				"north": {"uv": [7, 7.5, 7.125, 8.125], "texture": "#0"},				"east": {"uv": [7.5, 7.5, 7.625, 8.125], "texture": "#0"},				"south": {"uv": [0.25, 7.625, 0.375, 8.25], "texture": "#0"},				"west": {"uv": [1.25, 7.625, 1.375, 8.25], "texture": "#0"},				"up": {"uv": [3.125, 9.75, 3, 9.625], "texture": "#0"},				"down": {"uv": [9.75, 3.125, 9.625, 3.25], "texture": "#0"}			}		},		{			"from": [-2, 0, 14],			"to": [1, 5, 15],			"rotation": {"angle": 0, "axis": "y", "origin": [0, 0, 14]},			"faces": {				"north": {"uv": [0.875, 5.25, 1.25, 5.875], "texture": "#0"},				"east": {"uv": [1.75, 6.875, 1.875, 7.5], "texture": "#0"},				"south": {"uv": [5.25, 1.125, 5.625, 1.75], "texture": "#0"},				"west": {"uv": [6.5, 7.25, 6.625, 7.875], "texture": "#0"},				"up": {"uv": [6.625, 1.75, 6.25, 1.625], "texture": "#0"},				"down": {"uv": [9.25, 7.75, 8.875, 7.875], "texture": "#0"}			}		},		{			"from": [-2, 5, -2],			"to": [1, 6, 19],			"rotation": {"angle": 0, "axis": "y", "origin": [0, 1, 14]},			"faces": {				"north": {"uv": [7.625, 9, 8, 9.125], "texture": "#0"},				"east": {"uv": [3.25, 3.75, 5.875, 3.875], "texture": "#0"},				"south": {"uv": [9, 8.75, 9.375, 8.875], "texture": "#0"},				"west": {"uv": [3.75, 3.25, 6.375, 3.375], "texture": "#0"},				"up": {"uv": [0.375, 5.125, 0, 2.5], "texture": "#0"},				"down": {"uv": [0.875, 2.5, 0.5, 5.125], "texture": "#0"}			}		},		{			"from": [-1, 1.5, -12],			"to": [0, 2.5, -10],			"rotation": {"angle": 0, "axis": "y", "origin": [1, -2.5, -2]},			"faces": {				"north": {"uv": [1.5, 9.875, 1.625, 10], "texture": "#0"},				"east": {"uv": [9.625, 0.625, 9.875, 0.75], "texture": "#0"},				"south": {"uv": [1.75, 9.875, 1.875, 10], "texture": "#0"},				"west": {"uv": [9.625, 0.875, 9.875, 1], "texture": "#0"},				"up": {"uv": [9.75, 1.375, 9.625, 1.125], "texture": "#0"},				"down": {"uv": [1.375, 9.625, 1.25, 9.875], "texture": "#0"}			}		},		{			"from": [1.62132, 2.5, -9.82132],			"to": [2.62132, 3.5, -8.82132],			"rotation": {"angle": -45, "axis": "y", "origin": [1.62132, 1.5, -12.82132]},			"faces": {				"north": {"uv": [9.75, 9.625, 9.875, 9.75], "texture": "#0"},				"east": {"uv": [9.875, 0, 10, 0.125], "texture": "#0"},				"south": {"uv": [0.5, 9.875, 0.625, 10], "texture": "#0"},				"west": {"uv": [0.75, 9.875, 0.875, 10], "texture": "#0"},				"up": {"uv": [10, 1.25, 9.875, 1.125], "texture": "#0"},				"down": {"uv": [10, 1.375, 9.875, 1.5], "texture": "#0"}			}		},		{			"from": [-1, 3.5, -12],			"to": [0, 4.5, -10],			"rotation": {"angle": 0, "axis": "y", "origin": [1, -0.5, -2]},			"faces": {				"north": {"uv": [9.75, 6.375, 9.875, 6.5], "texture": "#0"},				"east": {"uv": [9.375, 8.5, 9.625, 8.625], "texture": "#0"},				"south": {"uv": [9.75, 6.625, 9.875, 6.75], "texture": "#0"},				"west": {"uv": [2, 9.5, 2.25, 9.625], "texture": "#0"},				"up": {"uv": [9.625, 2.25, 9.5, 2], "texture": "#0"},				"down": {"uv": [2.5, 9.5, 2.375, 9.75], "texture": "#0"}			}		},		{			"from": [-2, -1, -1.025],			"to": [1, 0, 19],			"rotation": {"angle": 0, "axis": "y", "origin": [0, -5, 14]},			"faces": {				"north": {"uv": [9, 9, 9.375, 9.125], "texture": "#0"},				"east": {"uv": [3.75, 3.5, 6.25, 3.625], "texture": "#0"},				"south": {"uv": [9.125, 0, 9.5, 0.125], "texture": "#0"},				"west": {"uv": [3.25, 4, 5.75, 4.125], "texture": "#0"},				"up": {"uv": [1.375, 5.125, 1, 2.5], "texture": "#0"},				"down": {"uv": [1.875, 2.625, 1.5, 5.125], "texture": "#0"}			}		},		{			"from": [1, 0, 14.58579],			"to": [2, 5, 15.58579],			"rotation": {"angle": -45, "axis": "y", "origin": [1, 0, 13.58579]},			"faces": {				"north": {"uv": [7.25, 7, 7.375, 7.625], "texture": "#0"},				"east": {"uv": [1, 7.375, 1.125, 8], "texture": "#0"},				"south": {"uv": [7.375, 2.25, 7.5, 2.875], "texture": "#0"},				"west": {"uv": [7.5, 1, 7.625, 1.625], "texture": "#0"},				"up": {"uv": [5.375, 4.625, 5.25, 4.5], "texture": "#0"},				"down": {"uv": [5.875, 4.25, 5.75, 4.375], "texture": "#0"}			}		},		{			"from": [-0.70711, 0, 15.29289],			"to": [0.29289, 5, 17.29289],			"rotation": {"angle": 0, "axis": "y", "origin": [0.29289, 0, 13.29289]},			"faces": {				"north": {"uv": [6.75, 7.5, 6.875, 8.125], "texture": "#0"},				"east": {"uv": [3.5, 6.5, 3.75, 7.125], "texture": "#0"},				"south": {"uv": [7.5, 6.75, 7.625, 7.375], "texture": "#0"},				"west": {"uv": [3.875, 6.5, 4.125, 7.125], "texture": "#0"},				"up": {"uv": [4.75, 6.75, 4.625, 6.5], "texture": "#0"},				"down": {"uv": [6.875, 2.375, 6.75, 2.625], "texture": "#0"}			}		},		{			"from": [-1.29289, 0, 15.29289],			"to": [-0.29289, 5, 17.29289],			"rotation": {"angle": 0, "axis": "y", "origin": [-1.29289, 0, 13.29289]},			"faces": {				"north": {"uv": [6.875, 7.5, 6.75, 8.125], "texture": "#0"},				"east": {"uv": [4.125, 6.5, 3.875, 7.125], "texture": "#0"},				"south": {"uv": [7.625, 6.75, 7.5, 7.375], "texture": "#0"},				"west": {"uv": [3.75, 6.5, 3.5, 7.125], "texture": "#0"},				"up": {"uv": [4.625, 6.75, 4.75, 6.5], "texture": "#0"},				"down": {"uv": [6.75, 2.375, 6.875, 2.625], "texture": "#0"}			}		},		{			"from": [-2, 0, 18],			"to": [1, 5, 19],			"rotation": {"angle": 0, "axis": "y", "origin": [0, 0, 14]},			"faces": {				"north": {"uv": [1.375, 5.25, 1.75, 5.875], "texture": "#0"},				"east": {"uv": [2, 7.5, 2.125, 8.125], "texture": "#0"},				"south": {"uv": [5.25, 1.875, 5.625, 2.5], "texture": "#0"},				"west": {"uv": [2.25, 7.5, 2.375, 8.125], "texture": "#0"},				"up": {"uv": [9.25, 8.125, 8.875, 8], "texture": "#0"},				"down": {"uv": [9.25, 8.25, 8.875, 8.375], "texture": "#0"}			}		},		{			"from": [-2.82843, 0, 18.17157],			"to": [-1.82843, 5, 19.17157],			"rotation": {"angle": 45, "axis": "y", "origin": [-1.82843, 0, 15.17157]},			"faces": {				"north": {"uv": [7.5, 3, 7.625, 3.625], "texture": "#0"},				"east": {"uv": [7.5, 3.75, 7.625, 4.375], "texture": "#0"},				"south": {"uv": [7.5, 5.25, 7.625, 5.875], "texture": "#0"},				"west": {"uv": [7.5, 6, 7.625, 6.625], "texture": "#0"},				"up": {"uv": [6.375, 8.625, 6.25, 8.5], "texture": "#0"},				"down": {"uv": [1.625, 9.625, 1.5, 9.75], "texture": "#0"}			}		},		{			"from": [0.82843, 0, 18.17157],			"to": [1.82843, 5, 19.17157],			"rotation": {"angle": -45, "axis": "y", "origin": [0.82843, 0, 15.17157]},			"faces": {				"north": {"uv": [1.5, 7.625, 1.625, 8.25], "texture": "#0"},				"east": {"uv": [1.75, 7.625, 1.875, 8.25], "texture": "#0"},				"south": {"uv": [7.625, 2.25, 7.75, 2.875], "texture": "#0"},				"west": {"uv": [4.5, 7.625, 4.625, 8.25], "texture": "#0"},				"up": {"uv": [3.375, 9.75, 3.25, 9.625], "texture": "#0"},				"down": {"uv": [9.75, 3.375, 9.625, 3.5], "texture": "#0"}			}		},		{			"from": [-2, 0, 10],			"to": [1, 5, 11],			"rotation": {"angle": 0, "axis": "y", "origin": [0, 0, 10]},			"faces": {				"north": {"uv": [3, 5.25, 3.375, 5.875], "texture": "#0"},				"east": {"uv": [5.25, 7.625, 5.375, 8.25], "texture": "#0"},				"south": {"uv": [3.5, 5.25, 3.875, 5.875], "texture": "#0"},				"west": {"uv": [5.5, 7.625, 5.625, 8.25], "texture": "#0"},				"up": {"uv": [8.875, 9, 8.5, 8.875], "texture": "#0"},				"down": {"uv": [9.25, 8.5, 8.875, 8.625], "texture": "#0"}			}		},		{			"from": [-3, 0, 10.58579],			"to": [-2, 5, 11.58579],			"rotation": {"angle": 45, "axis": "y", "origin": [-2, 0, 9.58579]},			"faces": {				"north": {"uv": [7.75, 4.5, 7.875, 5.125], "texture": "#0"},				"east": {"uv": [7.75, 5.25, 7.875, 5.875], "texture": "#0"},				"south": {"uv": [5.75, 7.75, 5.875, 8.375], "texture": "#0"},				"west": {"uv": [6, 7.75, 6.125, 8.375], "texture": "#0"},				"up": {"uv": [4.875, 9.75, 4.75, 9.625], "texture": "#0"},				"down": {"uv": [9.75, 4.875, 9.625, 5], "texture": "#0"}			}		},		{			"from": [1, 0, 10.58579],			"to": [2, 5, 11.58579],			"rotation": {"angle": -45, "axis": "y", "origin": [1, 0, 9.58579]},			"faces": {				"north": {"uv": [0, 7.75, 0.125, 8.375], "texture": "#0"},				"east": {"uv": [7.75, 0, 7.875, 0.625], "texture": "#0"},				"south": {"uv": [0.5, 7.75, 0.625, 8.375], "texture": "#0"},				"west": {"uv": [0.75, 7.75, 0.875, 8.375], "texture": "#0"},				"up": {"uv": [4.125, 9.75, 4, 9.625], "texture": "#0"},				"down": {"uv": [9.75, 4.125, 9.625, 4.25], "texture": "#0"}			}		},		{			"from": [-0.70711, 0, 11.29289],			"to": [0.29289, 5, 13.29289],			"rotation": {"angle": 0, "axis": "y", "origin": [0.29289, 0, 9.29289]},			"faces": {				"north": {"uv": [7.75, 0.75, 7.875, 1.375], "texture": "#0"},				"east": {"uv": [6.375, 6.5, 6.625, 7.125], "texture": "#0"},				"south": {"uv": [7.75, 1.5, 7.875, 2.125], "texture": "#0"},				"west": {"uv": [1, 6.625, 1.25, 7.25], "texture": "#0"},				"up": {"uv": [7.625, 4.75, 7.5, 4.5], "texture": "#0"},				"down": {"uv": [0.125, 9.25, 0, 9.5], "texture": "#0"}			}		},		{			"from": [-1.29289, 0, 11.29289],			"to": [-0.29289, 5, 13.29289],			"rotation": {"angle": 0, "axis": "y", "origin": [-1.29289, 0, 9.29289]},			"faces": {				"north": {"uv": [7.875, 0.75, 7.75, 1.375], "texture": "#0"},				"east": {"uv": [1.25, 6.625, 1, 7.25], "texture": "#0"},				"south": {"uv": [7.875, 1.5, 7.75, 2.125], "texture": "#0"},				"west": {"uv": [6.625, 6.5, 6.375, 7.125], "texture": "#0"},				"up": {"uv": [7.5, 4.75, 7.625, 4.5], "texture": "#0"},				"down": {"uv": [0, 9.25, 0.125, 9.5], "texture": "#0"}			}		},		{			"from": [-2.82843, 0, 14.17157],			"to": [-1.82843, 5, 15.17157],			"rotation": {"angle": 45, "axis": "y", "origin": [-1.82843, 0, 11.17157]},			"faces": {				"north": {"uv": [2.5, 7.75, 2.625, 8.375], "texture": "#0"},				"east": {"uv": [2.75, 7.75, 2.875, 8.375], "texture": "#0"},				"south": {"uv": [3, 7.75, 3.125, 8.375], "texture": "#0"},				"west": {"uv": [7.75, 3, 7.875, 3.625], "texture": "#0"},				"up": {"uv": [4.375, 9.75, 4.25, 9.625], "texture": "#0"},				"down": {"uv": [9.75, 4.375, 9.625, 4.5], "texture": "#0"}			}		},		{			"from": [0.82843, 0, 14.17157],			"to": [1.82843, 5, 15.17157],			"rotation": {"angle": -45, "axis": "y", "origin": [0.82843, 0, 11.17157]},			"faces": {				"north": {"uv": [3.75, 7.75, 3.875, 8.375], "texture": "#0"},				"east": {"uv": [7.75, 3.75, 7.875, 4.375], "texture": "#0"},				"south": {"uv": [4, 7.75, 4.125, 8.375], "texture": "#0"},				"west": {"uv": [4.25, 7.75, 4.375, 8.375], "texture": "#0"},				"up": {"uv": [4.625, 9.75, 4.5, 9.625], "texture": "#0"},				"down": {"uv": [9.75, 4.625, 9.625, 4.75], "texture": "#0"}			}		},		{			"from": [-2, 0, 6],			"to": [1, 5, 7],			"rotation": {"angle": 0, "axis": "y", "origin": [0, 0, 6]},			"faces": {				"north": {"uv": [4, 5.25, 4.375, 5.875], "texture": "#0"},				"east": {"uv": [7.75, 6, 7.875, 6.625], "texture": "#0"},				"south": {"uv": [4.5, 5.25, 4.875, 5.875], "texture": "#0"},				"west": {"uv": [6.25, 7.75, 6.375, 8.375], "texture": "#0"},				"up": {"uv": [2.375, 9.125, 2, 9], "texture": "#0"},				"down": {"uv": [9.375, 2.125, 9, 2.25], "texture": "#0"}			}		},		{			"from": [-3, 0, 6.58579],			"to": [-2, 5, 7.58579],			"rotation": {"angle": 45, "axis": "y", "origin": [-2, 0, 5.58579]},			"faces": {				"north": {"uv": [7.75, 6.75, 7.875, 7.375], "texture": "#0"},				"east": {"uv": [7.25, 7.75, 7.375, 8.375], "texture": "#0"},				"south": {"uv": [7.75, 7.5, 7.875, 8.125], "texture": "#0"},				"west": {"uv": [7.875, 2.25, 8, 2.875], "texture": "#0"},				"up": {"uv": [5.125, 9.75, 5, 9.625], "texture": "#0"},				"down": {"uv": [9.75, 5.125, 9.625, 5.25], "texture": "#0"}			}		},		{			"from": [1, 0, 6.58579],			"to": [2, 5, 7.58579],			"rotation": {"angle": -45, "axis": "y", "origin": [1, 0, 5.58579]},			"faces": {				"north": {"uv": [8, 0, 8.125, 0.625], "texture": "#0"},				"east": {"uv": [8, 0.75, 8.125, 1.375], "texture": "#0"},				"south": {"uv": [8, 1.5, 8.125, 2.125], "texture": "#0"},				"west": {"uv": [8, 3, 8.125, 3.625], "texture": "#0"},				"up": {"uv": [5.375, 9.75, 5.25, 9.625], "texture": "#0"},				"down": {"uv": [9.75, 5.375, 9.625, 5.5], "texture": "#0"}			}		},		{			"from": [-0.70711, 0, 7.29289],			"to": [0.29289, 5, 9.29289],			"rotation": {"angle": 0, "axis": "y", "origin": [0.29289, 0, 5.29289]},			"faces": {				"north": {"uv": [8, 3.75, 8.125, 4.375], "texture": "#0"},				"east": {"uv": [6.75, 4, 7, 4.625], "texture": "#0"},				"south": {"uv": [8, 4.5, 8.125, 5.125], "texture": "#0"},				"west": {"uv": [6.75, 4.75, 7, 5.375], "texture": "#0"},				"up": {"uv": [3.625, 9.5, 3.5, 9.25], "texture": "#0"},				"down": {"uv": [3.875, 9.25, 3.75, 9.5], "texture": "#0"}			}		},		{			"from": [-1.29289, 0, 7.29289],			"to": [-0.29289, 5, 9.29289],			"rotation": {"angle": 0, "axis": "y", "origin": [-1.29289, 0, 5.29289]},			"faces": {				"north": {"uv": [8.125, 3.75, 8, 4.375], "texture": "#0"},				"east": {"uv": [7, 4.75, 6.75, 5.375], "texture": "#0"},				"south": {"uv": [8.125, 4.5, 8, 5.125], "texture": "#0"},				"west": {"uv": [7, 4, 6.75, 4.625], "texture": "#0"},				"up": {"uv": [3.5, 9.5, 3.625, 9.25], "texture": "#0"},				"down": {"uv": [3.75, 9.25, 3.875, 9.5], "texture": "#0"}			}		},		{			"from": [-2.82843, 0, 10.17157],			"to": [-1.82843, 5, 11.17157],			"rotation": {"angle": 45, "axis": "y", "origin": [-1.82843, 0, 7.17157]},			"faces": {				"north": {"uv": [8, 5.25, 8.125, 5.875], "texture": "#0"},				"east": {"uv": [8, 6, 8.125, 6.625], "texture": "#0"},				"south": {"uv": [6.5, 8, 6.625, 8.625], "texture": "#0"},				"west": {"uv": [8, 6.75, 8.125, 7.375], "texture": "#0"},				"up": {"uv": [5.625, 9.75, 5.5, 9.625], "texture": "#0"},				"down": {"uv": [9.75, 5.625, 9.625, 5.75], "texture": "#0"}			}		},		{			"from": [0.82843, 0, 10.17157],			"to": [1.82843, 5, 11.17157],			"rotation": {"angle": -45, "axis": "y", "origin": [0.82843, 0, 7.17157]},			"faces": {				"north": {"uv": [8.125, 2.25, 8.25, 2.875], "texture": "#0"},				"east": {"uv": [8.25, 0, 8.375, 0.625], "texture": "#0"},				"south": {"uv": [8.25, 0.75, 8.375, 1.375], "texture": "#0"},				"west": {"uv": [8.25, 1.5, 8.375, 2.125], "texture": "#0"},				"up": {"uv": [5.875, 9.75, 5.75, 9.625], "texture": "#0"},				"down": {"uv": [9.75, 5.875, 9.625, 6], "texture": "#0"}			}		},		{			"from": [-2, 0, 2],			"to": [1, 5, 3],			"rotation": {"angle": 0, "axis": "y", "origin": [0, 0, 2]},			"faces": {				"north": {"uv": [5, 5.25, 5.375, 5.875], "texture": "#0"},				"east": {"uv": [2, 8.25, 2.125, 8.875], "texture": "#0"},				"south": {"uv": [5.5, 4.5, 5.875, 5.125], "texture": "#0"},				"west": {"uv": [2.25, 8.25, 2.375, 8.875], "texture": "#0"},				"up": {"uv": [9.375, 2.5, 9, 2.375], "texture": "#0"},				"down": {"uv": [9.375, 2.625, 9, 2.75], "texture": "#0"}			}		},		{			"from": [-3, 0, 2.58579],			"to": [-2, 5, 3.58579],			"rotation": {"angle": 45, "axis": "y", "origin": [-2, 0, 1.58579]},			"faces": {				"north": {"uv": [8.25, 3, 8.375, 3.625], "texture": "#0"},				"east": {"uv": [8.25, 3.75, 8.375, 4.375], "texture": "#0"},				"south": {"uv": [8.25, 4.5, 8.375, 5.125], "texture": "#0"},				"west": {"uv": [8.25, 5.25, 8.375, 5.875], "texture": "#0"},				"up": {"uv": [6.125, 9.75, 6, 9.625], "texture": "#0"},				"down": {"uv": [9.75, 6.125, 9.625, 6.25], "texture": "#0"}			}		},		{			"from": [1, 0, 2.58579],			"to": [2, 5, 3.58579],			"rotation": {"angle": -45, "axis": "y", "origin": [1, 0, 1.58579]},			"faces": {				"north": {"uv": [8.25, 6, 8.375, 6.625], "texture": "#0"},				"east": {"uv": [6.75, 8.25, 6.875, 8.875], "texture": "#0"},				"south": {"uv": [8.25, 6.75, 8.375, 7.375], "texture": "#0"},				"west": {"uv": [7, 8.25, 7.125, 8.875], "texture": "#0"},				"up": {"uv": [6.375, 9.75, 6.25, 9.625], "texture": "#0"},				"down": {"uv": [6.625, 9.625, 6.5, 9.75], "texture": "#0"}			}		},		{			"from": [-0.70711, 0, 3.29289],			"to": [0.29289, 5, 5.29289],			"rotation": {"angle": 0, "axis": "y", "origin": [0.29289, 0, 1.29289]},			"faces": {				"north": {"uv": [7.5, 8.25, 7.625, 8.875], "texture": "#0"},				"east": {"uv": [0.25, 6.875, 0.5, 7.5], "texture": "#0"},				"south": {"uv": [8.25, 7.5, 8.375, 8.125], "texture": "#0"},				"west": {"uv": [6.875, 0.5, 7.125, 1.125], "texture": "#0"},				"up": {"uv": [5.875, 9.5, 5.75, 9.25], "texture": "#0"},				"down": {"uv": [6.125, 9.25, 6, 9.5], "texture": "#0"}			}		},		{			"from": [-1.29289, 0, 3.29289],			"to": [-0.29289, 5, 5.29289],			"rotation": {"angle": 0, "axis": "y", "origin": [-1.29289, 0, 1.29289]},			"faces": {				"north": {"uv": [7.625, 8.25, 7.5, 8.875], "texture": "#0"},				"east": {"uv": [7.125, 0.5, 6.875, 1.125], "texture": "#0"},				"south": {"uv": [8.375, 7.5, 8.25, 8.125], "texture": "#0"},				"west": {"uv": [0.5, 6.875, 0.25, 7.5], "texture": "#0"},				"up": {"uv": [5.75, 9.5, 5.875, 9.25], "texture": "#0"},				"down": {"uv": [6, 9.25, 6.125, 9.5], "texture": "#0"}			}		},		{			"from": [-2.82843, 0, 6.17157],			"to": [-1.82843, 5, 7.17157],			"rotation": {"angle": 45, "axis": "y", "origin": [-1.82843, 0, 3.17157]},			"faces": {				"north": {"uv": [7.75, 8.25, 7.875, 8.875], "texture": "#0"},				"east": {"uv": [8, 8.25, 8.125, 8.875], "texture": "#0"},				"south": {"uv": [8.25, 8.25, 8.375, 8.875], "texture": "#0"},				"west": {"uv": [0.25, 8.375, 0.375, 9], "texture": "#0"},				"up": {"uv": [6.875, 9.75, 6.75, 9.625], "texture": "#0"},				"down": {"uv": [7.125, 9.625, 7, 9.75], "texture": "#0"}			}		},		{			"from": [0.82843, 0, 6.17157],			"to": [1.82843, 5, 7.17157],			"rotation": {"angle": -45, "axis": "y", "origin": [0.82843, 0, 3.17157]},			"faces": {				"north": {"uv": [1.75, 8.375, 1.875, 9], "texture": "#0"},				"east": {"uv": [8.375, 2.25, 8.5, 2.875], "texture": "#0"},				"south": {"uv": [4.5, 8.375, 4.625, 9], "texture": "#0"},				"west": {"uv": [4.75, 8.375, 4.875, 9], "texture": "#0"},				"up": {"uv": [7.375, 9.75, 7.25, 9.625], "texture": "#0"},				"down": {"uv": [7.625, 9.625, 7.5, 9.75], "texture": "#0"}			}		},		{			"from": [-2, -0.025, -2],			"to": [1, 5, -1],			"rotation": {"angle": 0, "axis": "y", "origin": [0, 0, -2]},			"faces": {				"north": {"uv": [5.5, 5.25, 5.875, 5.875], "texture": "#0"},				"east": {"uv": [5, 8.375, 5.125, 9], "texture": "#0"},				"south": {"uv": [5.75, 1.125, 6.125, 1.75], "texture": "#0"},				"west": {"uv": [5.25, 8.375, 5.375, 9], "texture": "#0"},				"up": {"uv": [7, 9.125, 6.625, 9], "texture": "#0"},				"down": {"uv": [7.5, 9, 7.125, 9.125], "texture": "#0"}			}		},		{			"from": [-3, 0, -1.41421],			"to": [-2, 5, -0.41421],			"rotation": {"angle": 45, "axis": "y", "origin": [-2, 0, -2.41421]},			"faces": {				"north": {"uv": [5.5, 8.375, 5.625, 9], "texture": "#0"},				"east": {"uv": [0, 8.5, 0.125, 9.125], "texture": "#0"},				"south": {"uv": [8.5, 0, 8.625, 0.625], "texture": "#0"},				"west": {"uv": [0.5, 8.5, 0.625, 9.125], "texture": "#0"},				"up": {"uv": [9.75, 7.75, 9.625, 7.625], "texture": "#0"},				"down": {"uv": [7.875, 9.625, 7.75, 9.75], "texture": "#0"}			}		},		{			"from": [1, 0, -1.41421],			"to": [2, 5, -0.41421],			"rotation": {"angle": -45, "axis": "y", "origin": [1, 0, -2.41421]},			"faces": {				"north": {"uv": [0.75, 8.5, 0.875, 9.125], "texture": "#0"},				"east": {"uv": [8.5, 0.75, 8.625, 1.375], "texture": "#0"},				"south": {"uv": [8.5, 1.5, 8.625, 2.125], "texture": "#0"},				"west": {"uv": [2.5, 8.5, 2.625, 9.125], "texture": "#0"},				"up": {"uv": [9.75, 8, 9.625, 7.875], "texture": "#0"},				"down": {"uv": [9.75, 8.125, 9.625, 8.25], "texture": "#0"}			}		},		{			"from": [-0.70711, 0, -0.70711],			"to": [0.29289, 5, 1.29289],			"rotation": {"angle": 0, "axis": "y", "origin": [0.29289, 0, -2.70711]},			"faces": {				"north": {"uv": [2.75, 8.5, 2.875, 9.125], "texture": "#0"},				"east": {"uv": [5, 6.875, 5.25, 7.5], "texture": "#0"},				"south": {"uv": [3, 8.5, 3.125, 9.125], "texture": "#0"},				"west": {"uv": [5.375, 6.875, 5.625, 7.5], "texture": "#0"},				"up": {"uv": [6.875, 9.5, 6.75, 9.25], "texture": "#0"},				"down": {"uv": [7.125, 9.25, 7, 9.5], "texture": "#0"}			}		},		{			"from": [-1.29289, 0, -0.70711],			"to": [-0.29289, 5, 1.29289],			"rotation": {"angle": 0, "axis": "y", "origin": [-1.29289, 0, -2.70711]},			"faces": {				"north": {"uv": [2.875, 8.5, 2.75, 9.125], "texture": "#0"},				"east": {"uv": [5.625, 6.875, 5.375, 7.5], "texture": "#0"},				"south": {"uv": [3.125, 8.5, 3, 9.125], "texture": "#0"},				"west": {"uv": [5.25, 6.875, 5, 7.5], "texture": "#0"},				"up": {"uv": [6.75, 9.5, 6.875, 9.25], "texture": "#0"},				"down": {"uv": [7, 9.25, 7.125, 9.5], "texture": "#0"}			}		},		{			"from": [-2.82843, 0, 2.17157],			"to": [-1.82843, 5, 3.17157],			"rotation": {"angle": 45, "axis": "y", "origin": [-1.82843, 0, -0.82843]},			"faces": {				"north": {"uv": [8.5, 3, 8.625, 3.625], "texture": "#0"},				"east": {"uv": [3.25, 8.5, 3.375, 9.125], "texture": "#0"},				"south": {"uv": [3.5, 8.5, 3.625, 9.125], "texture": "#0"},				"west": {"uv": [3.75, 8.5, 3.875, 9.125], "texture": "#0"},				"up": {"uv": [8.375, 9.75, 8.25, 9.625], "texture": "#0"},				"down": {"uv": [8.625, 9.625, 8.5, 9.75], "texture": "#0"}			}		},		{			"from": [0.82843, 0, 2.17157],			"to": [1.82843, 5, 3.17157],			"rotation": {"angle": -45, "axis": "y", "origin": [0.82843, 0, -0.82843]},			"faces": {				"north": {"uv": [4.25, 8.5, 4.375, 9.125], "texture": "#0"},				"east": {"uv": [8.5, 4.5, 8.625, 5.125], "texture": "#0"},				"south": {"uv": [8.5, 5.25, 8.625, 5.875], "texture": "#0"},				"west": {"uv": [5.75, 8.5, 5.875, 9.125], "texture": "#0"},				"up": {"uv": [8.875, 9.75, 8.75, 9.625], "texture": "#0"},				"down": {"uv": [9.125, 9.625, 9, 9.75], "texture": "#0"}			}		},		{			"from": [-6.77817, 7.63604, -1],			"to": [-5.77817, 8.63604, 18],			"rotation": {"angle": -45, "axis": "z", "origin": [-6.77817, -1.36396, 13]},			"faces": {				"north": {"uv": [2.5, 7, 2.625, 7.125], "texture": "#0"},				"east": {"uv": [3.25, 4.25, 5.625, 4.375], "texture": "#0"},				"south": {"uv": [7.25, 1, 7.375, 1.125], "texture": "#0"},				"west": {"uv": [4.5, 0, 6.875, 0.125], "texture": "#0"},				"up": {"uv": [4.625, 2.625, 4.5, 0.25], "texture": "#0"},				"down": {"uv": [2.625, 4.5, 2.5, 6.875], "texture": "#0"}			}		},		{			"from": [-8.36396, 7.63604, -1],			"to": [-7.36396, 8.63604, 18],			"rotation": {"angle": -45, "axis": "z", "origin": [-8.36396, -1.36396, 13]},			"faces": {				"north": {"uv": [9.625, 1.5, 9.75, 1.625], "texture": "#0"},				"east": {"uv": [2.75, 4.5, 5.125, 4.625], "texture": "#0"},				"south": {"uv": [1.75, 9.625, 1.875, 9.75], "texture": "#0"},				"west": {"uv": [4.5, 2.75, 6.875, 2.875], "texture": "#0"},				"up": {"uv": [4.875, 2.625, 4.75, 0.25], "texture": "#0"},				"down": {"uv": [2.875, 4.75, 2.75, 7.125], "texture": "#0"}			}		},		{			"from": [-6.77817, -3.63604, -1],			"to": [-5.77817, -2.63604, 18],			"rotation": {"angle": 45, "axis": "z", "origin": [-6.77817, 6.36396, 13]},			"faces": {				"north": {"uv": [3.75, 9.625, 3.875, 9.75], "texture": "#0"},				"east": {"uv": [3, 5, 5.375, 5.125], "texture": "#0"},				"south": {"uv": [9.625, 3.875, 9.75, 4], "texture": "#0"},				"west": {"uv": [5.25, 0.25, 7.625, 0.375], "texture": "#0"},				"up": {"uv": [2.375, 7.375, 2.25, 5], "texture": "#0"},				"down": {"uv": [0.125, 5.25, 0, 7.625], "texture": "#0"}			}		},		{			"from": [-8.36396, -3.63604, -1],			"to": [-7.36396, -2.63604, 18],			"rotation": {"angle": 45, "axis": "z", "origin": [-8.36396, 6.36396, 13]},			"faces": {				"north": {"uv": [3.5, 9.625, 3.625, 9.75], "texture": "#0"},				"east": {"uv": [4.5, 3, 6.875, 3.125], "texture": "#0"},				"south": {"uv": [9.625, 3.625, 9.75, 3.75], "texture": "#0"},				"west": {"uv": [3, 4.75, 5.375, 4.875], "texture": "#0"},				"up": {"uv": [5.125, 2.625, 5, 0.25], "texture": "#0"},				"down": {"uv": [2.125, 5, 2, 7.375], "texture": "#0"}			}		},		{			"from": [1, 1.5, -5.41421],			"to": [2, 4.5, -4.41421],			"rotation": {"angle": -45, "axis": "y", "origin": [1, 0.5, -6.41421]},			"faces": {				"north": {"uv": [1.75, 9.125, 1.875, 9.5], "texture": "#0"},				"east": {"uv": [9.125, 2.875, 9.25, 3.25], "texture": "#0"},				"south": {"uv": [9.125, 3.375, 9.25, 3.75], "texture": "#0"},				"west": {"uv": [9.125, 3.875, 9.25, 4.25], "texture": "#0"},				"up": {"uv": [9.75, 9.5, 9.625, 9.375], "texture": "#0"},				"down": {"uv": [9.625, 9.625, 9.5, 9.75], "texture": "#0"}			}		},		{			"from": [-2, 4.5, -6],			"to": [1, 5.5, -2],			"rotation": {"angle": 0, "axis": "y", "origin": [0, 0.5, 6]},			"faces": {				"north": {"uv": [9.125, 0.75, 9.5, 0.875], "texture": "#0"},				"east": {"uv": [8.75, 1.125, 9.25, 1.25], "texture": "#0"},				"south": {"uv": [0.5, 9.25, 0.875, 9.375], "texture": "#0"},				"west": {"uv": [8.75, 1.375, 9.25, 1.5], "texture": "#0"},				"up": {"uv": [6.25, 1, 5.875, 0.5], "texture": "#0"},				"down": {"uv": [1.375, 6, 1, 6.5], "texture": "#0"}			}		},		{			"from": [-0.70711, 1.5, -4.70711],			"to": [0.29289, 4.5, -2.70711],			"rotation": {"angle": 0, "axis": "y", "origin": [0.29289, 0.5, -6.70711]},			"faces": {				"north": {"uv": [9.125, 4.375, 9.25, 4.75], "texture": "#0"},				"east": {"uv": [7.125, 6.5, 7.375, 6.875], "texture": "#0"},				"south": {"uv": [4.5, 9.125, 4.625, 9.5], "texture": "#0"},				"west": {"uv": [7.25, 0.5, 7.5, 0.875], "texture": "#0"},				"up": {"uv": [7.875, 9.5, 7.75, 9.25], "texture": "#0"},				"down": {"uv": [9, 9.25, 8.875, 9.5], "texture": "#0"}			}		},		{			"from": [-1.29289, 1.5, -4.70711],			"to": [-0.29289, 4.5, -2.70711],			"rotation": {"angle": 0, "axis": "y", "origin": [-1.29289, 0.5, -6.70711]},			"faces": {				"north": {"uv": [9.25, 4.375, 9.125, 4.75], "texture": "#0"},				"east": {"uv": [7.5, 0.5, 7.25, 0.875], "texture": "#0"},				"south": {"uv": [4.625, 9.125, 4.5, 9.5], "texture": "#0"},				"west": {"uv": [7.375, 6.5, 7.125, 6.875], "texture": "#0"},				"up": {"uv": [7.75, 9.5, 7.875, 9.25], "texture": "#0"},				"down": {"uv": [8.875, 9.25, 9, 9.5], "texture": "#0"}			}		},		{			"from": [-2.82843, 1.5, -1.82843],			"to": [-1.82843, 4.5, -0.82843],			"rotation": {"angle": 45, "axis": "y", "origin": [-1.82843, 0.5, -4.82843]},			"faces": {				"north": {"uv": [4.75, 9.125, 4.875, 9.5], "texture": "#0"},				"east": {"uv": [9.125, 4.875, 9.25, 5.25], "texture": "#0"},				"south": {"uv": [5, 9.125, 5.125, 9.5], "texture": "#0"},				"west": {"uv": [5.25, 9.125, 5.375, 9.5], "texture": "#0"},				"up": {"uv": [1.125, 9.875, 1, 9.75], "texture": "#0"},				"down": {"uv": [9.875, 1.75, 9.75, 1.875], "texture": "#0"}			}		},		{			"from": [-2, 0.5, -6],			"to": [1, 1.5, -2],			"rotation": {"angle": 0, "axis": "y", "origin": [0, -3.5, 6]},			"faces": {				"north": {"uv": [2, 9.25, 2.375, 9.375], "texture": "#0"},				"east": {"uv": [8.75, 6.375, 9.25, 6.5], "texture": "#0"},				"south": {"uv": [2.5, 9.25, 2.875, 9.375], "texture": "#0"},				"west": {"uv": [8.875, 7, 9.375, 7.125], "texture": "#0"},				"up": {"uv": [6.75, 1, 6.375, 0.5], "texture": "#0"},				"down": {"uv": [3.375, 6.5, 3, 7], "texture": "#0"}			}		},		{			"from": [-2, 1.5, -6],			"to": [1, 4.5, -5],			"rotation": {"angle": 0, "axis": "y", "origin": [0, 0.5, -6]},			"faces": {				"north": {"uv": [7, 3.125, 7.375, 3.5], "texture": "#0"},				"east": {"uv": [7.25, 8.5, 7.375, 8.875], "texture": "#0"},				"south": {"uv": [6.75, 7, 7.125, 7.375], "texture": "#0"},				"west": {"uv": [1, 8.875, 1.125, 9.25], "texture": "#0"},				"up": {"uv": [9.5, 0.375, 9.125, 0.25], "texture": "#0"},				"down": {"uv": [9.5, 0.5, 9.125, 0.625], "texture": "#0"}			}		},		{			"from": [-3, 1.5, -5.41421],			"to": [-2, 4.5, -4.41421],			"rotation": {"angle": 45, "axis": "y", "origin": [-2, 0.5, -6.41421]},			"faces": {				"north": {"uv": [8.125, 9, 8.25, 9.375], "texture": "#0"},				"east": {"uv": [0.25, 9.125, 0.375, 9.5], "texture": "#0"},				"south": {"uv": [1.25, 9.125, 1.375, 9.5], "texture": "#0"},				"west": {"uv": [1.5, 9.125, 1.625, 9.5], "texture": "#0"},				"up": {"uv": [9.75, 9.25, 9.625, 9.125], "texture": "#0"},				"down": {"uv": [9.375, 9.625, 9.25, 9.75], "texture": "#0"}			}		},		{			"from": [0.82843, 1.5, -1.82843],			"to": [1.82843, 4.5, -0.82843],			"rotation": {"angle": -45, "axis": "y", "origin": [0.82843, 0.5, -4.82843]},			"faces": {				"north": {"uv": [9.125, 5.875, 9.25, 6.25], "texture": "#0"},				"east": {"uv": [6.25, 9.125, 6.375, 9.5], "texture": "#0"},				"south": {"uv": [8.375, 9.125, 8.5, 9.5], "texture": "#0"},				"west": {"uv": [8.625, 9.125, 8.75, 9.5], "texture": "#0"},				"up": {"uv": [2.125, 9.875, 2, 9.75], "texture": "#0"},				"down": {"uv": [9.875, 2, 9.75, 2.125], "texture": "#0"}			}		},		{			"from": [-2.82843, 1, -6.82843],			"to": [-1.82843, 3, -4.82843],			"rotation": {"angle": 45, "axis": "y", "origin": [-1.82843, 0, -8.82843]},			"faces": {				"north": {"uv": [9.375, 5.375, 9.5, 5.625], "texture": "#0"},				"east": {"uv": [8.5, 8.5, 8.75, 8.75], "texture": "#0"},				"south": {"uv": [9.375, 5.75, 9.5, 6], "texture": "#0"},				"west": {"uv": [8.625, 2.25, 8.875, 2.5], "texture": "#0"},				"up": {"uv": [9.5, 6.375, 9.375, 6.125], "texture": "#0"},				"down": {"uv": [9.5, 7.75, 9.375, 8], "texture": "#0"}			}		},		{			"from": [-1.5, 3, -10],			"to": [0.5, 4, -6],			"rotation": {"angle": 0, "axis": "y", "origin": [0.5, -1, 0]},			"faces": {				"north": {"uv": [9.5, 2.625, 9.75, 2.75], "texture": "#0"},				"east": {"uv": [8.875, 7.25, 9.375, 7.375], "texture": "#0"},				"south": {"uv": [9.625, 0.375, 9.875, 0.5], "texture": "#0"},				"west": {"uv": [8.875, 7.5, 9.375, 7.625], "texture": "#0"},				"up": {"uv": [7.375, 5.75, 7.125, 5.25], "texture": "#0"},				"down": {"uv": [7.375, 5.875, 7.125, 6.375], "texture": "#0"}			}		},		{			"from": [-0.20711, 1, -8.70711],			"to": [-0.20711, 3, -6.70711],			"rotation": {"angle": 0, "axis": "y", "origin": [-0.20711, 0, -10.70711]},			"faces": {				"north": {"uv": [1.875, 6.5, 1.875, 6.75], "texture": "#0"},				"east": {"uv": [8.5, 7.75, 8.75, 8], "texture": "#0"},				"south": {"uv": [6.5, 3.25, 6.5, 3.5], "texture": "#0"},				"west": {"uv": [8.5, 8.125, 8.75, 8.375], "texture": "#0"},				"up": {"uv": [6.625, 6.25, 6.625, 6], "texture": "#0"},				"down": {"uv": [7, 3.625, 7, 3.875], "texture": "#0"}			}		},		{			"from": [-0.79289, 1, -8.70711],			"to": [-0.79289, 3, -6.70711],			"rotation": {"angle": 0, "axis": "y", "origin": [-0.79289, 0, -10.70711]},			"faces": {				"north": {"uv": [1.875, 6.5, 1.875, 6.75], "texture": "#0"},				"east": {"uv": [8.75, 8.125, 8.5, 8.375], "texture": "#0"},				"south": {"uv": [6.5, 3.25, 6.5, 3.5], "texture": "#0"},				"west": {"uv": [8.75, 7.75, 8.5, 8], "texture": "#0"},				"up": {"uv": [6.625, 6.25, 6.625, 6], "texture": "#0"},				"down": {"uv": [7, 3.625, 7, 3.875], "texture": "#0"}			}		},		{			"from": [1.5, 1, -9.41421],			"to": [1.5, 3, -8.41421],			"rotation": {"angle": -45, "axis": "y", "origin": [0.5, 0, -10.41421]},			"faces": {				"north": {"uv": [1.875, 5.25, 1.875, 5.5], "texture": "#0"},				"east": {"uv": [9.375, 4.625, 9.5, 4.875], "texture": "#0"},				"south": {"uv": [1.875, 5.625, 1.875, 5.875], "texture": "#0"},				"west": {"uv": [9.375, 5, 9.5, 5.25], "texture": "#0"},				"up": {"uv": [1.875, 6.125, 1.875, 6], "texture": "#0"},				"down": {"uv": [1.875, 6.25, 1.875, 6.375], "texture": "#0"}			}		},		{			"from": [-1.5, 1, -10],			"to": [0.5, 3, -9],			"rotation": {"angle": 0, "axis": "y", "origin": [0.5, 0, -10]},			"faces": {				"north": {"uv": [8.5, 7, 8.75, 7.25], "texture": "#0"},				"east": {"uv": [9.375, 1, 9.5, 1.25], "texture": "#0"},				"south": {"uv": [8.5, 7.375, 8.75, 7.625], "texture": "#0"},				"west": {"uv": [9.375, 1.375, 9.5, 1.625], "texture": "#0"},				"up": {"uv": [9.625, 1.875, 9.375, 1.75], "texture": "#0"},				"down": {"uv": [9.625, 2.875, 9.375, 3], "texture": "#0"}			}		},		{			"from": [-1.5, 0, -10],			"to": [0.5, 1, -6],			"rotation": {"angle": 0, "axis": "y", "origin": [0.5, -4, 0]},			"faces": {				"north": {"uv": [9.5, 2.375, 9.75, 2.5], "texture": "#0"},				"east": {"uv": [8.75, 1.625, 9.25, 1.75], "texture": "#0"},				"south": {"uv": [2.625, 9.5, 2.875, 9.625], "texture": "#0"},				"west": {"uv": [8.75, 1.875, 9.25, 2], "texture": "#0"},				"up": {"uv": [7.375, 1.75, 7.125, 1.25], "texture": "#0"},				"down": {"uv": [3.25, 7.125, 3, 7.625], "texture": "#0"}			}		},		{			"from": [-2.5, 1, -9.41421],			"to": [-1.5, 3, -8.41421],			"rotation": {"angle": 45, "axis": "y", "origin": [-1.5, 0, -10.41421]},			"faces": {				"north": {"uv": [9.375, 3.125, 9.5, 3.375], "texture": "#0"},				"east": {"uv": [9.375, 3.5, 9.5, 3.75], "texture": "#0"},				"south": {"uv": [9.375, 3.875, 9.5, 4.125], "texture": "#0"},				"west": {"uv": [9.375, 4.25, 9.5, 4.5], "texture": "#0"},				"up": {"uv": [2.75, 9.875, 2.625, 9.75], "texture": "#0"},				"down": {"uv": [9.875, 2.875, 9.75, 3], "texture": "#0"}			}		},		{			"from": [0.82843, 1, -6.82843],			"to": [1.82843, 3, -4.82843],			"rotation": {"angle": -45, "axis": "y", "origin": [0.82843, 0, -8.82843]},			"faces": {				"north": {"uv": [9.375, 8.125, 9.5, 8.375], "texture": "#0"},				"east": {"uv": [8.75, 0.375, 9, 0.625], "texture": "#0"},				"south": {"uv": [9.375, 9.25, 9.5, 9.5], "texture": "#0"},				"west": {"uv": [8.75, 0.75, 9, 1], "texture": "#0"},				"up": {"uv": [0.625, 9.75, 0.5, 9.5], "texture": "#0"},				"down": {"uv": [0.875, 9.5, 0.75, 9.75], "texture": "#0"}			}		},		{			"from": [0.20711, 2.5, -12.82132],			"to": [1.20711, 3.5, -11.82132],			"rotation": {"angle": -45, "axis": "y", "origin": [0.20711, 2.5, -13.82132]},			"faces": {				"north": {"uv": [9.75, 6.875, 9.875, 7], "texture": "#0"},				"east": {"uv": [9.75, 7.125, 9.875, 7.25], "texture": "#0"},				"south": {"uv": [9.75, 7.375, 9.875, 7.5], "texture": "#0"},				"west": {"uv": [9.75, 8.375, 9.875, 8.5], "texture": "#0"},				"up": {"uv": [9.875, 8.75, 9.75, 8.625], "texture": "#0"},				"down": {"uv": [9.875, 8.875, 9.75, 9], "texture": "#0"}			}		},		{			"from": [-0.501, -2, -15.7],			"to": [-0.501, 7, 19.3],			"rotation": {"angle": 0, "axis": "y", "origin": [-0.501, 1, -14.7]},			"faces": {				"north": {"uv": [2.875, 9.75, 2.875, 10.875], "texture": "#0"},				"east": {"uv": [0, 0, 4.375, 1.125], "texture": "#0"},				"south": {"uv": [2.375, 9.875, 2.375, 11], "texture": "#0"},				"west": {"uv": [0, 1.25, 4.375, 2.375], "texture": "#0"},				"up": {"uv": [2.5, 14.25, 2.5, 9.875], "texture": "#0"},				"down": {"uv": [3, 9.875, 3, 14.25], "texture": "#0"}			}		},		{			"from": [-2.5, -2, 19],			"to": [1.5, 7, 22],			"rotation": {"angle": 0, "axis": "y", "origin": [-0.5, 0, 15]},			"faces": {				"north": {"uv": [2, 2.5, 2.5, 3.625], "texture": "#0"},				"east": {"uv": [3.25, 2.5, 3.625, 3.625], "texture": "#0"},				"south": {"uv": [2.625, 2.5, 3.125, 3.625], "texture": "#0"},				"west": {"uv": [2, 3.75, 2.375, 4.875], "texture": "#0"},				"up": {"uv": [3.5, 6.375, 3, 6], "texture": "#0"},				"down": {"uv": [4.125, 6, 3.625, 6.375], "texture": "#0"}			}		},		{			"from": [-1.5, 1.5, 22],			"to": [0.5, 3.5, 29],			"rotation": {"angle": 0, "axis": "y", "origin": [0, 2, 25.5]},			"faces": {				"north": {"uv": [8.75, 6, 9, 6.25], "texture": "#0"},				"east": {"uv": [5.75, 1.875, 6.625, 2.125], "texture": "#0"},				"south": {"uv": [6.25, 8.75, 6.5, 9], "texture": "#0"},				"west": {"uv": [5.75, 2.25, 6.625, 2.5], "texture": "#0"},				"up": {"uv": [0.5, 6.75, 0.25, 5.875], "texture": "#0"},				"down": {"uv": [0.875, 6, 0.625, 6.875], "texture": "#0"}			}		},		{			"from": [-3, 0, 29],			"to": [2, 5, 30],			"rotation": {"angle": 0, "axis": "y", "origin": [-1, 2, 30.5]},			"faces": {				"north": {"uv": [2.5, 3.75, 3.125, 4.375], "texture": "#0"},				"east": {"uv": [6, 8.5, 6.125, 9.125], "texture": "#0"},				"south": {"uv": [3.75, 2.5, 4.375, 3.125], "texture": "#0"},				"west": {"uv": [8.5, 6, 8.625, 6.625], "texture": "#0"},				"up": {"uv": [7.625, 0.125, 7, 0], "texture": "#0"},				"down": {"uv": [9.125, 6.75, 8.5, 6.875], "texture": "#0"}			}		},		{			"from": [-2.5, 0.5, 30],			"to": [1.5, 4.5, 32],			"rotation": {"angle": 0, "axis": "y", "origin": [-0.5, 2.5, 31.5]},			"faces": {				"north": {"uv": [0.25, 5.25, 0.75, 5.75], "texture": "#0"},				"east": {"uv": [7.125, 3.625, 7.375, 4.125], "texture": "#0"},				"south": {"uv": [5.25, 0.5, 5.75, 1], "texture": "#0"},				"west": {"uv": [7.125, 4.25, 7.375, 4.75], "texture": "#0"},				"up": {"uv": [7.625, 2.125, 7.125, 1.875], "texture": "#0"},				"down": {"uv": [7.625, 4.875, 7.125, 5.125], "texture": "#0"}			}		},		{			"from": [1.45, 3.99929, 16.99929],			"to": [1.475, 9.99929, 18.99929],			"rotation": {"angle": -22.5, "axis": "x", "origin": [1.475, 6.99929, 18.99929]},			"faces": {				"north": {"uv": [9.875, 3.125, 9.875, 3.875], "texture": "#0"},				"east": {"uv": [1.5, 6, 1.75, 6.75], "texture": "#0"},				"south": {"uv": [3.25, 9.875, 3.25, 10.625], "texture": "#0"},				"west": {"uv": [6, 4.25, 6.25, 5], "texture": "#0"},				"up": {"uv": [3.375, 10.125, 3.375, 9.875], "texture": "#0"},				"down": {"uv": [3.5, 9.875, 3.5, 10.125], "texture": "#0"}			}		},		{			"from": [-2.5, 6.99929, 18.97429],			"to": [1.5, 9.99929, 18.99929],			"rotation": {"angle": -22.5, "axis": "x", "origin": [1.5, 6.99929, 18.99929]},			"faces": {				"north": {"uv": [6, 3.75, 6.5, 4.125], "texture": "#0"},				"east": {"uv": [9.875, 2.25, 9.875, 2.625], "texture": "#0"},				"south": {"uv": [4.25, 6, 4.75, 6.375], "texture": "#0"},				"west": {"uv": [3.125, 9.875, 3.125, 10.25], "texture": "#0"},				"up": {"uv": [5.75, 2.625, 5.25, 2.625], "texture": "#0"},				"down": {"uv": [6.375, 2.625, 5.875, 2.625], "texture": "#0"}			}		},		{			"from": [0.475, 9.97429, 16.99929],			"to": [1.475, 9.99929, 18.99929],			"rotation": {"angle": -22.5, "axis": "x", "origin": [1.475, 6.99929, 18.99929]},			"faces": {				"north": {"uv": [0.625, 5.875, 0.75, 5.875], "texture": "#0"},				"east": {"uv": [8.75, 6.625, 9, 6.625], "texture": "#0"},				"south": {"uv": [6.5, 2.625, 6.625, 2.625], "texture": "#0"},				"west": {"uv": [9.875, 0.25, 10.125, 0.25], "texture": "#0"},				"up": {"uv": [9.625, 6.75, 9.5, 6.5], "texture": "#0"},				"down": {"uv": [9.625, 6.875, 9.5, 7.125], "texture": "#0"}			}		},		{			"from": [0.45, 9.89225, 16.72992],			"to": [0.475, 11.89225, 18.72992],			"rotation": {"angle": 45, "axis": "x", "origin": [0.475, 11.89225, 15.72992]},			"faces": {				"north": {"uv": [3.625, 9.875, 3.625, 10.125], "texture": "#0"},				"east": {"uv": [8.75, 3, 9, 3.25], "texture": "#0"},				"south": {"uv": [3.75, 9.875, 3.75, 10.125], "texture": "#0"},				"west": {"uv": [8.75, 3.375, 9, 3.625], "texture": "#0"},				"up": {"uv": [3.875, 10.125, 3.875, 9.875], "texture": "#0"},				"down": {"uv": [4, 9.875, 4, 10.125], "texture": "#0"}			}		},		{			"from": [-1.525, 11.86725, 15.72992],			"to": [0.475, 11.89225, 18.72992],			"rotation": {"angle": 45, "axis": "x", "origin": [0.475, 11.89225, 15.72992]},			"faces": {				"north": {"uv": [9.875, 1.625, 10.125, 1.625], "texture": "#0"},				"east": {"uv": [9.875, 2.75, 10.25, 2.75], "texture": "#0"},				"south": {"uv": [9.875, 4, 10.125, 4], "texture": "#0"},				"west": {"uv": [4.125, 9.875, 4.5, 9.875], "texture": "#0"},				"up": {"uv": [4, 7.625, 3.75, 7.25], "texture": "#0"},				"down": {"uv": [4.375, 7.25, 4.125, 7.625], "texture": "#0"}			}		},		{			"from": [-1.525, 9.89225, 16.72992],			"to": [-1.5, 11.89225, 18.72992],			"rotation": {"angle": 45, "axis": "x", "origin": [-1.525, 11.89225, 15.72992]},			"faces": {				"north": {"uv": [9.875, 4.375, 9.875, 4.625], "texture": "#0"},				"east": {"uv": [8.75, 3.75, 9, 4], "texture": "#0"},				"south": {"uv": [4.625, 9.875, 4.625, 10.125], "texture": "#0"},				"west": {"uv": [8.75, 4.125, 9, 4.375], "texture": "#0"},				"up": {"uv": [4.75, 10.125, 4.75, 9.875], "texture": "#0"},				"down": {"uv": [9.875, 4.75, 9.875, 5], "texture": "#0"}			}		},		{			"from": [-2.525, 9.97429, 16.99929],			"to": [-1.525, 9.99929, 18.99929],			"rotation": {"angle": -22.5, "axis": "x", "origin": [-1.525, 6.99929, 18.99929]},			"faces": {				"north": {"uv": [7.125, 2.25, 7.25, 2.25], "texture": "#0"},				"east": {"uv": [9.875, 4.125, 10.125, 4.125], "texture": "#0"},				"south": {"uv": [7.5, 1.75, 7.625, 1.75], "texture": "#0"},				"west": {"uv": [9.875, 4.25, 10.125, 4.25], "texture": "#0"},				"up": {"uv": [9.625, 7.5, 9.5, 7.25], "texture": "#0"},				"down": {"uv": [8.125, 9.5, 8, 9.75], "texture": "#0"}			}		},		{			"from": [-2.475, 3.99929, 16.99929],			"to": [-2.425, 9.99929, 18.99929],			"rotation": {"angle": -22.5, "axis": "x", "origin": [-2.475, 6.99929, 18.99929]},			"faces": {				"north": {"uv": [4.875, 9.875, 4.875, 10.625], "texture": "#0"},				"east": {"uv": [4.875, 6, 5.125, 6.75], "texture": "#0"},				"south": {"uv": [5, 9.875, 5, 10.625], "texture": "#0"},				"west": {"uv": [6, 5.125, 6.25, 5.875], "texture": "#0"},				"up": {"uv": [5.125, 10.125, 5.125, 9.875], "texture": "#0"},				"down": {"uv": [9.875, 5.125, 9.875, 5.375], "texture": "#0"}			}		},		{			"from": [1.45, -3.99929, 17.99929],			"to": [1.475, 2.00071, 19.99929],			"rotation": {"angle": 22.5, "axis": "x", "origin": [1.475, -0.99929, 19.99929]},			"faces": {				"north": {"uv": [5.25, 9.875, 5.25, 10.625], "texture": "#0"},				"east": {"uv": [5.25, 6, 5.5, 6.75], "texture": "#0"},				"south": {"uv": [5.375, 9.875, 5.375, 10.625], "texture": "#0"},				"west": {"uv": [5.625, 6, 5.875, 6.75], "texture": "#0"},				"up": {"uv": [5.5, 10.125, 5.5, 9.875], "texture": "#0"},				"down": {"uv": [9.875, 5.5, 9.875, 5.75], "texture": "#0"}			}		},		{			"from": [-2.5, -3.99929, 19.97429],			"to": [1.5, -0.99929, 19.99929],			"rotation": {"angle": 22.5, "axis": "x", "origin": [1.5, -0.99929, 19.99929]},			"faces": {				"north": {"uv": [6, 6, 6.5, 6.375], "texture": "#0"},				"east": {"uv": [5.625, 9.875, 5.625, 10.25], "texture": "#0"},				"south": {"uv": [6.25, 1.125, 6.75, 1.5], "texture": "#0"},				"west": {"uv": [5.75, 9.875, 5.75, 10.25], "texture": "#0"},				"up": {"uv": [6.375, 9.875, 5.875, 9.875], "texture": "#0"},				"down": {"uv": [10.375, 5.875, 9.875, 5.875], "texture": "#0"}			}		},		{			"from": [0.475, -3.99929, 17.99929],			"to": [1.475, -3.97429, 19.99929],			"rotation": {"angle": 22.5, "axis": "x", "origin": [1.475, -0.99929, 19.99929]},			"faces": {				"north": {"uv": [8.75, 2.125, 8.875, 2.125], "texture": "#0"},				"east": {"uv": [9.875, 6, 10.125, 6], "texture": "#0"},				"south": {"uv": [9.125, 1, 9.25, 1], "texture": "#0"},				"west": {"uv": [9.875, 6.125, 10.125, 6.125], "texture": "#0"},				"up": {"uv": [9.625, 9, 9.5, 8.75], "texture": "#0"},				"down": {"uv": [0.125, 9.625, 0, 9.875], "texture": "#0"}			}		},		{			"from": [0.45, -5.89225, 17.72992],			"to": [0.475, -3.89225, 19.72992],			"rotation": {"angle": -45, "axis": "x", "origin": [0.475, -5.89225, 16.72992]},			"faces": {				"north": {"uv": [6.5, 9.875, 6.5, 10.125], "texture": "#0"},				"east": {"uv": [8.75, 4.5, 9, 4.75], "texture": "#0"},				"south": {"uv": [6.625, 9.875, 6.625, 10.125], "texture": "#0"},				"west": {"uv": [8.75, 4.875, 9, 5.125], "texture": "#0"},				"up": {"uv": [6.75, 10.125, 6.75, 9.875], "texture": "#0"},				"down": {"uv": [6.875, 9.875, 6.875, 10.125], "texture": "#0"}			}		},		{			"from": [-1.525, -5.89225, 16.72992],			"to": [0.475, -5.86725, 19.72992],			"rotation": {"angle": -45, "axis": "x", "origin": [0.475, -5.89225, 16.72992]},			"faces": {				"north": {"uv": [9.875, 6.25, 10.125, 6.25], "texture": "#0"},				"east": {"uv": [7, 9.875, 7.375, 9.875], "texture": "#0"},				"south": {"uv": [7.5, 9.875, 7.75, 9.875], "texture": "#0"},				"west": {"uv": [9.875, 7.625, 10.25, 7.625], "texture": "#0"},				"up": {"uv": [6, 7.625, 5.75, 7.25], "texture": "#0"},				"down": {"uv": [6.375, 7.25, 6.125, 7.625], "texture": "#0"}			}		},		{			"from": [-1.525, -5.89225, 17.72992],			"to": [-1.5, -3.89225, 19.72992],			"rotation": {"angle": -45, "axis": "x", "origin": [-1.525, -5.89225, 16.72992]},			"faces": {				"north": {"uv": [9.875, 7.75, 9.875, 8], "texture": "#0"},				"east": {"uv": [8.75, 5.25, 9, 5.5], "texture": "#0"},				"south": {"uv": [7.875, 9.875, 7.875, 10.125], "texture": "#0"},				"west": {"uv": [8.75, 5.625, 9, 5.875], "texture": "#0"},				"up": {"uv": [8, 10.125, 8, 9.875], "texture": "#0"},				"down": {"uv": [8.125, 9.875, 8.125, 10.125], "texture": "#0"}			}		},		{			"from": [-2.525, -3.99929, 17.99929],			"to": [-1.525, -3.97429, 19.99929],			"rotation": {"angle": 22.5, "axis": "x", "origin": [-1.525, -0.99929, 19.99929]},			"faces": {				"north": {"uv": [9.875, 8.125, 10, 8.125], "texture": "#0"},				"east": {"uv": [8.25, 9.875, 8.5, 9.875], "texture": "#0"},				"south": {"uv": [9.875, 8.25, 10, 8.25], "texture": "#0"},				"west": {"uv": [8.625, 9.875, 8.875, 9.875], "texture": "#0"},				"up": {"uv": [9.75, 0.25, 9.625, 0], "texture": "#0"},				"down": {"uv": [0.375, 9.625, 0.25, 9.875], "texture": "#0"}			}		},		{			"from": [-2.475, -3.99929, 17.99929],			"to": [-2.45, 2.00071, 19.99929],			"rotation": {"angle": 22.5, "axis": "x", "origin": [-2.475, -0.99929, 19.99929]},			"faces": {				"north": {"uv": [9, 9.875, 9, 10.625], "texture": "#0"},				"east": {"uv": [6.375, 4.25, 6.625, 5], "texture": "#0"},				"south": {"uv": [9.125, 9.875, 9.125, 10.625], "texture": "#0"},				"west": {"uv": [6.375, 5.125, 6.625, 5.875], "texture": "#0"},				"up": {"uv": [9.875, 9.375, 9.875, 9.125], "texture": "#0"},				"down": {"uv": [9.25, 9.875, 9.25, 10.125], "texture": "#0"}			}		}	],	"gui_light": "front",	"display": {		"thirdperson_righthand": {			"rotation": [90, 0, 0],			"translation": [6.25, 11.25, 6.25],			"scale": [0.75, 0.75, 0.75]		},		"thirdperson_lefthand": {			"rotation": [90, 0, 0],			"translation": [-6.5, 11.5, 6],			"scale": [0.75, 0.75, 0.75]		},		"firstperson_righthand": {			"rotation": [90, 0, 0],			"translation": [6.25, 5, 0],			"scale": [0.5, 0.5, 0.5]		},		"firstperson_lefthand": {			"rotation": [90, 0, 0],			"translation": [-1.75, 5, 0],			"scale": [0.5, 0.5, 0.5]		},		"ground": {			"translation": [3, 0, 0],			"scale": [0.25, 0.25, 0.25]		},		"gui": {			"rotation": [90, 44, 66],			"translation": [-2, 1, 0],			"scale": [0.5, 0.5, 0.5]		},		"head": {			"rotation": [-84, -37, 101],			"translation": [-7.75, -14, -0.75],			"scale": [0.75, 0.75, 0.75]		},		"fixed": {			"rotation": [90, -45, 90],			"translation": [-2, 2, 3.5],			"scale": [0.5, 0.5, 0.5]		}	},	"groups": [0,		{			"name": "group",			"origin": [0.82843, 0, 1.17157],			"children": [1, 2,				{					"name": "group",					"origin": [1, -1, -2],					"children": [3, 4, 5]				}, 6, 7, 8, 9, 10, 11, 12]		},		{			"name": "group",			"origin": [0.82843, 0, 1.17157],			"children": [13, 14, 15, 16, 17, 18, 19]		},		{			"name": "group",			"origin": [0.82843, 0, 1.17157],			"children": [20, 21, 22, 23, 24, 25, 26]		},		{			"name": "group",			"origin": [0.82843, 0, 1.17157],			"children": [27, 28, 29, 30, 31, 32, 33]		},		{			"name": "group",			"origin": [0.82843, 0, 1.17157],			"children": [34, 35, 36, 37, 38, 39, 40]		},		{			"name": "group",			"origin": [-8.36396, 3.63604, 25],			"children": [41, 42]		},		{			"name": "group",			"origin": [-8.36396, 6.36396, 25],			"children": [43, 44]		},		{			"name": "group",			"origin": [0, 0, -16],			"children": []		},		{			"name": "group",			"origin": [0.82843, 0, 1.17157],			"children": [				{					"name": "group",					"origin": [0.82843, 0, -4.82843],					"children": [45, 46, 47, 48, 49, 50, 51, 52, 53]				}			]		},		{			"name": "group",			"origin": [0.82843, 0, 1.17157],			"children": [				{					"name": "group",					"origin": [0.82843, 0.5, -8.82843],					"children": [54, 55, 56, 57, 58, 59, 60, 61, 62]				}			]		},		{			"name": "group",			"origin": [0.82843, 0, 1.17157],			"children": [63, 64]		}, 65, 66, 67, 68,		{			"name": "group",			"origin": [-2.475, 6.99929, 18.99929],			"children": [69, 70, 71, 72, 73, 74, 75, 76]		},		{			"name": "group",			"origin": [-2.475, 6.99929, 18.99929],			"children": [77, 78, 79, 80, 81, 82, 83, 84]		}	]}