{"textures": {		"0": "manamodels:entity/easter_bunny"	},	"elements": [		{			"from": [3, 5, -3],			"to": [12, 10, 3],			"rotation": {"angle": 22.5, "axis": "z", "origin": [11.46402, 4.81356, -4]},			"faces": {				"north": {"uv": [2.5, 2.5, 4.75, 3.75], "texture": "#0"},				"east": {"uv": [0, 3.5, 1.5, 4.75], "texture": "#0"},				"south": {"uv": [2.5, 0, 4.75, 1.25], "texture": "#0"},				"west": {"uv": [1.75, 4, 3.25, 5.25], "texture": "#0"},				"up": {"uv": [2.25, 1.5, 0, 0], "texture": "#0"},				"down": {"uv": [2.25, 1.75, 0, 3.25], "texture": "#0"}			}		},		{			"from": [1, 6.5, -1],			"to": [3, 8.5, 1],			"rotation": {"angle": 22.5, "axis": "z", "origin": [11.46402, 4.81356, -4]},			"faces": {				"north": {"uv": [9.75, 0, 10.25, 0.5], "texture": "#0"},				"east": {"uv": [9.75, 0.75, 10.25, 1.25], "texture": "#0"},				"south": {"uv": [7.75, 10, 8.25, 10.5], "texture": "#0"},				"west": {"uv": [8.5, 10, 9, 10.5], "texture": "#0"},				"up": {"uv": [10.5, 10.5, 10, 10], "texture": "#0"},				"down": {"uv": [10.5, 3.75, 10, 4.25], "texture": "#0"}			}		},		{			"from": [7.6871, 3.99924, -2.5],			"to": [12.6871, 8.99924, 2.5],			"rotation": {"angle": 22.5, "axis": "z", "origin": [15.6871, 4.99924, 2]},			"faces": {				"north": {"uv": [5, 5, 6.25, 6.25], "rotation": 90, "texture": "#0"},				"east": {"uv": [4.25, 5.5, 3, 6.75], "rotation": 270, "texture": "#0"},				"south": {"uv": [5, 1.5, 6.25, 2.75], "rotation": 270, "texture": "#0"},				"west": {"uv": [2.75, 6.75, 1.5, 5.5], "rotation": 270, "texture": "#0"},				"up": {"uv": [5, 0, 6.25, 1.25], "rotation": 270, "texture": "#0"},				"down": {"uv": [5, 3, 6.25, 4.25], "rotation": 270, "texture": "#0"}			}		},		{			"from": [8.1871, 4.99924, -1.5],			"to": [11.1871, 5.99924, 1.5],			"rotation": {"angle": 0, "axis": "y", "origin": [7.1871, 1.99924, 1.5]},			"faces": {				"north": {"uv": [9.5, 5, 10.25, 5.25], "texture": "#0"},				"east": {"uv": [9.5, 5.75, 10.25, 6], "texture": "#0"},				"south": {"uv": [9.5, 6.5, 10.25, 6.75], "texture": "#0"},				"west": {"uv": [9.5, 7.25, 10.25, 7.5], "texture": "#0"},				"up": {"uv": [9.5, 0.75, 8.75, 0], "texture": "#0"},				"down": {"uv": [9.5, 1, 8.75, 1.75], "texture": "#0"}			}		},		{			"from": [12.6871, 4.49924, -2],			"to": [13.6871, 8.49924, 2],			"rotation": {"angle": 22.5, "axis": "z", "origin": [15.6871, 4.99924, 2]},			"faces": {				"north": {"uv": [5, 4.5, 6, 4.75], "rotation": 90, "texture": "#0"},				"east": {"uv": [3.75, 7, 2.75, 8], "rotation": 270, "texture": "#0"},				"south": {"uv": [9.5, 7.75, 10.5, 8], "rotation": 270, "texture": "#0"},				"west": {"uv": [2.5, 8, 1.5, 7], "rotation": 270, "texture": "#0"},				"up": {"uv": [9.25, 8.75, 10.25, 9], "rotation": 270, "texture": "#0"},				"down": {"uv": [9.75, 1.5, 10.75, 1.75], "rotation": 270, "texture": "#0"}			}		},		{			"from": [9.02164, 8.35195, -2.5],			"to": [14.02164, 12.35195, 2.5],			"rotation": {"angle": 0, "axis": "y", "origin": [11.75, 0.75, -3]},			"faces": {				"north": {"uv": [6.5, 1.25, 7.75, 2.25], "texture": "#0"},				"east": {"uv": [6.5, 2.5, 7.75, 3.5], "texture": "#0"},				"south": {"uv": [6.5, 3.75, 7.75, 4.75], "texture": "#0"},				"west": {"uv": [6.5, 5, 7.75, 6], "texture": "#0"},				"up": {"uv": [4.75, 5.25, 3.5, 4], "texture": "#0"},				"down": {"uv": [1.25, 5, 0, 6.25], "texture": "#0"}			}		},		{			"from": [14.02164, 9.85195, -0.5],			"to": [15.02164, 10.85195, 0.5],			"rotation": {"angle": 0, "axis": "y", "origin": [11.75, 0.75, -3]},			"faces": {				"north": {"uv": [1.5, 10.75, 1.75, 11], "texture": "#0"},				"east": {"uv": [2, 10.75, 2.25, 11], "texture": "#0"},				"south": {"uv": [6.75, 10.75, 7, 11], "texture": "#0"},				"west": {"uv": [7.25, 10.75, 7.5, 11], "texture": "#0"},				"up": {"uv": [8, 11, 7.75, 10.75], "texture": "#0"},				"down": {"uv": [8.5, 10.75, 8.25, 11], "texture": "#0"}			}		},		{			"from": [8.94238, 11.85195, -3.36522],			"to": [9.94238, 14.85195, -1.36522],			"rotation": {"angle": 0, "axis": "y", "origin": [11.75, 0.75, -3]},			"faces": {				"north": {"uv": [4.5, 1.5, 4.75, 2.25], "texture": "#0"},				"east": {"uv": [7.75, 9, 8.25, 9.75], "texture": "#0"},				"south": {"uv": [4.5, 5.5, 4.75, 6.25], "texture": "#0"},				"west": {"uv": [9.5, 2, 10, 2.75], "texture": "#0"},				"up": {"uv": [10.75, 0.5, 10.5, 0], "texture": "#0"},				"down": {"uv": [10.75, 0.75, 10.5, 1.25], "texture": "#0"}			}		},		{			"from": [13.7057, 8.57818, -0.91523],			"to": [14.7057, 10.57818, 1.08477],			"rotation": {"angle": 0, "axis": "y", "origin": [11.2425, -0.44534, -2.05001]},			"faces": {				"north": {"uv": [10.5, 4.5, 10.75, 5], "texture": "#0"},				"east": {"uv": [6, 9.75, 6.5, 10.25], "texture": "#0"},				"south": {"uv": [10.5, 5.25, 10.75, 5.75], "texture": "#0"},				"west": {"uv": [9.25, 9.75, 9.75, 10.25], "texture": "#0"},				"up": {"uv": [10.75, 6.5, 10.5, 6], "texture": "#0"},				"down": {"uv": [10.75, 6.75, 10.5, 7.25], "texture": "#0"}			}		},		{			"from": [9.52164, 12.66898, -3.96088],			"to": [10.52164, 17.66898, -1.96088],			"rotation": {"angle": 22.5, "axis": "x", "origin": [11.75, 0.75, -3]},			"faces": {				"north": {"uv": [0, 9.75, 0.25, 11], "texture": "#0"},				"east": {"uv": [3, 8.25, 3.5, 9.5], "texture": "#0"},				"south": {"uv": [0.5, 9.75, 0.75, 11], "texture": "#0"},				"west": {"uv": [8.5, 8.5, 9, 9.75], "texture": "#0"},				"up": {"uv": [4.25, 7.5, 4, 7], "texture": "#0"},				"down": {"uv": [6.5, 10.5, 6.25, 11], "texture": "#0"}			}		},		{			"from": [8.0756, 2.13007, 2],			"to": [10.0756, 9.13007, 4],			"rotation": {"angle": 45, "axis": "z", "origin": [10.23097, 6.90433, 3]},			"faces": {				"north": {"uv": [5.5, 7.75, 6, 9.5], "texture": "#0"},				"east": {"uv": [6.25, 7.75, 6.75, 9.5], "texture": "#0"},				"south": {"uv": [8, 0, 8.5, 1.75], "texture": "#0"},				"west": {"uv": [8, 2, 8.5, 3.75], "texture": "#0"},				"up": {"uv": [5, 10.25, 4.5, 9.75], "texture": "#0"},				"down": {"uv": [5.75, 9.75, 5.25, 10.25], "texture": "#0"}			}		},		{			"from": [8.0756, 2.13007, -4],			"to": [10.0756, 9.13007, -2],			"rotation": {"angle": 45, "axis": "z", "origin": [10.23097, 6.90433, 3]},			"faces": {				"north": {"uv": [8.5, 0, 8, 1.75], "texture": "#0"},				"east": {"uv": [6.75, 7.75, 6.25, 9.5], "texture": "#0"},				"south": {"uv": [6, 7.75, 5.5, 9.5], "texture": "#0"},				"west": {"uv": [8.5, 2, 8, 3.75], "texture": "#0"},				"up": {"uv": [5, 9.75, 4.5, 10.25], "texture": "#0"},				"down": {"uv": [5.75, 10.25, 5.25, 9.75], "texture": "#0"}			}		},		{			"from": [3.53806, 1.44134, -4],			"to": [10.53806, 2.44134, -2],			"rotation": {"angle": 0, "axis": "y", "origin": [9.53806, 2.44134, -4]},			"faces": {				"north": {"uv": [7.5, 7, 9.25, 7.25], "texture": "#0"},				"east": {"uv": [1.75, 3.5, 2.25, 3.75], "texture": "#0"},				"south": {"uv": [8.75, 3.25, 10.5, 3.5], "texture": "#0"},				"west": {"uv": [1, 10.25, 1.5, 10.5], "texture": "#0"},				"up": {"uv": [4.25, 2, 2.5, 1.5], "texture": "#0"},				"down": {"uv": [9.25, 7.5, 7.5, 8], "texture": "#0"}			}		},		{			"from": [3.46402, 5.81356, -4],			"to": [8.46402, 9.81356, -2],			"rotation": {"angle": 22.5, "axis": "z", "origin": [11.46402, 4.81356, -4]},			"faces": {				"north": {"uv": [0, 6.5, 1.25, 7.5], "texture": "#0"},				"east": {"uv": [8.75, 2, 9.25, 3], "texture": "#0"},				"south": {"uv": [4.5, 6.5, 5.75, 7.5], "texture": "#0"},				"west": {"uv": [1.5, 9, 2, 10], "texture": "#0"},				"up": {"uv": [9.25, 5.25, 8, 4.75], "texture": "#0"},				"down": {"uv": [9.25, 5.5, 8, 6], "texture": "#0"}			}		},		{			"from": [3.46402, 4.81356, -3.5],			"to": [5.46402, 5.81356, -2.5],			"rotation": {"angle": 0, "axis": "y", "origin": [9.46402, 4.81356, -4]},			"faces": {				"north": {"uv": [1.75, 10.25, 2.25, 10.5], "texture": "#0"},				"east": {"uv": [7, 7.75, 7.25, 8], "texture": "#0"},				"south": {"uv": [6.75, 10.25, 7.25, 10.5], "texture": "#0"},				"west": {"uv": [1, 9.75, 1.25, 10], "texture": "#0"},				"up": {"uv": [10.75, 2.25, 10.25, 2], "texture": "#0"},				"down": {"uv": [10.75, 2.5, 10.25, 2.75], "texture": "#0"}			}		},		{			"from": [3.53806, 1.44134, 2],			"to": [10.53806, 2.44134, 4],			"rotation": {"angle": 0, "axis": "y", "origin": [9.53806, 2.44134, 4]},			"faces": {				"north": {"uv": [10.5, 3.25, 8.75, 3.5], "texture": "#0"},				"east": {"uv": [2.25, 3.5, 1.75, 3.75], "texture": "#0"},				"south": {"uv": [9.25, 7, 7.5, 7.25], "texture": "#0"},				"west": {"uv": [1.5, 10.25, 1, 10.5], "texture": "#0"},				"up": {"uv": [4.25, 1.5, 2.5, 2], "texture": "#0"},				"down": {"uv": [9.25, 8, 7.5, 7.5], "texture": "#0"}			}		},		{			"from": [3.46402, 5.81356, 2],			"to": [8.46402, 9.81356, 4],			"rotation": {"angle": 22.5, "axis": "z", "origin": [11.46402, 4.81356, -4]},			"faces": {				"north": {"uv": [5.75, 6.5, 4.5, 7.5], "texture": "#0"},				"east": {"uv": [9.25, 2, 8.75, 3], "texture": "#0"},				"south": {"uv": [1.25, 6.5, 0, 7.5], "texture": "#0"},				"west": {"uv": [2, 9, 1.5, 10], "texture": "#0"},				"up": {"uv": [9.25, 4.75, 8, 5.25], "texture": "#0"},				"down": {"uv": [9.25, 6, 8, 5.5], "texture": "#0"}			}		},		{			"from": [3.46402, 4.81356, 2.5],			"to": [5.46402, 5.81356, 3.5],			"rotation": {"angle": 0, "axis": "y", "origin": [9.46402, 4.81356, 4]},			"faces": {				"north": {"uv": [7.25, 10.25, 6.75, 10.5], "texture": "#0"},				"east": {"uv": [7.25, 7.75, 7, 8], "texture": "#0"},				"south": {"uv": [2.25, 10.25, 1.75, 10.5], "texture": "#0"},				"west": {"uv": [1.25, 9.75, 1, 10], "texture": "#0"},				"up": {"uv": [10.75, 2, 10.25, 2.25], "texture": "#0"},				"down": {"uv": [10.75, 2.75, 10.25, 2.5], "texture": "#0"}			}		}	],	"gui_light": "front",	"display": {		"gui": {			"rotation": [0, -52, 0],			"translation": [-5.5, -0.75, 0]		}	},	"groups": [		{			"name": "torso",			"origin": [3, 7, -3],			"children": [0, 1,				{					"name": "egg",					"origin": [1.86909, 2.42387, 0],					"children": [2, 3, 4]				},				{					"name": "h_head",					"origin": [4.23012, 9.50259, 0],					"children": [5, 6, 7, 8, 9]				},				{					"name": "arm2",					"origin": [2.73097, 6.40433, 3],					"children": [10]				},				{					"name": "arm",					"origin": [2.73097, 6.40433, -3],					"children": [11]				},				{					"name": "leg",					"origin": [-3.53598, 6.81356, -2],					"children": [12, 13, 14]				},				{					"name": "leg2",					"origin": [-3.53598, 6.81356, 2],					"children": [15, 16, 17]				}			]		},		{			"name": "hitbox",			"origin": [0, 11, 3],			"children": []		}	]}