{
	"textures": {
		"0": "item/crates/easter21_crate/flower"
	},
	"elements": [
		{
			"from": [7.025, -16, 7],
			"to": [8.975, 0, 9],
			"rotation": {"angle": -22.5, "axis": "x", "origin": [7, 0, 7]},
			"faces": {
				"north": {"uv": [2, 6.5, 2.25, 8.5], "texture": "#0"},
				"east": {"uv": [2.25, 6.5, 2.5, 8.5], "texture": "#0"},
				"south": {"uv": [2.5, 6.5, 2.75, 8.5], "texture": "#0"},
				"west": {"uv": [2.75, 6.5, 3, 8.5], "texture": "#0"},
				"up": {"uv": [2, 2.75, 1.75, 2.5], "texture": "#0"},
				"down": {"uv": [2, 2.75, 1.75, 3], "texture": "#0"}
			}
		},
		{
			"from": [7, 0, 7],
			"to": [9, 20, 9],
			"rotation": {"angle": 0, "axis": "y", "origin": [7, 0, 0]},
			"faces": {
				"north": {"uv": [2, 4, 2.25, 6.5], "texture": "#0"},
				"east": {"uv": [2.25, 4, 2.5, 6.5], "texture": "#0"},
				"south": {"uv": [2.5, 4, 2.75, 6.5], "texture": "#0"},
				"west": {"uv": [2.75, 4, 3, 6.5], "texture": "#0"},
				"up": {"uv": [2, 2.75, 1.75, 2.5], "texture": "#0"},
				"down": {"uv": [2, 2.75, 1.75, 3], "texture": "#0"}
			}
		},
		{
			"from": [5, 20, 5],
			"to": [11, 21, 11],
			"rotation": {"angle": 0, "axis": "y", "origin": [7, 0, 0]},
			"faces": {
				"north": {"uv": [4.875, 3.625, 5.625, 3.75], "texture": "#0"},
				"east": {"uv": [4.875, 3.75, 5.625, 3.875], "texture": "#0"},
				"south": {"uv": [4.875, 3.875, 5.625, 4], "texture": "#0"},
				"west": {"uv": [4.875, 4, 5.625, 4.125], "texture": "#0"},
				"up": {"uv": [1.5, 5.5, 0.75, 4.75], "texture": "#0"},
				"down": {"uv": [5.625, 2.875, 4.875, 3.625], "texture": "#0"}
			}
		},
		{
			"from": [5, 21, 5],
			"to": [5, 31, 11],
			"rotation": {"angle": 22.5, "axis": "z", "origin": [5, 21, 7]},
			"faces": {
				"north": {"uv": [0, 0, 0, 1.25], "texture": "#0"},
				"east": {"uv": [4.125, 2.875, 4.875, 4.125], "texture": "#0"},
				"south": {"uv": [0, 0, 0, 1.25], "texture": "#0"},
				"west": {"uv": [4.875, 2.875, 4.125, 4.125], "texture": "#0"},
				"up": {"uv": [0, 0.75, 0, 0], "texture": "#0"},
				"down": {"uv": [0, 0, 0, 0.75], "texture": "#0"}
			}
		},
		{
			"from": [11, 21, 5],
			"to": [11, 31, 11],
			"rotation": {"angle": -22.5, "axis": "z", "origin": [11, 21, 7]},
			"faces": {
				"north": {"uv": [0, 0, 0, 1.25], "texture": "#0"},
				"east": {"uv": [4.125, 2.875, 4.875, 4.125], "texture": "#0"},
				"south": {"uv": [0, 0, 0, 1.25], "texture": "#0"},
				"west": {"uv": [4.875, 2.875, 4.125, 4.125], "texture": "#0"},
				"up": {"uv": [0, 0.75, 0, 0], "texture": "#0"},
				"down": {"uv": [0, 0, 0, 0.75], "texture": "#0"}
			}
		},
		{
			"from": [5, 21, 11],
			"to": [11, 31, 11],
			"rotation": {"angle": 22.5, "axis": "x", "origin": [5, 21, 11]},
			"faces": {
				"north": {"uv": [4.125, 2.875, 4.875, 4.125], "texture": "#0"},
				"east": {"uv": [0, 0, 0, 1.25], "texture": "#0"},
				"south": {"uv": [4.875, 2.875, 4.125, 4.125], "texture": "#0"},
				"west": {"uv": [0, 0, 0, 1.25], "texture": "#0"},
				"up": {"uv": [0.75, 0, 0, 0], "texture": "#0"},
				"down": {"uv": [0.75, 0, 0, 0], "texture": "#0"}
			}
		},
		{
			"from": [5, 21, 5],
			"to": [11, 31, 5],
			"rotation": {"angle": -22.5, "axis": "x", "origin": [5, 21, 5]},
			"faces": {
				"north": {"uv": [4.125, 2.875, 4.875, 4.125], "texture": "#0"},
				"east": {"uv": [0, 0, 0, 1.25], "texture": "#0"},
				"south": {"uv": [4.875, 2.875, 4.125, 4.125], "texture": "#0"},
				"west": {"uv": [0, 0, 0, 1.25], "texture": "#0"},
				"up": {"uv": [0.75, 0, 0, 0], "texture": "#0"},
				"down": {"uv": [0.75, 0, 0, 0], "texture": "#0"}
			}
		},
		{
			"from": [4, 21, 11],
			"to": [12, 21, 22],
			"rotation": {"angle": 22.5, "axis": "x", "origin": [8, 21, 11]},
			"faces": {
				"north": {"uv": [0, 0, 1, 0], "texture": "#0"},
				"east": {"uv": [0, 0, 1.375, 0], "texture": "#0"},
				"south": {"uv": [0, 0, 1, 0], "texture": "#0"},
				"west": {"uv": [0, 0, 1.375, 0], "texture": "#0"},
				"up": {"uv": [2, 4.75, 1, 3.375], "texture": "#0"},
				"down": {"uv": [2, 3.375, 1, 4.75], "texture": "#0"}
			}
		},
		{
			"from": [4, 21, -6],
			"to": [12, 21, 5],
			"rotation": {"angle": -22.5, "axis": "x", "origin": [8, 21, 5]},
			"faces": {
				"north": {"uv": [0, 0, 1, 0], "texture": "#0"},
				"east": {"uv": [0, 0, 1.375, 0], "texture": "#0"},
				"south": {"uv": [0, 0, 1, 0], "texture": "#0"},
				"west": {"uv": [0, 0, 1.375, 0], "texture": "#0"},
				"up": {"uv": [2, 3.375, 1, 4.75], "texture": "#0"},
				"down": {"uv": [1, 4.75, 2, 3.375], "texture": "#0"}
			}
		},
		{
			"from": [-6, 21, 4],
			"to": [5, 21, 12],
			"rotation": {"angle": 22.5, "axis": "z", "origin": [5, 21, 8]},
			"faces": {
				"north": {"uv": [0, 0, 1.375, 0], "texture": "#0"},
				"east": {"uv": [0, 0, 1, 0], "texture": "#0"},
				"south": {"uv": [0, 0, 1.375, 0], "texture": "#0"},
				"west": {"uv": [0, 0, 1, 0], "texture": "#0"},
				"up": {"uv": [5.5, 1.875, 4.125, 2.875], "texture": "#0"},
				"down": {"uv": [5.5, 1.875, 4.125, 2.875], "texture": "#0"}
			}
		},
		{
			"from": [11, 21, 4],
			"to": [22, 21, 12],
			"rotation": {"angle": -22.5, "axis": "z", "origin": [11, 21, 8]},
			"faces": {
				"north": {"uv": [1.375, 0, 0, 0], "texture": "#0"},
				"east": {"uv": [1, 0, 0, 0], "texture": "#0"},
				"south": {"uv": [1.375, 0, 0, 0], "texture": "#0"},
				"west": {"uv": [1, 0, 0, 0], "texture": "#0"},
				"up": {"uv": [4.125, 1.875, 5.5, 2.875], "texture": "#0"},
				"down": {"uv": [4.125, 1.875, 5.5, 2.875], "texture": "#0"}
			}
		},
		{
			"from": [11, 21, 0],
			"to": [21, 21, 16],
			"rotation": {"angle": 22.5, "axis": "z", "origin": [11, 21, 8]},
			"faces": {
				"north": {"uv": [1.25, 0, 0, 0], "texture": "#0"},
				"east": {"uv": [2, 0, 0, 0], "texture": "#0"},
				"south": {"uv": [1.25, 0, 0, 0], "texture": "#0"},
				"west": {"uv": [2, 0, 0, 0], "texture": "#0"},
				"up": {"uv": [2, 2, 3.25, 0], "texture": "#0"},
				"down": {"uv": [2, 0, 3.25, 2], "texture": "#0"}
			}
		},
		{
			"from": [20.24992, 24.82908, 1],
			"to": [27.24992, 24.82908, 15],
			"rotation": {"angle": 0, "axis": "z", "origin": [20.25, 24.8, 8]},
			"faces": {
				"north": {"uv": [0.875, 0, 0, 0], "texture": "#0"},
				"east": {"uv": [1.75, 0, 0, 0], "texture": "#0"},
				"south": {"uv": [0.875, 0, 0, 0], "texture": "#0"},
				"west": {"uv": [1.75, 0, 0, 0], "texture": "#0"},
				"up": {"uv": [3.25, 2.625, 4.125, 0.875], "texture": "#0"},
				"down": {"uv": [3.25, 0.875, 4.125, 2.625], "texture": "#0"}
			}
		},
		{
			"from": [0, 21, -5],
			"to": [16, 21, 5],
			"rotation": {"angle": 22.5, "axis": "x", "origin": [8, 21, 5]},
			"faces": {
				"north": {"uv": [2, 0, 0, 0], "texture": "#0"},
				"east": {"uv": [1.25, 0, 0, 0], "texture": "#0"},
				"south": {"uv": [2, 0, 0, 0], "texture": "#0"},
				"west": {"uv": [1.25, 0, 0, 0], "texture": "#0"},
				"up": {"uv": [2, 2, 3.25, 0], "rotation": 270, "texture": "#0"},
				"down": {"uv": [2, 0, 3.25, 2], "rotation": 90, "texture": "#0"}
			}
		},
		{
			"from": [1, 24.82908, -11.24992],
			"to": [15, 24.82908, -4.24992],
			"rotation": {"angle": 0, "axis": "y", "origin": [8, 21, 8]},
			"faces": {
				"north": {"uv": [1.75, 0, 0, 0], "texture": "#0"},
				"east": {"uv": [0.875, 0, 0, 0], "texture": "#0"},
				"south": {"uv": [1.75, 0, 0, 0], "texture": "#0"},
				"west": {"uv": [0.875, 0, 0, 0], "texture": "#0"},
				"up": {"uv": [3.25, 2.625, 4.125, 0.875], "rotation": 270, "texture": "#0"},
				"down": {"uv": [3.25, 0.875, 4.125, 2.625], "rotation": 90, "texture": "#0"}
			}
		},
		{
			"from": [0, 21, 11],
			"to": [16, 21, 21],
			"rotation": {"angle": -22.5, "axis": "x", "origin": [8, 21, 11]},
			"faces": {
				"north": {"uv": [0, 0, 2, 0], "texture": "#0"},
				"east": {"uv": [0, 0, 1.25, 0], "texture": "#0"},
				"south": {"uv": [0, 0, 2, 0], "texture": "#0"},
				"west": {"uv": [0, 0, 1.25, 0], "texture": "#0"},
				"up": {"uv": [3.25, 2, 2, 0], "rotation": 270, "texture": "#0"},
				"down": {"uv": [3.25, 0, 2, 2], "rotation": 90, "texture": "#0"}
			}
		},
		{
			"from": [1, 24.82908, 20.24992],
			"to": [15, 24.82908, 27.24992],
			"rotation": {"angle": 0, "axis": "y", "origin": [8, 21, 8]},
			"faces": {
				"north": {"uv": [0, 0, 1.75, 0], "texture": "#0"},
				"east": {"uv": [0, 0, 0.875, 0], "texture": "#0"},
				"south": {"uv": [0, 0, 1.75, 0], "texture": "#0"},
				"west": {"uv": [0, 0, 0.875, 0], "texture": "#0"},
				"up": {"uv": [4.125, 2.625, 3.25, 0.875], "rotation": 270, "texture": "#0"},
				"down": {"uv": [4.125, 0.875, 3.25, 2.625], "rotation": 90, "texture": "#0"}
			}
		},
		{
			"from": [-5, 21, 0],
			"to": [5, 21, 16],
			"rotation": {"angle": -22.5, "axis": "z", "origin": [5, 21, 8]},
			"faces": {
				"north": {"uv": [0, 0, 1.25, 0], "texture": "#0"},
				"east": {"uv": [0, 0, 2, 0], "texture": "#0"},
				"south": {"uv": [0, 0, 1.25, 0], "texture": "#0"},
				"west": {"uv": [0, 0, 2, 0], "texture": "#0"},
				"up": {"uv": [3.25, 2, 2, 0], "texture": "#0"},
				"down": {"uv": [3.25, 0, 2, 2], "texture": "#0"}
			}
		},
		{
			"from": [-11.24992, 24.82908, 1],
			"to": [-4.24992, 24.82908, 15],
			"rotation": {"angle": 0, "axis": "z", "origin": [-4.25, 24.8, 8]},
			"faces": {
				"north": {"uv": [0, 0, 0.875, 0], "texture": "#0"},
				"east": {"uv": [0, 0, 1.75, 0], "texture": "#0"},
				"south": {"uv": [0, 0, 0.875, 0], "texture": "#0"},
				"west": {"uv": [0, 0, 1.75, 0], "texture": "#0"},
				"up": {"uv": [4.125, 2.625, 3.25, 0.875], "texture": "#0"},
				"down": {"uv": [4.125, 0.875, 3.25, 2.625], "texture": "#0"}
			}
		}
	],
	"gui_light": "front",
	"display": {
		"thirdperson_righthand": {
			"rotation": [58, -20, -4],
			"translation": [2.75, 7.5, 9.75]
		},
		"thirdperson_lefthand": {
			"rotation": [58, -20, -4],
			"translation": [2.75, 7.5, 9.75]
		},
		"firstperson_righthand": {
			"translation": [9.25, 0, -3]
		},
		"firstperson_lefthand": {
			"translation": [9.25, 2, -3]
		},
		"ground": {
			"translation": [0, -1.5, 0],
			"scale": [0.6, 0.6, 0.6]
		},
		"gui": {
			"rotation": [30, 45, 0],
			"scale": [0.35, 0.35, 0.35]
		},
		"head": {
			"rotation": [-18, 0, 0],
			"translation": [0, -14, -13],
			"scale": [1.6, 1.6, 1.6]
		},
		"fixed": {
			"translation": [0, 0, -1.25]
		}
	},
	"groups": [
		{
			"name": "group",
			"origin": [-4.25, 24.8, 8],
			"color": 0,
			"boneType": "",
			"children": [0, 1, 2, 3, 4, 5, 6, 7, 8, 9, 10, 11, 12, 13, 14, 15, 16, 17, 18]
		}
	]
}