{"textures": {		"0": "item/crates/easter21_crate/pocky_rod"},	"elements": [		{			"from": [7, 6, 7],			"to": [9, 26, 9],			"rotation": {"angle": 0, "axis": "y", "origin": [0, 0, 16]},			"faces": {				"north": {"uv": [4.25, 0, 4.75, 5], "texture": "#0"},				"east": {"uv": [5, 0, 5.5, 5], "texture": "#0"},				"south": {"uv": [4.25, 5.25, 4.75, 10.25], "texture": "#0"},				"west": {"uv": [5, 5.25, 5.5, 10.25], "texture": "#0"},				"up": {"uv": [7.75, 5.5, 7.25, 5], "texture": "#0"},				"down": {"uv": [8, 0, 7.5, 0.5], "texture": "#0"}			}		},		{			"from": [11.43503, 12.66548, 8],			"to": [27.43503, 28.66548, 8],			"rotation": {"angle": 45, "axis": "z", "origin": [20.43503, 2.66548, 16]},			"faces": {				"north": {"uv": [0, 0, 4, 4], "texture": "#0"},				"east": {"uv": [7.75, 7, 7.75, 11], "texture": "#0"},				"south": {"uv": [0, 4.25, 4, 8.25], "texture": "#0"},				"west": {"uv": [7.25, 7.75, 7.25, 11.75], "texture": "#0"},				"up": {"uv": [11.5, 4.75, 7.5, 4.75], "texture": "#0"},				"down": {"uv": [12, 5, 8, 5], "texture": "#0"}			}		},		{			"from": [6.5, 5, 6.5],			"to": [9.5, 6, 9.5],			"rotation": {"angle": 0, "axis": "y", "origin": [-0.5, 0, 15.5]},			"faces": {				"north": {"uv": [7.5, 2.25, 8.25, 2.5], "texture": "#0"},				"east": {"uv": [7.5, 2.75, 8.25, 3], "texture": "#0"},				"south": {"uv": [7.5, 3.25, 8.25, 3.5], "texture": "#0"},				"west": {"uv": [7.5, 3.75, 8.25, 4], "texture": "#0"},				"up": {"uv": [6.5, 6.75, 5.75, 6], "texture": "#0"},				"down": {"uv": [7.25, 0, 6.5, 0.75], "texture": "#0"}			}		},		{			"from": [6.5, 6, 9.5],			"to": [9.5, 9, 11.5],			"rotation": {"angle": 0, "axis": "y", "origin": [-0.5, 1, 18.5]},			"faces": {				"north": {"uv": [6.5, 1, 7.25, 1.75], "texture": "#0"},				"east": {"uv": [6.5, 5, 7, 5.75], "texture": "#0"},				"south": {"uv": [6.5, 2, 7.25, 2.75], "texture": "#0"},				"west": {"uv": [6.75, 6, 7.25, 6.75], "texture": "#0"},				"up": {"uv": [6.5, 7.5, 5.75, 7], "texture": "#0"},				"down": {"uv": [7.5, 7, 6.75, 7.5], "texture": "#0"}			}		},		{			"from": [5.35368, 10.7107, 11.5],			"to": [8.35368, 10.7107, 14.5],			"rotation": {"angle": -22.5, "axis": "z", "origin": [-1.64632, 3.7107, 20.5]},			"faces": {				"north": {"uv": [8, 5.25, 8.75, 5.25], "texture": "#0"},				"east": {"uv": [8, 5.5, 8.75, 5.5], "texture": "#0"},				"south": {"uv": [8, 6.25, 8.75, 6.25], "texture": "#0"},				"west": {"uv": [8, 6.5, 8.75, 6.5], "texture": "#0"},				"up": {"uv": [7.25, 3.75, 6.5, 3], "texture": "#0"},				"down": {"uv": [7.25, 4, 6.5, 4.75], "texture": "#0"}			}		},		{			"from": [7.5, 7, 8.5],			"to": [8.5, 8, 10.5],			"rotation": {"angle": 0, "axis": "y", "origin": [-0.5, 1, 17.5]},			"faces": {				"north": {"uv": [6.25, 7.75, 6.5, 8], "texture": "#0"},				"east": {"uv": [7.5, 4.25, 8, 4.5], "texture": "#0"},				"south": {"uv": [6.75, 7.75, 7, 8], "texture": "#0"},				"west": {"uv": [7.5, 5.75, 8, 6], "texture": "#0"},				"up": {"uv": [7.75, 6.75, 7.5, 6.25], "texture": "#0"},				"down": {"uv": [6, 7.75, 5.75, 8.25], "texture": "#0"}			}		},		{			"from": [7, 0, 7],			"to": [9, 5, 9],			"rotation": {"angle": 0, "axis": "y", "origin": [0, 0, 16]},			"faces": {				"north": {"uv": [5.75, 0, 6.25, 1.25], "texture": "#0"},				"east": {"uv": [5.75, 1.5, 6.25, 2.75], "texture": "#0"},				"south": {"uv": [5.75, 3, 6.25, 4.25], "texture": "#0"},				"west": {"uv": [5.75, 4.5, 6.25, 5.75], "texture": "#0"},				"up": {"uv": [8, 1.25, 7.5, 0.75], "texture": "#0"},				"down": {"uv": [8, 1.5, 7.5, 2], "texture": "#0"}			}		}	],	"gui_light": "front",	"display": {		"thirdperson_righthand": {			"rotation": [0, -90, 0],			"translation": [0, 3.25, 1.75]		},		"thirdperson_lefthand": {			"rotation": [0, -90, 0],			"translation": [0, 3.25, 1.75]		},		"firstperson_righthand": {			"rotation": [0, -90, 0],			"translation": [0, 2.25, 0],			"scale": [0.7, 0.7, 0.7]		},		"firstperson_lefthand": {			"rotation": [0, 90, 0],			"translation": [0, 2.25, 0],			"scale": [0.7, 0.7, -0.7]		},		"ground": {			"scale": [0.3, 0.3, 0.3]		},		"gui": {			"rotation": [29, -19, 42],			"translation": [2.5, -2.75, 0],			"scale": [0.7, 0.7, 0.7]		},		"fixed": {			"rotation": [0, -180, 45],			"translation": [-2.5, -2.5, -0.5],			"scale": [0.8, 0.8, 0.8]		}	}}