{
	"textures": {
		"1": "item/cosmetics/hats/batman"
	},
	"elements": [
		{
			"from": [0, 5.05, 0],
			"to": [16, 18.05, 16],
			"rotation": {"angle": 0, "axis": "y", "origin": [-32.1, 0, 0]},
			"faces": {
				"north": {"uv": [4, 0, 8, 3.25], "texture": "#1"},
				"east": {"uv": [4, 3.25, 8, 6.5], "texture": "#1"},
				"south": {"uv": [4, 6.5, 8, 9.75], "texture": "#1"},
				"west": {"uv": [0, 8, 4, 11.25], "texture": "#1"},
				"up": {"uv": [4, 4, 0, 0], "texture": "#1"},
				"down": {"uv": [4, 4, 0, 8], "texture": "#1"}
			}
		},
		{
			"from": [6.5, 6, -2.25],
			"to": [9.5, 12, 0],
			"rotation": {"angle": 22.5, "axis": "x", "origin": [7.98691, 5.64224, -1.87912]},
			"faces": {
				"north": {"uv": [9.5, 8.5, 10.25, 10], "texture": "#1"},
				"east": {"uv": [9.75, 6.5, 10.25, 8], "texture": "#1"},
				"south": {"uv": [4, 9.75, 4.75, 11.25], "texture": "#1"},
				"west": {"uv": [9.5, 10, 10, 11.5], "texture": "#1"},
				"up": {"uv": [7.25, 10.75, 6.5, 10.25], "texture": "#1"},
				"down": {"uv": [11, 6.5, 10.25, 7], "texture": "#1"}
			}
		},
		{
			"from": [0.075, 15, 2.25],
			"to": [1, 21.5, 5],
			"rotation": {"angle": 22.5, "axis": "x", "origin": [8.025, 8, 9]},
			"faces": {
				"north": {"uv": [10, 10, 10.25, 11.75], "texture": "#1"},
				"east": {"uv": [8, 8.5, 8.75, 10.25], "texture": "#1"},
				"south": {"uv": [6.25, 10.25, 6.5, 12], "texture": "#1"},
				"west": {"uv": [8.75, 8.5, 9.5, 10.25], "texture": "#1"},
				"up": {"uv": [10.5, 7.75, 10.25, 7], "texture": "#1"},
				"down": {"uv": [8, 10.25, 7.75, 11], "texture": "#1"}
			}
		},
		{
			"from": [0.025, 17, 8],
			"to": [1.025, 23.25, 11],
			"rotation": {"angle": 0, "axis": "y", "origin": [0.025, 0, 0]},
			"faces": {
				"north": {"uv": [7.25, 10.25, 7.5, 11.75], "texture": "#1"},
				"east": {"uv": [4.75, 9.75, 5.5, 11.25], "texture": "#1"},
				"south": {"uv": [7.5, 10.25, 7.75, 11.75], "texture": "#1"},
				"west": {"uv": [5.5, 9.75, 6.25, 11.25], "texture": "#1"},
				"up": {"uv": [8.25, 11, 8, 10.25], "texture": "#1"},
				"down": {"uv": [8.5, 10.25, 8.25, 11], "texture": "#1"}
			}
		},
		{
			"from": [0, 9, -1.25],
			"to": [7, 11, -0.25],
			"rotation": {"angle": 0, "axis": "y", "origin": [16, 0, 0]},
			"faces": {
				"north": {"uv": [9.75, 6, 11.5, 6.5], "texture": "#1"},
				"east": {"uv": [8.5, 10.25, 8.75, 10.75], "texture": "#1"},
				"south": {"uv": [6.25, 9.75, 8, 10.25], "texture": "#1"},
				"west": {"uv": [10.25, 8.5, 10.5, 9], "texture": "#1"},
				"up": {"uv": [11.5, 8.25, 9.75, 8], "texture": "#1"},
				"down": {"uv": [11.5, 8.25, 9.75, 8.5], "texture": "#1"}
			}
		},
		{
			"from": [15, 15, 2.25],
			"to": [15.95, 21.5, 5],
			"rotation": {"angle": 22.5, "axis": "x", "origin": [7.975, 8, 9]},
			"faces": {
				"north": {"uv": [10.25, 10, 10, 11.75], "texture": "#1"},
				"east": {"uv": [9.5, 8.5, 8.75, 10.25], "texture": "#1"},
				"south": {"uv": [6.5, 10.25, 6.25, 12], "texture": "#1"},
				"west": {"uv": [8.75, 8.5, 8, 10.25], "texture": "#1"},
				"up": {"uv": [10.25, 7.75, 10.5, 7], "texture": "#1"},
				"down": {"uv": [7.75, 10.25, 8, 11], "texture": "#1"}
			}
		},
		{
			"from": [14.975, 17, 8],
			"to": [15.975, 23.25, 11],
			"rotation": {"angle": 0, "axis": "y", "origin": [15.975, 0, 0]},
			"faces": {
				"north": {"uv": [7.5, 10.25, 7.25, 11.75], "texture": "#1"},
				"east": {"uv": [6.25, 9.75, 5.5, 11.25], "texture": "#1"},
				"south": {"uv": [7.75, 10.25, 7.5, 11.75], "texture": "#1"},
				"west": {"uv": [5.5, 9.75, 4.75, 11.25], "texture": "#1"},
				"up": {"uv": [8, 11, 8.25, 10.25], "texture": "#1"},
				"down": {"uv": [8.25, 10.25, 8.5, 11], "texture": "#1"}
			}
		},
		{
			"from": [9, 9, -1.25],
			"to": [16, 11, -0.25],
			"faces": {
				"north": {"uv": [11.5, 6, 9.75, 6.5], "texture": "#1"},
				"east": {"uv": [10.5, 8.5, 10.25, 9], "texture": "#1"},
				"south": {"uv": [8, 9.75, 6.25, 10.25], "texture": "#1"},
				"west": {"uv": [8.75, 10.25, 8.5, 10.75], "texture": "#1"},
				"up": {"uv": [9.75, 8.25, 11.5, 8], "texture": "#1"},
				"down": {"uv": [9.75, 8.25, 11.5, 8.5], "texture": "#1"}
			}
		}
	],
	"gui_light": "front",
	"display": {
		"thirdperson_righthand": {
			"rotation": [50, 0, 0],
			"scale": [0.4, 0.4, 0.4]
		},
		"thirdperson_lefthand": {
			"rotation": [50, 0, 0],
			"scale": [0.4, 0.4, 0.4]
		},
		"firstperson_righthand": {
			"scale": [0.5, 0.5, 0.5]
		},
		"firstperson_lefthand": {
			"scale": [0.5, 0.5, 0.5]
		},
		"ground": {
			"scale": [0.5, 0.5, 0.5]
		},
		"gui": {
			"rotation": [30, -145, 0],
			"translation": [0, -2.5, 0],
			"scale": [0.6, 0.6, 0.6]
		},
		"head": {
			"translation": [0, -2.5, 0]
		}
	},
	"groups": [
		{
			"name": "group",
			"origin": [0, 0, 0],
			"color": 0,
			"boneType": "",
			"children": [0, 1, 2, 3, 4, 5, 6, 7]
		}
	]
}