{
	"textures": {
		"0": "item/crates/ocean21_crate/atlantis_staff"
	},
	"elements": [
		{
			"from": [6, 22, 7.5],
			"to": [10, 24, 9.5],
			"rotation": {"angle": 0, "axis": "y", "origin": [-1, 0, 0]},
			"faces": {
				"north": {"uv": [9, 1, 11, 2], "texture": "#0"},
				"east": {"uv": [8, 1, 9, 2], "texture": "#0"},
				"south": {"uv": [12, 1, 14, 2], "texture": "#0"},
				"west": {"uv": [11, 1, 12, 2], "texture": "#0"},
				"up": {"uv": [11, 1, 9, 0], "texture": "#0"},
				"down": {"uv": [13, 0, 11, 1], "texture": "#0"}
			}
		},
		{
			"from": [6.5, 23, 7],
			"to": [9.5, 28, 10],
			"rotation": {"angle": 0, "axis": "y", "origin": [-0.5, 0, 0]},
			"faces": {
				"north": {"uv": [3.5, 5.5, 5, 8], "texture": "#0"},
				"east": {"uv": [2, 5.5, 3.5, 8], "texture": "#0"},
				"south": {"uv": [6.5, 5.5, 8, 8], "texture": "#0"},
				"west": {"uv": [5, 5.5, 6.5, 8], "texture": "#0"},
				"up": {"uv": [5, 5.5, 3.5, 4], "texture": "#0"},
				"down": {"uv": [6.5, 4, 5, 5.5], "texture": "#0"}
			}
		},
		{
			"from": [6.7, 26.2, 7.2],
			"to": [9.3, 28.8, 9.8],
			"rotation": {"angle": 0, "axis": "y", "origin": [-0.5, 0, 0]},
			"faces": {
				"north": {"uv": [8, 4, 9.5, 5.5], "texture": "#0"},
				"east": {"uv": [6.5, 4, 8, 5.5], "texture": "#0"},
				"south": {"uv": [11, 4, 12.5, 5.5], "texture": "#0"},
				"west": {"uv": [9.5, 4, 11, 5.5], "texture": "#0"},
				"up": {"uv": [9.5, 4, 8, 2.5], "texture": "#0"},
				"down": {"uv": [11, 2.5, 9.5, 4], "texture": "#0"}
			}
		},
		{
			"from": [5, 24, 8.5],
			"to": [11, 32, 8.5],
			"rotation": {"angle": 0, "axis": "y", "origin": [-1, 0, 0]},
			"faces": {
				"north": {"uv": [2, 0, 5, 4], "texture": "#0"},
				"east": {"uv": [2, 0, 2, 4], "texture": "#0"},
				"south": {"uv": [5, 0, 8, 4], "texture": "#0"},
				"west": {"uv": [5, 0, 5, 4], "texture": "#0"},
				"up": {"uv": [5, 0, 2, 0], "texture": "#0"},
				"down": {"uv": [8, 0, 5, 0], "texture": "#0"}
			}
		},
		{
			"from": [8, 24, 5.5],
			"to": [8, 32, 11.5],
			"rotation": {"angle": 0, "axis": "y", "origin": [-1, 0, 0]},
			"faces": {
				"north": {"uv": [6.5, 12, 6.5, 16], "texture": "#0"},
				"east": {"uv": [3.5, 12, 6.5, 16], "texture": "#0"},
				"south": {"uv": [9.5, 12, 9.5, 16], "texture": "#0"},
				"west": {"uv": [6.5, 12, 9.5, 16], "texture": "#0"},
				"up": {"uv": [6.5, 12, 6.5, 9], "texture": "#0"},
				"down": {"uv": [6.5, 9, 6.5, 12], "texture": "#0"}
			}
		},
		{
			"from": [7, 0, 7.5],
			"to": [9, 2, 9.5],
			"rotation": {"angle": 0, "axis": "y", "origin": [-1, 0, 0]},
			"faces": {
				"north": {"uv": [3, 9, 4, 10], "texture": "#0"},
				"east": {"uv": [2, 9, 3, 10], "texture": "#0"},
				"south": {"uv": [5, 9, 6, 10], "texture": "#0"},
				"west": {"uv": [4, 9, 5, 10], "texture": "#0"},
				"up": {"uv": [4, 9, 3, 8], "texture": "#0"},
				"down": {"uv": [5, 8, 4, 9], "texture": "#0"}
			}
		},
		{
			"from": [7, 14, 7.5],
			"to": [9, 20, 9.5],
			"rotation": {"angle": 0, "axis": "y", "origin": [-1, 0, 0]},
			"faces": {
				"north": {"uv": [8, 8, 9, 11], "texture": "#0"},
				"east": {"uv": [7, 8, 8, 11], "texture": "#0"},
				"south": {"uv": [10, 8, 11, 11], "texture": "#0"},
				"west": {"uv": [9, 8, 10, 11], "texture": "#0"},
				"up": {"uv": [9, 8, 8, 7], "texture": "#0"},
				"down": {"uv": [10, 7, 9, 8], "texture": "#0"}
			}
		},
		{
			"from": [7.5, 2, 8],
			"to": [8.5, 25, 9],
			"rotation": {"angle": 0, "axis": "y", "origin": [-0.5, 0, 0]},
			"faces": {
				"north": {"uv": [0.5, 0.5, 1, 12], "texture": "#0"},
				"east": {"uv": [0, 0.5, 0.5, 12], "texture": "#0"},
				"south": {"uv": [1.5, 0.5, 2, 12], "texture": "#0"},
				"west": {"uv": [1, 0.5, 1.5, 12], "texture": "#0"},
				"up": {"uv": [1, 0.5, 0.5, 0], "texture": "#0"},
				"down": {"uv": [1.5, 0, 1, 0.5], "texture": "#0"}
			}
		}
	],
	"gui_light": "front",
	"display": {
		"thirdperson_righthand": {
			"translation": [0, -3.75, 0.5]
		},
		"thirdperson_lefthand": {
			"translation": [0, 0, 1]
		},
		"firstperson_righthand": {
			"translation": [1.5, -7.5, 0],
			"scale": [0.7, 0.7, 0.7]
		},
		"firstperson_lefthand": {
			"translation": [1.5, -7.5, 0],
			"scale": [0.7, 0.7, 0.7]
		},
		"ground": {
			"rotation": [34, 0, 0],
			"scale": [0.4, 0.4, 0.4]
		},
		"gui": {
			"rotation": [0, 24, 43],
			"translation": [2.25, -3, 0],
			"scale": [0.5, 0.5, 0.5]
		},
		"fixed": {
			"translation": [0, -4.25, -1.5],
			"scale": [0.6, 0.6, 0.6]
		}
	},
	"groups": [
		{
			"name": "root",
			"origin": [8, 8, 8],
			"color": 0,
			"children": [0, 1, 2, 3, 4, 5, 6, 7]
		}
	]
}