{
	"textures": {
		"0": "item/crates/ocean21_crate/atlantis_staff_2"
	},
	"elements": [
		{
			"from": [6.5, -9, 6.5],
			"to": [9.5, -7, 9.5],
			"rotation": {"angle": 0, "axis": "y", "origin": [6.5, -6, 0]},
			"faces": {
				"north": {"uv": [11.5, 9, 13, 10], "texture": "#0"},
				"east": {"uv": [5.5, 12, 7, 13], "texture": "#0"},
				"south": {"uv": [7, 12, 8.5, 13], "texture": "#0"},
				"west": {"uv": [12.5, 10, 14, 11], "texture": "#0"},
				"up": {"uv": [13, 4.5, 11.5, 3], "texture": "#0"},
				"down": {"uv": [13, 4.5, 11.5, 6], "texture": "#0"}
			}
		},
		{
			"from": [6.6, -0.9, 6.6],
			"to": [9.4, 6.9, 9.4],
			"rotation": {"angle": 0, "axis": "y", "origin": [6.5, -6, 0]},
			"faces": {
				"north": {"uv": [4, 0, 5.5, 4], "texture": "#0"},
				"east": {"uv": [4, 4, 5.5, 8], "texture": "#0"},
				"south": {"uv": [5.5, 0, 7, 4], "texture": "#0"},
				"west": {"uv": [5.5, 4, 7, 8], "texture": "#0"},
				"up": {"uv": [13, 7.5, 11.5, 6], "texture": "#0"},
				"down": {"uv": [13, 7.5, 11.5, 9], "texture": "#0"}
			}
		},
		{
			"from": [5.5, 13, 5.5],
			"to": [6.5, 14, 10.5],
			"rotation": {"angle": 45, "axis": "y", "origin": [8, 12.5, 8]},
			"faces": {
				"north": {"uv": [0, 14.5, 0.5, 15], "texture": "#0"},
				"east": {"uv": [12.5, 11, 15, 11.5], "texture": "#0"},
				"south": {"uv": [0.5, 14.5, 1, 15], "texture": "#0"},
				"west": {"uv": [13, 3, 15.5, 3.5], "texture": "#0"},
				"up": {"uv": [13.5, 6, 13, 3.5], "texture": "#0"},
				"down": {"uv": [6, 13, 5.5, 15.5], "texture": "#0"}
			}
		},
		{
			"from": [6.5, 13, 9.5],
			"to": [9.5, 14, 10.5],
			"rotation": {"angle": 45, "axis": "y", "origin": [8, 12.5, 8]},
			"faces": {
				"north": {"uv": [4, 13.5, 5.5, 14], "texture": "#0"},
				"east": {"uv": [14.5, 0.5, 15, 1], "texture": "#0"},
				"south": {"uv": [13.5, 4.5, 15, 5], "texture": "#0"},
				"west": {"uv": [1, 14.5, 1.5, 15], "texture": "#0"},
				"up": {"uv": [15, 5.5, 13.5, 5], "texture": "#0"},
				"down": {"uv": [15, 5.5, 13.5, 6], "texture": "#0"}
			}
		},
		{
			"from": [9.5, 13, 5.5],
			"to": [10.5, 14, 10.5],
			"rotation": {"angle": 45, "axis": "y", "origin": [8, 12.5, 8]},
			"faces": {
				"north": {"uv": [14.5, 1, 15, 1.5], "texture": "#0"},
				"east": {"uv": [6, 13, 8.5, 13.5], "texture": "#0"},
				"south": {"uv": [1.5, 14.5, 2, 15], "texture": "#0"},
				"west": {"uv": [13, 6, 15.5, 6.5], "texture": "#0"},
				"up": {"uv": [13.5, 9, 13, 6.5], "texture": "#0"},
				"down": {"uv": [9, 13, 8.5, 15.5], "texture": "#0"}
			}
		},
		{
			"from": [6.5, 13, 5.5],
			"to": [9.5, 14, 6.5],
			"rotation": {"angle": 45, "axis": "y", "origin": [8, 12.5, 8]},
			"faces": {
				"north": {"uv": [6, 13.5, 7.5, 14], "texture": "#0"},
				"east": {"uv": [14.5, 1.5, 15, 2], "texture": "#0"},
				"south": {"uv": [13.5, 6.5, 15, 7], "texture": "#0"},
				"west": {"uv": [2, 14.5, 2.5, 15], "texture": "#0"},
				"up": {"uv": [15, 7.5, 13.5, 7], "texture": "#0"},
				"down": {"uv": [15, 7.5, 13.5, 8], "texture": "#0"}
			}
		},
		{
			"from": [6.6, -2.9, 6.6],
			"to": [9.4, -2.1, 9.4],
			"rotation": {"angle": 0, "axis": "y", "origin": [6.5, -6, 0]},
			"faces": {
				"north": {"uv": [13.5, 8, 15, 8.5], "texture": "#0"},
				"east": {"uv": [13.5, 8.5, 15, 9], "texture": "#0"},
				"south": {"uv": [13.5, 11.5, 15, 12], "texture": "#0"},
				"west": {"uv": [13.5, 12, 15, 12.5], "texture": "#0"},
				"up": {"uv": [10, 13, 8.5, 11.5], "texture": "#0"},
				"down": {"uv": [11.5, 11.5, 10, 13], "texture": "#0"}
			}
		},
		{
			"from": [6.6, 8.1, 6.6],
			"to": [9.4, 8.9, 9.4],
			"rotation": {"angle": 0, "axis": "y", "origin": [6.5, -6, 0]},
			"faces": {
				"north": {"uv": [13.5, 8, 15, 8.5], "texture": "#0"},
				"east": {"uv": [13.5, 8.5, 15, 9], "texture": "#0"},
				"south": {"uv": [13.5, 11.5, 15, 12], "texture": "#0"},
				"west": {"uv": [13.5, 12, 15, 12.5], "texture": "#0"},
				"up": {"uv": [10, 13, 8.5, 11.5], "texture": "#0"},
				"down": {"uv": [11.5, 11.5, 10, 13], "texture": "#0"}
			}
		},
		{
			"from": [6, -11.5, 8],
			"to": [10, -8.5, 8],
			"rotation": {"angle": 0, "axis": "y", "origin": [7, -6, 0]},
			"faces": {
				"north": {"uv": [9.5, 2, 11.5, 3.5], "texture": "#0"},
				"east": {"uv": [0, 0, 0, 1.5], "texture": "#0"},
				"south": {"uv": [9.5, 3.5, 11.5, 5], "texture": "#0"},
				"west": {"uv": [0, 0, 0, 1.5], "texture": "#0"},
				"up": {"uv": [2, 0, 0, 0], "texture": "#0"},
				"down": {"uv": [2, 0, 0, 0], "texture": "#0"}
			}
		},
		{
			"from": [8, -11.5, 6],
			"to": [8, -8.5, 10],
			"rotation": {"angle": 0, "axis": "y", "origin": [7, -6, 0]},
			"faces": {
				"north": {"uv": [0, 0, 0, 1.5], "texture": "#0"},
				"east": {"uv": [9.5, 5, 11.5, 6.5], "texture": "#0"},
				"south": {"uv": [0, 0, 0, 1.5], "texture": "#0"},
				"west": {"uv": [9.5, 6.5, 11.5, 8], "texture": "#0"},
				"up": {"uv": [0, 2, 0, 0], "texture": "#0"},
				"down": {"uv": [0, 0, 0, 2], "texture": "#0"}
			}
		},
		{
			"from": [7, -8, 7],
			"to": [9, 18, 9],
			"rotation": {"angle": 0, "axis": "y", "origin": [7, -6, 0]},
			"faces": {
				"north": {"uv": [0, 0, 1, 13], "texture": "#0"},
				"east": {"uv": [1, 0, 2, 13], "texture": "#0"},
				"south": {"uv": [2, 0, 3, 13], "texture": "#0"},
				"west": {"uv": [3, 0, 4, 13], "texture": "#0"},
				"up": {"uv": [10, 14, 9, 13], "texture": "#0"},
				"down": {"uv": [14, 9, 13, 10], "texture": "#0"}
			}
		},
		{
			"from": [6.5, 16, 6],
			"to": [9.5, 20, 10],
			"rotation": {"angle": -45, "axis": "x", "origin": [8, 18, 8]},
			"faces": {
				"north": {"uv": [4, 10, 5.5, 12], "texture": "#0"},
				"east": {"uv": [4, 8, 6, 10], "texture": "#0"},
				"south": {"uv": [5.5, 10, 7, 12], "texture": "#0"},
				"west": {"uv": [6, 8, 8, 10], "texture": "#0"},
				"up": {"uv": [8.5, 12, 7, 10], "texture": "#0"},
				"down": {"uv": [11.5, 8, 10, 10], "texture": "#0"}
			}
		},
		{
			"from": [7.5, 15, 6],
			"to": [8.5, 18, 10],
			"rotation": {"angle": 22.5, "axis": "x", "origin": [8, 21, 8]},
			"faces": {
				"north": {"uv": [7.5, 13.5, 8, 15], "texture": "#0"},
				"east": {"uv": [8.5, 10, 10.5, 11.5], "texture": "#0"},
				"south": {"uv": [8, 13.5, 8.5, 15], "texture": "#0"},
				"west": {"uv": [10.5, 10, 12.5, 11.5], "texture": "#0"},
				"up": {"uv": [10.5, 15, 10, 13], "texture": "#0"},
				"down": {"uv": [11, 13, 10.5, 15], "texture": "#0"}
			}
		},
		{
			"from": [8, 16.0461, -1.44834],
			"to": [8, 20.0461, 3.55166],
			"rotation": {"angle": -22.5, "axis": "x", "origin": [8, 23.2961, 7.55166]},
			"faces": {
				"north": {"uv": [0, 0, 0, 2], "texture": "#0"},
				"east": {"uv": [7, 0, 9.5, 2], "texture": "#0"},
				"south": {"uv": [0, 0, 0, 2], "texture": "#0"},
				"west": {"uv": [7, 2, 9.5, 4], "texture": "#0"},
				"up": {"uv": [0, 2.5, 0, 0], "texture": "#0"},
				"down": {"uv": [0, 0, 0, 2.5], "texture": "#0"}
			}
		},
		{
			"from": [7.5, 15, 6],
			"to": [8.5, 18, 10],
			"rotation": {"angle": -22.5, "axis": "x", "origin": [8, 21, 8]},
			"faces": {
				"north": {"uv": [14, 0.5, 14.5, 2], "texture": "#0"},
				"east": {"uv": [11.5, 0, 13.5, 1.5], "texture": "#0"},
				"south": {"uv": [4, 14, 4.5, 15.5], "texture": "#0"},
				"west": {"uv": [11.5, 1.5, 13.5, 3], "texture": "#0"},
				"up": {"uv": [11.5, 15, 11, 13], "texture": "#0"},
				"down": {"uv": [12, 13, 11.5, 15], "texture": "#0"}
			}
		},
		{
			"from": [8, 16.2961, 12.44834],
			"to": [8, 20.2961, 17.44834],
			"rotation": {"angle": 22.5, "axis": "x", "origin": [8, 23.2961, 8.44834]},
			"faces": {
				"north": {"uv": [0, 0, 0, 2], "texture": "#0"},
				"east": {"uv": [7, 4, 9.5, 6], "texture": "#0"},
				"south": {"uv": [0, 0, 0, 2], "texture": "#0"},
				"west": {"uv": [7, 6, 9.5, 8], "texture": "#0"},
				"up": {"uv": [0, 2.5, 0, 0], "texture": "#0"},
				"down": {"uv": [0, 0, 0, 2.5], "texture": "#0"}
			}
		},
		{
			"from": [7.5, 18, 6],
			"to": [8.5, 22, 10],
			"rotation": {"angle": 0, "axis": "y", "origin": [8, 16, 8]},
			"faces": {
				"north": {"uv": [13, 11.5, 13.5, 13.5], "texture": "#0"},
				"east": {"uv": [8, 8, 10, 10], "texture": "#0"},
				"south": {"uv": [12, 13, 12.5, 15], "texture": "#0"},
				"west": {"uv": [9.5, 0, 11.5, 2], "texture": "#0"},
				"up": {"uv": [13, 15, 12.5, 13], "texture": "#0"},
				"down": {"uv": [14, 0, 13.5, 2], "texture": "#0"}
			}
		},
		{
			"from": [7.6, 21.13099, 8.46883],
			"to": [8.4, 23.93099, 10.26883],
			"rotation": {"angle": 22.5, "axis": "x", "origin": [8, 27.41994, 9.36883]},
			"faces": {
				"north": {"uv": [4.5, 14, 5, 15.5], "texture": "#0"},
				"east": {"uv": [0, 13, 1, 14.5], "texture": "#0"},
				"south": {"uv": [5, 14, 5.5, 15.5], "texture": "#0"},
				"west": {"uv": [1, 13, 2, 14.5], "texture": "#0"},
				"up": {"uv": [7.5, 15, 7, 14], "texture": "#0"},
				"down": {"uv": [9.5, 14, 9, 15], "texture": "#0"}
			}
		},
		{
			"from": [7.7, 21.23099, 5.83117],
			"to": [8.3, 23.83099, 7.43117],
			"rotation": {"angle": -22.5, "axis": "x", "origin": [8, 27.41994, 6.63117]},
			"faces": {
				"north": {"uv": [6, 14, 6.5, 15.5], "texture": "#0"},
				"east": {"uv": [2, 13, 3, 14.5], "texture": "#0"},
				"south": {"uv": [6.5, 14, 7, 15.5], "texture": "#0"},
				"west": {"uv": [3, 13, 4, 14.5], "texture": "#0"},
				"up": {"uv": [14.5, 10, 14, 9], "texture": "#0"},
				"down": {"uv": [10, 14, 9.5, 15], "texture": "#0"}
			}
		},
		{
			"from": [7.5, 25.13099, 7.63117],
			"to": [8.5, 27.13099, 9.63117],
			"rotation": {"angle": 45, "axis": "x", "origin": [8, 26.13099, 6.63117]},
			"faces": {
				"north": {"uv": [14, 10, 14.5, 11], "texture": "#0"},
				"east": {"uv": [13.5, 2, 14.5, 3], "texture": "#0"},
				"south": {"uv": [13, 14, 13.5, 15], "texture": "#0"},
				"west": {"uv": [13.5, 3.5, 14.5, 4.5], "texture": "#0"},
				"up": {"uv": [14, 15, 13.5, 14], "texture": "#0"},
				"down": {"uv": [14.5, 14, 14, 15], "texture": "#0"}
			}
		}
	],
	"gui_light": "front",
	"display": {
		"thirdperson_righthand": {
			"translation": [0, 2.5, 1.75],
			"scale": [0.8, 0.8, 0.8]
		},
		"thirdperson_lefthand": {
			"translation": [0, 2.5, 1.75],
			"scale": [0.8, 0.8, 0.8]
		},
		"firstperson_righthand": {
			"translation": [1.75, 1, 0],
			"scale": [0.4, 0.4, 0.4]
		},
		"firstperson_lefthand": {
			"translation": [1.75, 1, 0],
			"scale": [0.4, 0.4, 0.4]
		},
		"ground": {
			"rotation": [54, 0, 0],
			"translation": [0, 1.75, 0],
			"scale": [0.4, 0.4, 0.4]
		},
		"gui": {
			"rotation": [90, 43, -90],
			"scale": [0.5, 0.5, 0.5]
		},
		"head": {
			"translation": [0, -12.75, 0],
			"scale": [1.6, 1.6, 1.6]
		},
		"fixed": {
			"rotation": [-90, 42.25, 90],
			"translation": [-2, 1.75, -1]
		}
	},
	"groups": [
		{
			"name": "root",
			"origin": [8, 8, 8],
			"color": 0,
			"children": [
				0,
				1,
				{
					"name": "group",
					"origin": [6.5, -6, 0],
					"color": 0,
					"children": [2, 3, 4, 5]
				},
				6,
				7,
				8,
				9,
				10,
				11,
				12,
				13,
				14,
				15,
				16,
				17,
				18,
				19
			]
		}
	]
}