{
	"textures": {
		"0": "item/crates/ocean21_crate/crab_pickaxe"
	},
	"elements": [
		{
			"from": [6.4, 0.9, 7.4],
			"to": [9.6, 4.1, 9.6],
			"rotation": {"angle": 45, "axis": "z", "origin": [8, 2.5, 8.5]},
			"faces": {
				"north": {"uv": [2.5, 13, 3.25, 13.75], "texture": "#0"},
				"east": {"uv": [2, 13, 2.5, 13.75], "texture": "#0"},
				"south": {"uv": [3.75, 13, 4.5, 13.75], "texture": "#0"},
				"west": {"uv": [3.25, 13, 3.75, 13.75], "texture": "#0"},
				"up": {"uv": [3.25, 13, 2.5, 12.5], "texture": "#0"},
				"down": {"uv": [4, 12.5, 3.25, 13], "texture": "#0"}
			}
		},
		{
			"from": [5.5, 0, 8.5],
			"to": [10.5, 5, 8.5],
			"rotation": {"angle": 45, "axis": "z", "origin": [8, 2.5, 8.5]},
			"faces": {
				"north": {"uv": [6.75, 12.5, 8, 13.75], "texture": "#0"},
				"east": {"uv": [6.75, 12.5, 6.75, 13.75], "texture": "#0"},
				"south": {"uv": [8, 12.5, 9.25, 13.75], "texture": "#0"},
				"west": {"uv": [8, 12.5, 8, 13.75], "texture": "#0"},
				"up": {"uv": [8, 12.5, 6.75, 12.5], "texture": "#0"},
				"down": {"uv": [9.25, 12.5, 8, 12.5], "texture": "#0"}
			}
		},
		{
			"from": [6.5, 4, 7],
			"to": [9.5, 6, 10],
			"rotation": {"angle": 0, "axis": "y", "origin": [7.5, 4, 0]},
			"faces": {
				"north": {"uv": [0.75, 7.25, 1.5, 7.75], "texture": "#0"},
				"east": {"uv": [0, 7.25, 0.75, 7.75], "texture": "#0"},
				"south": {"uv": [2.25, 7.25, 3, 7.75], "texture": "#0"},
				"west": {"uv": [1.5, 7.25, 2.25, 7.75], "texture": "#0"},
				"up": {"uv": [1.5, 7.25, 0.75, 6.5], "texture": "#0"},
				"down": {"uv": [2.25, 6.5, 1.5, 7.25], "texture": "#0"}
			}
		},
		{
			"from": [6, 19, 6.5],
			"to": [10, 24, 10.5],
			"rotation": {"angle": 0, "axis": "y", "origin": [7, 6, 0]},
			"faces": {
				"north": {"uv": [1, 1, 2, 2.25], "texture": "#0"},
				"east": {"uv": [0, 1, 1, 2.25], "texture": "#0"},
				"south": {"uv": [3, 1, 4, 2.25], "texture": "#0"},
				"west": {"uv": [2, 1, 3, 2.25], "texture": "#0"},
				"up": {"uv": [2, 1, 1, 0], "texture": "#0"},
				"down": {"uv": [3, 0, 2, 1], "texture": "#0"}
			}
		},
		{
			"from": [7.45, 19.7, 7.2],
			"to": [14.05, 23.3, 9.8],
			"rotation": {"angle": 0, "axis": "y", "origin": [16, 23.5, 8]},
			"faces": {
				"north": {"uv": [2.75, 11.5, 4.5, 12.5], "texture": "#0"},
				"east": {"uv": [2, 11.5, 2.75, 12.5], "texture": "#0"},
				"south": {"uv": [5.25, 11.5, 7, 12.5], "texture": "#0"},
				"west": {"uv": [4.5, 11.5, 5.25, 12.5], "texture": "#0"},
				"up": {"uv": [4.5, 11.5, 2.75, 10.75], "texture": "#0"},
				"down": {"uv": [6.25, 10.75, 4.5, 11.5], "texture": "#0"}
			}
		},
		{
			"from": [11, 21.25, 7],
			"to": [16, 25.25, 10],
			"rotation": {"angle": 22.5, "axis": "z", "origin": [14.25, 24, 8]},
			"faces": {
				"north": {"uv": [4.75, 0.75, 6, 1.75], "texture": "#0"},
				"east": {"uv": [4, 0.75, 4.75, 1.75], "texture": "#0"},
				"south": {"uv": [6.75, 0.75, 8, 1.75], "texture": "#0"},
				"west": {"uv": [6, 0.75, 6.75, 1.75], "texture": "#0"},
				"up": {"uv": [6, 0.75, 4.75, 0], "texture": "#0"},
				"down": {"uv": [7.25, 0, 6, 0.75], "texture": "#0"}
			}
		},
		{
			"from": [11.25, 18.75, 8],
			"to": [16.25, 20.75, 9],
			"rotation": {"angle": -22.5, "axis": "z", "origin": [13.75, 19.75, 8]},
			"faces": {
				"north": {"uv": [5.5, 6.75, 6.75, 7.25], "texture": "#0"},
				"east": {"uv": [5.25, 6.75, 5.5, 7.25], "texture": "#0"},
				"south": {"uv": [7, 6.75, 8.25, 7.25], "texture": "#0"},
				"west": {"uv": [6.75, 6.75, 7, 7.25], "texture": "#0"},
				"up": {"uv": [6.75, 6.75, 5.5, 6.5], "texture": "#0"},
				"down": {"uv": [8, 6.5, 6.75, 6.75], "texture": "#0"}
			}
		},
		{
			"from": [14.25, 20.5, 8.5],
			"to": [21.25, 25.5, 8.5],
			"rotation": {"angle": -22.5, "axis": "z", "origin": [14.25, 24, 8]},
			"faces": {
				"north": {"uv": [5.5, 5.25, 7.25, 6.5], "texture": "#0"},
				"east": {"uv": [5.5, 5.25, 5.5, 6.5], "texture": "#0"},
				"south": {"uv": [7.25, 5.25, 9, 6.5], "texture": "#0"},
				"west": {"uv": [7.25, 5.25, 7.25, 6.5], "texture": "#0"},
				"up": {"uv": [7.25, 5.25, 5.5, 5.25], "texture": "#0"},
				"down": {"uv": [9, 5.25, 7.25, 5.25], "texture": "#0"}
			}
		},
		{
			"from": [15.25, 22.5, 7.5],
			"to": [21.25, 25.5, 9.5],
			"rotation": {"angle": -22.5, "axis": "z", "origin": [14.25, 24, 8]},
			"faces": {
				"north": {"uv": [5.75, 2.25, 7.25, 3], "texture": "#0"},
				"east": {"uv": [5.25, 2.25, 5.75, 3], "texture": "#0"},
				"south": {"uv": [7.75, 2.25, 9.25, 3], "texture": "#0"},
				"west": {"uv": [7.25, 2.25, 7.75, 3], "texture": "#0"},
				"up": {"uv": [7.25, 2.25, 5.75, 1.75], "texture": "#0"},
				"down": {"uv": [8.75, 1.75, 7.25, 2.25], "texture": "#0"}
			}
		},
		{
			"from": [18.5, 18.75, 8.5],
			"to": [22.5, 22.75, 8.5],
			"rotation": {"angle": 0, "axis": "y", "origin": [14.25, 24, 8]},
			"faces": {
				"north": {"uv": [5, 7.25, 6, 8.25], "texture": "#0"},
				"east": {"uv": [5, 7.25, 5, 8.25], "texture": "#0"},
				"south": {"uv": [6, 7.25, 7, 8.25], "texture": "#0"},
				"west": {"uv": [6, 7.25, 6, 8.25], "texture": "#0"},
				"up": {"uv": [6, 7.25, 5, 7.25], "texture": "#0"},
				"down": {"uv": [7, 7.25, 6, 7.25], "texture": "#0"}
			}
		},
		{
			"from": [1.95, 19.7, 7.2],
			"to": [8.55, 23.3, 9.8],
			"shade": false,
			"rotation": {"angle": 0, "axis": "y", "origin": [0, 23.5, 8]},
			"faces": {
				"north": {"uv": [4.5, 11.5, 2.75, 12.5], "texture": "#0"},
				"east": {"uv": [5.25, 11.5, 4.5, 12.5], "texture": "#0"},
				"south": {"uv": [7, 11.5, 5.25, 12.5], "texture": "#0"},
				"west": {"uv": [2.75, 11.5, 2, 12.5], "texture": "#0"},
				"up": {"uv": [2.75, 11.5, 4.5, 10.75], "texture": "#0"},
				"down": {"uv": [4.5, 10.75, 6.25, 11.5], "texture": "#0"}
			}
		},
		{
			"from": [0, 21.25, 7],
			"to": [5, 25.25, 10],
			"shade": false,
			"rotation": {"angle": -22.5, "axis": "z", "origin": [1.75, 24, 8]},
			"faces": {
				"north": {"uv": [6, 0.75, 4.75, 1.75], "texture": "#0"},
				"east": {"uv": [6.75, 0.75, 6, 1.75], "texture": "#0"},
				"south": {"uv": [8, 0.75, 6.75, 1.75], "texture": "#0"},
				"west": {"uv": [4.75, 0.75, 4, 1.75], "texture": "#0"},
				"up": {"uv": [4.75, 0.75, 6, 0], "texture": "#0"},
				"down": {"uv": [6, 0, 7.25, 0.75], "texture": "#0"}
			}
		},
		{
			"from": [-0.25, 18.75, 8],
			"to": [4.75, 20.75, 9],
			"shade": false,
			"rotation": {"angle": 22.5, "axis": "z", "origin": [2.25, 19.75, 8]},
			"faces": {
				"north": {"uv": [6.75, 6.75, 5.5, 7.25], "texture": "#0"},
				"east": {"uv": [7, 6.75, 6.75, 7.25], "texture": "#0"},
				"south": {"uv": [8.25, 6.75, 7, 7.25], "texture": "#0"},
				"west": {"uv": [5.5, 6.75, 5.25, 7.25], "texture": "#0"},
				"up": {"uv": [5.5, 6.75, 6.75, 6.5], "texture": "#0"},
				"down": {"uv": [6.75, 6.5, 8, 6.75], "texture": "#0"}
			}
		},
		{
			"from": [-5.25, 20.5, 8.5],
			"to": [1.75, 25.5, 8.5],
			"shade": false,
			"rotation": {"angle": 22.5, "axis": "z", "origin": [1.75, 24, 8]},
			"faces": {
				"north": {"uv": [7.25, 5.25, 5.5, 6.5], "texture": "#0"},
				"east": {"uv": [7.25, 5.25, 7.25, 6.5], "texture": "#0"},
				"south": {"uv": [9, 5.25, 7.25, 6.5], "texture": "#0"},
				"west": {"uv": [5.5, 5.25, 5.5, 6.5], "texture": "#0"},
				"up": {"uv": [5.5, 5.25, 7.25, 5.25], "texture": "#0"},
				"down": {"uv": [7.25, 5.25, 9, 5.25], "texture": "#0"}
			}
		},
		{
			"from": [-5.25, 22.5, 7.5],
			"to": [0.75, 25.5, 9.5],
			"shade": false,
			"rotation": {"angle": 22.5, "axis": "z", "origin": [1.75, 24, 8]},
			"faces": {
				"north": {"uv": [7.25, 2.25, 5.75, 3], "texture": "#0"},
				"east": {"uv": [7.75, 2.25, 7.25, 3], "texture": "#0"},
				"south": {"uv": [9.25, 2.25, 7.75, 3], "texture": "#0"},
				"west": {"uv": [5.75, 2.25, 5.25, 3], "texture": "#0"},
				"up": {"uv": [5.75, 2.25, 7.25, 1.75], "texture": "#0"},
				"down": {"uv": [7.25, 1.75, 8.75, 2.25], "texture": "#0"}
			}
		},
		{
			"from": [-6.5, 18.75, 8.5],
			"to": [-2.5, 22.75, 8.5],
			"shade": false,
			"rotation": {"angle": 0, "axis": "y", "origin": [1.75, 24, 8]},
			"faces": {
				"north": {"uv": [6, 7.25, 5, 8.25], "texture": "#0"},
				"east": {"uv": [6, 7.25, 6, 8.25], "texture": "#0"},
				"south": {"uv": [7, 7.25, 6, 8.25], "texture": "#0"},
				"west": {"uv": [5, 7.25, 5, 8.25], "texture": "#0"},
				"up": {"uv": [5, 7.25, 6, 7.25], "texture": "#0"},
				"down": {"uv": [6, 7.25, 7, 7.25], "texture": "#0"}
			}
		},
		{
			"from": [7, 3, 7.5],
			"to": [9, 19, 9.5],
			"rotation": {"angle": 0, "axis": "y", "origin": [7, 2, 0]},
			"faces": {
				"north": {"uv": [0.5, 2.75, 1, 6.75], "texture": "#0"},
				"east": {"uv": [0, 2.75, 0.5, 6.75], "texture": "#0"},
				"south": {"uv": [1.5, 2.75, 2, 6.75], "texture": "#0"},
				"west": {"uv": [1, 2.75, 1.5, 6.75], "texture": "#0"},
				"up": {"uv": [1, 2.75, 0.5, 2.25], "texture": "#0"},
				"down": {"uv": [1.5, 2.25, 1, 2.75], "texture": "#0"}
			}
		},
		{
			"from": [6.7, 5.7, 7.2],
			"to": [9.3, 13.3, 9.8],
			"rotation": {"angle": 0, "axis": "y", "origin": [7, 4, 0]},
			"faces": {
				"north": {"uv": [6.5, 3.5, 7, 5.25], "texture": "#0"},
				"east": {"uv": [6, 3.5, 6.5, 5.25], "texture": "#0"},
				"south": {"uv": [7.5, 3.5, 8, 5.25], "texture": "#0"},
				"west": {"uv": [7, 3.5, 7.5, 5.25], "texture": "#0"},
				"up": {"uv": [7, 3.5, 6.5, 3], "texture": "#0"},
				"down": {"uv": [7.5, 3, 7, 3.5], "texture": "#0"}
			}
		},
		{
			"from": [6.7, 16.2, 7.2],
			"to": [9.3, 17.3, 9.8],
			"rotation": {"angle": 0, "axis": "y", "origin": [7, 4, 0]},
			"faces": {
				"north": {"uv": [6.5, 3.75, 7, 3.75], "texture": "#0"},
				"east": {"uv": [6, 3.75, 6.5, 3.75], "texture": "#0"},
				"south": {"uv": [7.5, 3.75, 8, 3.75], "texture": "#0"},
				"west": {"uv": [7, 3.75, 7.5, 3.75], "texture": "#0"},
				"up": {"uv": [7, 3.75, 6.5, 3.25], "texture": "#0"},
				"down": {"uv": [7.5, 3.25, 7, 3.75], "texture": "#0"}
			}
		},
		{
			"from": [6.7, 14.2, 7.2],
			"to": [9.3, 15.3, 9.8],
			"rotation": {"angle": 0, "axis": "y", "origin": [7, 4, 0]},
			"faces": {
				"north": {"uv": [6.5, 3.75, 7, 3.75], "texture": "#0"},
				"east": {"uv": [6, 3.75, 6.5, 3.75], "texture": "#0"},
				"south": {"uv": [7.5, 3.75, 8, 3.75], "texture": "#0"},
				"west": {"uv": [7, 3.75, 7.5, 3.75], "texture": "#0"},
				"up": {"uv": [7, 3.75, 6.5, 3.25], "texture": "#0"},
				"down": {"uv": [7.5, 3.25, 7, 3.75], "texture": "#0"}
			}
		}
	],
	"gui_light": "front",
	"display": {
		"thirdperson_righthand": {
			"rotation": [0, 90, 0],
			"translation": [0, -3, 1.75],
			"scale": [0.7, 0.7, 0.7]
		},
		"thirdperson_lefthand": {
			"rotation": [0, 90, 0],
			"translation": [0, -3, 1.75],
			"scale": [0.7, 0.7, 0.7]
		},
		"firstperson_righthand": {
			"rotation": [-18, 92, 5],
			"translation": [1.75, -4, 0],
			"scale": [0.5, 0.5, 0.5]
		},
		"firstperson_lefthand": {
			"rotation": [-18, 92, 5],
			"translation": [1.75, -4, 0],
			"scale": [0.5, 0.5, 0.5]
		},
		"ground": {
			"rotation": [0, 0, -45],
			"translation": [-3, 0, 0],
			"scale": [0.4, 0.4, 0.4]
		},
		"gui": {
			"rotation": [0, 0, 51],
			"translation": [3, -2.75, 0],
			"scale": [0.5, 0.5, 0.5]
		},
		"head": {
			"translation": [0, -30, -0.75],
			"scale": [1.6, 1.6, 1.6]
		},
		"fixed": {
			"rotation": [0, 0, 45],
			"translation": [5.5, -5.75, -2.75]
		}
	},
	"groups": [
		{
			"name": "root",
			"origin": [8, 8, 8],
			"color": 0,
			"children": [
				0,
				1,
				2,
				3,
				{
					"name": "group",
					"origin": [15, 20, 8],
					"color": 0,
					"children": [4, 5, 6, 7, 8, 9]
				},
				{
					"name": "group",
					"origin": [15, 20, 8],
					"color": 0,
					"children": [10, 11, 12, 13, 14, 15]
				},
				16,
				17,
				18,
				19
			]
		}
	]
}