{
	"textures": {
		"0": "item/crates/ocean21_crate/penguin"
	},
	"elements": [
		{
			"from": [4, 1, 6],
			"to": [12, 14, 11],
			"rotation": {"angle": 0, "axis": "y", "origin": [8, 0, 0]},
			"faces": {
				"north": {"uv": [1.25, 1.25, 3.25, 4.5], "texture": "#0"},
				"east": {"uv": [0, 1.25, 1.25, 4.5], "texture": "#0"},
				"south": {"uv": [4.5, 1.25, 6.5, 4.5], "texture": "#0"},
				"west": {"uv": [3.25, 1.25, 4.5, 4.5], "texture": "#0"},
				"up": {"uv": [3.25, 1.25, 1.25, 0], "texture": "#0"},
				"down": {"uv": [5.25, 0, 3.25, 1.25], "texture": "#0"}
			}
		},
		{
			"from": [5, 14, 5.5],
			"to": [11, 19, 11.5],
			"rotation": {"angle": 0, "axis": "y", "origin": [7, 0, 0]},
			"faces": {
				"north": {"uv": [1.5, 6, 3, 7.25], "texture": "#0"},
				"east": {"uv": [0, 6, 1.5, 7.25], "texture": "#0"},
				"south": {"uv": [4.5, 6, 6, 7.25], "texture": "#0"},
				"west": {"uv": [3, 6, 4.5, 7.25], "texture": "#0"},
				"up": {"uv": [3, 6, 1.5, 4.5], "texture": "#0"},
				"down": {"uv": [4.5, 4.5, 3, 6], "texture": "#0"}
			}
		},
		{
			"from": [7, 14.5, 3],
			"to": [9, 16.5, 7],
			"rotation": {"angle": 0, "axis": "y", "origin": [8, 15.5, -3]},
			"faces": {
				"north": {"uv": [8.5, 6.75, 9, 7.25], "texture": "#0"},
				"east": {"uv": [7.5, 6.75, 8.5, 7.25], "texture": "#0"},
				"south": {"uv": [10, 6.75, 10.5, 7.25], "texture": "#0"},
				"west": {"uv": [9, 6.75, 10, 7.25], "texture": "#0"},
				"up": {"uv": [9, 6.75, 8.5, 5.75], "texture": "#0"},
				"down": {"uv": [9.5, 5.75, 9, 6.75], "texture": "#0"}
			}
		},
		{
			"from": [3, 4, 6.5],
			"to": [4, 13, 10.5],
			"rotation": {"angle": -22.5, "axis": "z", "origin": [4, 13, 8.5]},
			"faces": {
				"north": {"uv": [7.5, 1, 7.75, 3.25], "texture": "#0"},
				"east": {"uv": [6.5, 1, 7.5, 3.25], "texture": "#0"},
				"south": {"uv": [8.75, 1, 9, 3.25], "texture": "#0"},
				"west": {"uv": [7.75, 1, 8.75, 3.25], "texture": "#0"},
				"up": {"uv": [7.75, 1, 7.5, 0], "texture": "#0"},
				"down": {"uv": [8, 0, 7.75, 1], "texture": "#0"}
			}
		},
		{
			"from": [12, 4, 6.5],
			"to": [13, 13, 10.5],
			"shade": false,
			"rotation": {"angle": 22.5, "axis": "z", "origin": [12, 13, 8.5]},
			"faces": {
				"north": {"uv": [7.75, 1, 7.5, 3.25], "texture": "#0"},
				"east": {"uv": [8.75, 1, 7.75, 3.25], "texture": "#0"},
				"south": {"uv": [9, 1, 8.75, 3.25], "texture": "#0"},
				"west": {"uv": [7.5, 1, 6.5, 3.25], "texture": "#0"},
				"up": {"uv": [7.5, 1, 7.75, 0], "texture": "#0"},
				"down": {"uv": [7.75, 0, 8, 1], "texture": "#0"}
			}
		},
		{
			"from": [3, 0, 4],
			"to": [6, 1, 9],
			"rotation": {"angle": 0, "axis": "y", "origin": [5.5, 0.5, -2]},
			"faces": {
				"north": {"uv": [6, 8, 6.75, 8.25], "texture": "#0"},
				"east": {"uv": [4.75, 8, 6, 8.25], "texture": "#0"},
				"south": {"uv": [8, 8, 8.75, 8.25], "texture": "#0"},
				"west": {"uv": [6.75, 8, 8, 8.25], "texture": "#0"},
				"up": {"uv": [6.75, 8, 6, 6.75], "texture": "#0"},
				"down": {"uv": [7.5, 6.75, 6.75, 8], "texture": "#0"}
			}
		},
		{
			"from": [10, 0, 4],
			"to": [13, 1, 9],
			"shade": false,
			"rotation": {"angle": 0, "axis": "y", "origin": [10.5, 0.5, -2]},
			"faces": {
				"north": {"uv": [6.75, 8, 6, 8.25], "texture": "#0"},
				"east": {"uv": [8, 8, 6.75, 8.25], "texture": "#0"},
				"south": {"uv": [8.75, 8, 8, 8.25], "texture": "#0"},
				"west": {"uv": [6, 8, 4.75, 8.25], "texture": "#0"},
				"up": {"uv": [6, 8, 6.75, 6.75], "texture": "#0"},
				"down": {"uv": [6.75, 6.75, 7.5, 8], "texture": "#0"}
			}
		}
	],
	"gui_light": "front",
	"display": {
		"thirdperson_righthand": {
			"rotation": [60, 0, 0],
			"scale": [0.5, 0.5, 0.5]
		},
		"thirdperson_lefthand": {
			"rotation": [60, 0, 0],
			"scale": [0.5, 0.5, 0.5]
		},
		"firstperson_righthand": {
			"rotation": [0, 121, 0],
			"scale": [0.5, 0.5, 0.5]
		},
		"firstperson_lefthand": {
			"rotation": [0, 121, 0],
			"scale": [0.5, 0.5, 0.5]
		},
		"ground": {
			"rotation": [90, 0, 0],
			"scale": [0.5, 0.5, 0.5]
		},
		"gui": {
			"rotation": [30, -145, 0],
			"translation": [0, -0.75, 0],
			"scale": [0.7, 0.7, 0.7]
		},
		"fixed": {
			"translation": [0, -1.5, -1.75]
		}
	},
	"groups": [
		{
			"name": "root",
			"origin": [0, 0, 0],
			"color": 0,
			"boneType": "",
			"children": [
				0,
				{
					"name": "head",
					"origin": [0, 14.5, 1],
					"color": 0,
					"boneType": "",
					"children": [1, 2]
				},
				{
					"name": "arm1",
					"origin": [-4, 13, 0.5],
					"color": 0,
					"boneType": "",
					"children": [3]
				},
				{
					"name": "arm2",
					"origin": [4, 13, 0.5],
					"color": 0,
					"boneType": "",
					"children": [4]
				},
				{
					"name": "leg1",
					"origin": [-2.5, 0.5, 1],
					"color": 0,
					"boneType": "",
					"children": [5]
				},
				{
					"name": "leg2",
					"origin": [2.5, 0.5, 1],
					"color": 0,
					"boneType": "",
					"children": [6]
				}
			]
		}
	]
}