{
	"textures": {
		"0": "item/crates/ocean21_crate/scuba_goggles"
	},
	"elements": [
		{
			"from": [11.5, 4, 3.25],
			"to": [12.5, 9, 4.25],
			"faces": {
				"north": {"uv": [5.25, 2.75, 5.5, 4], "texture": "#0"},
				"east": {"uv": [5, 2.75, 5.25, 4], "texture": "#0"},
				"south": {"uv": [5.75, 2.75, 6, 4], "texture": "#0"},
				"west": {"uv": [5.5, 2.75, 5.75, 4], "texture": "#0"},
				"up": {"uv": [5.5, 2.75, 5.25, 2.5], "texture": "#0"},
				"down": {"uv": [5.75, 2.5, 5.5, 2.75], "texture": "#0"}
			}
		},
		{
			"from": [3.5, 6, 4.25],
			"to": [3.5, 8, 12.25],
			"faces": {
				"north": {"uv": [2, 2, 4.25, 2.5], "texture": "#0"},
				"east": {"uv": [0, 2, 2, 2.5], "texture": "#0"},
				"south": {"uv": [6.25, 2, 8.5, 2.5], "texture": "#0"},
				"west": {"uv": [4.25, 2, 6.25, 2.5], "texture": "#0"},
				"up": {"uv": [4.25, 2, 2, 0], "texture": "#0"},
				"down": {"uv": [6.5, 0, 4.25, 2], "texture": "#0"}
			}
		},
		{
			"from": [3.5, 6, 12.25],
			"to": [12.5, 8, 12.25],
			"faces": {
				"north": {"uv": [6.25, 2, 8.5, 2.5], "texture": "#0"},
				"east": {"uv": [0, 2, 2, 2.5], "texture": "#0"},
				"south": {"uv": [6.25, 2, 8.5, 2.5], "texture": "#0"},
				"west": {"uv": [4.25, 2, 6.25, 2.5], "texture": "#0"},
				"up": {"uv": [4.25, 2, 2, 0], "texture": "#0"},
				"down": {"uv": [6.5, 0, 4.25, 2], "texture": "#0"}
			}
		},
		{
			"from": [12.5, 6, 4.25],
			"to": [12.5, 8, 12.25],
			"faces": {
				"north": {"uv": [2, 2, 4.25, 2.5], "texture": "#0"},
				"east": {"uv": [0, 2, 2, 2.5], "texture": "#0"},
				"south": {"uv": [6.25, 2, 8.5, 2.5], "texture": "#0"},
				"west": {"uv": [4.25, 2, 6.25, 2.5], "texture": "#0"},
				"up": {"uv": [4.25, 2, 2, 0], "texture": "#0"},
				"down": {"uv": [6.5, 0, 4.25, 2], "texture": "#0"}
			}
		},
		{
			"from": [2.9, 5.75, 6.25],
			"to": [3.9, 12.75, 8.25],
			"faces": {
				"north": {"uv": [4, 5.5, 4.25, 7.25], "texture": "#0"},
				"east": {"uv": [3.5, 5.5, 4, 7.25], "texture": "#0"},
				"south": {"uv": [4.75, 5.5, 5, 7.25], "texture": "#0"},
				"west": {"uv": [4.25, 5.5, 4.75, 7.25], "texture": "#0"},
				"up": {"uv": [4.25, 5.5, 4, 5], "texture": "#0"},
				"down": {"uv": [4.5, 5, 4.25, 5.5], "texture": "#0"}
			}
		},
		{
			"from": [3.65, 9.75, 3.25],
			"to": [3.65, 21.75, 11.25],
			"faces": {
				"north": {"uv": [10.25, 7, 10.25, 10], "texture": "#0"},
				"east": {"uv": [8.25, 7, 10.25, 10], "texture": "#0"},
				"south": {"uv": [12.25, 7, 12.25, 10], "texture": "#0"},
				"west": {"uv": [10.25, 7, 12.25, 10], "texture": "#0"},
				"up": {"uv": [10.25, 7, 10.25, 5], "texture": "#0"},
				"down": {"uv": [10.25, 5, 10.25, 7], "texture": "#0"}
			}
		},
		{
			"from": [3.5, 4, 3.25],
			"to": [4.5, 9, 4.25],
			"rotation": {"angle": 0, "axis": "y", "origin": [16, 0, 0]},
			"faces": {
				"north": {"uv": [0.25, 2.75, 0.5, 4], "texture": "#0"},
				"east": {"uv": [0, 2.75, 0.25, 4], "texture": "#0"},
				"south": {"uv": [0.75, 2.75, 1, 4], "texture": "#0"},
				"west": {"uv": [0.5, 2.75, 0.75, 4], "texture": "#0"},
				"up": {"uv": [0.5, 2.75, 0.25, 2.5], "texture": "#0"},
				"down": {"uv": [0.75, 2.5, 0.5, 2.75], "texture": "#0"}
			}
		},
		{
			"from": [4.5, 8, 3.25],
			"to": [11.5, 9, 4.25],
			"faces": {
				"north": {"uv": [0.25, 5.25, 2, 5.5], "texture": "#0"},
				"east": {"uv": [0, 5.25, 0.25, 5.5], "texture": "#0"},
				"south": {"uv": [2.25, 5.25, 4, 5.5], "texture": "#0"},
				"west": {"uv": [2, 5.25, 2.25, 5.5], "texture": "#0"},
				"up": {"uv": [2, 5.25, 0.25, 5], "texture": "#0"},
				"down": {"uv": [3.75, 5, 2, 5.25], "texture": "#0"}
			}
		},
		{
			"from": [4, 4.5, 3.75],
			"to": [12, 8.5, 3.75],
			"rotation": {"angle": 0, "axis": "y", "origin": [-0.5, 0, 0]},
			"faces": {
				"north": {"uv": [0.25, 11.5, 2.25, 12.5], "texture": "#0"},
				"east": {"uv": [0.25, 11.5, 0.25, 12.5], "texture": "#0"},
				"south": {"uv": [2.25, 11.5, 4.25, 12.5], "texture": "#0"},
				"west": {"uv": [2.25, 11.5, 2.25, 12.5], "texture": "#0"},
				"up": {"uv": [2.25, 11.5, 0.25, 11.5], "texture": "#0"},
				"down": {"uv": [4.25, 11.5, 2.25, 11.5], "texture": "#0"}
			}
		},
		{
			"from": [8.5, 4, 3.25],
			"to": [11.5, 5, 4.25],
			"faces": {
				"north": {"uv": [0.25, 0.75, 1, 1], "texture": "#0"},
				"east": {"uv": [0, 0.75, 0.25, 1], "texture": "#0"},
				"south": {"uv": [1.25, 0.75, 2, 1], "texture": "#0"},
				"west": {"uv": [1, 0.75, 1.25, 1], "texture": "#0"},
				"up": {"uv": [1, 0.75, 0.25, 0.5], "texture": "#0"},
				"down": {"uv": [1.75, 0.5, 1, 0.75], "texture": "#0"}
			}
		},
		{
			"from": [4.5, 4, 3.25],
			"to": [7.5, 5, 4.25],
			"rotation": {"angle": 0, "axis": "y", "origin": [16, 0, 0]},
			"faces": {
				"north": {"uv": [0.25, 0.25, 1, 0.5], "texture": "#0"},
				"east": {"uv": [0, 0.25, 0.25, 0.5], "texture": "#0"},
				"south": {"uv": [1.25, 0.25, 2, 0.5], "texture": "#0"},
				"west": {"uv": [1, 0.25, 1.25, 0.5], "texture": "#0"},
				"up": {"uv": [1, 0.25, 0.25, 0], "texture": "#0"},
				"down": {"uv": [1.75, 0, 1, 0.25], "texture": "#0"}
			}
		},
		{
			"from": [7, 4, 3.25],
			"to": [9, 6, 4.25],
			"rotation": {"angle": 0, "axis": "y", "origin": [15.5, 0, 0]},
			"faces": {
				"north": {"uv": [0.25, 1.25, 0.75, 1.75], "texture": "#0"},
				"east": {"uv": [0, 1.25, 0.25, 1.75], "texture": "#0"},
				"south": {"uv": [1, 1.25, 1.5, 1.75], "texture": "#0"},
				"west": {"uv": [0.75, 1.25, 1, 1.75], "texture": "#0"},
				"up": {"uv": [0.75, 1.25, 0.25, 1], "texture": "#0"},
				"down": {"uv": [1.25, 1, 0.75, 1.25], "texture": "#0"}
			}
		},
		{
			"from": [3, 2.5, 3.75],
			"to": [3, 6.5, 9.75],
			"rotation": {"angle": 0, "axis": "y", "origin": [16, 0, 0]},
			"faces": {
				"north": {"uv": [1.5, 4, 3.25, 5], "texture": "#0"},
				"east": {"uv": [4.75, 4, 3.25, 5], "texture": "#0"},
				"south": {"uv": [4.75, 4, 6.5, 5], "texture": "#0"},
				"west": {"uv": [3.25, 4, 4.75, 5], "texture": "#0"},
				"up": {"uv": [3.25, 4, 1.5, 2.5], "texture": "#0"},
				"down": {"uv": [5, 2.5, 3.25, 4], "texture": "#0"}
			}
		},
		{
			"from": [3, 2.5, 3.75],
			"to": [10, 6.5, 3.75],
			"rotation": {"angle": 0, "axis": "y", "origin": [16, 0, 0]},
			"faces": {
				"north": {"uv": [1.5, 4, 3.25, 5], "texture": "#0"},
				"east": {"uv": [0, 4, 1.5, 5], "texture": "#0"},
				"south": {"uv": [3.25, 4, 1.5, 5], "texture": "#0"},
				"west": {"uv": [3.25, 4, 4.75, 5], "texture": "#0"},
				"up": {"uv": [3.25, 4, 1.5, 2.5], "texture": "#0"},
				"down": {"uv": [5, 2.5, 3.25, 4], "texture": "#0"}
			}
		}
	],
	"gui_light": "front",
	"display": {
		"thirdperson_righthand": {
			"rotation": [90, 0, 0],
			"translation": [0, 0, 1.75],
			"scale": [0.4, 0.4, 0.4]
		},
		"thirdperson_lefthand": {
			"rotation": [90, 0, 0],
			"translation": [0, 0, 1.75],
			"scale": [0.4, 0.4, 0.4]
		},
		"firstperson_righthand": {
			"rotation": [0, 130, 0],
			"translation": [1.75, 4.25, 0],
			"scale": [0.4, 0.4, 1]
		},
		"firstperson_lefthand": {
			"rotation": [0, 130, 0],
			"translation": [1.75, 4.25, 0],
			"scale": [0.4, 0.4, 1]
		},
		"ground": {
			"scale": [0.7, 0.7, 0.7]
		},
		"gui": {
			"rotation": [30, -145, 0]
		},
		"head": {
			"translation": [0, 3, 0],
			"scale": [1.7, 1.7, 1.7]
		},
		"fixed": {
			"scale": [1.4, 1.4, 1.4]
		}
	},
	"groups": [
		{
			"name": "root",
			"origin": [8, 8, 8],
			"color": 0,
			"boneType": "",
			"children": [0, 1, 2, 3, 4, 5, 6, 7, 8, 9, 10, 11, 12, 13]
		}
	]
}