{
	"textures": {
		"1": "item/crates/ocean21_crate/tortoise_shell"
	},
	"elements": [
		{
			"from": [3, -5, 10.45],
			"to": [13, 7, 14.45],
			"rotation": {"angle": 0, "axis": "y", "origin": [1, -16, 0.35]},
			"faces": {
				"north": {"uv": [1, 1, 3.5, 4], "texture": "#1"},
				"east": {"uv": [0, 1, 1, 4], "texture": "#1"},
				"south": {"uv": [4.5, 1, 7, 4], "texture": "#1"},
				"west": {"uv": [3.5, 1, 4.5, 4], "texture": "#1"},
				"up": {"uv": [3.5, 1, 1, 0], "texture": "#1"},
				"down": {"uv": [6, 0, 3.5, 1], "texture": "#1"}
			}
		},
		{
			"from": [2.1, 4.05, 10.15],
			"to": [4.3, 8.25, 12.35],
			"rotation": {"angle": -45, "axis": "z", "origin": [3.5, 5.5, 11.25]},
			"faces": {
				"north": {"uv": [7.5, 0.5, 8, 1.5], "texture": "#1"},
				"east": {"uv": [7, 0.5, 7.5, 1.5], "texture": "#1"},
				"south": {"uv": [8.5, 0.5, 9, 1.5], "texture": "#1"},
				"west": {"uv": [8, 0.5, 8.5, 1.5], "texture": "#1"},
				"up": {"uv": [8, 0.5, 7.5, 0], "texture": "#1"},
				"down": {"uv": [8.5, 0, 8, 0.5], "texture": "#1"}
			}
		},
		{
			"from": [1.5, -3.5, 10.25],
			"to": [14.5, 5.5, 12.25],
			"rotation": {"angle": 0, "axis": "y", "origin": [1.5, -16, 0.35]},
			"faces": {
				"north": {"uv": [0.5, 12.75, 3.75, 15], "texture": "#1"},
				"east": {"uv": [0, 12.75, 0.5, 15], "texture": "#1"},
				"south": {"uv": [4.25, 12.75, 7.5, 15], "texture": "#1"},
				"west": {"uv": [3.75, 12.75, 4.25, 15], "texture": "#1"},
				"up": {"uv": [3.75, 12.75, 0.5, 12.25], "texture": "#1"},
				"down": {"uv": [7, 12.25, 3.75, 12.75], "texture": "#1"}
			}
		},
		{
			"from": [4.5, -6.5, 10.25],
			"to": [11.5, 8.5, 12.25],
			"rotation": {"angle": 0, "axis": "y", "origin": [1.5, -16, 0.35]},
			"faces": {
				"north": {"uv": [0.5, 8.25, 2.25, 12], "texture": "#1"},
				"east": {"uv": [0, 8.25, 0.5, 12], "texture": "#1"},
				"south": {"uv": [2.75, 8.25, 4.5, 12], "texture": "#1"},
				"west": {"uv": [2.25, 8.25, 2.75, 12], "texture": "#1"},
				"up": {"uv": [2.25, 8.25, 0.5, 7.75], "texture": "#1"},
				"down": {"uv": [4, 7.75, 2.25, 8.25], "texture": "#1"}
			}
		},
		{
			"from": [11.7, 4.05, 10.15],
			"to": [13.9, 8.25, 12.35],
			"shade": false,
			"rotation": {"angle": 45, "axis": "z", "origin": [12.5, 5.5, 11.25]},
			"faces": {
				"north": {"uv": [8, 0.5, 7.5, 1.5], "texture": "#1"},
				"east": {"uv": [8.5, 0.5, 8, 1.5], "texture": "#1"},
				"south": {"uv": [9, 0.5, 8.5, 1.5], "texture": "#1"},
				"west": {"uv": [7.5, 0.5, 7, 1.5], "texture": "#1"},
				"up": {"uv": [7.5, 0.5, 8, 0], "texture": "#1"},
				"down": {"uv": [8, 0, 8.5, 0.5], "texture": "#1"}
			}
		},
		{
			"from": [11.7, -6.25, 10.15],
			"to": [13.9, -2.05, 12.35],
			"shade": false,
			"rotation": {"angle": -45, "axis": "z", "origin": [12.5, -3.5, 11.25]},
			"faces": {
				"north": {"uv": [8, 0.5, 7.5, 1.5], "texture": "#1"},
				"east": {"uv": [8.5, 0.5, 8, 1.5], "texture": "#1"},
				"south": {"uv": [9, 0.5, 8.5, 1.5], "texture": "#1"},
				"west": {"uv": [7.5, 0.5, 7, 1.5], "texture": "#1"},
				"up": {"uv": [7.5, 0.5, 8, 0], "texture": "#1"},
				"down": {"uv": [8, 0, 8.5, 0.5], "texture": "#1"}
			}
		},
		{
			"from": [2.1, -6.25, 10.15],
			"to": [4.3, -2.05, 12.35],
			"rotation": {"angle": 45, "axis": "z", "origin": [3.5, -3.5, 11.25]},
			"faces": {
				"north": {"uv": [7.5, 0.5, 8, 1.5], "texture": "#1"},
				"east": {"uv": [7, 0.5, 7.5, 1.5], "texture": "#1"},
				"south": {"uv": [8.5, 0.5, 9, 1.5], "texture": "#1"},
				"west": {"uv": [8, 0.5, 8.5, 1.5], "texture": "#1"},
				"up": {"uv": [8, 0.5, 7.5, 0], "texture": "#1"},
				"down": {"uv": [8.5, 0, 8, 0.5], "texture": "#1"}
			}
		}
	],
	"gui_light": "front",
	"display": {
		"thirdperson_righthand": {
			"translation": [0, 4.5, 0],
			"scale": [0.4, 0.4, 0.4]
		},
		"thirdperson_lefthand": {
			"translation": [0, 5.5, 0],
			"scale": [0.4, 0.4, 0.4]
		},
		"firstperson_righthand": {
			"rotation": [0, -10, 0],
			"translation": [0.75, 5.5, 0],
			"scale": [0.4, 0.4, 0.4]
		},
		"firstperson_lefthand": {
			"rotation": [0, -10, 0],
			"translation": [0.75, 6.25, 0],
			"scale": [0.4, 0.4, 0.4]
		},
		"ground": {
			"translation": [0, 3.5, -2.25],
			"scale": [0.6, 0.6, 0.6]
		},
		"gui": {
			"rotation": [30, 45, 0],
			"translation": [-2.5, 7.25, 0]
		},
		"head": {
			"translation": [0, -67.5, 0.75],
			"scale": [1.5, 1.5, 1.5]
		},
		"fixed": {
			"rotation": [0, -180, 0],
			"translation": [0, 11.25, 3.75],
			"scale": [1.6, 1.6, 1.6]
		}
	},
	"groups": [
		{
			"name": "root",
			"origin": [8, 8, 8],
			"color": 0,
			"children": [
				0,
				{
					"name": "group",
					"origin": [3.5, 12.5, 11.25],
					"color": 0,
					"children": [1, 2, 3, 4, 5, 6]
				}
			]
		}
	]
}