{
	"textures": {
		"0": "item/crates/christmas21_crate/biggift"
	},
	"elements": [
		{
			"from": [-4, 0, -4],
			"to": [20, 18, 20],
			"rotation": {"angle": 0, "axis": "y", "origin": [12, 16, 12]},
			"faces": {
				"north": {"uv": [3.5, 6.5, 6.5, 8.75], "texture": "#0"},
				"east": {"uv": [6.5, 6.5, 9.5, 8.75], "texture": "#0"},
				"south": {"uv": [6.5, 0, 9.5, 2.25], "texture": "#0"},
				"west": {"uv": [6.5, 2.25, 9.5, 4.5], "texture": "#0"},
				"up": {"uv": [6.5, 6.5, 3.5, 3.5], "texture": "#0"},
				"down": {"uv": [6.5, 0, 3.5, 3], "texture": "#0"}
			}
		},
		{
			"from": [-6, 18, -6],
			"to": [22, 24, 22],
			"rotation": {"angle": 0, "axis": "y", "origin": [12, 22, 12]},
			"faces": {
				"north": {"uv": [6.5, 4.5, 10, 5.25], "texture": "#0"},
				"east": {"uv": [6.5, 5.25, 10, 6], "texture": "#0"},
				"south": {"uv": [0, 7, 3.5, 7.75], "texture": "#0"},
				"west": {"uv": [0, 7.75, 3.5, 8.5], "texture": "#0"},
				"up": {"uv": [3.5, 3.5, 0, 0], "texture": "#0"},
				"down": {"uv": [3.5, 3.5, 0, 7], "texture": "#0"}
			}
		},
		{
			"from": [9.5, 24, 2],
			"to": [13.5, 30, 14],
			"rotation": {"angle": -45, "axis": "z", "origin": [11.5, 24, 8]},
			"faces": {
				"north": {"uv": [9, 9.75, 9.5, 10.5], "texture": "#0"},
				"east": {"uv": [0, 8.5, 1.5, 9.25], "texture": "#0"},
				"south": {"uv": [9.5, 9.75, 10, 10.5], "texture": "#0"},
				"west": {"uv": [1.5, 8.5, 3, 9.25], "texture": "#0"},
				"up": {"uv": [8, 11, 7.5, 9.5], "texture": "#0"},
				"down": {"uv": [8.5, 9.5, 8, 11], "texture": "#0"}
			}
		},
		{
			"from": [2.5, 24, 2],
			"to": [6.5, 30, 14],
			"rotation": {"angle": 45, "axis": "z", "origin": [4.5, 24, 8]},
			"faces": {
				"north": {"uv": [0, 10, 0.5, 10.75], "texture": "#0"},
				"east": {"uv": [3, 8.75, 4.5, 9.5], "texture": "#0"},
				"south": {"uv": [0.5, 10, 1, 10.75], "texture": "#0"},
				"west": {"uv": [4.5, 8.75, 6, 9.5], "texture": "#0"},
				"up": {"uv": [9, 11, 8.5, 9.5], "texture": "#0"},
				"down": {"uv": [10, 0, 9.5, 1.5], "texture": "#0"}
			}
		},
		{
			"from": [7, 26, 2],
			"to": [11, 32, 14],
			"rotation": {"angle": -22.5, "axis": "z", "origin": [9, 26, 8]},
			"faces": {
				"north": {"uv": [1, 10, 1.5, 10.75], "texture": "#0"},
				"east": {"uv": [6, 8.75, 7.5, 9.5], "texture": "#0"},
				"south": {"uv": [1.5, 10, 2, 10.75], "texture": "#0"},
				"west": {"uv": [7.5, 8.75, 9, 9.5], "texture": "#0"},
				"up": {"uv": [10, 3, 9.5, 1.5], "texture": "#0"},
				"down": {"uv": [10, 3, 9.5, 4.5], "texture": "#0"}
			}
		},
		{
			"from": [5, 26, 2],
			"to": [9, 32, 14],
			"rotation": {"angle": 22.5, "axis": "z", "origin": [7, 26, 8]},
			"faces": {
				"north": {"uv": [2, 10, 2.5, 10.75], "texture": "#0"},
				"east": {"uv": [9, 9, 10.5, 9.75], "texture": "#0"},
				"south": {"uv": [2.5, 10, 3, 10.75], "texture": "#0"},
				"west": {"uv": [0, 9.25, 1.5, 10], "texture": "#0"},
				"up": {"uv": [10, 7.5, 9.5, 6], "texture": "#0"},
				"down": {"uv": [10, 7.5, 9.5, 9], "texture": "#0"}
			}
		},
		{
			"from": [2, 24, 10],
			"to": [14, 30, 14],
			"rotation": {"angle": 45, "axis": "x", "origin": [8, 24, 12]},
			"faces": {
				"north": {"uv": [1.5, 9.25, 3, 10], "texture": "#0"},
				"east": {"uv": [10, 10, 10.5, 10.75], "texture": "#0"},
				"south": {"uv": [3, 9.5, 4.5, 10.25], "texture": "#0"},
				"west": {"uv": [10, 0, 10.5, 0.75], "texture": "#0"},
				"up": {"uv": [5, 3.5, 3.5, 3], "texture": "#0"},
				"down": {"uv": [6.5, 3, 5, 3.5], "texture": "#0"}
			}
		},
		{
			"from": [2, 24, 2],
			"to": [14, 30, 6],
			"rotation": {"angle": -45, "axis": "x", "origin": [8, 24, 4]},
			"faces": {
				"north": {"uv": [4.5, 9.5, 6, 10.25], "texture": "#0"},
				"east": {"uv": [10, 0.75, 10.5, 1.5], "texture": "#0"},
				"south": {"uv": [6, 9.5, 7.5, 10.25], "texture": "#0"},
				"west": {"uv": [10, 1.5, 10.5, 2.25], "texture": "#0"},
				"up": {"uv": [8, 6.5, 6.5, 6], "texture": "#0"},
				"down": {"uv": [9.5, 6, 8, 6.5], "texture": "#0"}
			}
		}
	],
	"display": {
		"thirdperson_righthand": {
			"scale": [0.3, 0.3, 0.3]
		},
		"thirdperson_lefthand": {
			"scale": [0.3, 0.3, 0.3]
		},
		"firstperson_righthand": {
			"scale": [0.3, 0.3, 0.3]
		},
		"firstperson_lefthand": {
			"scale": [0.3, 0.3, 0.3]
		},
		"head": {
			"translation": [0, -27.25, 0],
			"scale": [2, 2, 2]
		}
	},
	"groups": [
		{
			"name": "big",
			"origin": [8, 8, 8],
			"color": 0,
			"children": [0, 1, 2, 3, 4, 5, 6, 7]
		}
	]
}