{
	"textures": {
		"0": "item/crates/christmas21_crate/antlers"
	},
	"elements": [
		{
			"from": [15, 2, 6],
			"to": [16, 10, 10],
			"rotation": {"angle": 0, "axis": "y", "origin": [23, 8, 15]},
			"faces": {
				"north": {"uv": [3.75, 1.25, 3.875, 2.25], "texture": "#0"},
				"east": {"uv": [3.25, 1.25, 3.75, 2.25], "texture": "#0"},
				"south": {"uv": [4.375, 1.25, 4.5, 2.25], "texture": "#0"},
				"west": {"uv": [3.875, 1.25, 4.375, 2.25], "texture": "#0"},
				"up": {"uv": [3.875, 1.25, 3.75, 0.75], "texture": "#0"},
				"down": {"uv": [4, 0.75, 3.875, 1.25], "texture": "#0"}
			}
		},
		{
			"from": [0, 2, 6],
			"to": [1, 10, 10],
			"shade": false,
			"rotation": {"angle": 0, "axis": "y", "origin": [-7, 8, 15]},
			"faces": {
				"north": {"uv": [3.875, 1.25, 3.75, 2.25], "texture": "#0"},
				"east": {"uv": [4.375, 1.25, 3.875, 2.25], "texture": "#0"},
				"south": {"uv": [4.5, 1.25, 4.375, 2.25], "texture": "#0"},
				"west": {"uv": [3.75, 1.25, 3.25, 2.25], "texture": "#0"},
				"up": {"uv": [3.75, 1.25, 3.875, 0.75], "texture": "#0"},
				"down": {"uv": [3.875, 0.75, 4, 1.25], "texture": "#0"}
			}
		},
		{
			"from": [15, -0.07812, 6.88672],
			"to": [16, 2, 9.14063],
			"rotation": {"angle": 0, "axis": "y", "origin": [22.99219, 6, 15]},
			"faces": {
				"north": {"uv": [0.25, 8.125, 0.375, 8.375], "texture": "#0"},
				"east": {"uv": [0, 8.125, 0.25, 8.375], "texture": "#0"},
				"south": {"uv": [0.625, 8.125, 0.75, 8.375], "texture": "#0"},
				"west": {"uv": [0.375, 8.125, 0.625, 8.375], "texture": "#0"},
				"up": {"uv": [0.375, 8.125, 0.25, 7.875], "texture": "#0"},
				"down": {"uv": [0.5, 7.875, 0.375, 8.125], "texture": "#0"}
			}
		},
		{
			"from": [0, -0.07812, 6.88672],
			"to": [1, 2, 9.14063],
			"shade": false,
			"rotation": {"angle": 0, "axis": "y", "origin": [-6.99219, 6, 15]},
			"faces": {
				"north": {"uv": [0.375, 8.125, 0.25, 8.375], "texture": "#0"},
				"east": {"uv": [0.625, 8.125, 0.375, 8.375], "texture": "#0"},
				"south": {"uv": [0.75, 8.125, 0.625, 8.375], "texture": "#0"},
				"west": {"uv": [0.25, 8.125, 0, 8.375], "texture": "#0"},
				"up": {"uv": [0.25, 8.125, 0.375, 7.875], "texture": "#0"},
				"down": {"uv": [0.375, 7.875, 0.5, 8.125], "texture": "#0"}
			}
		},
		{
			"from": [14.99219, 0.2088, 6.30656],
			"to": [15.99219, 2.4588, 8.30656],
			"rotation": {"angle": -22.5, "axis": "x", "origin": [15.49219, 1.4588, 7.30656]},
			"faces": {
				"north": {"uv": [4.75, 7.25, 4.875, 7.5], "texture": "#0"},
				"east": {"uv": [4.5, 7.25, 4.75, 7.5], "texture": "#0"},
				"south": {"uv": [5.125, 7.25, 5.25, 7.5], "texture": "#0"},
				"west": {"uv": [4.875, 7.25, 5.125, 7.5], "texture": "#0"},
				"up": {"uv": [4.875, 7.25, 4.75, 7], "texture": "#0"},
				"down": {"uv": [5, 7, 4.875, 7.25], "texture": "#0"}
			}
		},
		{
			"from": [0.00781, 0.2088, 6.30656],
			"to": [1.00781, 2.4588, 8.30656],
			"shade": false,
			"rotation": {"angle": -22.5, "axis": "x", "origin": [0.50781, 1.4588, 7.30656]},
			"faces": {
				"north": {"uv": [4.875, 7.25, 4.75, 7.5], "texture": "#0"},
				"east": {"uv": [5.125, 7.25, 4.875, 7.5], "texture": "#0"},
				"south": {"uv": [5.25, 7.25, 5.125, 7.5], "texture": "#0"},
				"west": {"uv": [4.75, 7.25, 4.5, 7.5], "texture": "#0"},
				"up": {"uv": [4.75, 7.25, 4.875, 7], "texture": "#0"},
				"down": {"uv": [4.875, 7, 5, 7.25], "texture": "#0"}
			}
		},
		{
			"from": [14.99219, 0.2088, 7.69344],
			"to": [15.99219, 2.4588, 9.69344],
			"rotation": {"angle": 22.5, "axis": "x", "origin": [15.49219, 1.4588, 8.69344]},
			"faces": {
				"north": {"uv": [3.25, 7.25, 3.375, 7.5], "texture": "#0"},
				"east": {"uv": [3, 7.25, 3.25, 7.5], "texture": "#0"},
				"south": {"uv": [3.625, 7.25, 3.75, 7.5], "texture": "#0"},
				"west": {"uv": [3.375, 7.25, 3.625, 7.5], "texture": "#0"},
				"up": {"uv": [3.375, 7.25, 3.25, 7], "texture": "#0"},
				"down": {"uv": [3.5, 7, 3.375, 7.25], "texture": "#0"}
			}
		},
		{
			"from": [0.00781, 0.2088, 7.69344],
			"to": [1.00781, 2.4588, 9.69344],
			"shade": false,
			"rotation": {"angle": 22.5, "axis": "x", "origin": [0.50781, 1.4588, 8.69344]},
			"faces": {
				"north": {"uv": [3.375, 7.25, 3.25, 7.5], "texture": "#0"},
				"east": {"uv": [3.625, 7.25, 3.375, 7.5], "texture": "#0"},
				"south": {"uv": [3.75, 7.25, 3.625, 7.5], "texture": "#0"},
				"west": {"uv": [3.25, 7.25, 3, 7.5], "texture": "#0"},
				"up": {"uv": [3.25, 7.25, 3.375, 7], "texture": "#0"},
				"down": {"uv": [3.375, 7, 3.5, 7.25], "texture": "#0"}
			}
		},
		{
			"from": [12.30432, 4.48917, 6],
			"to": [13.30432, 6.89933, 10],
			"rotation": {"angle": 45, "axis": "z", "origin": [8, 10.49857, 8]},
			"faces": {
				"north": {"uv": [0.5, 5.75, 0.625, 6], "texture": "#0"},
				"east": {"uv": [0, 5.75, 0.5, 6], "texture": "#0"},
				"south": {"uv": [1.125, 5.75, 1.25, 6], "texture": "#0"},
				"west": {"uv": [0.625, 5.75, 1.125, 6], "texture": "#0"},
				"up": {"uv": [0.625, 5.75, 0.5, 5.25], "texture": "#0"},
				"down": {"uv": [0.75, 5.25, 0.625, 5.75], "texture": "#0"}
			}
		},
		{
			"from": [13.64134, 8.64389, 7.5],
			"to": [18.64134, 10.01889, 8.5],
			"rotation": {"angle": 45, "axis": "z", "origin": [11.14134, 10.1517, 7.5]},
			"faces": {
				"north": {"uv": [3.125, 4.625, 3.75, 4.75], "texture": "#0"},
				"east": {"uv": [3, 4.625, 3.125, 4.75], "texture": "#0"},
				"south": {"uv": [3.875, 4.625, 4.5, 4.75], "texture": "#0"},
				"west": {"uv": [3.75, 4.625, 3.875, 4.75], "texture": "#0"},
				"up": {"uv": [3.75, 4.625, 3.125, 4.5], "texture": "#0"},
				"down": {"uv": [4.375, 4.5, 3.75, 4.625], "texture": "#0"}
			}
		},
		{
			"from": [15.79289, 6.49219, 7.5],
			"to": [20.79289, 7.86719, 8.5],
			"rotation": {"angle": 45, "axis": "z", "origin": [13.29289, 8, 7.5]},
			"faces": {
				"north": {"uv": [1.375, 5.125, 2, 5.25], "texture": "#0"},
				"east": {"uv": [1.25, 5.125, 1.375, 5.25], "texture": "#0"},
				"south": {"uv": [2.125, 5.125, 2.75, 5.25], "texture": "#0"},
				"west": {"uv": [2, 5.125, 2.125, 5.25], "texture": "#0"},
				"up": {"uv": [2, 5.125, 1.375, 5], "texture": "#0"},
				"down": {"uv": [2.625, 5, 2, 5.125], "texture": "#0"}
			}
		},
		{
			"from": [15.79289, 6.5, 8],
			"to": [20.79289, 10.91016, 9],
			"rotation": {"angle": 45, "axis": "z", "origin": [13.29289, 8, 7.5]},
			"faces": {
				"north": {"uv": [1.375, 3, 2, 3.5], "texture": "#0"},
				"east": {"uv": [1.25, 3, 1.375, 3.5], "texture": "#0"},
				"south": {"uv": [2.125, 3, 2.75, 3.5], "texture": "#0"},
				"west": {"uv": [2, 3, 2.125, 3.5], "texture": "#0"},
				"up": {"uv": [2, 3, 1.375, 2.875], "texture": "#0"},
				"down": {"uv": [2.625, 2.875, 2, 3], "texture": "#0"}
			}
		},
		{
			"from": [18.65685, 12.24264, 7.5],
			"to": [19.65685, 13.61764, 9],
			"rotation": {"angle": 0, "axis": "y", "origin": [19.65685, 13.41256, 8.5]},
			"faces": {
				"north": {"uv": [2.375, 8.25, 2.5, 8.375], "texture": "#0"},
				"east": {"uv": [2.25, 8.25, 2.375, 8.375], "texture": "#0"},
				"south": {"uv": [2.625, 8.25, 2.75, 8.375], "texture": "#0"},
				"west": {"uv": [2.5, 8.25, 2.625, 8.375], "texture": "#0"},
				"up": {"uv": [2.5, 8.25, 2.375, 8.125], "texture": "#0"},
				"down": {"uv": [2.625, 8.125, 2.5, 8.25], "texture": "#0"}
			}
		},
		{
			"from": [16.53855, 14.36109, 7.5],
			"to": [17.95262, 15.36109, 9],
			"rotation": {"angle": 0, "axis": "y", "origin": [17.26512, 14.86109, 8.25]},
			"faces": {
				"north": {"uv": [2.375, 8, 2.5, 8.125], "texture": "#0"},
				"east": {"uv": [2.25, 8, 2.375, 8.125], "texture": "#0"},
				"south": {"uv": [2.625, 8, 2.75, 8.125], "texture": "#0"},
				"west": {"uv": [2.5, 8, 2.625, 8.125], "texture": "#0"},
				"up": {"uv": [2.5, 8, 2.375, 7.875], "texture": "#0"},
				"down": {"uv": [2.625, 7.875, 2.5, 8], "texture": "#0"}
			}
		},
		{
			"from": [21.08579, 6.76164, 7.5],
			"to": [22.08579, 9.20305, 9],
			"rotation": {"angle": 45, "axis": "z", "origin": [12.58579, 7.29289, 7.5]},
			"faces": {
				"north": {"uv": [1.375, 8, 1.5, 8.25], "texture": "#0"},
				"east": {"uv": [1.25, 8, 1.375, 8.25], "texture": "#0"},
				"south": {"uv": [1.625, 8, 1.75, 8.25], "texture": "#0"},
				"west": {"uv": [1.5, 8, 1.625, 8.25], "texture": "#0"},
				"up": {"uv": [1.5, 8, 1.375, 7.875], "texture": "#0"},
				"down": {"uv": [1.625, 7.875, 1.5, 8], "texture": "#0"}
			}
		},
		{
			"from": [-2.64134, 8.64389, 7.5],
			"to": [2.35866, 10.01889, 8.5],
			"shade": false,
			"rotation": {"angle": -45, "axis": "z", "origin": [4.85866, 10.1517, 7.5]},
			"faces": {
				"north": {"uv": [3.75, 4.625, 3.125, 4.75], "texture": "#0"},
				"east": {"uv": [3.875, 4.625, 3.75, 4.75], "texture": "#0"},
				"south": {"uv": [4.5, 4.625, 3.875, 4.75], "texture": "#0"},
				"west": {"uv": [3.125, 4.625, 3, 4.75], "texture": "#0"},
				"up": {"uv": [3.125, 4.625, 3.75, 4.5], "texture": "#0"},
				"down": {"uv": [3.75, 4.5, 4.375, 4.625], "texture": "#0"}
			}
		},
		{
			"from": [-4.79289, 6.49219, 7.5],
			"to": [0.20711, 7.86719, 8.5],
			"shade": false,
			"rotation": {"angle": -45, "axis": "z", "origin": [2.70711, 8, 7.5]},
			"faces": {
				"north": {"uv": [2, 5.125, 1.375, 5.25], "texture": "#0"},
				"east": {"uv": [2.125, 5.125, 2, 5.25], "texture": "#0"},
				"south": {"uv": [2.75, 5.125, 2.125, 5.25], "texture": "#0"},
				"west": {"uv": [1.375, 5.125, 1.25, 5.25], "texture": "#0"},
				"up": {"uv": [1.375, 5.125, 2, 5], "texture": "#0"},
				"down": {"uv": [2, 5, 2.625, 5.125], "texture": "#0"}
			}
		},
		{
			"from": [-4.79289, 6.5, 8],
			"to": [0.20711, 10.91016, 9],
			"shade": false,
			"rotation": {"angle": -45, "axis": "z", "origin": [2.70711, 8, 7.5]},
			"faces": {
				"north": {"uv": [2, 3, 1.375, 3.5], "texture": "#0"},
				"east": {"uv": [2.125, 3, 2, 3.5], "texture": "#0"},
				"south": {"uv": [2.75, 3, 2.125, 3.5], "texture": "#0"},
				"west": {"uv": [1.375, 3, 1.25, 3.5], "texture": "#0"},
				"up": {"uv": [1.375, 3, 2, 2.875], "texture": "#0"},
				"down": {"uv": [2, 2.875, 2.625, 3], "texture": "#0"}
			}
		},
		{
			"from": [-3.65685, 12.24264, 7.5],
			"to": [-2.65685, 13.61764, 9],
			"shade": false,
			"rotation": {"angle": 0, "axis": "y", "origin": [-3.65685, 13.41256, 8.5]},
			"faces": {
				"north": {"uv": [2.5, 8.25, 2.375, 8.375], "texture": "#0"},
				"east": {"uv": [2.625, 8.25, 2.5, 8.375], "texture": "#0"},
				"south": {"uv": [2.75, 8.25, 2.625, 8.375], "texture": "#0"},
				"west": {"uv": [2.375, 8.25, 2.25, 8.375], "texture": "#0"},
				"up": {"uv": [2.375, 8.25, 2.5, 8.125], "texture": "#0"},
				"down": {"uv": [2.5, 8.125, 2.625, 8.25], "texture": "#0"}
			}
		},
		{
			"from": [-1.95262, 14.36109, 7.5],
			"to": [-0.53855, 15.36109, 9],
			"shade": false,
			"rotation": {"angle": 0, "axis": "y", "origin": [-1.26512, 14.86109, 8.25]},
			"faces": {
				"north": {"uv": [2.5, 8, 2.375, 8.125], "texture": "#0"},
				"east": {"uv": [2.625, 8, 2.5, 8.125], "texture": "#0"},
				"south": {"uv": [2.75, 8, 2.625, 8.125], "texture": "#0"},
				"west": {"uv": [2.375, 8, 2.25, 8.125], "texture": "#0"},
				"up": {"uv": [2.375, 8, 2.5, 7.875], "texture": "#0"},
				"down": {"uv": [2.5, 7.875, 2.625, 8], "texture": "#0"}
			}
		},
		{
			"from": [-6.08579, 6.76164, 7.5],
			"to": [-5.08579, 9.20305, 9],
			"shade": false,
			"rotation": {"angle": -45, "axis": "z", "origin": [3.41421, 7.29289, 7.5]},
			"faces": {
				"north": {"uv": [1.5, 8, 1.375, 8.25], "texture": "#0"},
				"east": {"uv": [1.625, 8, 1.5, 8.25], "texture": "#0"},
				"south": {"uv": [1.75, 8, 1.625, 8.25], "texture": "#0"},
				"west": {"uv": [1.375, 8, 1.25, 8.25], "texture": "#0"},
				"up": {"uv": [1.375, 8, 1.5, 7.875], "texture": "#0"},
				"down": {"uv": [1.5, 7.875, 1.625, 8], "texture": "#0"}
			}
		},
		{
			"from": [2.69568, 4.48917, 6],
			"to": [3.69568, 6.89933, 10],
			"rotation": {"angle": -45, "axis": "z", "origin": [8, 10.49857, 8]},
			"faces": {
				"north": {"uv": [0.5, 5, 0.625, 5.25], "texture": "#0"},
				"east": {"uv": [0, 5, 0.5, 5.25], "texture": "#0"},
				"south": {"uv": [1.125, 5, 1.25, 5.25], "texture": "#0"},
				"west": {"uv": [0.625, 5, 1.125, 5.25], "texture": "#0"},
				"up": {"uv": [0.625, 5, 0.5, 4.5], "texture": "#0"},
				"down": {"uv": [0.75, 4.5, 0.625, 5], "texture": "#0"}
			}
		},
		{
			"from": [1.71094, 10.70424, 6],
			"to": [14.28906, 11.70424, 10],
			"rotation": {"angle": 0, "axis": "y", "origin": [8, 11.20424, 8]},
			"faces": {
				"north": {"uv": [0.5, 0.5, 2, 0.625], "texture": "#0"},
				"east": {"uv": [0, 0.5, 0.5, 0.625], "texture": "#0"},
				"south": {"uv": [2.5, 0.5, 4, 0.625], "texture": "#0"},
				"west": {"uv": [2, 0.5, 2.5, 0.625], "texture": "#0"},
				"up": {"uv": [2, 0.5, 0.5, 0], "texture": "#0"},
				"down": {"uv": [3.5, 0, 2, 0.5], "texture": "#0"}
			}
		},
		{
			"from": [12.71764, 12.20424, 6.53125],
			"to": [15.29576, 19.20424, 9.53125],
			"rotation": {"angle": -45, "axis": "z", "origin": [10.04576, 17.70424, 15.03125]},
			"faces": {
				"north": {"uv": [0.375, 2.625, 0.625, 3.5], "texture": "#0"},
				"east": {"uv": [0, 2.625, 0.375, 3.5], "texture": "#0"},
				"south": {"uv": [1, 2.625, 1.25, 3.5], "texture": "#0"},
				"west": {"uv": [0.625, 2.625, 1, 3.5], "texture": "#0"},
				"up": {"uv": [0.625, 2.625, 0.375, 2.25], "texture": "#0"},
				"down": {"uv": [0.875, 2.25, 0.625, 2.625], "texture": "#0"}
			}
		},
		{
			"from": [11.71764, 13.45424, 3.75],
			"to": [14.71764, 16.45424, 6.75],
			"rotation": {"angle": -45, "axis": "z", "origin": [10.04576, 17.70424, 15]},
			"faces": {
				"north": {"uv": [3.375, 3.875, 3.75, 4.25], "texture": "#0"},
				"east": {"uv": [3, 3.875, 3.375, 4.25], "texture": "#0"},
				"south": {"uv": [4.125, 3.875, 4.5, 4.25], "texture": "#0"},
				"west": {"uv": [3.75, 3.875, 4.125, 4.25], "texture": "#0"},
				"up": {"uv": [3.75, 3.875, 3.375, 3.5], "texture": "#0"},
				"down": {"uv": [4.125, 3.5, 3.75, 3.875], "texture": "#0"}
			}
		},
		{
			"from": [6.71764, 11.95424, 1.25],
			"to": [13.71764, 11.95424, 7.25],
			"rotation": {"angle": -22.5, "axis": "x", "origin": [13.71764, 11.95424, 3.75]},
			"faces": {
				"north": {"uv": [0.75, 10.875, 1.625, 10.875], "texture": "#0"},
				"east": {"uv": [0, 10.875, 0.75, 10.875], "texture": "#0"},
				"south": {"uv": [2.375, 10.875, 3.25, 10.875], "texture": "#0"},
				"west": {"uv": [1.625, 10.875, 2.375, 10.875], "texture": "#0"},
				"up": {"uv": [1.625, 10.875, 0.75, 10.125], "texture": "#0"},
				"down": {"uv": [2.5, 10.125, 1.625, 10.875], "texture": "#0"}
			}
		},
		{
			"from": [6.71764, 10.95424, 1.25],
			"to": [13.71764, 10.95424, 7.25],
			"rotation": {"angle": -22.5, "axis": "z", "origin": [13.71764, 11.95424, 3.75]},
			"faces": {
				"north": {"uv": [0.75, 10.875, 1.625, 10.875], "texture": "#0"},
				"east": {"uv": [0, 10.875, 0.75, 10.875], "texture": "#0"},
				"south": {"uv": [2.375, 10.875, 3.25, 10.875], "texture": "#0"},
				"west": {"uv": [1.625, 10.875, 2.375, 10.875], "texture": "#0"},
				"up": {"uv": [1.625, 10.875, 0.75, 10.125], "texture": "#0"},
				"down": {"uv": [2.5, 10.125, 1.625, 10.875], "texture": "#0"}
			}
		},
		{
			"from": [4.28236, 5.95424, 0.25],
			"to": [12.28236, 10.95424, 6.25],
			"rotation": {"angle": 0, "axis": "y", "origin": [2.28236, 11.95424, 3.75]},
			"faces": {
				"north": {"uv": [0.75, 13.625, 1.75, 14.25], "texture": "#0"},
				"east": {"uv": [0, 13.625, 0.75, 14.25], "texture": "#0"},
				"south": {"uv": [2.5, 13.625, 3.5, 14.25], "texture": "#0"},
				"west": {"uv": [1.75, 13.625, 2.5, 14.25], "texture": "#0"},
				"up": {"uv": [1.75, 13.625, 0.75, 12.875], "texture": "#0"},
				"down": {"uv": [2.75, 12.875, 1.75, 13.625], "texture": "#0"}
			}
		},
		{
			"from": [10.42393, 12.85561, 7],
			"to": [12.25206, 17.85561, 9],
			"rotation": {"angle": 0, "axis": "y", "origin": [11.338, 15.35561, 8]},
			"faces": {
				"north": {"uv": [0.25, 7.25, 0.375, 7.875], "texture": "#0"},
				"east": {"uv": [0, 7.25, 0.25, 7.875], "texture": "#0"},
				"south": {"uv": [0.625, 7.25, 0.75, 7.875], "texture": "#0"},
				"west": {"uv": [0.375, 7.25, 0.625, 7.875], "texture": "#0"},
				"up": {"uv": [0.375, 7.25, 0.25, 7], "texture": "#0"},
				"down": {"uv": [0.5, 7, 0.375, 7.25], "texture": "#0"}
			}
		},
		{
			"from": [12.0067, 15.91518, 7],
			"to": [16.0067, 17.4933, 9],
			"rotation": {"angle": 22.5, "axis": "z", "origin": [14.7567, 22.45424, 8]},
			"faces": {
				"north": {"uv": [0.25, 6.375, 0.75, 6.5], "texture": "#0"},
				"east": {"uv": [0, 6.375, 0.25, 6.5], "texture": "#0"},
				"south": {"uv": [1, 6.375, 1.5, 6.5], "texture": "#0"},
				"west": {"uv": [0.75, 6.375, 1, 6.5], "texture": "#0"},
				"up": {"uv": [0.75, 6.375, 0.25, 6.125], "texture": "#0"},
				"down": {"uv": [1.25, 6.125, 0.75, 6.375], "texture": "#0"}
			}
		},
		{
			"from": [12.71764, 16.95424, 6.5],
			"to": [15.29576, 22.20424, 9.5],
			"rotation": {"angle": -22.5, "axis": "z", "origin": [10.04576, 17.70424, 15]},
			"faces": {
				"north": {"uv": [2.125, 3.875, 2.375, 4.5], "texture": "#0"},
				"east": {"uv": [1.75, 3.875, 2.125, 4.5], "texture": "#0"},
				"south": {"uv": [2.75, 3.875, 3, 4.5], "texture": "#0"},
				"west": {"uv": [2.375, 3.875, 2.75, 4.5], "texture": "#0"},
				"up": {"uv": [2.375, 3.875, 2.125, 3.5], "texture": "#0"},
				"down": {"uv": [2.625, 3.5, 2.375, 3.875], "texture": "#0"}
			}
		},
		{
			"from": [11.21764, 18.70424, 6.75],
			"to": [13.79576, 23.70424, 9.25],
			"rotation": {"angle": 22.5, "axis": "z", "origin": [14.7567, 22.45424, 8]},
			"faces": {
				"north": {"uv": [6, 5.5, 6.25, 6.125], "texture": "#0"},
				"east": {"uv": [5.75, 5.5, 6, 6.125], "texture": "#0"},
				"south": {"uv": [6.5, 5.5, 6.75, 6.125], "texture": "#0"},
				"west": {"uv": [6.25, 5.5, 6.5, 6.125], "texture": "#0"},
				"up": {"uv": [6.25, 5.5, 6, 5.25], "texture": "#0"},
				"down": {"uv": [6.5, 5.25, 6.25, 5.5], "texture": "#0"}
			}
		},
		{
			"from": [11.21764, 21.95424, 7],
			"to": [13.54576, 24.95424, 9],
			"rotation": {"angle": 0, "axis": "y", "origin": [14.7567, 22.45424, 8]},
			"faces": {
				"north": {"uv": [4.75, 6.375, 5, 6.75], "texture": "#0"},
				"east": {"uv": [4.5, 6.375, 4.75, 6.75], "texture": "#0"},
				"south": {"uv": [5.25, 6.375, 5.5, 6.75], "texture": "#0"},
				"west": {"uv": [5, 6.375, 5.25, 6.75], "texture": "#0"},
				"up": {"uv": [5, 6.375, 4.75, 6.125], "texture": "#0"},
				"down": {"uv": [5.25, 6.125, 5, 6.375], "texture": "#0"}
			}
		},
		{
			"from": [14.17017, 20.90187, 6.75],
			"to": [16.74829, 25.90187, 9.25],
			"rotation": {"angle": -45, "axis": "z", "origin": [14.04576, 20.70424, 15]},
			"faces": {
				"north": {"uv": [5, 5.5, 5.25, 6.125], "texture": "#0"},
				"east": {"uv": [4.75, 5.5, 5, 6.125], "texture": "#0"},
				"south": {"uv": [5.5, 5.5, 5.75, 6.125], "texture": "#0"},
				"west": {"uv": [5.25, 5.5, 5.5, 6.125], "texture": "#0"},
				"up": {"uv": [5.25, 5.5, 5, 5.25], "texture": "#0"},
				"down": {"uv": [5.5, 5.25, 5.25, 5.5], "texture": "#0"}
			}
		},
		{
			"from": [15.62228, 19.5099, 7],
			"to": [20.62228, 21.08803, 9],
			"rotation": {"angle": 0, "axis": "y", "origin": [14.04576, 20.70424, 15]},
			"faces": {
				"north": {"uv": [4.75, 4.125, 5.375, 4.25], "texture": "#0"},
				"east": {"uv": [4.5, 4.125, 4.75, 4.25], "texture": "#0"},
				"south": {"uv": [5.625, 4.125, 6.25, 4.25], "texture": "#0"},
				"west": {"uv": [5.375, 4.125, 5.625, 4.25], "texture": "#0"},
				"up": {"uv": [5.375, 4.125, 4.75, 3.875], "texture": "#0"},
				"down": {"uv": [6, 3.875, 5.375, 4.125], "texture": "#0"}
			}
		},
		{
			"from": [13.87228, 21.5099, 7],
			"to": [16.87228, 23.08803, 9],
			"rotation": {"angle": 45, "axis": "z", "origin": [14.04576, 20.70424, 15]},
			"faces": {
				"north": {"uv": [3.5, 6.375, 3.875, 6.5], "texture": "#0"},
				"east": {"uv": [3.25, 6.375, 3.5, 6.5], "texture": "#0"},
				"south": {"uv": [4.125, 6.375, 4.5, 6.5], "texture": "#0"},
				"west": {"uv": [3.875, 6.375, 4.125, 6.5], "texture": "#0"},
				"up": {"uv": [3.875, 6.375, 3.5, 6.125], "texture": "#0"},
				"down": {"uv": [4.25, 6.125, 3.875, 6.375], "texture": "#0"}
			}
		},
		{
			"from": [19.03591, 18.1499, 7],
			"to": [24.03591, 20.47803, 9],
			"rotation": {"angle": 45, "axis": "z", "origin": [14.04576, 20.70424, 15]},
			"faces": {
				"north": {"uv": [0.25, 3.75, 0.875, 4], "texture": "#0"},
				"east": {"uv": [0, 3.75, 0.25, 4], "texture": "#0"},
				"south": {"uv": [1.125, 3.75, 1.75, 4], "texture": "#0"},
				"west": {"uv": [0.875, 3.75, 1.125, 4], "texture": "#0"},
				"up": {"uv": [0.875, 3.75, 0.25, 3.5], "texture": "#0"},
				"down": {"uv": [1.5, 3.5, 0.875, 3.75], "texture": "#0"}
			}
		},
		{
			"from": [16.33322, 22.29896, 7],
			"to": [17.91134, 26.29896, 9],
			"rotation": {"angle": 0, "axis": "y", "origin": [14.04576, 20.70424, 15]},
			"faces": {
				"north": {"uv": [1.75, 7.25, 1.875, 7.75], "texture": "#0"},
				"east": {"uv": [1.5, 7.25, 1.75, 7.75], "texture": "#0"},
				"south": {"uv": [2.125, 7.25, 2.25, 7.75], "texture": "#0"},
				"west": {"uv": [1.875, 7.25, 2.125, 7.75], "texture": "#0"},
				"up": {"uv": [1.875, 7.25, 1.75, 7], "texture": "#0"},
				"down": {"uv": [2, 7, 1.875, 7.25], "texture": "#0"}
			}
		},
		{
			"from": [0.70424, 12.20424, 6.53125],
			"to": [3.28236, 19.20424, 9.53125],
			"rotation": {"angle": 45, "axis": "z", "origin": [5.95424, 17.70424, 15.03125]},
			"faces": {
				"north": {"uv": [6.125, 1.125, 6.375, 2], "texture": "#0"},
				"east": {"uv": [5.75, 1.125, 6.125, 2], "texture": "#0"},
				"south": {"uv": [6.75, 1.125, 7, 2], "texture": "#0"},
				"west": {"uv": [6.375, 1.125, 6.75, 2], "texture": "#0"},
				"up": {"uv": [6.375, 1.125, 6.125, 0.75], "texture": "#0"},
				"down": {"uv": [6.625, 0.75, 6.375, 1.125], "texture": "#0"}
			}
		},
		{
			"from": [3.74794, 12.85561, 7],
			"to": [5.57607, 17.85561, 9],
			"rotation": {"angle": 0, "axis": "y", "origin": [4.662, 15.35561, 8]},
			"faces": {
				"north": {"uv": [2.75, 6.375, 2.875, 7], "texture": "#0"},
				"east": {"uv": [2.5, 6.375, 2.75, 7], "texture": "#0"},
				"south": {"uv": [3.125, 6.375, 3.25, 7], "texture": "#0"},
				"west": {"uv": [2.875, 6.375, 3.125, 7], "texture": "#0"},
				"up": {"uv": [2.875, 6.375, 2.75, 6.125], "texture": "#0"},
				"down": {"uv": [3, 6.125, 2.875, 6.375], "texture": "#0"}
			}
		},
		{
			"from": [-0.0067, 15.91518, 7],
			"to": [3.9933, 17.4933, 9],
			"rotation": {"angle": -22.5, "axis": "z", "origin": [1.2433, 22.45424, 8]},
			"faces": {
				"north": {"uv": [3.5, 5.5, 4, 5.625], "texture": "#0"},
				"east": {"uv": [3.25, 5.5, 3.5, 5.625], "texture": "#0"},
				"south": {"uv": [4.25, 5.5, 4.75, 5.625], "texture": "#0"},
				"west": {"uv": [4, 5.5, 4.25, 5.625], "texture": "#0"},
				"up": {"uv": [4, 5.5, 3.5, 5.25], "texture": "#0"},
				"down": {"uv": [4.5, 5.25, 4, 5.5], "texture": "#0"}
			}
		},
		{
			"from": [0.70424, 16.95424, 6.5],
			"to": [3.28236, 22.20424, 9.5],
			"rotation": {"angle": 22.5, "axis": "z", "origin": [5.95424, 17.70424, 15]},
			"faces": {
				"north": {"uv": [5.125, 2.625, 5.375, 3.25], "texture": "#0"},
				"east": {"uv": [4.75, 2.625, 5.125, 3.25], "texture": "#0"},
				"south": {"uv": [5.75, 2.625, 6, 3.25], "texture": "#0"},
				"west": {"uv": [5.375, 2.625, 5.75, 3.25], "texture": "#0"},
				"up": {"uv": [5.375, 2.625, 5.125, 2.25], "texture": "#0"},
				"down": {"uv": [5.625, 2.25, 5.375, 2.625], "texture": "#0"}
			}
		},
		{
			"from": [2.20424, 18.70424, 6.75],
			"to": [4.78236, 23.70424, 9.25],
			"rotation": {"angle": -22.5, "axis": "z", "origin": [1.2433, 22.45424, 8]},
			"faces": {
				"north": {"uv": [2.5, 5.5, 2.75, 6.125], "texture": "#0"},
				"east": {"uv": [2.25, 5.5, 2.5, 6.125], "texture": "#0"},
				"south": {"uv": [3, 5.5, 3.25, 6.125], "texture": "#0"},
				"west": {"uv": [2.75, 5.5, 3, 6.125], "texture": "#0"},
				"up": {"uv": [2.75, 5.5, 2.5, 5.25], "texture": "#0"},
				"down": {"uv": [3, 5.25, 2.75, 5.5], "texture": "#0"}
			}
		},
		{
			"from": [2.45424, 21.95424, 7],
			"to": [4.78236, 24.95424, 9],
			"rotation": {"angle": 0, "axis": "y", "origin": [1.2433, 22.45424, 8]},
			"faces": {
				"north": {"uv": [1.75, 6.375, 2, 6.75], "texture": "#0"},
				"east": {"uv": [1.5, 6.375, 1.75, 6.75], "texture": "#0"},
				"south": {"uv": [2.25, 6.375, 2.5, 6.75], "texture": "#0"},
				"west": {"uv": [2, 6.375, 2.25, 6.75], "texture": "#0"},
				"up": {"uv": [2, 6.375, 1.75, 6.125], "texture": "#0"},
				"down": {"uv": [2.25, 6.125, 2, 6.375], "texture": "#0"}
			}
		},
		{
			"from": [-0.74829, 20.90187, 6.75],
			"to": [1.82983, 25.90187, 9.25],
			"rotation": {"angle": 45, "axis": "z", "origin": [1.95424, 20.70424, 15]},
			"faces": {
				"north": {"uv": [1.5, 5.5, 1.75, 6.125], "texture": "#0"},
				"east": {"uv": [1.25, 5.5, 1.5, 6.125], "texture": "#0"},
				"south": {"uv": [2, 5.5, 2.25, 6.125], "texture": "#0"},
				"west": {"uv": [1.75, 5.5, 2, 6.125], "texture": "#0"},
				"up": {"uv": [1.75, 5.5, 1.5, 5.25], "texture": "#0"},
				"down": {"uv": [2, 5.25, 1.75, 5.5], "texture": "#0"}
			}
		},
		{
			"from": [-4.62228, 19.5099, 7],
			"to": [0.37772, 21.08803, 9],
			"rotation": {"angle": 0, "axis": "y", "origin": [1.95424, 20.70424, 15]},
			"faces": {
				"north": {"uv": [4.75, 3.75, 5.375, 3.875], "texture": "#0"},
				"east": {"uv": [4.5, 3.75, 4.75, 3.875], "texture": "#0"},
				"south": {"uv": [5.625, 3.75, 6.25, 3.875], "texture": "#0"},
				"west": {"uv": [5.375, 3.75, 5.625, 3.875], "texture": "#0"},
				"up": {"uv": [5.375, 3.75, 4.75, 3.5], "texture": "#0"},
				"down": {"uv": [6, 3.5, 5.375, 3.75], "texture": "#0"}
			}
		},
		{
			"from": [-0.87228, 21.5099, 7],
			"to": [2.12772, 23.08803, 9],
			"rotation": {"angle": -45, "axis": "z", "origin": [1.95424, 20.70424, 15]},
			"faces": {
				"north": {"uv": [0.25, 6.75, 0.625, 6.875], "texture": "#0"},
				"east": {"uv": [0, 6.75, 0.25, 6.875], "texture": "#0"},
				"south": {"uv": [0.875, 6.75, 1.25, 6.875], "texture": "#0"},
				"west": {"uv": [0.625, 6.75, 0.875, 6.875], "texture": "#0"},
				"up": {"uv": [0.625, 6.75, 0.25, 6.5], "texture": "#0"},
				"down": {"uv": [1, 6.5, 0.625, 6.75], "texture": "#0"}
			}
		},
		{
			"from": [-8.03591, 18.1499, 7],
			"to": [-3.03591, 20.47803, 9],
			"rotation": {"angle": -45, "axis": "z", "origin": [1.95424, 20.70424, 15]},
			"faces": {
				"north": {"uv": [3.25, 2.5, 3.875, 2.75], "texture": "#0"},
				"east": {"uv": [3, 2.5, 3.25, 2.75], "texture": "#0"},
				"south": {"uv": [4.125, 2.5, 4.75, 2.75], "texture": "#0"},
				"west": {"uv": [3.875, 2.5, 4.125, 2.75], "texture": "#0"},
				"up": {"uv": [3.875, 2.5, 3.25, 2.25], "texture": "#0"},
				"down": {"uv": [4.5, 2.25, 3.875, 2.5], "texture": "#0"}
			}
		},
		{
			"from": [-1.91134, 22.29896, 7],
			"to": [-0.33322, 26.29896, 9],
			"rotation": {"angle": 0, "axis": "y", "origin": [1.95424, 20.70424, 15]},
			"faces": {
				"north": {"uv": [1, 7.25, 1.125, 7.75], "texture": "#0"},
				"east": {"uv": [0.75, 7.25, 1, 7.75], "texture": "#0"},
				"south": {"uv": [1.375, 7.25, 1.5, 7.75], "texture": "#0"},
				"west": {"uv": [1.125, 7.25, 1.375, 7.75], "texture": "#0"},
				"up": {"uv": [1.125, 7.25, 1, 7], "texture": "#0"},
				"down": {"uv": [1.25, 7, 1.125, 7.25], "texture": "#0"}
			}
		}
	],
	"gui_light": "front",
	"display": {
		"thirdperson_righthand": {
			"rotation": [0, 119.75, 0],
			"scale": [0.5, 0.5, 0.5]
		},
		"thirdperson_lefthand": {
			"rotation": [0, 119.75, 0],
			"scale": [0.5, 0.5, 0.5]
		},
		"firstperson_righthand": {
			"rotation": [-6, 134, 0],
			"translation": [-1.5, 2.75, -1.5],
			"scale": [0.5, 0.5, 0.5]
		},
		"firstperson_lefthand": {
			"rotation": [-6, 134, 0],
			"translation": [-1.5, 2.75, -1.5],
			"scale": [0.5, 0.5, 0.5]
		},
		"ground": {
			"translation": [0, -0.25, 0],
			"scale": [0.5, 0.5, 0.5]
		},
		"gui": {
			"rotation": [30, -145, 0],
			"translation": [0, -3, -1],
			"scale": [0.6, 0.6, 0.6]
		},
		"head": {
			"translation": [0, 4.75, 0],
			"scale": [1.1, 1.1, 1.1]
		},
		"fixed": {
			"translation": [0, -2.25, -1],
			"scale": [0.5, 0.5, 0.5]
		}
	},
	"groups": [
		{
			"name": "group",
			"origin": [8, 8, 8],
			"color": 0,
			"boneType": "",
			"children": [
				0,
				1,
				2,
				3,
				4,
				5,
				6,
				7,
				8,
				{
					"name": "group",
					"origin": [20.45465, 14.5682, 8.5],
					"color": 0,
					"boneType": "",
					"children": [9, 10, 11, 12, 13, 14]
				},
				{
					"name": "group",
					"origin": [20.45465, 14.5682, 8.5],
					"color": 0,
					"boneType": "",
					"children": [15, 16, 17, 18, 19, 20]
				},
				21,
				22,
				{
					"name": "group",
					"origin": [14.0067, 23.45424, 8],
					"color": 0,
					"boneType": "",
					"children": [23, 24, 25, 26, 27, 28, 29, 30, 31, 32, 33, 34, 35, 36, 37]
				},
				{
					"name": "group",
					"origin": [14.0067, 23.45424, 8],
					"color": 0,
					"boneType": "",
					"children": [38, 39, 40, 41, 42, 43, 44, 45, 46, 47, 48]
				}
			]
		}
	]
}