{
	"textures": {
		"0": "item/crates/christmas21_crate/frostsword"
	},
	"elements": [
		{
			"from": [5.5, -1, 7.48633],
			"to": [10.5, 26.5, 8.51367],
			"rotation": {"angle": 0, "axis": "y", "origin": [8, 14.5, 7.98633]},
			"faces": {
				"north": {"uv": [0.125, 2, 0.75, 5.375], "texture": "#0"},
				"east": {"uv": [0, 2, 0.125, 5.375], "texture": "#0"},
				"south": {"uv": [0.875, 2, 1.5, 5.375], "texture": "#0"},
				"west": {"uv": [0.75, 2, 0.875, 5.375], "texture": "#0"},
				"up": {"uv": [0.75, 2, 0.125, 1.875], "texture": "#0"},
				"down": {"uv": [1.375, 1.875, 0.75, 2], "texture": "#0"}
			}
		},
		{
			"from": [-0.5, -7, 8],
			"to": [16.5, 8.5, 8],
			"rotation": {"angle": 0, "axis": "y", "origin": [7, 10.5, 8.5]},
			"faces": {
				"north": {"uv": [0, 14.125, 2.125, 16], "texture": "#0"},
				"east": {"uv": [0, 14.125, 0, 16], "texture": "#0"},
				"south": {"uv": [2.125, 14.125, 4.25, 16], "texture": "#0"},
				"west": {"uv": [2.125, 14.125, 2.125, 16], "texture": "#0"},
				"up": {"uv": [2.125, 14.125, 0, 14.125], "texture": "#0"},
				"down": {"uv": [4.25, 14.125, 2.125, 14.125], "texture": "#0"}
			}
		},
		{
			"from": [0.5, -6.92678, 8],
			"to": [15.5, 8.07322, 8],
			"rotation": {"angle": 45, "axis": "z", "origin": [8, 0.57322, 8]},
			"faces": {
				"north": {"uv": [12.25, 3.25, 14.125, 5.125], "texture": "#0"},
				"east": {"uv": [12.25, 3.25, 12.25, 5.125], "texture": "#0"},
				"south": {"uv": [14.125, 3.25, 16, 5.125], "texture": "#0"},
				"west": {"uv": [14.125, 3.25, 14.125, 5.125], "texture": "#0"},
				"up": {"uv": [14.125, 3.25, 12.25, 3.25], "texture": "#0"},
				"down": {"uv": [16, 3.25, 14.125, 3.25], "texture": "#0"}
			}
		},
		{
			"from": [0.5, -14.92678, 8],
			"to": [6.5, -8.92678, 8],
			"rotation": {"angle": 45, "axis": "z", "origin": [8, -7.42678, 8]},
			"faces": {
				"north": {"uv": [5.125, 13.75, 5.875, 14.5], "texture": "#0"},
				"east": {"uv": [5.125, 13.75, 5.125, 14.5], "texture": "#0"},
				"south": {"uv": [5.875, 13.75, 6.625, 14.5], "texture": "#0"},
				"west": {"uv": [5.875, 13.75, 5.875, 14.5], "texture": "#0"},
				"up": {"uv": [5.875, 13.75, 5.125, 13.75], "texture": "#0"},
				"down": {"uv": [6.625, 13.75, 5.875, 13.75], "texture": "#0"}
			}
		},
		{
			"from": [6.5, 19.25, 7.5],
			"to": [9.5, 28.75, 8.5],
			"rotation": {"angle": 0, "axis": "y", "origin": [8, 16.75, 8]},
			"faces": {
				"north": {"uv": [2.625, 5.5, 3, 6.625], "texture": "#0"},
				"east": {"uv": [2.5, 5.5, 2.625, 6.625], "texture": "#0"},
				"south": {"uv": [3.125, 5.5, 3.5, 6.625], "texture": "#0"},
				"west": {"uv": [3, 5.5, 3.125, 6.625], "texture": "#0"},
				"up": {"uv": [3, 5.5, 2.625, 5.375], "texture": "#0"},
				"down": {"uv": [3.375, 5.375, 3, 5.5], "texture": "#0"}
			}
		},
		{
			"from": [6.75391, 19, 7.35352],
			"to": [9.75391, 28.75, 8.64648],
			"rotation": {"angle": 0, "axis": "y", "origin": [8.25391, 16.5, 7.98633]},
			"faces": {
				"north": {"uv": [0.125, 12.125, 0.5, 13.25], "texture": "#0"},
				"east": {"uv": [0, 12.125, 0.125, 13.25], "texture": "#0"},
				"south": {"uv": [0.625, 12.125, 1, 13.25], "texture": "#0"},
				"west": {"uv": [0.5, 12.125, 0.625, 13.25], "texture": "#0"},
				"up": {"uv": [0.5, 12.125, 0.125, 12], "texture": "#0"},
				"down": {"uv": [0.875, 12, 0.5, 12.125], "texture": "#0"}
			}
		},
		{
			"from": [9.12868, -2.62132, 7.48633],
			"to": [10.12868, 0.37868, 8.51367],
			"rotation": {"angle": 22.5, "axis": "z", "origin": [8.75, 0.5, 7.98633]},
			"faces": {
				"north": {"uv": [2.625, 10.5, 2.75, 10.875], "texture": "#0"},
				"east": {"uv": [2.5, 10.5, 2.625, 10.875], "texture": "#0"},
				"south": {"uv": [2.875, 10.5, 3, 10.875], "texture": "#0"},
				"west": {"uv": [2.75, 10.5, 2.875, 10.875], "texture": "#0"},
				"up": {"uv": [2.75, 10.5, 2.625, 10.375], "texture": "#0"},
				"down": {"uv": [2.875, 10.375, 2.75, 10.5], "texture": "#0"}
			}
		},
		{
			"from": [5.87132, -2.62132, 7.48633],
			"to": [6.87132, 0.37868, 8.51367],
			"shade": false,
			"rotation": {"angle": -22.5, "axis": "z", "origin": [7.25, 0.5, 7.98633]},
			"faces": {
				"north": {"uv": [2.75, 10.5, 2.625, 10.875], "texture": "#0"},
				"east": {"uv": [2.875, 10.5, 2.75, 10.875], "texture": "#0"},
				"south": {"uv": [3, 10.5, 2.875, 10.875], "texture": "#0"},
				"west": {"uv": [2.625, 10.5, 2.5, 10.875], "texture": "#0"},
				"up": {"uv": [2.625, 10.5, 2.75, 10.375], "texture": "#0"},
				"down": {"uv": [2.75, 10.375, 2.875, 10.5], "texture": "#0"}
			}
		},
		{
			"from": [10.5, 0, 7.48633],
			"to": [16.75, 1, 8.51367],
			"rotation": {"angle": 0, "axis": "y", "origin": [9.5, -2.5, 7.98633]},
			"faces": {
				"north": {"uv": [0.125, 7, 0.875, 7.125], "texture": "#0"},
				"east": {"uv": [0, 7, 0.125, 7.125], "texture": "#0"},
				"south": {"uv": [1, 7, 1.75, 7.125], "texture": "#0"},
				"west": {"uv": [0.875, 7, 1, 7.125], "texture": "#0"},
				"up": {"uv": [0.875, 7, 0.125, 6.875], "texture": "#0"},
				"down": {"uv": [1.625, 6.875, 0.875, 7], "texture": "#0"}
			}
		},
		{
			"from": [-0.75, 0, 7.48633],
			"to": [5.5, 1, 8.51367],
			"rotation": {"angle": 0, "axis": "y", "origin": [6.5, -2.5, 7.98633]},
			"faces": {
				"north": {"uv": [0.125, 6.75, 0.875, 6.875], "texture": "#0"},
				"east": {"uv": [0, 6.75, 0.125, 6.875], "texture": "#0"},
				"south": {"uv": [1, 6.75, 1.75, 6.875], "texture": "#0"},
				"west": {"uv": [0.875, 6.75, 1, 6.875], "texture": "#0"},
				"up": {"uv": [0.875, 6.75, 0.125, 6.625], "texture": "#0"},
				"down": {"uv": [1.625, 6.625, 0.875, 6.75], "texture": "#0"}
			}
		},
		{
			"from": [2.5, 1, 7.5],
			"to": [3.5, 2.5, 8.5],
			"rotation": {"angle": 45, "axis": "z", "origin": [4, 2, 8]},
			"faces": {
				"north": {"uv": [4.625, 11.625, 4.75, 11.75], "texture": "#0"},
				"east": {"uv": [4.5, 11.625, 4.625, 11.75], "texture": "#0"},
				"south": {"uv": [4.875, 11.625, 5, 11.75], "texture": "#0"},
				"west": {"uv": [4.75, 11.625, 4.875, 11.75], "texture": "#0"},
				"up": {"uv": [4.75, 11.625, 4.625, 11.5], "texture": "#0"},
				"down": {"uv": [4.875, 11.5, 4.75, 11.625], "texture": "#0"}
			}
		},
		{
			"from": [12.5, 1, 7.5],
			"to": [13.5, 2.5, 8.5],
			"shade": false,
			"rotation": {"angle": -45, "axis": "z", "origin": [12, 2, 8]},
			"faces": {
				"north": {"uv": [4.75, 11.625, 4.625, 11.75], "texture": "#0"},
				"east": {"uv": [4.875, 11.625, 4.75, 11.75], "texture": "#0"},
				"south": {"uv": [5, 11.625, 4.875, 11.75], "texture": "#0"},
				"west": {"uv": [4.625, 11.625, 4.5, 11.75], "texture": "#0"},
				"up": {"uv": [4.625, 11.625, 4.75, 11.5], "texture": "#0"},
				"down": {"uv": [4.75, 11.5, 4.875, 11.625], "texture": "#0"}
			}
		},
		{
			"from": [0.5, 1, 7.5],
			"to": [1.5, 3, 8.5],
			"rotation": {"angle": 45, "axis": "z", "origin": [2, 2, 8]},
			"faces": {
				"north": {"uv": [1.625, 11, 1.75, 11.25], "texture": "#0"},
				"east": {"uv": [1.5, 11, 1.625, 11.25], "texture": "#0"},
				"south": {"uv": [1.875, 11, 2, 11.25], "texture": "#0"},
				"west": {"uv": [1.75, 11, 1.875, 11.25], "texture": "#0"},
				"up": {"uv": [1.75, 11, 1.625, 10.875], "texture": "#0"},
				"down": {"uv": [1.875, 10.875, 1.75, 11], "texture": "#0"}
			}
		},
		{
			"from": [14.5, 1, 7.5],
			"to": [15.5, 3, 8.5],
			"shade": false,
			"rotation": {"angle": -45, "axis": "z", "origin": [14, 2, 8]},
			"faces": {
				"north": {"uv": [1.75, 11, 1.625, 11.25], "texture": "#0"},
				"east": {"uv": [1.875, 11, 1.75, 11.25], "texture": "#0"},
				"south": {"uv": [2, 11, 1.875, 11.25], "texture": "#0"},
				"west": {"uv": [1.625, 11, 1.5, 11.25], "texture": "#0"},
				"up": {"uv": [1.625, 11, 1.75, 10.875], "texture": "#0"},
				"down": {"uv": [1.75, 10.875, 1.875, 11], "texture": "#0"}
			}
		},
		{
			"from": [10.34225, 6.83012, 7.5],
			"to": [11.34225, 7.83012, 8.5],
			"rotation": {"angle": 22.5, "axis": "z", "origin": [10.34225, 5.83012, 8]},
			"faces": {
				"north": {"uv": [0.875, 10, 1, 10.125], "texture": "#0"},
				"east": {"uv": [0.75, 10, 0.875, 10.125], "texture": "#0"},
				"south": {"uv": [1.125, 10, 1.25, 10.125], "texture": "#0"},
				"west": {"uv": [1, 10, 1.125, 10.125], "texture": "#0"},
				"up": {"uv": [1, 10, 0.875, 9.875], "texture": "#0"},
				"down": {"uv": [1.125, 9.875, 1, 10], "texture": "#0"}
			}
		},
		{
			"from": [4.65775, 6.83012, 7.5],
			"to": [5.65775, 7.83012, 8.5],
			"shade": false,
			"rotation": {"angle": -22.5, "axis": "z", "origin": [5.65775, 5.83012, 8]},
			"faces": {
				"north": {"uv": [1, 10, 0.875, 10.125], "texture": "#0"},
				"east": {"uv": [1.125, 10, 1, 10.125], "texture": "#0"},
				"south": {"uv": [1.25, 10, 1.125, 10.125], "texture": "#0"},
				"west": {"uv": [0.875, 10, 0.75, 10.125], "texture": "#0"},
				"up": {"uv": [0.875, 10, 1, 9.875], "texture": "#0"},
				"down": {"uv": [1, 9.875, 1.125, 10], "texture": "#0"}
			}
		},
		{
			"from": [10.89694, 9.58012, 7.5],
			"to": [11.89694, 12.08012, 8.5],
			"rotation": {"angle": 22.5, "axis": "z", "origin": [10.89694, 8.58012, 8]},
			"faces": {
				"north": {"uv": [0.875, 10, 1, 10.25], "texture": "#0"},
				"east": {"uv": [0.75, 10, 0.875, 10.25], "texture": "#0"},
				"south": {"uv": [1.125, 10, 1.25, 10.25], "texture": "#0"},
				"west": {"uv": [1, 10, 1.125, 10.25], "texture": "#0"},
				"up": {"uv": [1, 10, 0.875, 9.875], "texture": "#0"},
				"down": {"uv": [1.125, 9.875, 1, 10], "texture": "#0"}
			}
		},
		{
			"from": [4.10306, 9.58012, 7.5],
			"to": [5.10306, 12.08012, 8.5],
			"shade": false,
			"rotation": {"angle": -22.5, "axis": "z", "origin": [5.10306, 8.58012, 8]},
			"faces": {
				"north": {"uv": [1, 10, 0.875, 10.25], "texture": "#0"},
				"east": {"uv": [1.125, 10, 1, 10.25], "texture": "#0"},
				"south": {"uv": [1.25, 10, 1.125, 10.25], "texture": "#0"},
				"west": {"uv": [0.875, 10, 0.75, 10.25], "texture": "#0"},
				"up": {"uv": [0.875, 10, 1, 9.875], "texture": "#0"},
				"down": {"uv": [1, 9.875, 1.125, 10], "texture": "#0"}
			}
		},
		{
			"from": [10.14694, 12.58012, 7.5],
			"to": [12.14694, 15.33012, 8.5],
			"rotation": {"angle": 22.5, "axis": "z", "origin": [11.14694, 11.58012, 8]},
			"faces": {
				"north": {"uv": [0.875, 10, 1.125, 10.25], "texture": "#0"},
				"east": {"uv": [0.75, 10, 0.875, 10.25], "texture": "#0"},
				"south": {"uv": [1.25, 10, 1.5, 10.25], "texture": "#0"},
				"west": {"uv": [1.125, 10, 1.25, 10.25], "texture": "#0"},
				"up": {"uv": [1.125, 10, 0.875, 9.875], "texture": "#0"},
				"down": {"uv": [1.375, 9.875, 1.125, 10], "texture": "#0"}
			}
		},
		{
			"from": [3.85306, 12.58012, 7.5],
			"to": [5.85306, 15.33012, 8.5],
			"shade": false,
			"rotation": {"angle": -22.5, "axis": "z", "origin": [4.85306, 11.58012, 8]},
			"faces": {
				"north": {"uv": [1.125, 10, 0.875, 10.25], "texture": "#0"},
				"east": {"uv": [1.25, 10, 1.125, 10.25], "texture": "#0"},
				"south": {"uv": [1.5, 10, 1.25, 10.25], "texture": "#0"},
				"west": {"uv": [0.875, 10, 0.75, 10.25], "texture": "#0"},
				"up": {"uv": [0.875, 10, 1.125, 9.875], "texture": "#0"},
				"down": {"uv": [1.125, 9.875, 1.375, 10], "texture": "#0"}
			}
		},
		{
			"from": [10.39694, 15.58012, 7.5],
			"to": [12.39694, 18.33012, 8.5],
			"rotation": {"angle": 22.5, "axis": "z", "origin": [11.39694, 14.58012, 8]},
			"faces": {
				"north": {"uv": [0.875, 10, 1.125, 10.25], "texture": "#0"},
				"east": {"uv": [0.75, 10, 0.875, 10.25], "texture": "#0"},
				"south": {"uv": [1.25, 10, 1.5, 10.25], "texture": "#0"},
				"west": {"uv": [1.125, 10, 1.25, 10.25], "texture": "#0"},
				"up": {"uv": [1.125, 10, 0.875, 9.875], "texture": "#0"},
				"down": {"uv": [1.375, 9.875, 1.125, 10], "texture": "#0"}
			}
		},
		{
			"from": [3.60306, 15.58012, 7.5],
			"to": [5.60306, 18.33012, 8.5],
			"shade": false,
			"rotation": {"angle": -22.5, "axis": "z", "origin": [4.60306, 14.58012, 8]},
			"faces": {
				"north": {"uv": [1.125, 10, 0.875, 10.25], "texture": "#0"},
				"east": {"uv": [1.25, 10, 1.125, 10.25], "texture": "#0"},
				"south": {"uv": [1.5, 10, 1.25, 10.25], "texture": "#0"},
				"west": {"uv": [0.875, 10, 0.75, 10.25], "texture": "#0"},
				"up": {"uv": [0.875, 10, 1.125, 9.875], "texture": "#0"},
				"down": {"uv": [1.125, 9.875, 1.375, 10], "texture": "#0"}
			}
		},
		{
			"from": [3.80145, 1.72198, 7.5],
			"to": [5.05145, 2.72198, 8.5],
			"rotation": {"angle": 0, "axis": "y", "origin": [3.80145, 2.22198, 8]},
			"faces": {
				"north": {"uv": [2.625, 11.625, 2.75, 11.75], "texture": "#0"},
				"east": {"uv": [2.5, 11.625, 2.625, 11.75], "texture": "#0"},
				"south": {"uv": [2.875, 11.625, 3, 11.75], "texture": "#0"},
				"west": {"uv": [2.75, 11.625, 2.875, 11.75], "texture": "#0"},
				"up": {"uv": [2.75, 11.625, 2.625, 11.5], "texture": "#0"},
				"down": {"uv": [2.875, 11.5, 2.75, 11.625], "texture": "#0"}
			}
		},
		{
			"from": [10.94855, 1.72198, 7.5],
			"to": [12.19855, 2.72198, 8.5],
			"shade": false,
			"rotation": {"angle": 0, "axis": "y", "origin": [12.19855, 2.22198, 8]},
			"faces": {
				"north": {"uv": [2.75, 11.625, 2.625, 11.75], "texture": "#0"},
				"east": {"uv": [2.875, 11.625, 2.75, 11.75], "texture": "#0"},
				"south": {"uv": [3, 11.625, 2.875, 11.75], "texture": "#0"},
				"west": {"uv": [2.625, 11.625, 2.5, 11.75], "texture": "#0"},
				"up": {"uv": [2.625, 11.625, 2.75, 11.5], "texture": "#0"},
				"down": {"uv": [2.75, 11.5, 2.875, 11.625], "texture": "#0"}
			}
		},
		{
			"from": [4, -1, 7.47461],
			"to": [6, 0, 8.52539],
			"rotation": {"angle": -45, "axis": "z", "origin": [8, 0, 7.97461]},
			"faces": {
				"north": {"uv": [0.125, 10.5, 0.375, 10.625], "texture": "#0"},
				"east": {"uv": [0, 10.5, 0.125, 10.625], "texture": "#0"},
				"south": {"uv": [0.5, 10.5, 0.75, 10.625], "texture": "#0"},
				"west": {"uv": [0.375, 10.5, 0.5, 10.625], "texture": "#0"},
				"up": {"uv": [0.375, 10.5, 0.125, 10.375], "texture": "#0"},
				"down": {"uv": [0.625, 10.375, 0.375, 10.5], "texture": "#0"}
			}
		},
		{
			"from": [10, -1, 7.47461],
			"to": [12, 0, 8.52539],
			"shade": false,
			"rotation": {"angle": 45, "axis": "z", "origin": [8, 0, 7.97461]},
			"faces": {
				"north": {"uv": [0.375, 10.5, 0.125, 10.625], "texture": "#0"},
				"east": {"uv": [0.5, 10.5, 0.375, 10.625], "texture": "#0"},
				"south": {"uv": [0.75, 10.5, 0.5, 10.625], "texture": "#0"},
				"west": {"uv": [0.125, 10.5, 0, 10.625], "texture": "#0"},
				"up": {"uv": [0.125, 10.5, 0.375, 10.375], "texture": "#0"},
				"down": {"uv": [0.375, 10.375, 0.625, 10.5], "texture": "#0"}
			}
		},
		{
			"from": [4.77103, 2.58012, 7.48633],
			"to": [5.77103, 6.33012, 8.51367],
			"rotation": {"angle": 22.5, "axis": "z", "origin": [5.77103, 1.58012, 7.98633]},
			"faces": {
				"north": {"uv": [4.625, 10, 4.75, 10.375], "texture": "#0"},
				"east": {"uv": [4.5, 10, 4.625, 10.375], "texture": "#0"},
				"south": {"uv": [4.875, 10, 5, 10.375], "texture": "#0"},
				"west": {"uv": [4.75, 10, 4.875, 10.375], "texture": "#0"},
				"up": {"uv": [4.75, 10, 4.625, 9.875], "texture": "#0"},
				"down": {"uv": [4.875, 9.875, 4.75, 10], "texture": "#0"}
			}
		},
		{
			"from": [10.22897, 2.58012, 7.48633],
			"to": [11.22897, 6.33012, 8.51367],
			"shade": false,
			"rotation": {"angle": -22.5, "axis": "z", "origin": [10.22897, 1.58012, 7.98633]},
			"faces": {
				"north": {"uv": [4.75, 10, 4.625, 10.375], "texture": "#0"},
				"east": {"uv": [4.875, 10, 4.75, 10.375], "texture": "#0"},
				"south": {"uv": [5, 10, 4.875, 10.375], "texture": "#0"},
				"west": {"uv": [4.625, 10, 4.5, 10.375], "texture": "#0"},
				"up": {"uv": [4.625, 10, 4.75, 9.875], "texture": "#0"},
				"down": {"uv": [4.75, 9.875, 4.875, 10], "texture": "#0"}
			}
		},
		{
			"from": [2.30145, 3.22198, 7.5],
			"to": [4.55145, 4.22198, 8.5],
			"rotation": {"angle": -22.5, "axis": "z", "origin": [3.30145, 3.72198, 8]},
			"faces": {
				"north": {"uv": [3.875, 10, 4.125, 10.125], "texture": "#0"},
				"east": {"uv": [3.75, 10, 3.875, 10.125], "texture": "#0"},
				"south": {"uv": [4.25, 10, 4.5, 10.125], "texture": "#0"},
				"west": {"uv": [4.125, 10, 4.25, 10.125], "texture": "#0"},
				"up": {"uv": [4.125, 10, 3.875, 9.875], "texture": "#0"},
				"down": {"uv": [4.375, 9.875, 4.125, 10], "texture": "#0"}
			}
		},
		{
			"from": [11.44855, 3.22198, 7.5],
			"to": [13.69855, 4.22198, 8.5],
			"shade": false,
			"rotation": {"angle": 22.5, "axis": "z", "origin": [12.69855, 3.72198, 8]},
			"faces": {
				"north": {"uv": [4.125, 10, 3.875, 10.125], "texture": "#0"},
				"east": {"uv": [4.25, 10, 4.125, 10.125], "texture": "#0"},
				"south": {"uv": [4.5, 10, 4.25, 10.125], "texture": "#0"},
				"west": {"uv": [3.875, 10, 3.75, 10.125], "texture": "#0"},
				"up": {"uv": [3.875, 10, 4.125, 9.875], "texture": "#0"},
				"down": {"uv": [4.125, 9.875, 4.375, 10], "texture": "#0"}
			}
		},
		{
			"from": [4.34955, 3.52007, 7.5],
			"to": [5.34955, 5.27007, 8.5],
			"rotation": {"angle": -22.5, "axis": "z", "origin": [4.84955, 4.52007, 8]},
			"faces": {
				"north": {"uv": [1.625, 11.625, 1.75, 11.75], "texture": "#0"},
				"east": {"uv": [1.5, 11.625, 1.625, 11.75], "texture": "#0"},
				"south": {"uv": [1.875, 11.625, 2, 11.75], "texture": "#0"},
				"west": {"uv": [1.75, 11.625, 1.875, 11.75], "texture": "#0"},
				"up": {"uv": [1.75, 11.625, 1.625, 11.5], "texture": "#0"},
				"down": {"uv": [1.875, 11.5, 1.75, 11.625], "texture": "#0"}
			}
		},
		{
			"from": [10.65045, 3.52007, 7.5],
			"to": [11.65045, 5.27007, 8.5],
			"shade": false,
			"rotation": {"angle": 22.5, "axis": "z", "origin": [11.15045, 4.52007, 8]},
			"faces": {
				"north": {"uv": [1.75, 11.625, 1.625, 11.75], "texture": "#0"},
				"east": {"uv": [1.875, 11.625, 1.75, 11.75], "texture": "#0"},
				"south": {"uv": [2, 11.625, 1.875, 11.75], "texture": "#0"},
				"west": {"uv": [1.625, 11.625, 1.5, 11.75], "texture": "#0"},
				"up": {"uv": [1.625, 11.625, 1.75, 11.5], "texture": "#0"},
				"down": {"uv": [1.75, 11.5, 1.875, 11.625], "texture": "#0"}
			}
		},
		{
			"from": [4.5, -0.62868, 7.5],
			"to": [5.5, 0.87132, 8.5],
			"rotation": {"angle": -45, "axis": "z", "origin": [4, 1.87132, 8]},
			"faces": {
				"north": {"uv": [0.625, 11.625, 0.75, 11.75], "texture": "#0"},
				"east": {"uv": [0.5, 11.625, 0.625, 11.75], "texture": "#0"},
				"south": {"uv": [0.875, 11.625, 1, 11.75], "texture": "#0"},
				"west": {"uv": [0.75, 11.625, 0.875, 11.75], "texture": "#0"},
				"up": {"uv": [0.75, 11.625, 0.625, 11.5], "texture": "#0"},
				"down": {"uv": [0.875, 11.5, 0.75, 11.625], "texture": "#0"}
			}
		},
		{
			"from": [10.5, -0.62868, 7.5],
			"to": [11.5, 0.87132, 8.5],
			"shade": false,
			"rotation": {"angle": 45, "axis": "z", "origin": [12, 1.87132, 8]},
			"faces": {
				"north": {"uv": [0.75, 11.625, 0.625, 11.75], "texture": "#0"},
				"east": {"uv": [0.875, 11.625, 0.75, 11.75], "texture": "#0"},
				"south": {"uv": [1, 11.625, 0.875, 11.75], "texture": "#0"},
				"west": {"uv": [0.625, 11.625, 0.5, 11.75], "texture": "#0"},
				"up": {"uv": [0.625, 11.625, 0.75, 11.5], "texture": "#0"},
				"down": {"uv": [0.75, 11.5, 0.875, 11.625], "texture": "#0"}
			}
		},
		{
			"from": [2.5, -1.12868, 7.5],
			"to": [3.5, 0.87132, 8.5],
			"rotation": {"angle": -45, "axis": "z", "origin": [2, 1.87132, 8]},
			"faces": {
				"north": {"uv": [4.125, 10.5, 4.25, 10.75], "texture": "#0"},
				"east": {"uv": [4, 10.5, 4.125, 10.75], "texture": "#0"},
				"south": {"uv": [4.375, 10.5, 4.5, 10.75], "texture": "#0"},
				"west": {"uv": [4.25, 10.5, 4.375, 10.75], "texture": "#0"},
				"up": {"uv": [4.25, 10.5, 4.125, 10.375], "texture": "#0"},
				"down": {"uv": [4.375, 10.375, 4.25, 10.5], "texture": "#0"}
			}
		},
		{
			"from": [12.5, -1.12868, 7.5],
			"to": [13.5, 0.87132, 8.5],
			"shade": false,
			"rotation": {"angle": 45, "axis": "z", "origin": [14, 1.87132, 8]},
			"faces": {
				"north": {"uv": [4.25, 10.5, 4.125, 10.75], "texture": "#0"},
				"east": {"uv": [4.375, 10.5, 4.25, 10.75], "texture": "#0"},
				"south": {"uv": [4.5, 10.5, 4.375, 10.75], "texture": "#0"},
				"west": {"uv": [4.125, 10.5, 4, 10.75], "texture": "#0"},
				"up": {"uv": [4.125, 10.5, 4.25, 10.375], "texture": "#0"},
				"down": {"uv": [4.25, 10.375, 4.375, 10.5], "texture": "#0"}
			}
		},
		{
			"from": [12.31983, 0.19657, 7.47656],
			"to": [15.56983, 1.19657, 8.52344],
			"rotation": {"angle": -45, "axis": "z", "origin": [8.36732, 1.42388, 7.97656]},
			"faces": {
				"north": {"uv": [1.625, 9.5, 2, 9.625], "texture": "#0"},
				"east": {"uv": [1.5, 9.5, 1.625, 9.625], "texture": "#0"},
				"south": {"uv": [2.125, 9.5, 2.5, 9.625], "texture": "#0"},
				"west": {"uv": [2, 9.5, 2.125, 9.625], "texture": "#0"},
				"up": {"uv": [2, 9.5, 1.625, 9.375], "texture": "#0"},
				"down": {"uv": [2.375, 9.375, 2, 9.5], "texture": "#0"}
			}
		},
		{
			"from": [0.43017, 0.19657, 7.47656],
			"to": [3.68017, 1.19657, 8.52344],
			"shade": false,
			"rotation": {"angle": 45, "axis": "z", "origin": [7.63268, 1.42388, 7.97656]},
			"faces": {
				"north": {"uv": [2, 9.5, 1.625, 9.625], "texture": "#0"},
				"east": {"uv": [2.125, 9.5, 2, 9.625], "texture": "#0"},
				"south": {"uv": [2.5, 9.5, 2.125, 9.625], "texture": "#0"},
				"west": {"uv": [1.625, 9.5, 1.5, 9.625], "texture": "#0"},
				"up": {"uv": [1.625, 9.5, 2, 9.375], "texture": "#0"},
				"down": {"uv": [2, 9.375, 2.375, 9.5], "texture": "#0"}
			}
		},
		{
			"from": [11.20855, -2.94592, 7.5],
			"to": [13.20855, -1.94592, 8.5],
			"rotation": {"angle": 0, "axis": "y", "origin": [11.70855, -2.44592, 8]},
			"faces": {
				"north": {"uv": [3.125, 10.25, 3.375, 10.375], "texture": "#0"},
				"east": {"uv": [3, 10.25, 3.125, 10.375], "texture": "#0"},
				"south": {"uv": [3.5, 10.25, 3.75, 10.375], "texture": "#0"},
				"west": {"uv": [3.375, 10.25, 3.5, 10.375], "texture": "#0"},
				"up": {"uv": [3.375, 10.25, 3.125, 10.125], "texture": "#0"},
				"down": {"uv": [3.625, 10.125, 3.375, 10.25], "texture": "#0"}
			}
		},
		{
			"from": [2.79145, -2.94592, 7.5],
			"to": [4.79145, -1.94592, 8.5],
			"shade": false,
			"rotation": {"angle": 0, "axis": "y", "origin": [4.29145, -2.44592, 8]},
			"faces": {
				"north": {"uv": [3.375, 10.25, 3.125, 10.375], "texture": "#0"},
				"east": {"uv": [3.5, 10.25, 3.375, 10.375], "texture": "#0"},
				"south": {"uv": [3.75, 10.25, 3.5, 10.375], "texture": "#0"},
				"west": {"uv": [3.125, 10.25, 3, 10.375], "texture": "#0"},
				"up": {"uv": [3.125, 10.25, 3.375, 10.125], "texture": "#0"},
				"down": {"uv": [3.375, 10.125, 3.625, 10.25], "texture": "#0"}
			}
		},
		{
			"from": [10.70855, -4.44592, 7.5],
			"to": [11.70855, -2.44592, 8.5],
			"rotation": {"angle": 0, "axis": "y", "origin": [11.20855, -2.94592, 8]},
			"faces": {
				"north": {"uv": [3.625, 10.5, 3.75, 10.75], "texture": "#0"},
				"east": {"uv": [3.5, 10.5, 3.625, 10.75], "texture": "#0"},
				"south": {"uv": [3.875, 10.5, 4, 10.75], "texture": "#0"},
				"west": {"uv": [3.75, 10.5, 3.875, 10.75], "texture": "#0"},
				"up": {"uv": [3.75, 10.5, 3.625, 10.375], "texture": "#0"},
				"down": {"uv": [3.875, 10.375, 3.75, 10.5], "texture": "#0"}
			}
		},
		{
			"from": [4.29145, -4.44592, 7.5],
			"to": [5.29145, -2.44592, 8.5],
			"shade": false,
			"rotation": {"angle": 0, "axis": "y", "origin": [4.79145, -2.94592, 8]},
			"faces": {
				"north": {"uv": [3.75, 10.5, 3.625, 10.75], "texture": "#0"},
				"east": {"uv": [3.875, 10.5, 3.75, 10.75], "texture": "#0"},
				"south": {"uv": [4, 10.5, 3.875, 10.75], "texture": "#0"},
				"west": {"uv": [3.625, 10.5, 3.5, 10.75], "texture": "#0"},
				"up": {"uv": [3.625, 10.5, 3.75, 10.375], "texture": "#0"},
				"down": {"uv": [3.75, 10.375, 3.875, 10.5], "texture": "#0"}
			}
		},
		{
			"from": [9.70855, -2.69592, 7.5],
			"to": [10.70855, -1.44592, 8.5],
			"rotation": {"angle": -22.5, "axis": "z", "origin": [10.20855, -1.94592, 8]},
			"faces": {
				"north": {"uv": [0.125, 11.625, 0.25, 11.75], "texture": "#0"},
				"east": {"uv": [0, 11.625, 0.125, 11.75], "texture": "#0"},
				"south": {"uv": [0.375, 11.625, 0.5, 11.75], "texture": "#0"},
				"west": {"uv": [0.25, 11.625, 0.375, 11.75], "texture": "#0"},
				"up": {"uv": [0.25, 11.625, 0.125, 11.5], "texture": "#0"},
				"down": {"uv": [0.375, 11.5, 0.25, 11.625], "texture": "#0"}
			}
		},
		{
			"from": [5.29145, -2.69592, 7.5],
			"to": [6.29145, -1.44592, 8.5],
			"shade": false,
			"rotation": {"angle": 22.5, "axis": "z", "origin": [5.79145, -1.94592, 8]},
			"faces": {
				"north": {"uv": [0.25, 11.625, 0.125, 11.75], "texture": "#0"},
				"east": {"uv": [0.375, 11.625, 0.25, 11.75], "texture": "#0"},
				"south": {"uv": [0.5, 11.625, 0.375, 11.75], "texture": "#0"},
				"west": {"uv": [0.125, 11.625, 0, 11.75], "texture": "#0"},
				"up": {"uv": [0.125, 11.625, 0.25, 11.5], "texture": "#0"},
				"down": {"uv": [0.25, 11.5, 0.375, 11.625], "texture": "#0"}
			}
		},
		{
			"from": [10.20855, -1.69592, 7.5],
			"to": [11.95855, -0.69592, 8.5],
			"rotation": {"angle": 0, "axis": "y", "origin": [10.70855, -1.19592, 8]},
			"faces": {
				"north": {"uv": [4.625, 11.375, 4.75, 11.5], "texture": "#0"},
				"east": {"uv": [4.5, 11.375, 4.625, 11.5], "texture": "#0"},
				"south": {"uv": [4.875, 11.375, 5, 11.5], "texture": "#0"},
				"west": {"uv": [4.75, 11.375, 4.875, 11.5], "texture": "#0"},
				"up": {"uv": [4.75, 11.375, 4.625, 11.25], "texture": "#0"},
				"down": {"uv": [4.875, 11.25, 4.75, 11.375], "texture": "#0"}
			}
		},
		{
			"from": [4.04145, -1.69592, 7.5],
			"to": [5.79145, -0.69592, 8.5],
			"shade": false,
			"rotation": {"angle": 0, "axis": "y", "origin": [5.29145, -1.19592, 8]},
			"faces": {
				"north": {"uv": [4.75, 11.375, 4.625, 11.5], "texture": "#0"},
				"east": {"uv": [4.875, 11.375, 4.75, 11.5], "texture": "#0"},
				"south": {"uv": [5, 11.375, 4.875, 11.5], "texture": "#0"},
				"west": {"uv": [4.625, 11.375, 4.5, 11.5], "texture": "#0"},
				"up": {"uv": [4.625, 11.375, 4.75, 11.25], "texture": "#0"},
				"down": {"uv": [4.75, 11.25, 4.875, 11.375], "texture": "#0"}
			}
		},
		{
			"from": [7, 0, 7.23242],
			"to": [9, 18, 8.76758],
			"rotation": {"angle": 0, "axis": "y", "origin": [8, 8, 9.98242]},
			"faces": {
				"north": {"uv": [1.625, 2, 1.875, 4.25], "texture": "#0"},
				"east": {"uv": [1.5, 2, 1.625, 4.25], "texture": "#0"},
				"south": {"uv": [2, 2, 2.25, 4.25], "texture": "#0"},
				"west": {"uv": [1.875, 2, 2, 4.25], "texture": "#0"},
				"up": {"uv": [1.875, 2, 1.625, 1.875], "texture": "#0"},
				"down": {"uv": [2.125, 1.875, 1.875, 2], "texture": "#0"}
			}
		},
		{
			"from": [6.5, -2, 7],
			"to": [9.5, 1.25, 9],
			"rotation": {"angle": 0, "axis": "y", "origin": [8, -1, 8]},
			"faces": {
				"north": {"uv": [2, 6.875, 2.375, 7.25], "texture": "#0"},
				"east": {"uv": [1.75, 6.875, 2, 7.25], "texture": "#0"},
				"south": {"uv": [2.625, 6.875, 3, 7.25], "texture": "#0"},
				"west": {"uv": [2.375, 6.875, 2.625, 7.25], "texture": "#0"},
				"up": {"uv": [2.375, 6.875, 2, 6.625], "texture": "#0"},
				"down": {"uv": [2.75, 6.625, 2.375, 6.875], "texture": "#0"}
			}
		},
		{
			"from": [6.75, -0.75, 6.5],
			"to": [9.25, 1.75, 9.5],
			"rotation": {"angle": 45, "axis": "z", "origin": [8, 0.5, 8]},
			"faces": {
				"north": {"uv": [0.375, 7.5, 0.625, 7.75], "texture": "#0"},
				"east": {"uv": [0, 7.5, 0.375, 7.75], "texture": "#0"},
				"south": {"uv": [1, 7.5, 1.25, 7.75], "texture": "#0"},
				"west": {"uv": [0.625, 7.5, 1, 7.75], "texture": "#0"},
				"up": {"uv": [0.625, 7.5, 0.375, 7.125], "texture": "#0"},
				"down": {"uv": [0.875, 7.125, 0.625, 7.5], "texture": "#0"}
			}
		},
		{
			"from": [5.75, -1.75, 6.75],
			"to": [10.25, 2.75, 9.25],
			"rotation": {"angle": 45, "axis": "z", "origin": [8, 0.5, 8]},
			"faces": {
				"north": {"uv": [0.25, 5.625, 0.75, 6.125], "texture": "#0"},
				"east": {"uv": [0, 5.625, 0.25, 6.125], "texture": "#0"},
				"south": {"uv": [1, 5.625, 1.5, 6.125], "texture": "#0"},
				"west": {"uv": [0.75, 5.625, 1, 6.125], "texture": "#0"},
				"up": {"uv": [0.75, 5.625, 0.25, 5.375], "texture": "#0"},
				"down": {"uv": [1.25, 5.375, 0.75, 5.625], "texture": "#0"}
			}
		},
		{
			"from": [6.92678, -11.85547, 7.24219],
			"to": [8.67678, -10.85547, 8.75781],
			"rotation": {"angle": -45, "axis": "z", "origin": [8.17678, -11.85547, 7.99219]},
			"faces": {
				"north": {"uv": [3.625, 11.375, 3.75, 11.5], "texture": "#0"},
				"east": {"uv": [3.5, 11.375, 3.625, 11.5], "texture": "#0"},
				"south": {"uv": [3.875, 11.375, 4, 11.5], "texture": "#0"},
				"west": {"uv": [3.75, 11.375, 3.875, 11.5], "texture": "#0"},
				"up": {"uv": [3.75, 11.375, 3.625, 11.25], "texture": "#0"},
				"down": {"uv": [3.875, 11.25, 3.75, 11.375], "texture": "#0"}
			}
		},
		{
			"from": [6.92678, -10.10547, 7.24219],
			"to": [8.67678, -9.10547, 8.75781],
			"rotation": {"angle": -45, "axis": "z", "origin": [8.17678, -10.10547, 7.99219]},
			"faces": {
				"north": {"uv": [3.125, 11.375, 3.25, 11.5], "texture": "#0"},
				"east": {"uv": [3, 11.375, 3.125, 11.5], "texture": "#0"},
				"south": {"uv": [3.375, 11.375, 3.5, 11.5], "texture": "#0"},
				"west": {"uv": [3.25, 11.375, 3.375, 11.5], "texture": "#0"},
				"up": {"uv": [3.25, 11.375, 3.125, 11.25], "texture": "#0"},
				"down": {"uv": [3.375, 11.25, 3.25, 11.375], "texture": "#0"}
			}
		},
		{
			"from": [6.92678, -8.35547, 7.24219],
			"to": [8.67678, -7.35547, 8.75781],
			"rotation": {"angle": -45, "axis": "z", "origin": [8.17678, -8.35547, 7.99219]},
			"faces": {
				"north": {"uv": [3.125, 11.375, 3.25, 11.5], "texture": "#0"},
				"east": {"uv": [3, 11.375, 3.125, 11.5], "texture": "#0"},
				"south": {"uv": [3.375, 11.375, 3.5, 11.5], "texture": "#0"},
				"west": {"uv": [3.25, 11.375, 3.375, 11.5], "texture": "#0"},
				"up": {"uv": [3.25, 11.375, 3.125, 11.25], "texture": "#0"},
				"down": {"uv": [3.375, 11.25, 3.25, 11.375], "texture": "#0"}
			}
		},
		{
			"from": [6.92678, -6.60547, 7.24219],
			"to": [8.67678, -5.60547, 8.75781],
			"rotation": {"angle": -45, "axis": "z", "origin": [8.17678, -6.60547, 7.99219]},
			"faces": {
				"north": {"uv": [3.125, 11.375, 3.25, 11.5], "texture": "#0"},
				"east": {"uv": [3, 11.375, 3.125, 11.5], "texture": "#0"},
				"south": {"uv": [3.375, 11.375, 3.5, 11.5], "texture": "#0"},
				"west": {"uv": [3.25, 11.375, 3.375, 11.5], "texture": "#0"},
				"up": {"uv": [3.25, 11.375, 3.125, 11.25], "texture": "#0"},
				"down": {"uv": [3.375, 11.25, 3.25, 11.375], "texture": "#0"}
			}
		},
		{
			"from": [6.92678, -4.85547, 7.24219],
			"to": [8.67678, -3.85547, 8.75781],
			"rotation": {"angle": -45, "axis": "z", "origin": [8.17678, -4.85547, 7.99219]},
			"faces": {
				"north": {"uv": [3.125, 11.375, 3.25, 11.5], "texture": "#0"},
				"east": {"uv": [3, 11.375, 3.125, 11.5], "texture": "#0"},
				"south": {"uv": [3.375, 11.375, 3.5, 11.5], "texture": "#0"},
				"west": {"uv": [3.25, 11.375, 3.375, 11.5], "texture": "#0"},
				"up": {"uv": [3.25, 11.375, 3.125, 11.25], "texture": "#0"},
				"down": {"uv": [3.375, 11.25, 3.25, 11.375], "texture": "#0"}
			}
		},
		{
			"from": [6.92678, -3.10547, 7.24219],
			"to": [8.67678, -2.10547, 8.75781],
			"rotation": {"angle": -45, "axis": "z", "origin": [8.17678, -3.10547, 7.99219]},
			"faces": {
				"north": {"uv": [3.125, 11.375, 3.25, 11.5], "texture": "#0"},
				"east": {"uv": [3, 11.375, 3.125, 11.5], "texture": "#0"},
				"south": {"uv": [3.375, 11.375, 3.5, 11.5], "texture": "#0"},
				"west": {"uv": [3.25, 11.375, 3.375, 11.5], "texture": "#0"},
				"up": {"uv": [3.25, 11.375, 3.125, 11.25], "texture": "#0"},
				"down": {"uv": [3.375, 11.25, 3.25, 11.375], "texture": "#0"}
			}
		},
		{
			"from": [7.32322, -11.85547, 7.24609],
			"to": [9.07322, -10.85547, 8.75391],
			"rotation": {"angle": 45, "axis": "z", "origin": [7.82322, -11.85547, 7.99609]},
			"faces": {
				"north": {"uv": [0.625, 11.375, 0.75, 11.5], "texture": "#0"},
				"east": {"uv": [0.5, 11.375, 0.625, 11.5], "texture": "#0"},
				"south": {"uv": [0.875, 11.375, 1, 11.5], "texture": "#0"},
				"west": {"uv": [0.75, 11.375, 0.875, 11.5], "texture": "#0"},
				"up": {"uv": [0.75, 11.375, 0.625, 11.25], "texture": "#0"},
				"down": {"uv": [0.875, 11.25, 0.75, 11.375], "texture": "#0"}
			}
		},
		{
			"from": [7.32322, -10.10547, 7.24609],
			"to": [9.07322, -9.10547, 8.75391],
			"rotation": {"angle": 45, "axis": "z", "origin": [7.82322, -10.10547, 7.99609]},
			"faces": {
				"north": {"uv": [0.125, 11.375, 0.25, 11.5], "texture": "#0"},
				"east": {"uv": [0, 11.375, 0.125, 11.5], "texture": "#0"},
				"south": {"uv": [0.375, 11.375, 0.5, 11.5], "texture": "#0"},
				"west": {"uv": [0.25, 11.375, 0.375, 11.5], "texture": "#0"},
				"up": {"uv": [0.25, 11.375, 0.125, 11.25], "texture": "#0"},
				"down": {"uv": [0.375, 11.25, 0.25, 11.375], "texture": "#0"}
			}
		},
		{
			"from": [7.32322, -8.35547, 7.24609],
			"to": [9.07322, -7.35547, 8.75391],
			"rotation": {"angle": 45, "axis": "z", "origin": [7.82322, -8.35547, 7.99609]},
			"faces": {
				"north": {"uv": [0.125, 11.375, 0.25, 11.5], "texture": "#0"},
				"east": {"uv": [0, 11.375, 0.125, 11.5], "texture": "#0"},
				"south": {"uv": [0.375, 11.375, 0.5, 11.5], "texture": "#0"},
				"west": {"uv": [0.25, 11.375, 0.375, 11.5], "texture": "#0"},
				"up": {"uv": [0.25, 11.375, 0.125, 11.25], "texture": "#0"},
				"down": {"uv": [0.375, 11.25, 0.25, 11.375], "texture": "#0"}
			}
		},
		{
			"from": [7.32322, -6.60547, 7.24609],
			"to": [9.07322, -5.60547, 8.75391],
			"rotation": {"angle": 45, "axis": "z", "origin": [7.82322, -6.60547, 7.99609]},
			"faces": {
				"north": {"uv": [0.125, 11.375, 0.25, 11.5], "texture": "#0"},
				"east": {"uv": [0, 11.375, 0.125, 11.5], "texture": "#0"},
				"south": {"uv": [0.375, 11.375, 0.5, 11.5], "texture": "#0"},
				"west": {"uv": [0.25, 11.375, 0.375, 11.5], "texture": "#0"},
				"up": {"uv": [0.25, 11.375, 0.125, 11.25], "texture": "#0"},
				"down": {"uv": [0.375, 11.25, 0.25, 11.375], "texture": "#0"}
			}
		},
		{
			"from": [7.32322, -4.85547, 7.24609],
			"to": [9.07322, -3.85547, 8.75391],
			"rotation": {"angle": 45, "axis": "z", "origin": [7.82322, -4.85547, 7.99609]},
			"faces": {
				"north": {"uv": [0.125, 11.375, 0.25, 11.5], "texture": "#0"},
				"east": {"uv": [0, 11.375, 0.125, 11.5], "texture": "#0"},
				"south": {"uv": [0.375, 11.375, 0.5, 11.5], "texture": "#0"},
				"west": {"uv": [0.25, 11.375, 0.375, 11.5], "texture": "#0"},
				"up": {"uv": [0.25, 11.375, 0.125, 11.25], "texture": "#0"},
				"down": {"uv": [0.375, 11.25, 0.25, 11.375], "texture": "#0"}
			}
		},
		{
			"from": [7.32322, -3.10547, 7.24609],
			"to": [9.07322, -2.10547, 8.75391],
			"rotation": {"angle": 45, "axis": "z", "origin": [7.82322, -3.10547, 7.99609]},
			"faces": {
				"north": {"uv": [0.125, 11.375, 0.25, 11.5], "texture": "#0"},
				"east": {"uv": [0, 11.375, 0.125, 11.5], "texture": "#0"},
				"south": {"uv": [0.375, 11.375, 0.5, 11.5], "texture": "#0"},
				"west": {"uv": [0.25, 11.375, 0.375, 11.5], "texture": "#0"},
				"up": {"uv": [0.25, 11.375, 0.125, 11.25], "texture": "#0"},
				"down": {"uv": [0.375, 11.25, 0.25, 11.375], "texture": "#0"}
			}
		},
		{
			"from": [6.75, -13.5, 7.25],
			"to": [9.25, -11.5, 8.75],
			"rotation": {"angle": 0, "axis": "y", "origin": [8, -12.5, 8]},
			"faces": {
				"north": {"uv": [3.125, 9.25, 3.375, 9.5], "texture": "#0"},
				"east": {"uv": [3, 9.25, 3.125, 9.5], "texture": "#0"},
				"south": {"uv": [3.5, 9.25, 3.75, 9.5], "texture": "#0"},
				"west": {"uv": [3.375, 9.25, 3.5, 9.5], "texture": "#0"},
				"up": {"uv": [3.375, 9.25, 3.125, 9.125], "texture": "#0"},
				"down": {"uv": [3.625, 9.125, 3.375, 9.25], "texture": "#0"}
			}
		},
		{
			"from": [7, -13.5, 7.5],
			"to": [9, 0, 8.5],
			"rotation": {"angle": 0, "axis": "y", "origin": [8, -7, 8]},
			"faces": {
				"north": {"uv": [2.375, 2, 2.625, 3.625], "texture": "#0"},
				"east": {"uv": [2.25, 2, 2.375, 3.625], "texture": "#0"},
				"south": {"uv": [2.75, 2, 3, 3.625], "texture": "#0"},
				"west": {"uv": [2.625, 2, 2.75, 3.625], "texture": "#0"},
				"up": {"uv": [2.625, 2, 2.375, 1.875], "texture": "#0"},
				"down": {"uv": [2.875, 1.875, 2.625, 2], "texture": "#0"}
			}
		},
		{
			"from": [6.875, -13.375, 6.99414],
			"to": [10.375, -12.375, 9.00586],
			"rotation": {"angle": -45, "axis": "z", "origin": [8, -13.5, 7.99414]},
			"faces": {
				"north": {"uv": [0.75, 8.5, 1.125, 8.625], "texture": "#0"},
				"east": {"uv": [0.5, 8.5, 0.75, 8.625], "texture": "#0"},
				"south": {"uv": [1.375, 8.5, 1.75, 8.625], "texture": "#0"},
				"west": {"uv": [1.125, 8.5, 1.375, 8.625], "texture": "#0"},
				"up": {"uv": [1.125, 8.5, 0.75, 8.25], "texture": "#0"},
				"down": {"uv": [1.5, 8.25, 1.125, 8.5], "texture": "#0"}
			}
		},
		{
			"from": [5.625, -13.375, 7],
			"to": [9.125, -12.375, 9],
			"rotation": {"angle": 45, "axis": "z", "origin": [8, -13.5, 8]},
			"faces": {
				"north": {"uv": [0.75, 8.125, 1.125, 8.25], "texture": "#0"},
				"east": {"uv": [0.5, 8.125, 0.75, 8.25], "texture": "#0"},
				"south": {"uv": [1.375, 8.125, 1.75, 8.25], "texture": "#0"},
				"west": {"uv": [1.125, 8.125, 1.375, 8.25], "texture": "#0"},
				"up": {"uv": [1.125, 8.125, 0.75, 7.875], "texture": "#0"},
				"down": {"uv": [1.5, 7.875, 1.125, 8.125], "texture": "#0"}
			}
		},
		{
			"from": [7.5, -16, 7.5],
			"to": [8.5, -11.5, 8.5],
			"rotation": {"angle": 0, "axis": "y", "origin": [8, -14.25, 7.5]},
			"faces": {
				"north": {"uv": [2.625, 9.25, 2.75, 9.75], "texture": "#0"},
				"east": {"uv": [2.5, 9.25, 2.625, 9.75], "texture": "#0"},
				"south": {"uv": [2.875, 9.25, 3, 9.75], "texture": "#0"},
				"west": {"uv": [2.75, 9.25, 2.875, 9.75], "texture": "#0"},
				"up": {"uv": [2.75, 9.25, 2.625, 9.125], "texture": "#0"},
				"down": {"uv": [2.875, 9.125, 2.75, 9.25], "texture": "#0"}
			}
		},
		{
			"from": [7.5, 30.76663, 7.45508],
			"to": [8.5, 31.76663, 8.54492],
			"rotation": {"angle": -45, "axis": "z", "origin": [8, 31.26663, 7.95508]},
			"faces": {
				"north": {"uv": [3.125, 11, 3.25, 11.125], "texture": "#0"},
				"east": {"uv": [3, 11, 3.125, 11.125], "texture": "#0"},
				"south": {"uv": [3.375, 11, 3.5, 11.125], "texture": "#0"},
				"west": {"uv": [3.25, 11, 3.375, 11.125], "texture": "#0"},
				"up": {"uv": [3.25, 11, 3.125, 10.875], "texture": "#0"},
				"down": {"uv": [3.375, 10.875, 3.25, 11], "texture": "#0"}
			}
		},
		{
			"from": [7.63637, 20.96051, 7.44531],
			"to": [9.26528, 30.65582, 8.55469],
			"rotation": {"angle": 22.5, "axis": "z", "origin": [7.45083, 29.55816, 7.94531]},
			"faces": {
				"north": {"uv": [0.125, 8, 0.25, 9.125], "texture": "#0"},
				"east": {"uv": [0, 8, 0.125, 9.125], "texture": "#0"},
				"south": {"uv": [0.375, 8, 0.5, 9.125], "texture": "#0"},
				"west": {"uv": [0.25, 8, 0.375, 9.125], "texture": "#0"},
				"up": {"uv": [0.25, 8, 0.125, 7.875], "texture": "#0"},
				"down": {"uv": [0.375, 7.875, 0.25, 8], "texture": "#0"}
			}
		},
		{
			"from": [6.63637, 20.14019, 7.25],
			"to": [8.26528, 26.33551, 8.75],
			"rotation": {"angle": 22.5, "axis": "z", "origin": [6.45083, 27.73785, 8]},
			"faces": {
				"north": {"uv": [2.375, 8, 2.5, 8.75], "texture": "#0"},
				"east": {"uv": [2.25, 8, 2.375, 8.75], "texture": "#0"},
				"south": {"uv": [2.625, 8, 2.75, 8.75], "texture": "#0"},
				"west": {"uv": [2.5, 8, 2.625, 8.75], "texture": "#0"},
				"up": {"uv": [2.5, 8, 2.375, 7.875], "texture": "#0"},
				"down": {"uv": [2.625, 7.875, 2.5, 8], "texture": "#0"}
			}
		},
		{
			"from": [7.5, 26.55466, 7.25],
			"to": [8.5, 27.55466, 8.75],
			"rotation": {"angle": 45, "axis": "z", "origin": [8, 27.05466, 8]},
			"faces": {
				"north": {"uv": [2.625, 11, 2.75, 11.125], "texture": "#0"},
				"east": {"uv": [2.5, 11, 2.625, 11.125], "texture": "#0"},
				"south": {"uv": [2.875, 11, 3, 11.125], "texture": "#0"},
				"west": {"uv": [2.75, 11, 2.875, 11.125], "texture": "#0"},
				"up": {"uv": [2.75, 11, 2.625, 10.875], "texture": "#0"},
				"down": {"uv": [2.875, 10.875, 2.75, 11], "texture": "#0"}
			}
		},
		{
			"from": [7.73472, 20.14019, 7.24609],
			"to": [9.36363, 26.33551, 8.75391],
			"rotation": {"angle": -22.5, "axis": "z", "origin": [9.54917, 27.73785, 7.99609]},
			"faces": {
				"north": {"uv": [1.875, 8, 2, 8.75], "texture": "#0"},
				"east": {"uv": [1.75, 8, 1.875, 8.75], "texture": "#0"},
				"south": {"uv": [2.125, 8, 2.25, 8.75], "texture": "#0"},
				"west": {"uv": [2, 8, 2.125, 8.75], "texture": "#0"},
				"up": {"uv": [2, 8, 1.875, 7.875], "texture": "#0"},
				"down": {"uv": [2.125, 7.875, 2, 8], "texture": "#0"}
			}
		},
		{
			"from": [6.73472, 20.96051, 7.44531],
			"to": [8.36363, 30.65582, 8.55469],
			"rotation": {"angle": -22.5, "axis": "z", "origin": [8.54917, 29.55816, 7.94531]},
			"faces": {
				"north": {"uv": [3.125, 6.75, 3.25, 7.875], "texture": "#0"},
				"east": {"uv": [3, 6.75, 3.125, 7.875], "texture": "#0"},
				"south": {"uv": [3.375, 6.75, 3.5, 7.875], "texture": "#0"},
				"west": {"uv": [3.25, 6.75, 3.375, 7.875], "texture": "#0"},
				"up": {"uv": [3.25, 6.75, 3.125, 6.625], "texture": "#0"},
				"down": {"uv": [3.375, 6.625, 3.25, 6.75], "texture": "#0"}
			}
		},
		{
			"from": [9.2565, 16.39193, 7.24023],
			"to": [11.1354, 22.08724, 8.75977],
			"rotation": {"angle": -22.5, "axis": "z", "origin": [9.32095, 21.98958, 7.99023]},
			"faces": {
				"north": {"uv": [0.625, 9.25, 0.75, 9.875], "texture": "#0"},
				"east": {"uv": [0.5, 9.25, 0.625, 9.875], "texture": "#0"},
				"south": {"uv": [0.875, 9.25, 1, 9.875], "texture": "#0"},
				"west": {"uv": [0.75, 9.25, 0.875, 9.875], "texture": "#0"},
				"up": {"uv": [0.75, 9.25, 0.625, 9.125], "texture": "#0"},
				"down": {"uv": [0.875, 9.125, 0.75, 9.25], "texture": "#0"}
			}
		},
		{
			"from": [4.8646, 16.39193, 7.24414],
			"to": [6.7435, 22.08724, 8.75586],
			"rotation": {"angle": 22.5, "axis": "z", "origin": [6.67905, 21.98958, 7.99414]},
			"faces": {
				"north": {"uv": [0.125, 9.25, 0.25, 9.875], "texture": "#0"},
				"east": {"uv": [0, 9.25, 0.125, 9.875], "texture": "#0"},
				"south": {"uv": [0.375, 9.25, 0.5, 9.875], "texture": "#0"},
				"west": {"uv": [0.25, 9.25, 0.375, 9.875], "texture": "#0"},
				"up": {"uv": [0.25, 9.25, 0.125, 9.125], "texture": "#0"},
				"down": {"uv": [0.375, 9.125, 0.25, 9.25], "texture": "#0"}
			}
		},
		{
			"from": [3.8646, 17.39193, 7.45508],
			"to": [5.7435, 23.08724, 8.54492],
			"rotation": {"angle": 22.5, "axis": "z", "origin": [5.67905, 21.98958, 7.95508]},
			"faces": {
				"north": {"uv": [2.875, 8, 3, 8.625], "texture": "#0"},
				"east": {"uv": [2.75, 8, 2.875, 8.625], "texture": "#0"},
				"south": {"uv": [3.125, 8, 3.25, 8.625], "texture": "#0"},
				"west": {"uv": [3, 8, 3.125, 8.625], "texture": "#0"},
				"up": {"uv": [3, 8, 2.875, 7.875], "texture": "#0"},
				"down": {"uv": [3.125, 7.875, 3, 8], "texture": "#0"}
			}
		},
		{
			"from": [10.2565, 17.39193, 7.45508],
			"to": [12.1354, 23.08724, 8.54492],
			"shade": false,
			"rotation": {"angle": -22.5, "axis": "z", "origin": [10.32095, 21.98958, 7.95508]},
			"faces": {
				"north": {"uv": [3, 8, 2.875, 8.625], "texture": "#0"},
				"east": {"uv": [3.125, 8, 3, 8.625], "texture": "#0"},
				"south": {"uv": [3.25, 8, 3.125, 8.625], "texture": "#0"},
				"west": {"uv": [2.875, 8, 2.75, 8.625], "texture": "#0"},
				"up": {"uv": [2.875, 8, 3, 7.875], "texture": "#0"},
				"down": {"uv": [3, 7.875, 3.125, 8], "texture": "#0"}
			}
		}
	],
	"display": {
		"thirdperson_righthand": {
			"rotation": [0, -90, 0],
			"translation": [0, 9, 1.75],
			"scale": [0.7, 0.7, 0.7]
		},
		"thirdperson_lefthand": {
			"rotation": [0, -90, 0],
			"translation": [0, 9, 1.75],
			"scale": [0.7, 0.7, 0.7]
		},
		"firstperson_righthand": {
			"rotation": [-13.5, -66.25, 0],
			"translation": [2, 8, -6],
			"scale": [0.71, 0.71, 0.71]
		},
		"firstperson_lefthand": {
			"rotation": [-13.5, -66.25, 0],
			"translation": [2, 8, -6],
			"scale": [0.71, 0.71, 0.71]
		},
		"ground": {
			"rotation": [0, 0, -45],
			"translation": [0, 5.25, 0],
			"scale": [0.5, 0.5, 0.5]
		},
		"gui": {
			"rotation": [0, 0, -45],
			"scale": [0.4, 0.4, 0.4]
		},
		"head": {
			"translation": [0, 18.75, 0]
		},
		"fixed": {
			"rotation": [0, 0, 45],
			"translation": [0, 0, -0.25],
			"scale": [0.5, 0.5, 0.5]
		}
	},
	"groups": [
		{
			"name": "group",
			"origin": [8, 8, 8],
			"color": 0,
			"children": [
				0,
				{
					"name": "group",
					"origin": [8, 0.57322, 8],
					"color": 0,
					"children": [1, 2]
				},
				3,
				4,
				5,
				6,
				7,
				8,
				9,
				10,
				11,
				12,
				13,
				{
					"name": "group",
					"origin": [11.15045, 4.52007, 8],
					"color": 0,
					"children": [14, 15, 16, 17, 18, 19, 20, 21, 22, 23]
				},
				{
					"name": "group",
					"origin": [11.15045, 4.52007, 8],
					"color": 0,
					"children": [24, 25, 26, 27, 28, 29, 30, 31]
				},
				32,
				33,
				34,
				35,
				36,
				37,
				38,
				39,
				40,
				41,
				42,
				43,
				44,
				45,
				46,
				47,
				48,
				49,
				50,
				51,
				52,
				53,
				54,
				55,
				56,
				57,
				58,
				59,
				60,
				61,
				62,
				63,
				64,
				65,
				66,
				67,
				68,
				69,
				70,
				71,
				72,
				73,
				74,
				75,
				76
			]
		}
	]
}