{
	"textures": {
		"0": "item/crates/christmas21_crate/giftset_1"
	},
	"elements": [
		{
			"from": [2, 0, 9],
			"to": [14, 9, 21],
			"rotation": {"angle": 0, "axis": "y", "origin": [10, 8, 17]},
			"faces": {
				"north": {"uv": [6.5, 4.25, 9.5, 6.5], "texture": "#0"},
				"east": {"uv": [7, 7, 10, 9.25], "texture": "#0"},
				"south": {"uv": [8.25, 0, 11.25, 2.25], "texture": "#0"},
				"west": {"uv": [7, 9.25, 10, 11.5], "texture": "#0"},
				"up": {"uv": [6.5, 6.5, 3.5, 3.5], "texture": "#0"},
				"down": {"uv": [6.5, 0, 3.5, 3], "texture": "#0"}
			}
		},
		{
			"from": [1, 9, 8],
			"to": [15, 12, 22],
			"rotation": {"angle": 0, "axis": "y", "origin": [10, 11, 17]},
			"faces": {
				"north": {"uv": [10, 8.75, 13.5, 9.5], "texture": "#0"},
				"east": {"uv": [11.25, 1.5, 14.75, 2.25], "texture": "#0"},
				"south": {"uv": [12, 2.25, 15.5, 3], "texture": "#0"},
				"west": {"uv": [12, 3, 15.5, 3.75], "texture": "#0"},
				"up": {"uv": [3.5, 3.5, 0, 0], "texture": "#0"},
				"down": {"uv": [3.5, 3.5, 0, 7], "texture": "#0"}
			}
		},
		{
			"from": [8.75, 12, 12],
			"to": [10.75, 15, 18],
			"rotation": {"angle": -45, "axis": "z", "origin": [9.75, 12, 15]},
			"faces": {
				"north": {"uv": [1, 13.5, 1.5, 14.25], "texture": "#0"},
				"east": {"uv": [0, 11.25, 1.5, 12], "texture": "#0"},
				"south": {"uv": [13.5, 4.75, 14, 5.5], "texture": "#0"},
				"west": {"uv": [0, 12, 1.5, 12.75], "texture": "#0"},
				"up": {"uv": [8.75, 3.75, 8.25, 2.25], "texture": "#0"},
				"down": {"uv": [9.25, 2.25, 8.75, 3.75], "texture": "#0"}
			}
		},
		{
			"from": [5.25, 12, 12],
			"to": [7.25, 15, 18],
			"rotation": {"angle": 45, "axis": "z", "origin": [6.25, 12, 15]},
			"faces": {
				"north": {"uv": [13.5, 5.5, 14, 6.25], "texture": "#0"},
				"east": {"uv": [12, 3.75, 13.5, 4.5], "texture": "#0"},
				"south": {"uv": [13.5, 6.75, 14, 7.5], "texture": "#0"},
				"west": {"uv": [12, 6.75, 13.5, 7.5], "texture": "#0"},
				"up": {"uv": [6, 14.5, 5.5, 13], "texture": "#0"},
				"down": {"uv": [6.5, 13, 6, 14.5], "texture": "#0"}
			}
		},
		{
			"from": [7.5, 13, 12],
			"to": [9.5, 16, 18],
			"rotation": {"angle": -22.5, "axis": "z", "origin": [8.5, 13, 15]},
			"faces": {
				"north": {"uv": [13.5, 7.5, 14, 8.25], "texture": "#0"},
				"east": {"uv": [12, 7.5, 13.5, 8.25], "texture": "#0"},
				"south": {"uv": [13.5, 8.75, 14, 9.5], "texture": "#0"},
				"west": {"uv": [9.75, 12.5, 11.25, 13.25], "texture": "#0"},
				"up": {"uv": [7, 14.5, 6.5, 13], "texture": "#0"},
				"down": {"uv": [7.5, 13, 7, 14.5], "texture": "#0"}
			}
		},
		{
			"from": [6.5, 13, 12],
			"to": [8.5, 16, 18],
			"rotation": {"angle": 22.5, "axis": "z", "origin": [7.5, 13, 15]},
			"faces": {
				"north": {"uv": [1.5, 13.75, 2, 14.5], "texture": "#0"},
				"east": {"uv": [11.25, 12.5, 12.75, 13.25], "texture": "#0"},
				"south": {"uv": [2, 13.75, 2.5, 14.5], "texture": "#0"},
				"west": {"uv": [12.5, 9.5, 14, 10.25], "texture": "#0"},
				"up": {"uv": [8, 14.5, 7.5, 13], "texture": "#0"},
				"down": {"uv": [8.5, 13, 8, 14.5], "texture": "#0"}
			}
		},
		{
			"from": [5, 12, 16],
			"to": [11, 15, 18],
			"rotation": {"angle": 45, "axis": "x", "origin": [8, 12, 17]},
			"faces": {
				"north": {"uv": [12.5, 10.25, 14, 11], "texture": "#0"},
				"east": {"uv": [2.5, 13.75, 3, 14.5], "texture": "#0"},
				"south": {"uv": [12.5, 11, 14, 11.75], "texture": "#0"},
				"west": {"uv": [3, 13.75, 3.5, 14.5], "texture": "#0"},
				"up": {"uv": [3, 13.75, 1.5, 13.25], "texture": "#0"},
				"down": {"uv": [4.5, 13.25, 3, 13.75], "texture": "#0"}
			}
		},
		{
			"from": [5, 12, 12],
			"to": [11, 15, 14],
			"rotation": {"angle": -45, "axis": "x", "origin": [8, 12, 13]},
			"faces": {
				"north": {"uv": [12.5, 11.75, 14, 12.5], "texture": "#0"},
				"east": {"uv": [3.5, 13.75, 4, 14.5], "texture": "#0"},
				"south": {"uv": [0, 12.75, 1.5, 13.5], "texture": "#0"},
				"west": {"uv": [4, 13.75, 4.5, 14.5], "texture": "#0"},
				"up": {"uv": [10, 13.75, 8.5, 13.25], "texture": "#0"},
				"down": {"uv": [11.5, 13.25, 10, 13.75], "texture": "#0"}
			}
		},
		{
			"from": [14.475, 0, -1.375],
			"to": [22.875, 6.3, 7.025],
			"rotation": {"angle": 45, "axis": "y", "origin": [18.675, 7.7, 3]},
			"faces": {
				"north": {"uv": [11.25, 0, 13.25, 1.5], "texture": "#0"},
				"east": {"uv": [5.75, 11.5, 7.75, 13], "texture": "#0"},
				"south": {"uv": [7.75, 11.5, 9.75, 13], "texture": "#0"},
				"west": {"uv": [11.5, 4.75, 13.5, 6.25], "texture": "#0"},
				"up": {"uv": [11.5, 6.75, 9.5, 4.75], "texture": "#0"},
				"down": {"uv": [12, 6.75, 10, 8.75], "texture": "#0"}
			}
		},
		{
			"from": [13.775, 6.3, -2.075],
			"to": [23.575, 8.4, 7.725],
			"rotation": {"angle": 45, "axis": "y", "origin": [18.675, 7.7, 3]},
			"faces": {
				"north": {"uv": [3.5, 3, 6, 3.5], "texture": "#0"},
				"east": {"uv": [7, 6.5, 9.5, 7], "texture": "#0"},
				"south": {"uv": [10, 9.5, 12.5, 10], "texture": "#0"},
				"west": {"uv": [11.5, 6.25, 14, 6.75], "texture": "#0"},
				"up": {"uv": [12, 4.75, 9.5, 2.25], "texture": "#0"},
				"down": {"uv": [12.5, 10, 10, 12.5], "texture": "#0"}
			}
		},
		{
			"from": [18.22249, 8.93744, 0.9],
			"to": [19.62249, 11.03744, 5.1],
			"rotation": {"angle": -45, "axis": "z", "origin": [18.675, 7.7, 3]},
			"faces": {
				"north": {"uv": [6, 3, 6.25, 3.5], "texture": "#0"},
				"east": {"uv": [8.25, 3.75, 9.25, 4.25], "texture": "#0"},
				"south": {"uv": [6.25, 3, 6.5, 3.5], "texture": "#0"},
				"west": {"uv": [5.75, 10.75, 6.75, 11.25], "texture": "#0"},
				"up": {"uv": [9.5, 3.25, 9.25, 2.25], "texture": "#0"},
				"down": {"uv": [9.5, 3.25, 9.25, 4.25], "texture": "#0"}
			}
		},
		{
			"from": [17.48003, 9.18492, 0.9],
			"to": [18.88003, 11.28492, 5.1],
			"rotation": {"angle": 45, "axis": "z", "origin": [18.675, 7.7, 3]},
			"faces": {
				"north": {"uv": [1.5, 12.25, 1.75, 12.75], "texture": "#0"},
				"east": {"uv": [4.5, 13.25, 5.5, 13.75], "texture": "#0"},
				"south": {"uv": [1.25, 14.25, 1.5, 14.75], "texture": "#0"},
				"west": {"uv": [11.5, 13.25, 12.5, 13.75], "texture": "#0"},
				"up": {"uv": [1.75, 12.25, 1.5, 11.25], "texture": "#0"},
				"down": {"uv": [10, 11.5, 9.75, 12.5], "texture": "#0"}
			}
		},
		{
			"from": [17.60092, 9.0604, 0.9],
			"to": [19.00092, 11.1604, 5.1],
			"rotation": {"angle": -22.5, "axis": "z", "origin": [18.675, 7.7, 3]},
			"faces": {
				"north": {"uv": [4.5, 14.25, 4.75, 14.75], "texture": "#0"},
				"east": {"uv": [12.5, 13.25, 13.5, 13.75], "texture": "#0"},
				"south": {"uv": [4.75, 14.25, 5, 14.75], "texture": "#0"},
				"west": {"uv": [13.25, 0, 14.25, 0.5], "texture": "#0"},
				"up": {"uv": [5.5, 14.75, 5.25, 13.75], "texture": "#0"},
				"down": {"uv": [1, 14, 0.75, 15], "texture": "#0"}
			}
		},
		{
			"from": [18.02572, 9.19434, 0.9],
			"to": [19.42572, 11.29434, 5.1],
			"rotation": {"angle": 22.5, "axis": "z", "origin": [18.675, 7.7, 3]},
			"faces": {
				"north": {"uv": [5, 14.25, 5.25, 14.75], "texture": "#0"},
				"east": {"uv": [13.25, 0.5, 14.25, 1], "texture": "#0"},
				"south": {"uv": [8.5, 14.25, 8.75, 14.75], "texture": "#0"},
				"west": {"uv": [13.25, 1, 14.25, 1.5], "texture": "#0"},
				"up": {"uv": [14.25, 6.75, 14, 5.75], "texture": "#0"},
				"down": {"uv": [14.25, 6.75, 14, 7.75], "texture": "#0"}
			}
		},
		{
			"from": [16.4, 9.18492, 2.79497],
			"to": [20.6, 11.28492, 4.19497],
			"rotation": {"angle": 45, "axis": "x", "origin": [18.675, 7.7, 3]},
			"faces": {
				"north": {"uv": [0, 13.5, 1, 14], "texture": "#0"},
				"east": {"uv": [8.75, 14.25, 9, 14.75], "texture": "#0"},
				"south": {"uv": [13.5, 13.5, 14.5, 14], "texture": "#0"},
				"west": {"uv": [9, 14.25, 9.25, 14.75], "texture": "#0"},
				"up": {"uv": [2.75, 10.75, 1.75, 10.5], "texture": "#0"},
				"down": {"uv": [6.75, 11.25, 5.75, 11.5], "texture": "#0"}
			}
		},
		{
			"from": [16.4, 9.18492, 1.80503],
			"to": [20.6, 11.28492, 3.20503],
			"rotation": {"angle": -45, "axis": "x", "origin": [18.675, 7.7, 3]},
			"faces": {
				"north": {"uv": [13.5, 3.75, 14.5, 4.25], "texture": "#0"},
				"east": {"uv": [9.25, 14.25, 9.5, 14.75], "texture": "#0"},
				"south": {"uv": [13.5, 4.25, 14.5, 4.75], "texture": "#0"},
				"west": {"uv": [9.5, 14.25, 9.75, 14.75], "texture": "#0"},
				"up": {"uv": [13, 4.75, 12, 4.5], "texture": "#0"},
				"down": {"uv": [13.75, 12.5, 12.75, 12.75], "texture": "#0"}
			}
		},
		{
			"from": [-6.96, 0, 2.04],
			"to": [-0.24, 16.64, 8.76],
			"rotation": {"angle": -22.5, "axis": "y", "origin": [-3.46, 17.76, 5.4]},
			"faces": {
				"north": {"uv": [3.5, 6.5, 5.25, 10.75], "texture": "#0"},
				"east": {"uv": [5.25, 6.5, 7, 10.75], "texture": "#0"},
				"south": {"uv": [6.5, 0, 8.25, 4.25], "texture": "#0"},
				"west": {"uv": [0, 7, 1.75, 11.25], "texture": "#0"},
				"up": {"uv": [3.5, 8.75, 1.75, 7], "texture": "#0"},
				"down": {"uv": [3.5, 8.75, 1.75, 10.5], "texture": "#0"}
			}
		},
		{
			"from": [-7.52, 16.64, 1.48],
			"to": [0.32, 18.32, 9.32],
			"rotation": {"angle": -22.5, "axis": "y", "origin": [-3.46, 17.76, 5.4]},
			"faces": {
				"north": {"uv": [12, 8.25, 14, 8.75], "texture": "#0"},
				"east": {"uv": [1.5, 12.75, 3.5, 13.25], "texture": "#0"},
				"south": {"uv": [3.5, 12.75, 5.5, 13.25], "texture": "#0"},
				"west": {"uv": [12.75, 12.75, 14.75, 13.25], "texture": "#0"},
				"up": {"uv": [3.75, 12.75, 1.75, 10.75], "texture": "#0"},
				"down": {"uv": [5.75, 10.75, 3.75, 12.75], "texture": "#0"}
			}
		},
		{
			"from": [-3.82201, 18.74995, 3.72],
			"to": [-2.70201, 20.42995, 7.08],
			"rotation": {"angle": -45, "axis": "z", "origin": [-3.46, 17.76, 5.4]},
			"faces": {
				"north": {"uv": [9.75, 14.25, 10, 14.75], "texture": "#0"},
				"east": {"uv": [4.5, 13.75, 5.25, 14.25], "texture": "#0"},
				"south": {"uv": [10, 14.25, 10.25, 14.75], "texture": "#0"},
				"west": {"uv": [8.5, 13.75, 9.25, 14.25], "texture": "#0"},
				"up": {"uv": [7, 11.5, 6.75, 10.75], "texture": "#0"},
				"down": {"uv": [14.25, 7.75, 14, 8.5], "texture": "#0"}
			}
		},
		{
			"from": [-4.41598, 18.94794, 3.72],
			"to": [-3.29598, 20.62794, 7.08],
			"rotation": {"angle": 45, "axis": "z", "origin": [-3.46, 17.76, 5.4]},
			"faces": {
				"north": {"uv": [10.25, 14.25, 10.5, 14.75], "texture": "#0"},
				"east": {"uv": [9.25, 13.75, 10, 14.25], "texture": "#0"},
				"south": {"uv": [10.5, 14.25, 10.75, 14.75], "texture": "#0"},
				"west": {"uv": [10, 13.75, 10.75, 14.25], "texture": "#0"},
				"up": {"uv": [14.25, 9.25, 14, 8.5], "texture": "#0"},
				"down": {"uv": [14.25, 9.25, 14, 10], "texture": "#0"}
			}
		},
		{
			"from": [-4.31926, 18.84832, 3.72],
			"to": [-3.19926, 20.52832, 7.08],
			"rotation": {"angle": -22.5, "axis": "z", "origin": [-3.46, 17.76, 5.4]},
			"faces": {
				"north": {"uv": [10.75, 14.25, 11, 14.75], "texture": "#0"},
				"east": {"uv": [10.75, 13.75, 11.5, 14.25], "texture": "#0"},
				"south": {"uv": [11, 14.25, 11.25, 14.75], "texture": "#0"},
				"west": {"uv": [11.5, 13.75, 12.25, 14.25], "texture": "#0"},
				"up": {"uv": [14.25, 10.75, 14, 10], "texture": "#0"},
				"down": {"uv": [14.25, 10.75, 14, 11.5], "texture": "#0"}
			}
		},
		{
			"from": [-3.97942, 18.95547, 3.72],
			"to": [-2.85942, 20.63547, 7.08],
			"rotation": {"angle": 22.5, "axis": "z", "origin": [-3.46, 17.76, 5.4]},
			"faces": {
				"north": {"uv": [11.25, 14.25, 11.5, 14.75], "texture": "#0"},
				"east": {"uv": [12.25, 13.75, 13, 14.25], "texture": "#0"},
				"south": {"uv": [11.5, 14.25, 11.75, 14.75], "texture": "#0"},
				"west": {"uv": [0, 14, 0.75, 14.5], "texture": "#0"},
				"up": {"uv": [14.25, 12.25, 14, 11.5], "texture": "#0"},
				"down": {"uv": [1.25, 14.25, 1, 15], "texture": "#0"}
			}
		},
		{
			"from": [-5.28, 18.94794, 5.23598],
			"to": [-1.92, 20.62794, 6.35598],
			"rotation": {"angle": 45, "axis": "x", "origin": [-3.46, 17.76, 5.4]},
			"faces": {
				"north": {"uv": [13, 14, 13.75, 14.5], "texture": "#0"},
				"east": {"uv": [11.75, 14.25, 12, 14.75], "texture": "#0"},
				"south": {"uv": [13.75, 14, 14.5, 14.5], "texture": "#0"},
				"west": {"uv": [12, 14.25, 12.25, 14.75], "texture": "#0"},
				"up": {"uv": [3.5, 10.75, 2.75, 10.5], "texture": "#0"},
				"down": {"uv": [9.25, 13, 8.5, 13.25], "texture": "#0"}
			}
		},
		{
			"from": [-5.28, 18.94794, 4.44402],
			"to": [-1.92, 20.62794, 5.56402],
			"rotation": {"angle": -45, "axis": "x", "origin": [-3.46, 17.76, 5.4]},
			"faces": {
				"north": {"uv": [14, 4.75, 14.75, 5.25], "texture": "#0"},
				"east": {"uv": [12.25, 14.25, 12.5, 14.75], "texture": "#0"},
				"south": {"uv": [14, 5.25, 14.75, 5.75], "texture": "#0"},
				"west": {"uv": [12.5, 14.25, 12.75, 14.75], "texture": "#0"},
				"up": {"uv": [14.25, 13.5, 13.5, 13.25], "texture": "#0"},
				"down": {"uv": [14.5, 12.5, 13.75, 12.75], "texture": "#0"}
			}
		}
	],
	"display": {
		"head": {
			"translation": [0, -33.75, 0],
			"scale": [1.2, 1.2, 1.2]
		}
	},
	"groups": [
		{
			"name": "big",
			"origin": [8, 8, 8],
			"color": 0,
			"children": [0, 1, 2, 3, 4, 5, 6, 7]
		},
		{
			"name": "medium",
			"origin": [8, 8, 8],
			"color": 0,
			"children": [8, 9, 10, 11, 12, 13, 14, 15]
		},
		{
			"name": "long",
			"origin": [8, 8, 8],
			"color": 0,
			"children": [16, 17, 18, 19, 20, 21, 22, 23]
		}
	]
}