{
	"textures": {
		"1": "item/crates/christmas21_crate/santastockings"
	},
	"elements": [
		{
			"from": [7.46187, 2.75, 6.99219],
			"to": [12.71187, 7.25, 9.00781],
			"rotation": {"angle": 0, "axis": "y", "origin": [14.46187, 8, 8.00781]},
			"faces": {
				"north": {"uv": [0.5, 5.5, 1.75, 6.5], "texture": "#1"},
				"east": {"uv": [0, 5.5, 0.5, 6.5], "texture": "#1"},
				"south": {"uv": [2.25, 5.5, 3.5, 6.5], "texture": "#1"},
				"west": {"uv": [1.75, 5.5, 2.25, 6.5], "texture": "#1"},
				"up": {"uv": [1.75, 5.5, 0.5, 5], "texture": "#1"},
				"down": {"uv": [3, 5, 1.75, 5.5], "texture": "#1"}
			}
		},
		{
			"from": [15.86065, 2.86959, 7],
			"to": [17.11065, 4.61959, 9],
			"rotation": {"angle": -45, "axis": "z", "origin": [14.7669, 8.11959, 8]},
			"faces": {
				"north": {"uv": [1.5, 8, 1.75, 8.25], "texture": "#1"},
				"east": {"uv": [1, 8, 1.5, 8.25], "texture": "#1"},
				"south": {"uv": [2.25, 8, 2.5, 8.25], "texture": "#1"},
				"west": {"uv": [1.75, 8, 2.25, 8.25], "texture": "#1"},
				"up": {"uv": [1.75, 8, 1.5, 7.5], "texture": "#1"},
				"down": {"uv": [2, 7.5, 1.75, 8], "texture": "#1"}
			}
		},
		{
			"from": [9.09575, 4.55546, 6.96875],
			"to": [11.59575, 5.80546, 9.03125],
			"rotation": {"angle": -45, "axis": "z", "origin": [13.59575, 3.30546, 7.98438]},
			"faces": {
				"north": {"uv": [4, 6.25, 4.5, 6.5], "texture": "#1"},
				"east": {"uv": [3.5, 6.25, 4, 6.5], "texture": "#1"},
				"south": {"uv": [5, 6.25, 5.5, 6.5], "texture": "#1"},
				"west": {"uv": [4.5, 6.25, 5, 6.5], "texture": "#1"},
				"up": {"uv": [4.5, 6.25, 4, 5.75], "texture": "#1"},
				"down": {"uv": [5, 5.75, 4.5, 6.25], "texture": "#1"}
			}
		},
		{
			"from": [12.44931, 3.98744, 6.98828],
			"to": [13.94931, 6.48744, 9.01172],
			"rotation": {"angle": 0, "axis": "y", "origin": [14.44931, 7.73744, 8.01172]},
			"faces": {
				"north": {"uv": [2, 7, 2.25, 7.5], "texture": "#1"},
				"east": {"uv": [1.5, 7, 2, 7.5], "texture": "#1"},
				"south": {"uv": [2.75, 7, 3, 7.5], "texture": "#1"},
				"west": {"uv": [2.25, 7, 2.75, 7.5], "texture": "#1"},
				"up": {"uv": [2.25, 7, 2, 6.5], "texture": "#1"},
				"down": {"uv": [2.5, 6.5, 2.25, 7], "texture": "#1"}
			}
		},
		{
			"from": [6.46187, 8, 7],
			"to": [12.46187, 19, 9],
			"rotation": {"angle": 22.5, "axis": "z", "origin": [13.46187, 8, 8]},
			"faces": {
				"north": {"uv": [0.5, 0.5, 2, 3.25], "texture": "#1"},
				"east": {"uv": [0, 0.5, 0.5, 3.25], "texture": "#1"},
				"south": {"uv": [2.5, 0.5, 4, 3.25], "texture": "#1"},
				"west": {"uv": [2, 0.5, 2.5, 3.25], "texture": "#1"},
				"up": {"uv": [2, 0.5, 0.5, 0], "texture": "#1"},
				"down": {"uv": [3.5, 0, 2, 0.5], "texture": "#1"}
			}
		},
		{
			"from": [8.41109, 7.52734, 6.90625],
			"to": [14.41109, 10.52734, 9.04297],
			"rotation": {"angle": 45, "axis": "z", "origin": [13.46187, 8, 8]},
			"faces": {
				"north": {"uv": [0.5, 11.75, 2, 12.5], "texture": "#1"},
				"east": {"uv": [0, 11.75, 0.5, 12.5], "texture": "#1"},
				"south": {"uv": [2.5, 11.75, 4, 12.5], "texture": "#1"},
				"west": {"uv": [2, 11.75, 2.5, 12.5], "texture": "#1"},
				"up": {"uv": [2, 11.75, 0.5, 11.25], "texture": "#1"},
				"down": {"uv": [3.5, 11.25, 2, 11.75], "texture": "#1"}
			}
		},
		{
			"from": [3.41109, 8.52734, 6.90625],
			"to": [9.41109, 11.52734, 9.04297],
			"rotation": {"angle": 45, "axis": "z", "origin": [13.46187, 8, 8]},
			"faces": {
				"north": {"uv": [0.5, 11.75, 2, 12.5], "texture": "#1"},
				"east": {"uv": [0, 11.75, 0.5, 12.5], "texture": "#1"},
				"south": {"uv": [2.5, 11.75, 4, 12.5], "texture": "#1"},
				"west": {"uv": [2, 11.75, 2.5, 12.5], "texture": "#1"},
				"up": {"uv": [2, 11.75, 0.5, 11.25], "texture": "#1"},
				"down": {"uv": [3.5, 11.25, 2, 11.75], "texture": "#1"}
			}
		},
		{
			"from": [8.41109, 13.52734, 6.98047],
			"to": [14.41109, 16.52734, 9.01953],
			"rotation": {"angle": 45, "axis": "z", "origin": [13.46187, 8, 8]},
			"faces": {
				"north": {"uv": [0.5, 11.75, 2, 12.5], "texture": "#1"},
				"east": {"uv": [0, 11.75, 0.5, 12.5], "texture": "#1"},
				"south": {"uv": [2.5, 11.75, 4, 12.5], "texture": "#1"},
				"west": {"uv": [2, 11.75, 2.5, 12.5], "texture": "#1"},
				"up": {"uv": [2, 11.75, 0.5, 11.25], "texture": "#1"},
				"down": {"uv": [3.5, 11.25, 2, 11.75], "texture": "#1"}
			}
		},
		{
			"from": [5.71187, 15.75, 6.5],
			"to": [13.21187, 20, 9.5],
			"rotation": {"angle": 22.5, "axis": "z", "origin": [13.46187, 8, 8]},
			"faces": {
				"north": {"uv": [0.75, 4, 2.5, 5], "texture": "#1"},
				"east": {"uv": [0, 4, 0.75, 5], "texture": "#1"},
				"south": {"uv": [3.25, 4, 5, 5], "texture": "#1"},
				"west": {"uv": [2.5, 4, 3.25, 5], "texture": "#1"},
				"up": {"uv": [2.5, 4, 0.75, 3.25], "texture": "#1"},
				"down": {"uv": [4.25, 3.25, 2.5, 4], "texture": "#1"}
			}
		},
		{
			"from": [7.61094, 17.88727, 7.5],
			"to": [9.11094, 22.13727, 8.5],
			"rotation": {"angle": 0, "axis": "y", "origin": [7.61094, 19.51227, 9]},
			"faces": {
				"north": {"uv": [0.25, 7.75, 0.5, 8.75], "texture": "#1"},
				"east": {"uv": [0, 7.75, 0.25, 8.75], "texture": "#1"},
				"south": {"uv": [0.75, 7.75, 1, 8.75], "texture": "#1"},
				"west": {"uv": [0.5, 7.75, 0.75, 8.75], "texture": "#1"},
				"up": {"uv": [0.5, 7.75, 0.25, 7.5], "texture": "#1"},
				"down": {"uv": [0.75, 7.5, 0.5, 7.75], "texture": "#1"}
			}
		},
		{
			"from": [2.57515, 4, 6.98047],
			"to": [9.46187, 8, 9.01953],
			"rotation": {"angle": 22.5, "axis": "z", "origin": [13.46187, 8, 8.01953]},
			"faces": {
				"north": {"uv": [5.5, 3.75, 7, 4.75], "texture": "#1"},
				"east": {"uv": [5, 3.75, 5.5, 4.75], "texture": "#1"},
				"south": {"uv": [7.5, 3.75, 9, 4.75], "texture": "#1"},
				"west": {"uv": [7, 3.75, 7.5, 4.75], "texture": "#1"},
				"up": {"uv": [7, 3.75, 5.5, 3.25], "texture": "#1"},
				"down": {"uv": [8.5, 3.25, 7, 3.75], "texture": "#1"}
			}
		},
		{
			"from": [3.47049, 7.95665, 6.98438],
			"to": [7.35721, 8.95665, 9],
			"rotation": {"angle": 22.5, "axis": "z", "origin": [13.35721, 7.95665, 8]},
			"faces": {
				"north": {"uv": [4, 5.5, 4.75, 5.75], "texture": "#1"},
				"east": {"uv": [3.5, 5.5, 4, 5.75], "texture": "#1"},
				"south": {"uv": [5.25, 5.5, 6, 5.75], "texture": "#1"},
				"west": {"uv": [4.75, 5.5, 5.25, 5.75], "texture": "#1"},
				"up": {"uv": [4.75, 5.5, 4, 5], "texture": "#1"},
				"down": {"uv": [5.5, 5, 4.75, 5.5], "texture": "#1"}
			}
		},
		{
			"from": [3.61099, 3.44376, 7],
			"to": [4.61099, 4.94376, 9],
			"rotation": {"angle": -22.5, "axis": "z", "origin": [4.11099, 4.44376, 8]},
			"faces": {
				"north": {"uv": [6.5, 7, 6.75, 7.25], "texture": "#1"},
				"east": {"uv": [6, 7, 6.5, 7.25], "texture": "#1"},
				"south": {"uv": [7.25, 7, 7.5, 7.25], "texture": "#1"},
				"west": {"uv": [6.75, 7, 7.25, 7.25], "texture": "#1"},
				"up": {"uv": [6.75, 7, 6.5, 6.5], "texture": "#1"},
				"down": {"uv": [7, 6.5, 6.75, 7], "texture": "#1"}
			}
		},
		{
			"from": [5.11099, 6.44376, 6.98828],
			"to": [6.11099, 7.94376, 9.01172],
			"rotation": {"angle": -22.5, "axis": "z", "origin": [4.11099, 4.44376, 8.01172]},
			"faces": {
				"north": {"uv": [5, 7, 5.25, 7.25], "texture": "#1"},
				"east": {"uv": [4.5, 7, 5, 7.25], "texture": "#1"},
				"south": {"uv": [5.75, 7, 6, 7.25], "texture": "#1"},
				"west": {"uv": [5.25, 7, 5.75, 7.25], "texture": "#1"},
				"up": {"uv": [5.25, 7, 5, 6.5], "texture": "#1"},
				"down": {"uv": [5.5, 6.5, 5.25, 7], "texture": "#1"}
			}
		},
		{
			"from": [4.70572, 1.16583, 7],
			"to": [6.53775, 2.16583, 9],
			"rotation": {"angle": -22.5, "axis": "z", "origin": [3.20572, 4.66583, 8]},
			"faces": {
				"north": {"uv": [3.5, 7, 3.75, 7.25], "texture": "#1"},
				"east": {"uv": [3, 7, 3.5, 7.25], "texture": "#1"},
				"south": {"uv": [4.25, 7, 4.5, 7.25], "texture": "#1"},
				"west": {"uv": [3.75, 7, 4.25, 7.25], "texture": "#1"},
				"up": {"uv": [3.75, 7, 3.5, 6.5], "texture": "#1"},
				"down": {"uv": [4, 6.5, 3.75, 7], "texture": "#1"}
			}
		},
		{
			"from": [3.25215, 0.85822, 7],
			"to": [4.32637, 3.73322, 9],
			"rotation": {"angle": 0, "axis": "y", "origin": [4.3127, 2.58869, 8]},
			"faces": {
				"north": {"uv": [0.5, 7, 0.75, 7.5], "texture": "#1"},
				"east": {"uv": [0, 7, 0.5, 7.5], "texture": "#1"},
				"south": {"uv": [1.25, 7, 1.5, 7.5], "texture": "#1"},
				"west": {"uv": [0.75, 7, 1.25, 7.5], "texture": "#1"},
				"up": {"uv": [0.75, 7, 0.5, 6.5], "texture": "#1"},
				"down": {"uv": [1, 6.5, 0.75, 7], "texture": "#1"}
			}
		}
	],
	"display": {
		"thirdperson_righthand": {
			"rotation": [29, 0, 0],
			"translation": [3, 2.5, 2.75],
			"scale": [0.5, 0.5, 0.5]
		},
		"thirdperson_lefthand": {
			"rotation": [29, 0, 0],
			"translation": [-2.75, 2.5, 2.75],
			"scale": [0.5, 0.5, 0.5]
		},
		"firstperson_righthand": {
			"rotation": [12.75, 12, 0],
			"translation": [3, 4, 1],
			"scale": [0.5, 0.5, 0.5]
		},
		"firstperson_lefthand": {
			"rotation": [38.5, 500, -15.5],
			"translation": [3, 3.25, 1],
			"scale": [0.5, 0.5, 0.5]
		},
		"ground": {
			"translation": [5.5, 4.75, 0]
		},
		"gui": {
			"rotation": [12.75, 21, 0],
			"translation": [4, -1.75, 1],
			"scale": [0.7, 0.7, 0.7]
		},
		"head": {
			"translation": [6.25, 0.5, -7.5]
		},
		"fixed": {
			"translation": [5.75, -2.5, -0.75],
			"scale": [0.9, 0.9, 0.9]
		}
	},
	"groups": [
		{
			"name": "group",
			"origin": [8, 8, 8],
			"color": 0,
			"children": [
				0,
				1,
				2,
				3,
				4,
				{
					"name": "group",
					"origin": [8, 8, 8],
					"color": 0,
					"children": [5, 6, 7]
				},
				8,
				9,
				10,
				11,
				12,
				13,
				14,
				15
			]
		}
	]
}