{
	"textures": {
		"0": "item/crates/christmas21_crate/santastocking"
	},
	"elements": [
		{
			"from": [7.15667, 2.75, 6.99219],
			"to": [12.40667, 7.25, 9.00781],
			"rotation": {"angle": 0, "axis": "y", "origin": [14.15667, 8, 8.00781]},
			"faces": {
				"north": {"uv": [0, 5.5, 2.5, 8], "texture": "#0"},
				"east": {"uv": [9.5, 5.5, 10.5, 8], "texture": "#0"},
				"south": {"uv": [0, 8, 2.5, 10.5], "texture": "#0"},
				"west": {"uv": [0, 10.5, 1, 13], "texture": "#0"},
				"up": {"uv": [12.5, 1, 10, 0], "texture": "#0"},
				"down": {"uv": [3.5, 10.5, 1, 11.5], "texture": "#0"}
			}
		},
		{
			"from": [15.55545, 2.86959, 7],
			"to": [16.80545, 4.61959, 9],
			"rotation": {"angle": -45, "axis": "z", "origin": [14.4617, 8.11959, 8]},
			"faces": {
				"north": {"uv": [2.5, 7.5, 3, 8.5], "texture": "#0"},
				"east": {"uv": [11, 9.5, 12, 10.5], "texture": "#0"},
				"south": {"uv": [12, 6.5, 12.5, 7.5], "texture": "#0"},
				"west": {"uv": [10, 11.5, 11, 12.5], "texture": "#0"},
				"up": {"uv": [12.5, 12, 12, 11], "texture": "#0"},
				"down": {"uv": [5, 12.5, 4.5, 13.5], "texture": "#0"}
			}
		},
		{
			"from": [8.79055, 4.55546, 6.96875],
			"to": [11.29055, 5.80546, 9.03125],
			"rotation": {"angle": -45, "axis": "z", "origin": [13.29055, 3.30546, 7.98438]},
			"faces": {
				"north": {"uv": [11, 5, 12.5, 5.5], "texture": "#0"},
				"east": {"uv": [8.5, 1.5, 9.5, 2], "texture": "#0"},
				"south": {"uv": [11.5, 9, 13, 9.5], "texture": "#0"},
				"west": {"uv": [10, 1, 11, 1.5], "texture": "#0"},
				"up": {"uv": [12, 7.5, 10.5, 6.5], "texture": "#0"},
				"down": {"uv": [12.5, 1, 11, 2], "texture": "#0"}
			}
		},
		{
			"from": [12.14411, 3.98744, 6.98828],
			"to": [13.64411, 6.48744, 9.01172],
			"rotation": {"angle": 0, "axis": "y", "origin": [14.14411, 7.73744, 8.01172]},
			"faces": {
				"north": {"uv": [3, 11.5, 3.5, 13], "texture": "#0"},
				"east": {"uv": [11, 2, 12, 3.5], "texture": "#0"},
				"south": {"uv": [12, 9.5, 12.5, 11], "texture": "#0"},
				"west": {"uv": [11, 3.5, 12, 5], "texture": "#0"},
				"up": {"uv": [5.5, 13.5, 5, 12.5], "texture": "#0"},
				"down": {"uv": [6, 12.5, 5.5, 13.5], "texture": "#0"}
			}
		},
		{
			"from": [6.15667, 8, 7],
			"to": [12.15667, 19, 9],
			"rotation": {"angle": 22.5, "axis": "z", "origin": [13.15667, 8, 8]},
			"faces": {
				"north": {"uv": [0, 0, 3, 5.5], "texture": "#0"},
				"east": {"uv": [6, 8, 7, 13.5], "texture": "#0"},
				"south": {"uv": [3, 3, 6, 8.5], "texture": "#0"},
				"west": {"uv": [7, 8, 8, 13.5], "texture": "#0"},
				"up": {"uv": [6, 3, 3, 2], "texture": "#0"},
				"down": {"uv": [11, 9.5, 8, 10.5], "texture": "#0"}
			}
		},
		{
			"from": [5.40667, 15.75, 6.5],
			"to": [12.90667, 20, 9.5],
			"rotation": {"angle": 22.5, "axis": "z", "origin": [13.15667, 8, 8]},
			"faces": {
				"north": {"uv": [3, 0, 6.5, 2], "texture": "#0"},
				"east": {"uv": [9.5, 1.5, 11, 3.5], "texture": "#0"},
				"south": {"uv": [6, 6, 9.5, 8], "texture": "#0"},
				"west": {"uv": [9.5, 3.5, 11, 5.5], "texture": "#0"},
				"up": {"uv": [10, 1.5, 6.5, 0], "texture": "#0"},
				"down": {"uv": [11.5, 8, 8, 9.5], "texture": "#0"}
			}
		},
		{
			"from": [7.30574, 17.88727, 7.5],
			"to": [8.80574, 22.13727, 8.5],
			"rotation": {"angle": 0, "axis": "y", "origin": [7.30574, 19.51227, 9]},
			"faces": {
				"north": {"uv": [3.5, 10.5, 4.5, 12.5], "texture": "#0"},
				"east": {"uv": [2.5, 5.5, 3, 7.5], "texture": "#0"},
				"south": {"uv": [4.5, 10.5, 5.5, 12.5], "texture": "#0"},
				"west": {"uv": [5.5, 10.5, 6, 12.5], "texture": "#0"},
				"up": {"uv": [9, 13, 8, 12.5], "texture": "#0"},
				"down": {"uv": [10, 12.5, 9, 13], "texture": "#0"}
			}
		},
		{
			"from": [2.26995, 4, 6.98047],
			"to": [9.15667, 8, 9.01953],
			"rotation": {"angle": 22.5, "axis": "z", "origin": [13.15667, 8, 8.01953]},
			"faces": {
				"north": {"uv": [6, 2, 9.5, 4], "texture": "#0"},
				"east": {"uv": [8, 10.5, 9, 12.5], "texture": "#0"},
				"south": {"uv": [6, 4, 9.5, 6], "texture": "#0"},
				"west": {"uv": [9, 10.5, 10, 12.5], "texture": "#0"},
				"up": {"uv": [6, 9.5, 2.5, 8.5], "texture": "#0"},
				"down": {"uv": [6, 9.5, 2.5, 10.5], "texture": "#0"}
			}
		},
		{
			"from": [3.16529, 7.95665, 6.98438],
			"to": [7.05201, 8.95665, 9],
			"rotation": {"angle": 22.5, "axis": "z", "origin": [13.05201, 7.95665, 8]},
			"faces": {
				"north": {"uv": [6.5, 1.5, 8.5, 2], "texture": "#0"},
				"east": {"uv": [10, 12.5, 11, 13], "texture": "#0"},
				"south": {"uv": [10.5, 7.5, 12.5, 8], "texture": "#0"},
				"west": {"uv": [11, 12.5, 12, 13], "texture": "#0"},
				"up": {"uv": [12, 11.5, 10, 10.5], "texture": "#0"},
				"down": {"uv": [12.5, 5.5, 10.5, 6.5], "texture": "#0"}
			}
		},
		{
			"from": [3.30579, 3.44376, 7],
			"to": [4.30579, 4.94376, 9],
			"rotation": {"angle": -22.5, "axis": "z", "origin": [3.80579, 4.44376, 8]},
			"faces": {
				"north": {"uv": [12.5, 0, 13, 1], "texture": "#0"},
				"east": {"uv": [11, 11.5, 12, 12.5], "texture": "#0"},
				"south": {"uv": [12.5, 1, 13, 2], "texture": "#0"},
				"west": {"uv": [11.5, 8, 12.5, 9], "texture": "#0"},
				"up": {"uv": [13, 6, 12.5, 5], "texture": "#0"},
				"down": {"uv": [13, 6, 12.5, 7], "texture": "#0"}
			}
		},
		{
			"from": [4.80579, 6.44376, 6.98828],
			"to": [5.80579, 7.94376, 9.01172],
			"rotation": {"angle": -22.5, "axis": "z", "origin": [3.80579, 4.44376, 8.01172]},
			"faces": {
				"north": {"uv": [12.5, 7, 13, 8], "texture": "#0"},
				"east": {"uv": [12, 12, 13, 13], "texture": "#0"},
				"south": {"uv": [12.5, 8, 13, 9], "texture": "#0"},
				"west": {"uv": [12, 2, 13, 3], "texture": "#0"},
				"up": {"uv": [13, 10.5, 12.5, 9.5], "texture": "#0"},
				"down": {"uv": [13, 10.5, 12.5, 11.5], "texture": "#0"}
			}
		},
		{
			"from": [4.40052, 1.16583, 7],
			"to": [6.23255, 2.16583, 9],
			"rotation": {"angle": -22.5, "axis": "z", "origin": [2.90052, 4.66583, 8]},
			"faces": {
				"north": {"uv": [12.5, 11.5, 13.5, 12], "texture": "#0"},
				"east": {"uv": [0, 13, 1, 13.5], "texture": "#0"},
				"south": {"uv": [1, 13, 2, 13.5], "texture": "#0"},
				"west": {"uv": [2, 13, 3, 13.5], "texture": "#0"},
				"up": {"uv": [13, 4, 12, 3], "texture": "#0"},
				"down": {"uv": [13, 4, 12, 5], "texture": "#0"}
			}
		},
		{
			"from": [2.94695, 0.85822, 7],
			"to": [4.02117, 3.73322, 9],
			"rotation": {"angle": 0, "axis": "y", "origin": [4.0075, 2.58869, 8]},
			"faces": {
				"north": {"uv": [3.5, 12.5, 4, 14], "texture": "#0"},
				"east": {"uv": [1, 11.5, 2, 13], "texture": "#0"},
				"south": {"uv": [4, 12.5, 4.5, 14], "texture": "#0"},
				"west": {"uv": [2, 11.5, 3, 13], "texture": "#0"},
				"up": {"uv": [3.5, 14, 3, 13], "texture": "#0"},
				"down": {"uv": [8.5, 13, 8, 14], "texture": "#0"}
			}
		}
	],
	"groups": [
		{
			"name": "group",
			"origin": [8, 8, 8],
			"color": 0,
			"children": [
				0,
				1,
				2,
				3,
				4,
				{
					"name": "group",
					"origin": [8, 8, 8],
					"color": 0,
					"children": []
				},
				5,
				6,
				7,
				8,
				9,
				10,
				11,
				12
			]
		}
	]
}