{
	"textures": {
		"0": "item/crates/christmas21_crate/santabow"
	},
	"elements": [
		{
			"from": [7.25, 9, 1.25],
			"to": [8.75, 12, 2.75],
			"rotation": {"angle": 0, "axis": "y", "origin": [8, 8, 2]},
			"faces": {
				"north": {"uv": [5.2505, 6.0005, 5.7495, 6.7495], "texture": "#0"},
				"east": {"uv": [5.7505, 6.0005, 6.2495, 6.7495], "texture": "#0"},
				"south": {"uv": [6.0005, 0.0005, 6.4995, 0.7495], "texture": "#0"},
				"west": {"uv": [6.0005, 2.5005, 6.4995, 3.2495], "texture": "#0"},
				"up": {"uv": [6.9995, 3.2495, 6.5005, 2.7505], "texture": "#0"},
				"down": {"uv": [6.9995, 3.2505, 6.5005, 3.7495], "texture": "#0"}
			}
		},
		{
			"from": [7.25, 4, 1.25],
			"to": [8.75, 7, 2.75],
			"rotation": {"angle": 0, "axis": "y", "origin": [8, 8, 2]},
			"faces": {
				"north": {"uv": [6.0005, 3.2505, 6.4995, 3.9995], "texture": "#0"},
				"east": {"uv": [6.0005, 4.0005, 6.4995, 4.7495], "texture": "#0"},
				"south": {"uv": [6.0005, 4.7505, 6.4995, 5.4995], "texture": "#0"},
				"west": {"uv": [1.5005, 6.2505, 1.9995, 6.9995], "texture": "#0"},
				"up": {"uv": [6.9995, 4.2495, 6.5005, 3.7505], "texture": "#0"},
				"down": {"uv": [6.9995, 4.2505, 6.5005, 4.7495], "texture": "#0"}
			}
		},
		{
			"from": [7.5, 8.5, 1],
			"to": [8.5, 9.25, 3],
			"rotation": {"angle": 45, "axis": "z", "origin": [8, 8, 1.25]},
			"faces": {
				"north": {"uv": [0.5005, 0.2505, 0.7495, 0.4995], "texture": "#0"},
				"east": {"uv": [0.2505, 0.0005, 0.7495, 0.2495], "texture": "#0"},
				"south": {"uv": [1.5005, 0.7505, 1.7495, 0.9995], "texture": "#0"},
				"west": {"uv": [1.0005, 0.7505, 1.4995, 0.9995], "texture": "#0"},
				"up": {"uv": [1.7495, 4.9995, 1.5005, 4.5005], "texture": "#0"},
				"down": {"uv": [4.7495, 2.0005, 4.5005, 2.4995], "texture": "#0"}
			}
		},
		{
			"from": [6.75, 6.75, 1],
			"to": [7.5, 9.25, 3],
			"rotation": {"angle": 45, "axis": "z", "origin": [8, 8, 1.25]},
			"faces": {
				"north": {"uv": [2.2505, 3.5005, 2.4995, 4.2495], "texture": "#0"},
				"east": {"uv": [3.0005, 6.2505, 3.4995, 6.9995], "texture": "#0"},
				"south": {"uv": [4.0005, 3.2505, 4.2495, 3.9995], "texture": "#0"},
				"west": {"uv": [4.2505, 6.2505, 4.7495, 6.9995], "texture": "#0"},
				"up": {"uv": [3.2495, 6.2495, 3.0005, 5.7505], "texture": "#0"},
				"down": {"uv": [5.9995, 2.5005, 5.7505, 2.9995], "texture": "#0"}
			}
		},
		{
			"from": [7.5, 6.75, 1],
			"to": [8.5, 7.5, 3],
			"rotation": {"angle": 45, "axis": "z", "origin": [8, 8, 1.25]},
			"faces": {
				"north": {"uv": [5.2505, 3.0005, 5.4995, 3.2495], "texture": "#0"},
				"east": {"uv": [4.0005, 1.5005, 4.4995, 1.7495], "texture": "#0"},
				"south": {"uv": [6.5005, 5.2505, 6.7495, 5.4995], "texture": "#0"},
				"west": {"uv": [5.5005, 5.0005, 5.9995, 5.2495], "texture": "#0"},
				"up": {"uv": [3.7495, 6.7495, 3.5005, 6.2505], "texture": "#0"},
				"down": {"uv": [6.2495, 7.2505, 6.0005, 7.7495], "texture": "#0"}
			}
		},
		{
			"from": [8.5, 6.75, 1],
			"to": [9.25, 9.25, 3],
			"rotation": {"angle": 45, "axis": "z", "origin": [8, 8, 1.25]},
			"faces": {
				"north": {"uv": [2.0005, 5.0005, 2.2495, 5.7495], "texture": "#0"},
				"east": {"uv": [4.7505, 6.2505, 5.2495, 6.9995], "texture": "#0"},
				"south": {"uv": [5.2505, 4.5005, 5.4995, 5.2495], "texture": "#0"},
				"west": {"uv": [6.2505, 6.2505, 6.7495, 6.9995], "texture": "#0"},
				"up": {"uv": [7.4995, 2.4995, 7.2505, 2.0005], "texture": "#0"},
				"down": {"uv": [7.4995, 5.2505, 7.2505, 5.7495], "texture": "#0"}
			}
		},
		{
			"from": [7.75, 7, 7.5],
			"to": [8.25, 23, 8],
			"rotation": {"angle": -22.5, "axis": "x", "origin": [8, 25, 8.75]},
			"faces": {
				"north": {"uv": [0.0005, 0.0005, 0.2495, 8.4995], "texture": "#0"},
				"east": {"uv": [0.2505, 0.2505, 0.4995, 8.7495], "texture": "#0"},
				"south": {"uv": [0.5005, 0.5005, 0.7495, 8.9995], "texture": "#0"},
				"west": {"uv": [0.7505, 0.7505, 0.9995, 9.2495], "texture": "#0"},
				"up": {"uv": [4.2495, 6.9995, 4.0005, 6.7505], "texture": "#0"},
				"down": {"uv": [5.2495, 7.0005, 5.0005, 7.2495], "texture": "#0"}
			}
		},
		{
			"from": [7.75, -7, 7.5],
			"to": [8.25, 9, 8],
			"rotation": {"angle": 22.5, "axis": "x", "origin": [8, -9, 8.75]},
			"faces": {
				"north": {"uv": [0.0005, 0.0005, 0.2495, 8.4995], "texture": "#0"},
				"east": {"uv": [0.2505, 0.2505, 0.4995, 8.7495], "texture": "#0"},
				"south": {"uv": [0.5005, 0.5005, 0.7495, 8.9995], "texture": "#0"},
				"west": {"uv": [0.7505, 0.7505, 0.9995, 9.2495], "texture": "#0"},
				"up": {"uv": [4.2495, 6.9995, 4.0005, 6.7505], "texture": "#0"},
				"down": {"uv": [5.2495, 7.0005, 5.0005, 7.2495], "texture": "#0"}
			}
		},
		{
			"from": [7.75, 7.75, -4.5],
			"to": [8.25, 8.25, 16],
			"rotation": {"angle": 0, "axis": "y", "origin": [8, 8.25, 4.75]},
			"faces": {
				"north": {"uv": [0.0005, 0.0005, 0.2495, 8.4995], "texture": "#0"},
				"east": {"uv": [0.2505, 0.2505, 0.4995, 8.7495], "texture": "#0"},
				"south": {"uv": [0.5005, 0.5005, 0.7495, 8.9995], "texture": "#0"},
				"west": {"uv": [0.7505, 0.7505, 0.9995, 9.2495], "texture": "#0"},
				"up": {"uv": [4.2495, 6.9995, 4.0005, 6.7505], "texture": "#0"},
				"down": {"uv": [5.2495, 7.0005, 5.0005, 7.2495], "texture": "#0"}
			}
		},
		{
			"from": [8, 4.25, 11.5],
			"to": [8, 11.75, 19],
			"rotation": {"angle": 0, "axis": "y", "origin": [8, 7.75, 4.75]},
			"faces": {
				"north": {"uv": [0.0005, 0.0005, 0.2495, 8.4995], "texture": "#0"},
				"east": {"uv": [14, 1, 9.25, 5.75], "texture": "#0"},
				"south": {"uv": [0.5005, 0.5005, 0.7495, 8.9995], "texture": "#0"},
				"west": {"uv": [9.25, 1, 14, 5.75], "texture": "#0"},
				"up": {"uv": [4.2495, 6.9995, 4.0005, 6.7505], "texture": "#0"},
				"down": {"uv": [5.2495, 7.0005, 5.0005, 7.2495], "texture": "#0"}
			}
		},
		{
			"from": [7, 12.03804, -0.79506],
			"to": [9, 16.03804, 1.20494],
			"rotation": {"angle": 22.5, "axis": "x", "origin": [8, 8, 2]},
			"faces": {
				"north": {"uv": [5.2505, 2.0005, 5.7495, 2.9995], "texture": "#0"},
				"east": {"uv": [5.5005, 0.0005, 5.9995, 0.9995], "texture": "#0"},
				"south": {"uv": [5.5005, 3.0005, 5.9995, 3.9995], "texture": "#0"},
				"west": {"uv": [5.5005, 4.0005, 5.9995, 4.9995], "texture": "#0"},
				"up": {"uv": [6.9995, 5.2495, 6.5005, 4.7505], "texture": "#0"},
				"down": {"uv": [1.4995, 6.7505, 1.0005, 7.2495], "texture": "#0"}
			}
		},
		{
			"from": [7, -0.03804, -0.79506],
			"to": [9, 3.96196, 1.20494],
			"rotation": {"angle": -22.5, "axis": "x", "origin": [8, 8, 2]},
			"faces": {
				"north": {"uv": [1.0005, 5.7505, 1.4995, 6.7495], "texture": "#0"},
				"east": {"uv": [2.0005, 5.7505, 2.4995, 6.7495], "texture": "#0"},
				"south": {"uv": [2.5005, 5.7505, 2.9995, 6.7495], "texture": "#0"},
				"west": {"uv": [3.7505, 5.7505, 4.2495, 6.7495], "texture": "#0"},
				"up": {"uv": [2.4995, 7.2495, 2.0005, 6.7505], "texture": "#0"},
				"down": {"uv": [2.9995, 6.7505, 2.5005, 7.2495], "texture": "#0"}
			}
		},
		{
			"from": [7.25, 21.97218, 5.24999],
			"to": [8.75, 23.47218, 10.24999],
			"rotation": {"angle": 0, "axis": "x", "origin": [8, 9, -3]},
			"faces": {
				"north": {"uv": [3.5005, 6.7505, 3.9995, 7.2495], "texture": "#0"},
				"east": {"uv": [4.0005, 4.5005, 5.2495, 4.9995], "texture": "#0"},
				"south": {"uv": [5.2505, 6.7505, 5.7495, 7.2495], "texture": "#0"},
				"west": {"uv": [4.5005, 1.5005, 5.7495, 1.9995], "texture": "#0"},
				"up": {"uv": [1.4995, 5.7495, 1.0005, 4.5005], "texture": "#0"},
				"down": {"uv": [5.2495, 2.0005, 4.7505, 3.2495], "texture": "#0"}
			}
		},
		{
			"from": [7.25, -7.47218, 5.24999],
			"to": [8.75, -5.97218, 10.24999],
			"rotation": {"angle": 0, "axis": "x", "origin": [8, 7, -3]},
			"faces": {
				"north": {"uv": [6.0005, 0.7505, 6.4995, 0.9995], "texture": "#0"},
				"east": {"uv": [6.2505, 6.0005, 7.4995, 6.2495], "texture": "#0"},
				"south": {"uv": [6.7505, 5.7505, 7.2495, 5.9995], "texture": "#0"},
				"west": {"uv": [6.5005, 2.5005, 7.7495, 2.7495], "texture": "#0"},
				"up": {"uv": [1.9995, 6.2495, 1.5005, 5.0005], "texture": "#0"},
				"down": {"uv": [3.7495, 5.0005, 3.2505, 6.2495], "texture": "#0"}
			}
		},
		{
			"from": [6.25, 11.06493, 1.70095],
			"to": [9.75, 13.06493, 5.20095],
			"rotation": {"angle": -22.5, "axis": "x", "origin": [8, 8, 2]},
			"faces": {
				"north": {"uv": [5.5005, 1.0005, 6.4995, 1.4995], "texture": "#0"},
				"east": {"uv": [6.0005, 5.5005, 6.7495, 5.9995], "texture": "#0"},
				"south": {"uv": [4.2505, 5.7505, 5.2495, 6.2495], "texture": "#0"},
				"west": {"uv": [6.5005, 0.0005, 7.2495, 0.4995], "texture": "#0"},
				"up": {"uv": [1.7495, 0.7495, 0.7505, 0.0005], "texture": "#0"},
				"down": {"uv": [3.4995, 1.7505, 2.5005, 2.4995], "texture": "#0"}
			}
		},
		{
			"from": [6.25, 2.93507, 1.70095],
			"to": [9.75, 4.93507, 5.20095],
			"rotation": {"angle": 22.5, "axis": "x", "origin": [8, 8, 2]},
			"faces": {
				"north": {"uv": [5.7505, 1.5005, 6.7495, 1.9995], "texture": "#0"},
				"east": {"uv": [6.5005, 0.5005, 7.2495, 0.9995], "texture": "#0"},
				"south": {"uv": [5.7505, 2.0005, 6.7495, 2.4995], "texture": "#0"},
				"west": {"uv": [6.5005, 1.0005, 7.2495, 1.4995], "texture": "#0"},
				"up": {"uv": [4.2495, 3.2495, 3.2505, 2.5005], "texture": "#0"},
				"down": {"uv": [4.4995, 1.7505, 3.5005, 2.4995], "texture": "#0"}
			}
		},
		{
			"from": [7, 17.25305, 5.27081],
			"to": [9, 19.25305, 10.77081],
			"rotation": {"angle": -22.5, "axis": "x", "origin": [8, 9, -3]},
			"faces": {
				"north": {"uv": [5.7505, 6.7505, 6.2495, 7.2495], "texture": "#0"},
				"east": {"uv": [4.0005, 4.0005, 5.4995, 4.4995], "texture": "#0"},
				"south": {"uv": [6.7505, 6.7505, 7.2495, 7.2495], "texture": "#0"},
				"west": {"uv": [4.0005, 0.0005, 5.4995, 0.4995], "texture": "#0"},
				"up": {"uv": [2.2495, 4.9995, 1.7505, 3.5005], "texture": "#0"},
				"down": {"uv": [2.7495, 4.2505, 2.2505, 5.7495], "texture": "#0"}
			}
		},
		{
			"from": [7, -3.25305, 5.27081],
			"to": [9, -1.25305, 10.77081],
			"rotation": {"angle": 22.5, "axis": "x", "origin": [8, 7, -3]},
			"faces": {
				"north": {"uv": [6.7505, 1.5005, 7.2495, 1.9995], "texture": "#0"},
				"east": {"uv": [4.0005, 0.5005, 5.4995, 0.9995], "texture": "#0"},
				"south": {"uv": [6.7505, 2.0005, 7.2495, 2.4995], "texture": "#0"},
				"west": {"uv": [4.0005, 1.0005, 5.4995, 1.4995], "texture": "#0"},
				"up": {"uv": [3.2495, 5.7495, 2.7505, 4.2505], "texture": "#0"},
				"down": {"uv": [4.7495, 2.5005, 4.2505, 3.9995], "texture": "#0"}
			}
		},
		{
			"from": [6.75, 13.62881, 4.90713],
			"to": [9.25, 20.62881, 7.40713],
			"rotation": {"angle": -22.5, "axis": "x", "origin": [8, 8, 2]},
			"faces": {
				"north": {"uv": [1.0005, 1.0005, 1.7495, 2.7495], "texture": "#0"},
				"east": {"uv": [1.7505, 1.7505, 2.4995, 3.4995], "texture": "#0"},
				"south": {"uv": [1.7505, 0.0005, 2.4995, 1.7495], "texture": "#0"},
				"west": {"uv": [2.5005, 2.5005, 3.2495, 4.2495], "texture": "#0"},
				"up": {"uv": [5.4995, 3.9995, 4.7505, 3.2505], "texture": "#0"},
				"down": {"uv": [4.4995, 5.0005, 3.7505, 5.7495], "texture": "#0"}
			}
		},
		{
			"from": [6.75, -4.62881, 4.90713],
			"to": [9.25, 2.37119, 7.40713],
			"rotation": {"angle": 22.5, "axis": "x", "origin": [8, 8, 2]},
			"faces": {
				"north": {"uv": [2.5005, 0.0005, 3.2495, 1.7495], "texture": "#0"},
				"east": {"uv": [1.0005, 2.7505, 1.7495, 4.4995], "texture": "#0"},
				"south": {"uv": [3.2505, 3.2505, 3.9995, 4.9995], "texture": "#0"},
				"west": {"uv": [3.2505, 0.0005, 3.9995, 1.7495], "texture": "#0"},
				"up": {"uv": [5.2495, 5.7495, 4.5005, 5.0005], "texture": "#0"},
				"down": {"uv": [5.9995, 5.2505, 5.2505, 5.9995], "texture": "#0"}
			}
		},
		{
			"from": [7, -12.98634, -4.44562],
			"to": [9, -10.98634, -2.44562],
			"rotation": {"angle": -45, "axis": "x", "origin": [8, 7, -3]},
			"faces": {
				"north": {"uv": [6.7505, 5.2505, 7.2495, 5.7495], "texture": "#0"},
				"east": {"uv": [6.7505, 6.2505, 7.2495, 6.7495], "texture": "#0"},
				"south": {"uv": [1.5005, 7.0005, 1.9995, 7.4995], "texture": "#0"},
				"west": {"uv": [3.0005, 7.0005, 3.4995, 7.4995], "texture": "#0"},
				"up": {"uv": [4.4995, 7.4995, 4.0005, 7.0005], "texture": "#0"},
				"down": {"uv": [4.9995, 7.0005, 4.5005, 7.4995], "texture": "#0"}
			}
		},
		{
			"from": [7.2, 12.8, -2.95],
			"to": [8.8, 14.4, -1.35],
			"rotation": {"angle": -45, "axis": "x", "origin": [14.4, 8, 3.45]},
			"faces": {
				"north": {"uv": [6.7505, 5.2505, 7.2495, 5.7495], "texture": "#0"},
				"east": {"uv": [6.7505, 6.2505, 7.2495, 6.7495], "texture": "#0"},
				"south": {"uv": [1.5005, 7.0005, 1.9995, 7.4995], "texture": "#0"},
				"west": {"uv": [3.0005, 7.0005, 3.4995, 7.4995], "texture": "#0"},
				"up": {"uv": [4.4995, 7.4995, 4.0005, 7.0005], "texture": "#0"},
				"down": {"uv": [4.9995, 7.0005, 4.5005, 7.4995], "texture": "#0"}
			}
		},
		{
			"from": [7, 26.98634, -4.44562],
			"to": [9, 28.98634, -2.44562],
			"rotation": {"angle": 45, "axis": "x", "origin": [8, 9, -3]},
			"faces": {
				"north": {"uv": [6.2505, 7.0005, 6.7495, 7.4995], "texture": "#0"},
				"east": {"uv": [7.0005, 2.7505, 7.4995, 3.2495], "texture": "#0"},
				"south": {"uv": [7.0005, 3.2505, 7.4995, 3.7495], "texture": "#0"},
				"west": {"uv": [7.0005, 3.7505, 7.4995, 4.2495], "texture": "#0"},
				"up": {"uv": [7.4995, 4.7495, 7.0005, 4.2505], "texture": "#0"},
				"down": {"uv": [7.4995, 4.7505, 7.0005, 5.2495], "texture": "#0"}
			}
		},
		{
			"from": [7.25, 20.03212, -9.78794],
			"to": [8.75, 21.63212, -7.78794],
			"rotation": {"angle": 45, "axis": "x", "origin": [8, 9, -3]},
			"faces": {
				"north": {"uv": [1.0005, 7.2505, 1.4995, 7.7495], "texture": "#0"},
				"east": {"uv": [2.0005, 7.2505, 2.4995, 7.7495], "texture": "#0"},
				"south": {"uv": [2.5005, 7.2505, 2.9995, 7.7495], "texture": "#0"},
				"west": {"uv": [3.5005, 7.2505, 3.9995, 7.7495], "texture": "#0"},
				"up": {"uv": [5.4995, 7.7495, 5.0005, 7.2505], "texture": "#0"},
				"down": {"uv": [5.9995, 7.2505, 5.5005, 7.7495], "texture": "#0"}
			}
		},
		{
			"from": [7.25, -5.63212, -9.78794],
			"to": [8.75, -4.03212, -7.78794],
			"rotation": {"angle": -45, "axis": "x", "origin": [8, 7, -3]},
			"faces": {
				"north": {"uv": [6.7505, 7.2505, 7.2495, 7.7495], "texture": "#0"},
				"east": {"uv": [7.2505, 7.2505, 7.7495, 7.7495], "texture": "#0"},
				"south": {"uv": [7.2505, 0.0005, 7.7495, 0.4995], "texture": "#0"},
				"west": {"uv": [7.2505, 0.5005, 7.7495, 0.9995], "texture": "#0"},
				"up": {"uv": [7.7495, 1.4995, 7.2505, 1.0005], "texture": "#0"},
				"down": {"uv": [7.7495, 1.5005, 7.2505, 1.9995], "texture": "#0"}
			}
		}
	],
	"gui_light": "front",
	"display": {
		"thirdperson_righthand": {
			"translation": [0, -2, 5.25],
			"scale": [0.7, 0.7, 0.7]
		},
		"thirdperson_lefthand": {
			"translation": [0, -2, 5.25],
			"scale": [0.7, 0.7, 0.7]
		},
		"firstperson_righthand": {
			"rotation": [25, 0, 0],
			"translation": [6.5, 0, 0]
		},
		"firstperson_lefthand": {
			"rotation": [25, 0, 0],
			"translation": [6.5, 0, 0]
		},
		"ground": {
			"translation": [0, 9, 0],
			"scale": [0.7, 0.7, 0.7]
		},
		"gui": {
			"rotation": [-90, -45, 90],
			"translation": [-0.75, 0.75, 0],
			"scale": [0.7, 0.7, 0.7]
		},
		"fixed": {
			"rotation": [0, 90, 0],
			"translation": [3.25, 0, 0]
		}
	},
	"groups": [
		{
			"name": "main",
			"origin": [8, 8, 8],
			"color": 0,
			"children": [0, 1, 2, 3, 4, 5, 6, 7, 8, 9, 10, 11, 12, 13, 14, 15, 16, 17, 18, 19, 20, 21, 22, 23, 24]
		}
	]
}