{
	"textures": {
		"0": "item/crates/christmas21_crate/snowman"
	},
	"elements": [
		{
			"from": [3, 0, 3],
			"to": [13, 10, 13],
			"faces": {
				"north": {"uv": [0, 0, 2.5, 2.5], "texture": "#0"},
				"east": {"uv": [0, 2.5, 2.5, 5], "texture": "#0"},
				"south": {"uv": [2.5, 2.5, 5, 5], "texture": "#0"},
				"west": {"uv": [2.5, 0, 5, 2.5], "texture": "#0"},
				"up": {"uv": [2.5, 7.5, 0, 5], "texture": "#0"},
				"down": {"uv": [5, 5, 2.5, 7.5], "texture": "#0"}
			}
		},
		{
			"from": [3.5, 16, 3.5],
			"to": [12.5, 19, 12.5],
			"rotation": {"angle": 0, "axis": "y", "origin": [10, 17, 10]},
			"faces": {
				"north": {"uv": [5, 4.25, 7.25, 5], "texture": "#0"},
				"east": {"uv": [9, 8, 11.25, 8.75], "texture": "#0"},
				"south": {"uv": [9.25, 5.25, 11.5, 6], "texture": "#0"},
				"west": {"uv": [10.5, 3, 12.75, 3.75], "texture": "#0"},
				"up": {"uv": [7.25, 7.25, 5, 5], "texture": "#0"},
				"down": {"uv": [7.25, 0, 5, 2.25], "texture": "#0"}
			}
		},
		{
			"from": [9.5, 11, 3.5],
			"to": [12.5, 16, 6.5],
			"rotation": {"angle": 0, "axis": "y", "origin": [10, 14, 10]},
			"faces": {
				"north": {"uv": [4, 7.5, 4.75, 8.75], "texture": "#0"},
				"east": {"uv": [3, 9.5, 3.75, 10.75], "texture": "#0"},
				"south": {"uv": [10.5, 8.75, 11.25, 10], "texture": "#0"},
				"west": {"uv": [3, 10.75, 3.75, 12], "texture": "#0"},
				"up": {"uv": [8, 7, 7.25, 6.25], "texture": "#0"},
				"down": {"uv": [8.75, 6.25, 8, 7], "texture": "#0"}
			}
		},
		{
			"from": [12.5, 10, 3.5],
			"to": [12.5, 11, 6.5],
			"rotation": {"angle": 0, "axis": "y", "origin": [10, 13, 10]},
			"faces": {
				"north": {"uv": [0, 0, 0, 0.25], "texture": "#0"},
				"east": {"uv": [10.75, 1.25, 11.5, 1.5], "texture": "#0"},
				"south": {"uv": [0, 0, 0, 0.25], "texture": "#0"},
				"west": {"uv": [10.75, 5, 11.5, 5.25], "texture": "#0"},
				"up": {"uv": [0, 0.75, 0, 0], "texture": "#0"},
				"down": {"uv": [0, 0, 0, 0.75], "texture": "#0"}
			}
		},
		{
			"from": [9.5, 10, 3.5],
			"to": [12.5, 11, 3.5],
			"rotation": {"angle": 0, "axis": "y", "origin": [10, 13, 10]},
			"faces": {
				"north": {"uv": [1, 11, 1.75, 11.25], "texture": "#0"},
				"east": {"uv": [0, 0, 0, 0.25], "texture": "#0"},
				"south": {"uv": [1.75, 11, 2.5, 11.25], "texture": "#0"},
				"west": {"uv": [0, 0, 0, 0.25], "texture": "#0"},
				"up": {"uv": [0.75, 0, 0, 0], "texture": "#0"},
				"down": {"uv": [0.75, 0, 0, 0], "texture": "#0"}
			}
		},
		{
			"from": [3.5, 14, 3.5],
			"to": [6.5, 16, 6.5],
			"rotation": {"angle": 0, "axis": "y", "origin": [6, 14, 10]},
			"faces": {
				"north": {"uv": [4, 8.75, 4.75, 9.25], "texture": "#0"},
				"east": {"uv": [9.25, 1.5, 10, 2], "texture": "#0"},
				"south": {"uv": [10.5, 10, 11.25, 10.5], "texture": "#0"},
				"west": {"uv": [7, 10.75, 7.75, 11.25], "texture": "#0"},
				"up": {"uv": [6.25, 11.5, 5.5, 10.75], "texture": "#0"},
				"down": {"uv": [7, 10.75, 6.25, 11.5], "texture": "#0"}
			}
		},
		{
			"from": [3.5, 13, 3.5],
			"to": [3.5, 14, 6.5],
			"rotation": {"angle": 0, "axis": "y", "origin": [6, 13, 10]},
			"faces": {
				"north": {"uv": [0, 0, 0, 0.25], "texture": "#0"},
				"east": {"uv": [4, 11, 4.75, 11.25], "texture": "#0"},
				"south": {"uv": [0, 0, 0, 0.25], "texture": "#0"},
				"west": {"uv": [4.75, 11, 5.5, 11.25], "texture": "#0"},
				"up": {"uv": [0, 0.75, 0, 0], "texture": "#0"},
				"down": {"uv": [0, 0, 0, 0.75], "texture": "#0"}
			}
		},
		{
			"from": [3.5, 13, 3.5],
			"to": [6.5, 14, 3.5],
			"rotation": {"angle": 0, "axis": "y", "origin": [6, 13, 10]},
			"faces": {
				"north": {"uv": [7.75, 11, 8.5, 11.25], "texture": "#0"},
				"east": {"uv": [0, 0, 0, 0.25], "texture": "#0"},
				"south": {"uv": [8.5, 11, 9.25, 11.25], "texture": "#0"},
				"west": {"uv": [0, 0, 0, 0.25], "texture": "#0"},
				"up": {"uv": [0.75, 0, 0, 0], "texture": "#0"},
				"down": {"uv": [0.75, 0, 0, 0], "texture": "#0"}
			}
		},
		{
			"from": [4, 10, 4],
			"to": [12, 18, 12],
			"rotation": {"angle": 0, "axis": "y", "origin": [10, 18, 10]},
			"faces": {
				"north": {"uv": [5, 2.25, 7, 4.25], "texture": "#0"},
				"east": {"uv": [7, 2.25, 9, 4.25], "texture": "#0"},
				"south": {"uv": [5, 7.25, 7, 9.25], "texture": "#0"},
				"west": {"uv": [7, 7.25, 9, 9.25], "texture": "#0"},
				"up": {"uv": [9.25, 2, 7.25, 0], "texture": "#0"},
				"down": {"uv": [9.25, 4.25, 7.25, 6.25], "texture": "#0"}
			}
		},
		{
			"from": [10, 14, 8],
			"to": [16, 15, 9],
			"rotation": {"angle": 22.5, "axis": "z", "origin": [12, 18, 11]},
			"faces": {
				"north": {"uv": [7.25, 2, 8.75, 2.25], "texture": "#0"},
				"east": {"uv": [8.75, 2, 9, 2.25], "texture": "#0"},
				"south": {"uv": [7.25, 7, 8.75, 7.25], "texture": "#0"},
				"west": {"uv": [10.25, 6, 10.5, 6.25], "texture": "#0"},
				"up": {"uv": [10.5, 9, 9, 8.75], "texture": "#0"},
				"down": {"uv": [9.25, 10.75, 7.75, 11], "texture": "#0"}
			}
		},
		{
			"from": [0, 14, 8],
			"to": [6, 15, 9],
			"rotation": {"angle": -22.5, "axis": "z", "origin": [4, 18, 11]},
			"faces": {
				"north": {"uv": [10.75, 0, 12.25, 0.25], "texture": "#0"},
				"east": {"uv": [11.25, 9.25, 11.5, 9.5], "texture": "#0"},
				"south": {"uv": [10.75, 0.25, 12.25, 0.5], "texture": "#0"},
				"west": {"uv": [11.25, 9.5, 11.5, 9.75], "texture": "#0"},
				"up": {"uv": [12.25, 0.75, 10.75, 0.5], "texture": "#0"},
				"down": {"uv": [12.25, 0.75, 10.75, 1], "texture": "#0"}
			}
		},
		{
			"from": [17.4, 17.15, 8.1],
			"to": [18.2, 22.15, 8.9],
			"rotation": {"angle": -22.5, "axis": "z", "origin": [14.3, 19.15, 11]},
			"faces": {
				"north": {"uv": [4.75, 7.5, 5, 8.75], "texture": "#0"},
				"east": {"uv": [3.75, 9.5, 4, 10.75], "texture": "#0"},
				"south": {"uv": [3.75, 10.75, 4, 12], "texture": "#0"},
				"west": {"uv": [10.25, 10.75, 10.5, 12], "texture": "#0"},
				"up": {"uv": [11.5, 10, 11.25, 9.75], "texture": "#0"},
				"down": {"uv": [11.5, 10, 11.25, 10.25], "texture": "#0"}
			}
		},
		{
			"from": [-2.2, 17.15, 8.1],
			"to": [-1.4, 22.15, 8.9],
			"rotation": {"angle": 22.5, "axis": "z", "origin": [1.7, 19.15, 11]},
			"faces": {
				"north": {"uv": [10.75, 3.75, 11, 5], "texture": "#0"},
				"east": {"uv": [0, 11, 0.25, 12.25], "texture": "#0"},
				"south": {"uv": [0.25, 11, 0.5, 12.25], "texture": "#0"},
				"west": {"uv": [0.5, 11, 0.75, 12.25], "texture": "#0"},
				"up": {"uv": [11.5, 10.5, 11.25, 10.25], "texture": "#0"},
				"down": {"uv": [1.5, 11.5, 1.25, 11.75], "texture": "#0"}
			}
		},
		{
			"from": [-2.8, 21.15, 8.5],
			"to": [-0.8, 23.65, 8.5],
			"rotation": {"angle": 22.5, "axis": "z", "origin": [1.7, 19.15, 11]},
			"faces": {
				"north": {"uv": [8.5, 9.25, 9, 10], "texture": "#0"},
				"east": {"uv": [2.5, 11, 2.75, 11.75], "texture": "#0"},
				"south": {"uv": [9, 9.25, 8.5, 10], "texture": "#0"},
				"west": {"uv": [2.75, 11, 3, 11.75], "texture": "#0"},
				"up": {"uv": [10.5, 1.75, 10, 1.5], "texture": "#0"},
				"down": {"uv": [10.5, 1.75, 10, 2], "texture": "#0"}
			}
		},
		{
			"from": [16.8, 21.15, 8.5],
			"to": [18.8, 23.65, 8.5],
			"rotation": {"angle": -22.5, "axis": "z", "origin": [14.3, 19.15, 11]},
			"faces": {
				"north": {"uv": [9.25, 10.75, 9.75, 11.5], "texture": "#0"},
				"east": {"uv": [11, 3.75, 11.25, 4.5], "texture": "#0"},
				"south": {"uv": [9.75, 10.75, 9.25, 11.5], "texture": "#0"},
				"west": {"uv": [1, 11.25, 1.25, 12], "texture": "#0"},
				"up": {"uv": [11.5, 4.75, 11, 4.5], "texture": "#0"},
				"down": {"uv": [11.5, 4.75, 11, 5], "texture": "#0"}
			}
		},
		{
			"from": [5, 19, 5],
			"to": [11, 25, 11],
			"rotation": {"angle": 0, "axis": "y", "origin": [10, 27, 10]},
			"faces": {
				"north": {"uv": [5.5, 9.25, 7, 10.75], "texture": "#0"},
				"east": {"uv": [7, 9.25, 8.5, 10.75], "texture": "#0"},
				"south": {"uv": [9.25, 0, 10.75, 1.5], "texture": "#0"},
				"west": {"uv": [9.25, 3.75, 10.75, 5.25], "texture": "#0"},
				"up": {"uv": [1.5, 11, 0, 9.5], "texture": "#0"},
				"down": {"uv": [3, 9.5, 1.5, 11], "texture": "#0"}
			}
		},
		{
			"from": [7.5, 20.5, 1],
			"to": [8.5, 21.5, 5],
			"rotation": {"angle": 0, "axis": "y", "origin": [12.5, 26.5, 4]},
			"faces": {
				"north": {"uv": [7.25, 11.5, 7.5, 11.75], "texture": "#0"},
				"east": {"uv": [9.25, 6, 10.25, 6.25], "texture": "#0"},
				"south": {"uv": [7.5, 11.5, 7.75, 11.75], "texture": "#0"},
				"west": {"uv": [10.75, 1, 11.75, 1.25], "texture": "#0"},
				"up": {"uv": [9, 7.25, 8.75, 6.25], "texture": "#0"},
				"down": {"uv": [1, 11, 0.75, 12], "texture": "#0"}
			}
		},
		{
			"from": [5, 22.5, 4],
			"to": [13, 24, 12],
			"rotation": {"angle": -22.5, "axis": "z", "origin": [11, 25.5, 10]},
			"faces": {
				"north": {"uv": [12.5, 7.5, 10.5, 8], "texture": "#0"},
				"east": {"uv": [12.5, 7, 10.5, 7.5], "texture": "#0"},
				"south": {"uv": [12.5, 6.5, 10.5, 7], "texture": "#0"},
				"west": {"uv": [12.5, 6, 10.5, 6.5], "texture": "#0"},
				"up": {"uv": [2, 7.5, 0, 9.5], "rotation": 90, "texture": "#0"},
				"down": {"uv": [4, 9.5, 2, 7.5], "rotation": 270, "texture": "#0"}
			}
		},
		{
			"from": [5.9, 24, 4.9],
			"to": [12.1, 31, 11.1],
			"rotation": {"angle": -22.5, "axis": "z", "origin": [11, 25.5, 10]},
			"faces": {
				"north": {"uv": [5.5, 9.25, 4, 11], "texture": "#0"},
				"east": {"uv": [10.5, 6.25, 9, 8], "texture": "#0"},
				"south": {"uv": [10.5, 2, 9, 3.75], "texture": "#0"},
				"west": {"uv": [10.5, 9, 9, 10.75], "texture": "#0"},
				"up": {"uv": [12, 10.5, 10.5, 12], "rotation": 90, "texture": "#0"},
				"down": {"uv": [12, 3, 10.5, 1.5], "rotation": 270, "texture": "#0"}
			}
		}
	],
	"display": {
		"head": {
			"translation": [0, -27.25, 0],
			"scale": [2, 2, 2]
		}
	},
	"groups": [
		{
			"name": "main",
			"origin": [8, 8, 8],
			"color": 0,
			"children": [0, 1, 2, 3, 4, 5, 6, 7, 8, 9, 10, 11, 12, 13, 14, 15, 16, 17, 18]
		}
	]
}