{
	"textures": {
		"0": "item/crates/christmas21_crate/wreath"
	},
	"elements": [
		{
			"name": "octagon",
			"from": [4.68629, 7, 0],
			"to": [11.31371, 9, 3],
			"rotation": {"angle": 45, "axis": "y", "origin": [8, 8, 8]},
			"faces": {
				"north": {"uv": [3.50013, 5.50013, 5.24988, 5.99988], "texture": "#0"},
				"east": {"uv": [6.75013, 7.50013, 7.49988, 7.99988], "texture": "#0"},
				"south": {"uv": [3.50013, 5.50013, 5.24988, 5.99988], "texture": "#0"},
				"west": {"uv": [7.50013, 7.50013, 8.24987, 7.99988], "texture": "#0"},
				"up": {"uv": [1.74988, 0.74988, 0.00013, 0.00013], "texture": "#0"},
				"down": {"uv": [1.74988, 0.00013, 0.00013, 0.74988], "texture": "#0"}
			}
		},
		{
			"name": "octagon",
			"from": [4.68629, 8, -2],
			"to": [11.31371, 8, 0],
			"rotation": {"angle": 45, "axis": "y", "origin": [8, 8, 8]},
			"faces": {
				"north": {"uv": [0.00013, -0.06262, 1.74988, -0.09414], "texture": "#0"},
				"east": {"uv": [0.00013, -0.06262, 0.49988, -0.09414], "texture": "#0"},
				"south": {"uv": [0.00013, -0.06262, 1.74988, -0.09414], "texture": "#0"},
				"west": {"uv": [0.00013, -0.06262, 0.49988, -0.09414], "texture": "#0"},
				"up": {"uv": [6.24988, 4.49988, 4.50012, 4.00012], "texture": "#0"},
				"down": {"uv": [6.24988, 4.00012, 4.50012, 4.49988], "texture": "#0"}
			}
		},
		{
			"name": "octagon",
			"from": [4.68629, 6.975, 0],
			"to": [11.31371, 9.025, 3],
			"faces": {
				"north": {"uv": [3.50013, 5.50013, 5.24988, 5.99988], "texture": "#0"},
				"east": {"uv": [7.50013, 6.00013, 8.24987, 6.49988], "texture": "#0"},
				"south": {"uv": [3.50013, 5.50013, 5.24988, 5.99988], "texture": "#0"},
				"west": {"uv": [7.50013, 6.50013, 8.24987, 6.99988], "texture": "#0"},
				"up": {"uv": [1.74988, 2.24987, 0.00013, 1.50013], "texture": "#0"},
				"down": {"uv": [1.74988, 1.50013, 0.00013, 2.24987], "texture": "#0"}
			}
		},
		{
			"name": "octagon",
			"from": [4.68629, 8, -2],
			"to": [11.31371, 8, 0],
			"faces": {
				"north": {"uv": [0.00013, -0.06262, 1.74988, -0.09414], "texture": "#0"},
				"east": {"uv": [0.00013, -0.06262, 0.49988, -0.09414], "texture": "#0"},
				"south": {"uv": [0.00013, -0.06262, 1.74988, -0.09414], "texture": "#0"},
				"west": {"uv": [0.00013, -0.06262, 0.49988, -0.09414], "texture": "#0"},
				"up": {"uv": [6.99988, 0.99988, 5.25013, 0.50013], "texture": "#0"},
				"down": {"uv": [6.99988, 0.50013, 5.25013, 0.99988], "texture": "#0"}
			}
		},
		{
			"name": "octagon",
			"from": [4.68629, 8, 11],
			"to": [11.31371, 8, 13],
			"rotation": {"angle": 0, "axis": "y", "origin": [8, 8, 21]},
			"faces": {
				"north": {"uv": [0.00013, -0.06262, 1.74988, -0.09414], "texture": "#0"},
				"east": {"uv": [0.00013, -0.06262, 0.49988, -0.09414], "texture": "#0"},
				"south": {"uv": [0.00013, -0.06262, 1.74988, -0.09414], "texture": "#0"},
				"west": {"uv": [0.00013, -0.06262, 0.49988, -0.09414], "texture": "#0"},
				"up": {"uv": [6.99988, 0.99988, 5.25013, 0.50013], "texture": "#0"},
				"down": {"uv": [6.99988, 0.50013, 5.25013, 0.99988], "texture": "#0"}
			}
		},
		{
			"name": "octagon",
			"from": [4.68629, 7, 13],
			"to": [11.31371, 9, 16],
			"rotation": {"angle": 45, "axis": "y", "origin": [8, 8, 8]},
			"faces": {
				"north": {"uv": [3.50013, 5.50013, 5.24988, 5.99988], "texture": "#0"},
				"east": {"uv": [7.50013, 7.00013, 8.24987, 7.49988], "texture": "#0"},
				"south": {"uv": [3.50013, 5.50013, 5.24988, 5.99988], "texture": "#0"},
				"west": {"uv": [1.50013, 7.75013, 2.24987, 8.24987], "texture": "#0"},
				"up": {"uv": [3.49988, 0.74988, 1.75013, 0.00013], "texture": "#0"},
				"down": {"uv": [3.49988, 0.00013, 1.75013, 0.74988], "texture": "#0"}
			}
		},
		{
			"name": "octagon",
			"from": [9.1, 7.2, 7.68629],
			"to": [11.9, 10, 10.81371],
			"rotation": {"angle": -22.5, "axis": "y", "origin": [4, 8, 11]},
			"faces": {
				"north": {"uv": [5.50013, 6.50013, 6.24988, 7.24988], "texture": "#0"},
				"east": {"uv": [6.75013, 6.75013, 7.49988, 7.49988], "texture": "#0"},
				"south": {"uv": [6.75013, 6.00013, 7.49988, 6.74988], "texture": "#0"},
				"west": {"uv": [2.75013, 7.00013, 3.49988, 7.74988], "texture": "#0"},
				"up": {"uv": [4.24988, 7.74988, 3.50013, 7.00013], "texture": "#0"},
				"down": {"uv": [7.74988, 0.00013, 7.00013, 0.74988], "texture": "#0"}
			}
		},
		{
			"name": "octagon",
			"from": [10.1, 8.2, 10.68629],
			"to": [10.9, 9.5, 11.81371],
			"rotation": {"angle": -22.5, "axis": "y", "origin": [4, 8, 11]},
			"faces": {
				"north": {"uv": [2.75013, 1.50013, 2.99988, 1.74988], "texture": "#0"},
				"east": {"uv": [1.50013, 3.00013, 1.74988, 3.24988], "texture": "#0"},
				"south": {"uv": [3.00013, 1.50013, 3.24988, 1.74988], "texture": "#0"},
				"west": {"uv": [3.25013, 1.50013, 3.49988, 1.74988], "texture": "#0"},
				"up": {"uv": [3.74988, 2.99988, 3.50013, 2.75013], "texture": "#0"},
				"down": {"uv": [3.74988, 3.00013, 3.50013, 3.24988], "texture": "#0"}
			}
		},
		{
			"name": "octagon",
			"from": [5.1, 8.2, 10.68629],
			"to": [5.9, 9.5, 11.81371],
			"rotation": {"angle": 22.5, "axis": "y", "origin": [12, 8, 11]},
			"faces": {
				"north": {"uv": [3.75013, 3.50013, 3.99988, 3.74988], "texture": "#0"},
				"east": {"uv": [4.00012, 3.50013, 4.24988, 3.74988], "texture": "#0"},
				"south": {"uv": [4.25012, 1.00013, 4.49988, 1.24988], "texture": "#0"},
				"west": {"uv": [4.25012, 1.25013, 4.49988, 1.49988], "texture": "#0"},
				"up": {"uv": [4.49988, 1.74988, 4.25012, 1.50013], "texture": "#0"},
				"down": {"uv": [4.49988, 3.50013, 4.25012, 3.74988], "texture": "#0"}
			}
		},
		{
			"name": "octagon",
			"from": [4.1, 7.2, 7.68629],
			"to": [6.9, 10, 10.81371],
			"rotation": {"angle": 22.5, "axis": "y", "origin": [12, 8, 11]},
			"faces": {
				"north": {"uv": [5.50013, 7.25013, 6.24988, 7.99988], "texture": "#0"},
				"east": {"uv": [7.25013, 0.75013, 7.99988, 1.49988], "texture": "#0"},
				"south": {"uv": [7.25013, 1.50013, 7.99988, 2.24987], "texture": "#0"},
				"west": {"uv": [7.25013, 2.25013, 7.99988, 2.99988], "texture": "#0"},
				"up": {"uv": [7.99988, 5.24988, 7.25013, 4.50012], "texture": "#0"},
				"down": {"uv": [7.99988, 5.25013, 7.25013, 5.99988], "texture": "#0"}
			}
		},
		{
			"name": "octagon",
			"from": [8.75, 6.85, 6.68629],
			"to": [12.25, 10.35, 7.71371],
			"rotation": {"angle": -22.5, "axis": "y", "origin": [4, 8, 11]},
			"faces": {
				"north": {"uv": [4.25012, 0.00013, 5.24988, 0.99988], "texture": "#0"},
				"east": {"uv": [3.50013, 1.75013, 3.74988, 2.74988], "texture": "#0"},
				"south": {"uv": [4.50012, 4.50012, 5.49988, 5.49988], "texture": "#0"},
				"west": {"uv": [1.50013, 6.50013, 1.74988, 7.49988], "texture": "#0"},
				"up": {"uv": [2.74988, 1.74988, 1.75013, 1.50013], "texture": "#0"},
				"down": {"uv": [0.99988, 4.75012, 0.00013, 4.99988], "texture": "#0"}
			}
		},
		{
			"name": "octagon",
			"from": [3.75, 6.85, 6.68629],
			"to": [7.25, 10.35, 7.71371],
			"rotation": {"angle": 22.5, "axis": "y", "origin": [12, 8, 11]},
			"faces": {
				"north": {"uv": [4.50012, 1.00013, 5.49988, 1.99988], "texture": "#0"},
				"east": {"uv": [8.00013, 1.50013, 8.24987, 2.49987], "texture": "#0"},
				"south": {"uv": [4.50012, 2.00013, 5.49988, 2.99988], "texture": "#0"},
				"west": {"uv": [8.00013, 2.50013, 8.24987, 3.49988], "texture": "#0"},
				"up": {"uv": [8.99987, 3.74988, 8.00013, 3.50013], "texture": "#0"},
				"down": {"uv": [8.99987, 3.75013, 8.00013, 3.99988], "texture": "#0"}
			}
		},
		{
			"name": "octagon",
			"from": [4.68629, 8, 16],
			"to": [11.31371, 8, 18],
			"rotation": {"angle": 45, "axis": "y", "origin": [8, 8, 8]},
			"faces": {
				"north": {"uv": [0.00013, -0.06262, 1.74988, -0.09414], "texture": "#0"},
				"east": {"uv": [0.00013, -0.06262, 0.49988, -0.09414], "texture": "#0"},
				"south": {"uv": [0.00013, -0.06262, 1.74988, -0.09414], "texture": "#0"},
				"west": {"uv": [0.00013, -0.06262, 0.49988, -0.09414], "texture": "#0"},
				"up": {"uv": [6.99988, 5.99988, 5.25013, 5.50013], "texture": "#0"},
				"down": {"uv": [6.99988, 5.50013, 5.25013, 5.99988], "texture": "#0"}
			}
		},
		{
			"name": "octagon",
			"from": [4.68629, 6.975, 13],
			"to": [11.31371, 9.025, 16],
			"faces": {
				"north": {"uv": [5.50013, 2.00013, 7.24988, 2.49987], "texture": "#0"},
				"east": {"uv": [2.25013, 7.75013, 2.99988, 8.24987], "texture": "#0"},
				"south": {"uv": [5.50013, 2.00013, 7.24988, 2.49987], "texture": "#0"},
				"west": {"uv": [3.00013, 7.75013, 3.74988, 8.24987], "texture": "#0"},
				"up": {"uv": [1.74988, 2.99988, 0.00013, 2.25013], "texture": "#0"},
				"down": {"uv": [1.74988, 2.25013, 0.00013, 2.99988], "texture": "#0"}
			}
		},
		{
			"name": "octagon",
			"from": [4.68629, 8, 16],
			"to": [11.31371, 8, 18],
			"rotation": {"angle": 0, "axis": "y", "origin": [8, 8, 10]},
			"faces": {
				"north": {"uv": [0.00013, -0.06262, 1.74988, -0.09414], "texture": "#0"},
				"east": {"uv": [0.00013, -0.06262, 0.49988, -0.09414], "texture": "#0"},
				"south": {"uv": [0.00013, -0.06262, 1.74988, -0.09414], "texture": "#0"},
				"west": {"uv": [0.00013, -0.06262, 0.49988, -0.09414], "texture": "#0"},
				"up": {"uv": [7.24988, 2.99988, 5.50013, 2.50013], "texture": "#0"},
				"down": {"uv": [7.24988, 2.50013, 5.50013, 2.99988], "texture": "#0"}
			}
		},
		{
			"name": "octagon",
			"from": [4.68629, 8, 3],
			"to": [11.31371, 8, 5],
			"rotation": {"angle": 0, "axis": "y", "origin": [8, 8, -3]},
			"faces": {
				"north": {"uv": [0.00013, -0.06262, 1.74988, -0.09414], "texture": "#0"},
				"east": {"uv": [0.00013, -0.06262, 0.49988, -0.09414], "texture": "#0"},
				"south": {"uv": [0.00013, -0.06262, 1.74988, -0.09414], "texture": "#0"},
				"west": {"uv": [0.00013, -0.06262, 0.49988, -0.09414], "texture": "#0"},
				"up": {"uv": [7.24988, 2.99988, 5.50013, 2.50013], "texture": "#0"},
				"down": {"uv": [7.24988, 2.50013, 5.50013, 2.99988], "texture": "#0"}
			}
		},
		{
			"name": "octagon",
			"from": [0, 7, 4.68629],
			"to": [3, 9, 11.31371],
			"rotation": {"angle": 45, "axis": "y", "origin": [8, 8, 8]},
			"faces": {
				"north": {"uv": [3.75013, 7.75013, 4.49988, 8.24987], "texture": "#0"},
				"east": {"uv": [0.00013, 6.00013, 1.74988, 6.49988], "texture": "#0"},
				"south": {"uv": [7.75013, 0.00013, 8.49987, 0.49988], "texture": "#0"},
				"west": {"uv": [0.00013, 6.00013, 1.74988, 6.49988], "texture": "#0"},
				"up": {"uv": [0.74988, 4.74988, 0.00013, 3.00013], "texture": "#0"},
				"down": {"uv": [0.74988, 3.00013, 0.00013, 4.74988], "texture": "#0"}
			}
		},
		{
			"name": "octagon",
			"from": [-2, 8, 4.68629],
			"to": [0, 8, 11.31371],
			"rotation": {"angle": 45, "axis": "y", "origin": [8, 8, 8]},
			"faces": {
				"north": {"uv": [0.00013, -0.09387, 0.49988, -0.12539], "texture": "#0"},
				"east": {"uv": [0.00013, -0.09387, 1.74988, -0.12539], "texture": "#0"},
				"south": {"uv": [0.00013, -0.09387, 0.49988, -0.12539], "texture": "#0"},
				"west": {"uv": [0.00013, -0.09387, 1.74988, -0.12539], "texture": "#0"},
				"up": {"uv": [2.24987, 7.74988, 1.75013, 6.00013], "texture": "#0"},
				"down": {"uv": [2.24987, 6.00013, 1.75013, 7.74988], "texture": "#0"}
			}
		},
		{
			"name": "octagon",
			"from": [0, 6.975, 4.68629],
			"to": [3, 9.025, 11.31371],
			"faces": {
				"north": {"uv": [5.50013, 8.00013, 6.24988, 8.49987], "texture": "#0"},
				"east": {"uv": [3.50013, 5.50013, 5.24988, 5.99988], "texture": "#0"},
				"south": {"uv": [6.25013, 8.00013, 6.99988, 8.49987], "texture": "#0"},
				"west": {"uv": [3.50013, 5.50013, 5.24988, 5.99988], "texture": "#0"},
				"up": {"uv": [2.24987, 4.99988, 1.50013, 3.25013], "texture": "#0"},
				"down": {"uv": [2.24987, 3.25013, 1.50013, 4.99988], "texture": "#0"}
			}
		},
		{
			"name": "octagon",
			"from": [11, 8, 4.68629],
			"to": [13, 8, 11.31371],
			"rotation": {"angle": 0, "axis": "y", "origin": [21, 8, 8]},
			"faces": {
				"north": {"uv": [0.00013, -0.06262, 0.49988, -0.09414], "texture": "#0"},
				"east": {"uv": [0.00013, -0.06262, 1.74988, -0.09414], "texture": "#0"},
				"south": {"uv": [0.00013, -0.06262, 0.49988, -0.09414], "texture": "#0"},
				"west": {"uv": [0.00013, -0.06262, 1.74988, -0.09414], "texture": "#0"},
				"up": {"uv": [6.74988, 7.99988, 6.25013, 6.25013], "texture": "#0"},
				"down": {"uv": [6.74988, 6.25013, 6.25013, 7.99988], "texture": "#0"}
			}
		},
		{
			"name": "octagon",
			"from": [-2, 8, 4.68629],
			"to": [0, 8, 11.31371],
			"faces": {
				"north": {"uv": [0.00013, -0.06262, 0.49988, -0.09414], "texture": "#0"},
				"east": {"uv": [0.00013, -0.06262, 1.74988, -0.09414], "texture": "#0"},
				"south": {"uv": [0.00013, -0.06262, 0.49988, -0.09414], "texture": "#0"},
				"west": {"uv": [0.00013, -0.06262, 1.74988, -0.09414], "texture": "#0"},
				"up": {"uv": [6.74988, 7.99988, 6.25013, 6.25013], "texture": "#0"},
				"down": {"uv": [6.74988, 6.25013, 6.25013, 7.99988], "texture": "#0"}
			}
		},
		{
			"name": "octagon",
			"from": [13, 7, 4.68629],
			"to": [16, 9, 11.31371],
			"rotation": {"angle": 45, "axis": "y", "origin": [8, 8, 8]},
			"faces": {
				"north": {"uv": [7.00013, 8.00013, 7.74988, 8.49987], "texture": "#0"},
				"east": {"uv": [6.25013, 3.00013, 7.99988, 3.49988], "texture": "#0"},
				"south": {"uv": [7.75013, 8.00013, 8.49987, 8.49987], "texture": "#0"},
				"west": {"uv": [6.25013, 3.00013, 7.99988, 3.49988], "texture": "#0"},
				"up": {"uv": [3.74988, 4.99988, 3.00013, 3.25013], "texture": "#0"},
				"down": {"uv": [3.74988, 3.25013, 3.00013, 4.99988], "texture": "#0"}
			}
		},
		{
			"name": "octagon",
			"from": [16, 8, 4.68629],
			"to": [18, 8, 11.31371],
			"rotation": {"angle": 45, "axis": "y", "origin": [8, 8, 8]},
			"faces": {
				"north": {"uv": [0.00013, -0.06262, 0.49988, -0.09414], "texture": "#0"},
				"east": {"uv": [0.00013, -0.06262, 1.74988, -0.09414], "texture": "#0"},
				"south": {"uv": [0.00013, -0.06262, 0.49988, -0.09414], "texture": "#0"},
				"west": {"uv": [0.00013, -0.06262, 1.74988, -0.09414], "texture": "#0"},
				"up": {"uv": [0.99988, 8.24987, 0.50013, 6.50013], "texture": "#0"},
				"down": {"uv": [0.50013, 8.24987, 0.99988, 6.50013], "texture": "#0"}
			}
		},
		{
			"name": "octagon",
			"from": [13, 6.975, 4.68629],
			"to": [16, 9.025, 11.31371],
			"faces": {
				"north": {"uv": [8.00013, 0.50013, 8.74987, 0.99988], "texture": "#0"},
				"east": {"uv": [3.50013, 5.50013, 5.24988, 5.99988], "texture": "#0"},
				"south": {"uv": [8.00013, 1.00013, 8.74987, 1.49988], "texture": "#0"},
				"west": {"uv": [6.25013, 4.00012, 7.99988, 4.49988], "texture": "#0"},
				"up": {"uv": [4.49988, 5.49988, 3.75013, 3.75013], "texture": "#0"},
				"down": {"uv": [4.49988, 3.75013, 3.75013, 5.49988], "texture": "#0"}
			}
		},
		{
			"name": "octagon",
			"from": [16, 8, 4.68629],
			"to": [18, 8, 11.31371],
			"faces": {
				"north": {"uv": [0.00013, -0.06262, 0.49988, -0.09414], "texture": "#0"},
				"east": {"uv": [0.00013, -0.06262, 1.74988, -0.09414], "texture": "#0"},
				"south": {"uv": [0.00013, -0.06262, 0.49988, -0.09414], "texture": "#0"},
				"west": {"uv": [0.00013, -0.06262, 1.74988, -0.09414], "texture": "#0"},
				"up": {"uv": [4.99988, 8.24987, 4.50012, 6.50013], "texture": "#0"},
				"down": {"uv": [4.99988, 6.50013, 4.50012, 8.24987], "texture": "#0"}
			}
		},
		{
			"name": "octagon",
			"from": [3, 8, 4.68629],
			"to": [5, 8, 11.31371],
			"rotation": {"angle": 0, "axis": "y", "origin": [-5, 8, 8]},
			"faces": {
				"north": {"uv": [0.00013, -0.06262, 0.49988, -0.09414], "texture": "#0"},
				"east": {"uv": [0.00013, -0.06262, 1.74988, -0.09414], "texture": "#0"},
				"south": {"uv": [0.00013, -0.06262, 0.49988, -0.09414], "texture": "#0"},
				"west": {"uv": [0.00013, -0.06262, 1.74988, -0.09414], "texture": "#0"},
				"up": {"uv": [4.99988, 8.24987, 4.50012, 6.50013], "texture": "#0"},
				"down": {"uv": [4.99988, 6.50013, 4.50012, 8.24987], "texture": "#0"}
			}
		}
	],
	"groups": [
		{
			"name": "main",
			"origin": [8, 8, 8],
			"color": 0,
			"children": [0, 1, 2, 3, 4, 5, 6, 7, 8, 9, 10, 11, 12, 13, 14, 15, 16, 17, 18, 19, 20, 21, 22, 23, 24, 25]
		}
	]
}