{
	"textures": {
		"0": "item/crates/halloween_crate/witch_hat"
	},
	"elements": [
		{
			"from": [2, 0, 2],
			"to": [14, 1, 14],
			"rotation": {"angle": 0, "axis": "y", "origin": [10, 8, 10]},
			"faces": {
				"north": {"uv": [3, 3, 6, 3.25], "texture": "#0"},
				"east": {"uv": [0, 3, 3, 3.25], "texture": "#0"},
				"south": {"uv": [9, 3, 12, 3.25], "texture": "#0"},
				"west": {"uv": [6, 3, 9, 3.25], "texture": "#0"},
				"up": {"uv": [6, 3, 3, 0], "texture": "#0"},
				"down": {"uv": [9, 0, 6, 3], "texture": "#0"}
			}
		},
		{
			"from": [4, 1, 4],
			"to": [12, 5, 12],
			"rotation": {"angle": 0, "axis": "y", "origin": [10, 9, 10]},
			"faces": {
				"north": {"uv": [2, 5.25, 4, 6.25], "texture": "#0"},
				"east": {"uv": [0, 5.25, 2, 6.25], "texture": "#0"},
				"south": {"uv": [6, 5.25, 8, 6.25], "texture": "#0"},
				"west": {"uv": [4, 5.25, 6, 6.25], "texture": "#0"},
				"up": {"uv": [4, 5.25, 2, 3.25], "texture": "#0"},
				"down": {"uv": [6, 3.25, 4, 5.25], "texture": "#0"}
			}
		},
		{
			"from": [5, 5, 5.5],
			"to": [11, 9, 11.5],
			"rotation": {"angle": 0, "axis": "y", "origin": [10, 13, 9.5]},
			"faces": {
				"north": {"uv": [1.5, 7.75, 3, 8.75], "texture": "#0"},
				"east": {"uv": [0, 7.75, 1.5, 8.75], "texture": "#0"},
				"south": {"uv": [4.5, 7.75, 6, 8.75], "texture": "#0"},
				"west": {"uv": [3, 7.75, 4.5, 8.75], "texture": "#0"},
				"up": {"uv": [3, 7.75, 1.5, 6.25], "texture": "#0"},
				"down": {"uv": [4.5, 6.25, 3, 7.75], "texture": "#0"}
			}
		},
		{
			"from": [6, 5, 9],
			"to": [10, 11, 14],
			"rotation": {"angle": 22.5, "axis": "x", "origin": [10, 14, 13]},
			"faces": {
				"north": {"uv": [7.25, 7.5, 8.25, 9], "texture": "#0"},
				"east": {"uv": [6, 7.5, 7.25, 9], "texture": "#0"},
				"south": {"uv": [9.5, 7.5, 10.5, 9], "texture": "#0"},
				"west": {"uv": [8.25, 7.5, 9.5, 9], "texture": "#0"},
				"up": {"uv": [8.25, 7.5, 7.25, 6.25], "texture": "#0"},
				"down": {"uv": [9.25, 6.25, 8.25, 7.5], "texture": "#0"}
			}
		},
		{
			"from": [7, 7, 14.5],
			"to": [9, 11, 18.5],
			"rotation": {"angle": 45, "axis": "x", "origin": [10, 16, 17.5]},
			"faces": {
				"north": {"uv": [1, 1, 1.5, 2], "texture": "#0"},
				"east": {"uv": [0, 1, 1, 2], "texture": "#0"},
				"south": {"uv": [2.5, 1, 3, 2], "texture": "#0"},
				"west": {"uv": [1.5, 1, 2.5, 2], "texture": "#0"},
				"up": {"uv": [1.5, 1, 1, 0], "texture": "#0"},
				"down": {"uv": [2, 0, 1.5, 1], "texture": "#0"}
			}
		},
		{
			"from": [7.5, 13.75, 13.25],
			"to": [8.5, 16.75, 16.25],
			"rotation": {"angle": -22.5, "axis": "x", "origin": [9.5, 13.75, 22.25]},
			"faces": {
				"north": {"uv": [0.75, 4, 1, 4.75], "texture": "#0"},
				"east": {"uv": [0, 4, 0.75, 4.75], "texture": "#0"},
				"south": {"uv": [1.75, 4, 2, 4.75], "texture": "#0"},
				"west": {"uv": [1, 4, 1.75, 4.75], "texture": "#0"},
				"up": {"uv": [1, 4, 0.75, 3.25], "texture": "#0"},
				"down": {"uv": [1.25, 3.25, 1, 4], "texture": "#0"}
			}
		},
		{
			"from": [4, 0, 1],
			"to": [12, 1, 2],
			"rotation": {"angle": 0, "axis": "y", "origin": [10, 8, 9]},
			"faces": {
				"north": {"uv": [2.5, 9.25, 4.5, 9.5], "texture": "#0"},
				"east": {"uv": [2.25, 9.25, 2.5, 9.5], "texture": "#0"},
				"south": {"uv": [4.75, 9.25, 6.75, 9.5], "texture": "#0"},
				"west": {"uv": [4.5, 9.25, 4.75, 9.5], "texture": "#0"},
				"up": {"uv": [4.5, 9.25, 2.5, 9], "texture": "#0"},
				"down": {"uv": [6.5, 9, 4.5, 9.25], "texture": "#0"}
			}
		},
		{
			"from": [4.5, 3.5, -4],
			"to": [11.5, 4.5, -3],
			"rotation": {"angle": -45, "axis": "x", "origin": [9.5, 11.5, 4]},
			"faces": {
				"north": {"uv": [9.25, 0.75, 11, 1], "texture": "#0"},
				"east": {"uv": [9, 0.75, 9.25, 1], "texture": "#0"},
				"south": {"uv": [11.25, 0.75, 13, 1], "texture": "#0"},
				"west": {"uv": [11, 0.75, 11.25, 1], "texture": "#0"},
				"up": {"uv": [11, 0.75, 9.25, 0.5], "texture": "#0"},
				"down": {"uv": [12.75, 0.5, 11, 0.75], "texture": "#0"}
			}
		},
		{
			"from": [4.5, 3.5, 4],
			"to": [11.5, 4.5, 5],
			"rotation": {"angle": -45, "axis": "x", "origin": [9.5, 11.5, 12]},
			"faces": {
				"north": {"uv": [9.25, 0.25, 11, 0.5], "texture": "#0"},
				"east": {"uv": [9, 0.25, 9.25, 0.5], "texture": "#0"},
				"south": {"uv": [11.25, 0.25, 13, 0.5], "texture": "#0"},
				"west": {"uv": [11, 0.25, 11.25, 0.5], "texture": "#0"},
				"up": {"uv": [11, 0.25, 9.25, 0], "texture": "#0"},
				"down": {"uv": [12.75, 0, 11, 0.25], "texture": "#0"}
			}
		},
		{
			"from": [4, 0, 14],
			"to": [12, 1, 15],
			"rotation": {"angle": 0, "axis": "y", "origin": [10, 8, 22]},
			"faces": {
				"north": {"uv": [8.25, 5.75, 10.25, 6], "texture": "#0"},
				"east": {"uv": [8, 5.75, 8.25, 6], "texture": "#0"},
				"south": {"uv": [10.5, 5.75, 12.5, 6], "texture": "#0"},
				"west": {"uv": [10.25, 5.75, 10.5, 6], "texture": "#0"},
				"up": {"uv": [10.25, 5.75, 8.25, 5.5], "texture": "#0"},
				"down": {"uv": [12.25, 5.5, 10.25, 5.75], "texture": "#0"}
			}
		},
		{
			"from": [1, 0, 4],
			"to": [2, 1, 12],
			"rotation": {"angle": 0, "axis": "y", "origin": [-2, 8, 10]},
			"faces": {
				"north": {"uv": [10.5, 10.5, 10.75, 10.75], "texture": "#0"},
				"east": {"uv": [8.5, 10.5, 10.5, 10.75], "texture": "#0"},
				"south": {"uv": [12.75, 10.5, 13, 10.75], "texture": "#0"},
				"west": {"uv": [10.75, 10.5, 12.75, 10.75], "texture": "#0"},
				"up": {"uv": [10.75, 10.5, 10.5, 8.5], "texture": "#0"},
				"down": {"uv": [11, 8.5, 10.75, 10.5], "texture": "#0"}
			}
		},
		{
			"from": [10, 0.75, 4.5],
			"to": [11, 1.75, 11.5],
			"rotation": {"angle": -45, "axis": "z", "origin": [7, 8.75, 10]},
			"faces": {
				"north": {"uv": [1.75, 10.5, 2, 10.75], "texture": "#0"},
				"east": {"uv": [0, 10.5, 1.75, 10.75], "texture": "#0"},
				"south": {"uv": [3.75, 10.5, 4, 10.75], "texture": "#0"},
				"west": {"uv": [2, 10.5, 3.75, 10.75], "texture": "#0"},
				"up": {"uv": [2, 10.5, 1.75, 8.75], "texture": "#0"},
				"down": {"uv": [2.25, 8.75, 2, 10.5], "texture": "#0"}
			}
		},
		{
			"from": [5, 0.75, 4.5],
			"to": [6, 1.75, 11.5],
			"rotation": {"angle": 45, "axis": "z", "origin": [9, 8.75, 10]},
			"faces": {
				"north": {"uv": [7.75, 5, 8, 5.25], "texture": "#0"},
				"east": {"uv": [6, 5, 7.75, 5.25], "texture": "#0"},
				"south": {"uv": [9.75, 5, 10, 5.25], "texture": "#0"},
				"west": {"uv": [8, 5, 9.75, 5.25], "texture": "#0"},
				"up": {"uv": [8, 5, 7.75, 3.25], "texture": "#0"},
				"down": {"uv": [8.25, 3.25, 8, 5], "texture": "#0"}
			}
		},
		{
			"from": [14, 0, 4],
			"to": [15, 1, 12],
			"rotation": {"angle": 0, "axis": "y", "origin": [11, 8, 10]},
			"faces": {
				"north": {"uv": [10, 5.25, 10.25, 5.5], "texture": "#0"},
				"east": {"uv": [8, 5.25, 10, 5.5], "texture": "#0"},
				"south": {"uv": [12.25, 5.25, 12.5, 5.5], "texture": "#0"},
				"west": {"uv": [10.25, 5.25, 12.25, 5.5], "texture": "#0"},
				"up": {"uv": [10.25, 5.25, 10, 3.25], "texture": "#0"},
				"down": {"uv": [10.5, 3.25, 10.25, 5.25], "texture": "#0"}
			}
		}
	],
	"display": {
		"gui": {
			"rotation": [0, -143.25, 0],
			"translation": [0, 0.75, 0]
		},
		"head": {
			"rotation": [12.5, 0, 0],
			"translation": [0, 14.25, 2],
			"scale": [2, 1.5, 2]
		}
	},
	"groups": [
		{
			"name": "main",
			"origin": [8, 8, 8],
			"children": [0, 1, 2, 3, 4, 5, 6, 7, 8, 9, 10, 11, 12, 13]
		}
	]
}