{
	"textures": {
		"0": "item/crates/toystory21_crate/alien_plushie"
	},
	"elements": [
		{
			"from": [4.5, 7, 7],
			"to": [11.5, 12, 12],
			"rotation": {"angle": 0, "axis": "y", "origin": [0.5, 0, 0]},
			"faces": {
				"north": {"uv": [0, 0, 1.75, 1.25], "texture": "#0"},
				"east": {"uv": [3, 3, 4.25, 4.25], "texture": "#0"},
				"south": {"uv": [0, 1.5, 1.75, 2.75], "texture": "#0"},
				"west": {"uv": [4, 0, 5.25, 1.25], "texture": "#0"},
				"up": {"uv": [3.75, 1.25, 2, 0], "texture": "#0"},
				"down": {"uv": [3.75, 1.5, 2, 2.75], "texture": "#0"}
			}
		},
		{
			"from": [5.5, 1, 8],
			"to": [10.5, 7, 11],
			"rotation": {"angle": 0, "axis": "y", "origin": [0.5, 0, 0]},
			"faces": {
				"north": {"uv": [0, 3, 1.25, 4.5], "texture": "#0"},
				"east": {"uv": [3, 4.5, 3.75, 6], "texture": "#0"},
				"south": {"uv": [1.5, 3, 2.75, 4.5], "texture": "#0"},
				"west": {"uv": [4, 4.5, 4.75, 6], "texture": "#0"},
				"up": {"uv": [6.25, 5.75, 5, 5], "texture": "#0"},
				"down": {"uv": [6.75, 0, 5.5, 0.75], "texture": "#0"}
			}
		},
		{
			"from": [5, 3, 7.5],
			"to": [11, 6, 11.5],
			"rotation": {"angle": 0, "axis": "y", "origin": [0.5, 0, 0]},
			"faces": {
				"north": {"uv": [0, 4.75, 1.5, 5.5], "texture": "#0"},
				"east": {"uv": [1.75, 4.75, 2.75, 5.5], "texture": "#0"},
				"south": {"uv": [5, 4, 6.5, 4.75], "texture": "#0"},
				"west": {"uv": [0, 5.75, 1, 6.5], "texture": "#0"},
				"up": {"uv": [5.5, 2.5, 4, 1.5], "texture": "#0"},
				"down": {"uv": [6, 2.75, 4.5, 3.75], "texture": "#0"}
			}
		},
		{
			"from": [8.25, 0, 8],
			"to": [11.25, 1, 11],
			"rotation": {"angle": 22.5, "axis": "y", "origin": [9.5, 0.5, 9]},
			"faces": {
				"north": {"uv": [7, 6.5, 7.75, 6.75], "texture": "#0"},
				"east": {"uv": [7.25, 7, 8, 7.25], "texture": "#0"},
				"south": {"uv": [0, 7.5, 0.75, 7.75], "texture": "#0"},
				"west": {"uv": [1, 7.5, 1.75, 7.75], "texture": "#0"},
				"up": {"uv": [6.5, 1.75, 5.75, 1], "texture": "#0"},
				"down": {"uv": [2, 5.75, 1.25, 6.5], "texture": "#0"}
			}
		},
		{
			"from": [4.75, 0, 8],
			"to": [7.75, 1, 11],
			"rotation": {"angle": -22.5, "axis": "y", "origin": [6.5, 0.5, 9]},
			"faces": {
				"north": {"uv": [7.5, 1.75, 8.25, 2], "texture": "#0"},
				"east": {"uv": [7.5, 3.25, 8.25, 3.5], "texture": "#0"},
				"south": {"uv": [7.5, 3.75, 8.25, 4], "texture": "#0"},
				"west": {"uv": [7.5, 4.25, 8.25, 4.5], "texture": "#0"},
				"up": {"uv": [5.75, 6.75, 5, 6], "texture": "#0"},
				"down": {"uv": [6.75, 6, 6, 6.75], "texture": "#0"}
			}
		},
		{
			"from": [11.5, 8.25, 9.5],
			"to": [12.5, 10.25, 10.5],
			"rotation": {"angle": -22.5, "axis": "y", "origin": [12.5, 9.5, 9.5]},
			"faces": {
				"north": {"uv": [2, 7.75, 2.25, 8.25], "texture": "#0"},
				"east": {"uv": [2.5, 7.75, 2.75, 8.25], "texture": "#0"},
				"south": {"uv": [3, 7.75, 3.25, 8.25], "texture": "#0"},
				"west": {"uv": [3.5, 7.75, 3.75, 8.25], "texture": "#0"},
				"up": {"uv": [1.75, 8.75, 1.5, 8.5], "texture": "#0"},
				"down": {"uv": [8.75, 1.5, 8.5, 1.75], "texture": "#0"}
			}
		},
		{
			"from": [3.5, 8.25, 9.5],
			"to": [4.5, 10.25, 10.5],
			"rotation": {"angle": 22.5, "axis": "y", "origin": [3.5, 9.5, 9.5]},
			"faces": {
				"north": {"uv": [2.25, 7.75, 2, 8.25], "texture": "#0"},
				"east": {"uv": [3.75, 7.75, 3.5, 8.25], "texture": "#0"},
				"south": {"uv": [3.25, 7.75, 3, 8.25], "texture": "#0"},
				"west": {"uv": [2.75, 7.75, 2.5, 8.25], "texture": "#0"},
				"up": {"uv": [1.5, 8.75, 1.75, 8.5], "texture": "#0"},
				"down": {"uv": [8.5, 1.5, 8.75, 1.75], "texture": "#0"}
			}
		},
		{
			"from": [12.5, 8.75, 9.75],
			"to": [13.5, 10.75, 10.75],
			"rotation": {"angle": -22.5, "axis": "y", "origin": [12.5, 9.5, 9.5]},
			"faces": {
				"north": {"uv": [8.25, 0, 8.5, 0.5], "texture": "#0"},
				"east": {"uv": [8.25, 0.75, 8.5, 1.25], "texture": "#0"},
				"south": {"uv": [5, 8.25, 5.25, 8.75], "texture": "#0"},
				"west": {"uv": [5.5, 8.25, 5.75, 8.75], "texture": "#0"},
				"up": {"uv": [3.75, 8.75, 3.5, 8.5], "texture": "#0"},
				"down": {"uv": [8.75, 3.75, 8.5, 4], "texture": "#0"}
			}
		},
		{
			"from": [2.5, 8.75, 9.75],
			"to": [3.5, 10.75, 10.75],
			"rotation": {"angle": 22.5, "axis": "y", "origin": [3.5, 9.5, 9.5]},
			"faces": {
				"north": {"uv": [8.5, 0, 8.25, 0.5], "texture": "#0"},
				"east": {"uv": [5.75, 8.25, 5.5, 8.75], "texture": "#0"},
				"south": {"uv": [5.25, 8.25, 5, 8.75], "texture": "#0"},
				"west": {"uv": [8.5, 0.75, 8.25, 1.25], "texture": "#0"},
				"up": {"uv": [3.5, 8.75, 3.75, 8.5], "texture": "#0"},
				"down": {"uv": [8.5, 3.75, 8.75, 4], "texture": "#0"}
			}
		},
		{
			"from": [7.5, 12, 9],
			"to": [8.5, 14, 10],
			"rotation": {"angle": 0, "axis": "y", "origin": [0.5, 0, 0]},
			"faces": {
				"north": {"uv": [7.5, 4.75, 7.75, 5.25], "texture": "#0"},
				"east": {"uv": [7.25, 7.5, 7.5, 8], "texture": "#0"},
				"south": {"uv": [7.75, 0, 8, 0.5], "texture": "#0"},
				"west": {"uv": [7.75, 0.75, 8, 1.25], "texture": "#0"},
				"up": {"uv": [4.75, 4.25, 4.5, 4], "texture": "#0"},
				"down": {"uv": [6.5, 3.5, 6.25, 3.75], "texture": "#0"}
			}
		},
		{
			"from": [7, 13, 8.5],
			"to": [9, 15, 10.5],
			"rotation": {"angle": 0, "axis": "y", "origin": [0.5, 0, 0]},
			"faces": {
				"north": {"uv": [4.25, 6.25, 4.75, 6.75], "texture": "#0"},
				"east": {"uv": [6.75, 1.75, 7.25, 2.25], "texture": "#0"},
				"south": {"uv": [6.75, 3.5, 7.25, 4], "texture": "#0"},
				"west": {"uv": [6.75, 4.25, 7.25, 4.75], "texture": "#0"},
				"up": {"uv": [7.5, 0.5, 7, 0], "texture": "#0"},
				"down": {"uv": [2.5, 7, 2, 7.5], "texture": "#0"}
			}
		},
		{
			"from": [2.5, 3.5, 8.5],
			"to": [5.5, 5.5, 10.5],
			"rotation": {"angle": 22.5, "axis": "z", "origin": [3, 6, 9.5]},
			"faces": {
				"north": {"uv": [5.75, 2, 6.5, 2.5], "texture": "#0"},
				"east": {"uv": [2.75, 7, 3.25, 7.5], "texture": "#0"},
				"south": {"uv": [2.25, 6.25, 3, 6.75], "texture": "#0"},
				"west": {"uv": [3.5, 7, 4, 7.5], "texture": "#0"},
				"up": {"uv": [7, 3.25, 6.25, 2.75], "texture": "#0"},
				"down": {"uv": [4, 6.25, 3.25, 6.75], "texture": "#0"}
			}
		},
		{
			"from": [0.5, 3.25, 9],
			"to": [2.5, 5.25, 10],
			"rotation": {"angle": 22.5, "axis": "z", "origin": [3, 6, 9.5]},
			"faces": {
				"north": {"uv": [4.25, 7, 4.75, 7.5], "texture": "#0"},
				"east": {"uv": [4, 7.75, 4.25, 8.25], "texture": "#0"},
				"south": {"uv": [5, 7, 5.5, 7.5], "texture": "#0"},
				"west": {"uv": [4.5, 7.75, 4.75, 8.25], "texture": "#0"},
				"up": {"uv": [2.75, 6, 2.25, 5.75], "texture": "#0"},
				"down": {"uv": [5.5, 7.75, 5, 8], "texture": "#0"}
			}
		},
		{
			"from": [0.82089, 4.11628, 8.75],
			"to": [2.82089, 5.11628, 9.75],
			"rotation": {"angle": -22.5, "axis": "z", "origin": [2.57089, 3.11628, 9.5]},
			"faces": {
				"north": {"uv": [7.75, 5.5, 8.25, 5.75], "texture": "#0"},
				"east": {"uv": [2, 8.5, 2.25, 8.75], "texture": "#0"},
				"south": {"uv": [5.75, 7.75, 6.25, 8], "texture": "#0"},
				"west": {"uv": [2.5, 8.5, 2.75, 8.75], "texture": "#0"},
				"up": {"uv": [8.25, 6.25, 7.75, 6], "texture": "#0"},
				"down": {"uv": [7, 7.75, 6.5, 8], "texture": "#0"}
			}
		},
		{
			"from": [10.11836, 4.41865, 8.5],
			"to": [13.11836, 6.41865, 10.5],
			"rotation": {"angle": 22.5, "axis": "z", "origin": [10.5, 5.5, 9.5]},
			"faces": {
				"north": {"uv": [6.5, 2, 5.75, 2.5], "texture": "#0"},
				"east": {"uv": [4, 7, 3.5, 7.5], "texture": "#0"},
				"south": {"uv": [3, 6.25, 2.25, 6.75], "texture": "#0"},
				"west": {"uv": [3.25, 7, 2.75, 7.5], "texture": "#0"},
				"up": {"uv": [6.25, 3.25, 7, 2.75], "texture": "#0"},
				"down": {"uv": [3.25, 6.25, 4, 6.75], "texture": "#0"}
			}
		},
		{
			"from": [13.11836, 4.16865, 9],
			"to": [15.11836, 6.16865, 10],
			"rotation": {"angle": 22.5, "axis": "z", "origin": [10.5, 5.5, 9.5]},
			"faces": {
				"north": {"uv": [4.75, 7, 4.25, 7.5], "texture": "#0"},
				"east": {"uv": [4.75, 7.75, 4.5, 8.25], "texture": "#0"},
				"south": {"uv": [5.5, 7, 5, 7.5], "texture": "#0"},
				"west": {"uv": [4.25, 7.75, 4, 8.25], "texture": "#0"},
				"up": {"uv": [2.25, 6, 2.75, 5.75], "texture": "#0"},
				"down": {"uv": [5, 7.75, 5.5, 8], "texture": "#0"}
			}
		},
		{
			"from": [11.8232, 7.04393, 8.75],
			"to": [12.8232, 9.04393, 9.75],
			"rotation": {"angle": -22.5, "axis": "z", "origin": [10.5, 5.5, 9.5]},
			"faces": {
				"north": {"uv": [8.25, 5.5, 7.75, 5.75], "rotation": 90, "texture": "#0"},
				"east": {"uv": [6.5, 7.75, 7, 8], "rotation": 270, "texture": "#0"},
				"south": {"uv": [6.25, 7.75, 5.75, 8], "rotation": 270, "texture": "#0"},
				"west": {"uv": [7.75, 6.25, 8.25, 6], "rotation": 270, "texture": "#0"},
				"up": {"uv": [2.75, 8.5, 2.5, 8.75], "rotation": 270, "texture": "#0"},
				"down": {"uv": [2.25, 8.5, 2, 8.75], "rotation": 270, "texture": "#0"}
			}
		}
	],
	"gui_light": "front",
	"display": {
		"thirdperson_righthand": {
			"rotation": [49, 0, 0],
			"translation": [0, 3.25, 1.25]
		},
		"thirdperson_lefthand": {
			"rotation": [63, 0, -13],
			"translation": [7.5, -0.75, 0]
		},
		"firstperson_righthand": {
			"rotation": [0, 115, 0],
			"translation": [5.75, 1.75, -3.25],
			"scale": [0.7, 0.7, 0.7]
		},
		"firstperson_lefthand": {
			"rotation": [0, 125, -15],
			"translation": [2.25, 2.5, -1],
			"scale": [0.7, 0.7, 0.7]
		},
		"ground": {
			"translation": [0, 0.5, 0],
			"scale": [0.55, 0.55, 0.55]
		},
		"gui": {
			"rotation": [30, -145, 0],
			"translation": [1, 0.5, 0]
		},
		"head": {
			"translation": [0, 20.5, -2.5],
			"scale": [1.81, 1.81, 1.81]
		},
		"fixed": {
			"translation": [0, 0, -4]
		}
	},
	"groups": [
		0,
		1,
		2,
		3,
		4,
		5,
		6,
		7,
		8,
		9,
		10,
		{
			"name": "group",
			"origin": [2.57089, 3.11628, 9.5],
			"color": 0,
			"boneType": "",
			"children": [11, 12, 13]
		},
		{
			"name": "group",
			"origin": [2.57089, 3.11628, 9.5],
			"color": 0,
			"boneType": "",
			"children": [14, 15, 16]
		}
	]
}