{"textures":{"layer0":"manamodels:entity/forky_pet"},"elements":[{"name":"head_0","from":[6.2,8.15,7.7],"to":[9.8,9.35,7.715],"rotation":{"angle":0,"axis":"z","origin":[8,8,8]},"faces":{"north":{"uv":[14.25,6.75,15.75,7.25],"texture":"#layer0","tintindex":0},"east":{"uv":[0,0,0,0.5],"texture":"#layer0","tintindex":0},"south":{"uv":[14,4.5,15.5,5],"texture":"#layer0","tintindex":0},"west":{"uv":[0,0,0,0.5],"texture":"#layer0","tintindex":0},"up":{"uv":[0,0,1.5,0],"texture":"#layer0","tintindex":0},"down":{"uv":[1.5,0,0,0],"texture":"#layer0","tintindex":0}}},{"name":"head_1","from":[6.2,9.73759,5.15205],"to":[9.8,12.13759,5.16705],"rotation":{"angle":22.5,"axis":"x","origin":[8,3.13759,5.45205]},"faces":{"north":{"uv":[14.25,0.5,15.75,1.5],"texture":"#layer0","tintindex":0},"east":{"uv":[0,0,0,1],"texture":"#layer0","tintindex":0},"south":{"uv":[14.25,2.25,15.75,3.25],"texture":"#layer0","tintindex":0},"west":{"uv":[0,0,0,1],"texture":"#layer0","tintindex":0},"up":{"uv":[0,0,1.5,0],"texture":"#layer0","tintindex":0},"down":{"uv":[1.5,0,0,0],"texture":"#layer0","tintindex":0}}},{"name":"head_2","from":[6.8,9.44134,7.4],"to":[9.2,10.64134,8],"rotation":{"angle":22.5,"axis":"x","origin":[8,9.44135,7.7]},"faces":{"north":{"uv":[4.5,2.5,5.5,3],"texture":"#layer0","tintindex":0},"east":{"uv":[3,6.75,3.25,7.25],"texture":"#layer0","tintindex":0},"south":{"uv":[4,4.5,5,5],"texture":"#layer0","tintindex":0},"west":{"uv":[4,7.5,4.25,8],"texture":"#layer0","tintindex":0},"up":{"uv":[4.5,6.25,3.5,6],"texture":"#layer0","tintindex":0},"down":{"uv":[0,6.25,1,6.5],"texture":"#layer0","tintindex":0}}},{"name":"head_3","from":[6.8,8.35615,7.42284],"to":[9.2,9.55615,8.02284],"rotation":{"angle":0,"axis":"z","origin":[8,8,8]},"faces":{"north":{"uv":[5.25,0,6.25,0.5],"texture":"#layer0","tintindex":0},"east":{"uv":[7.5,7.5,7.75,8],"texture":"#layer0","tintindex":0},"south":{"uv":[5.25,0.75,6.25,1.25],"texture":"#layer0","tintindex":0},"west":{"uv":[0,7.75,0.25,8.25],"texture":"#layer0","tintindex":0},"up":{"uv":[7,6.5,6,6.25],"texture":"#layer0","tintindex":0},"down":{"uv":[6.5,0,7.5,0.25],"texture":"#layer0","tintindex":0}}},{"name":"head_4","from":[6.86,7.99615,7.36284],"to":[9.26,9.19615,7.36284],"rotation":{"angle":0,"axis":"z","origin":[8,8,8]},"faces":{"north":{"uv":[5.25,1.5,6.25,2],"texture":"#layer0","tintindex":0},"east":{"uv":[2.25,3.5,2.25,4],"texture":"#layer0","tintindex":0},"south":{"uv":[5.25,3.25,6.25,3.75],"texture":"#layer0","tintindex":0},"west":{"uv":[2.25,4.25,2.25,4.75],"texture":"#layer0","tintindex":0},"up":{"uv":[9.25,7.25,8.25,7.25],"texture":"#layer0","tintindex":0},"down":{"uv":[8.5,0,9.5,0],"texture":"#layer0","tintindex":0}}},{"name":"head_5","from":[6.695,8.79115,6.88284],"to":[9.095,10.59115,6.88284],"rotation":{"angle":22.5,"axis":"x","origin":[7.85,8.20615,7.78284]},"faces":{"north":{"uv":[3.25,2.5,4.25,3.25],"texture":"#layer0","tintindex":0},"east":{"uv":[0.25,8.5,0.25,9.25],"texture":"#layer0","tintindex":0},"south":{"uv":[0,3.5,1,4.25],"texture":"#layer0","tintindex":0},"west":{"uv":[8.5,0.25,8.5,1],"texture":"#layer0","tintindex":0},"up":{"uv":[9.5,1.25,8.5,1.25],"texture":"#layer0","tintindex":0},"down":{"uv":[8.5,1.5,9.5,1.5],"texture":"#layer0","tintindex":0}}},{"name":"head_6","from":[6.635,8.71615,6.86784],"to":[9.035,10.51615,6.86784],"rotation":{"angle":22.5,"axis":"x","origin":[7.85,8.20615,7.78284]},"faces":{"north":{"uv":[8.75,0.25,9.75,1],"texture":"#layer0","tintindex":0},"east":{"uv":[0.25,8.5,0.25,9.25],"texture":"#layer0","tintindex":0},"south":{"uv":[0,3.5,1,4.25],"texture":"#layer0","tintindex":0},"west":{"uv":[8.5,0.25,8.5,1],"texture":"#layer0","tintindex":0},"up":{"uv":[9.5,1.25,8.5,1.25],"texture":"#layer0","tintindex":0},"down":{"uv":[8.5,1.5,9.5,1.5],"texture":"#layer0","tintindex":0}}},{"name":"head_7","from":[6.8,7.87095,7.4],"to":[9.2,8.47095,8],"rotation":{"angle":-22.5,"axis":"x","origin":[8,8.47095,7.7]},"faces":{"north":{"uv":[1.25,6.25,2.25,6.5],"texture":"#layer0","tintindex":0},"east":{"uv":[7,7.75,7.25,8],"texture":"#layer0","tintindex":0},"south":{"uv":[4.75,6.25,5.75,6.5],"texture":"#layer0","tintindex":0},"west":{"uv":[8,2,8.25,2.25],"texture":"#layer0","tintindex":0},"up":{"uv":[7.25,5.25,6.25,5],"texture":"#layer0","tintindex":0},"down":{"uv":[6.25,5.5,7.25,5.75],"texture":"#layer0","tintindex":0}}},{"name":"head_8","from":[8.15,10.59567,7.62961],"to":[8.75,11.19567,8.22961],"rotation":{"angle":22.5,"axis":"x","origin":[8.3,9.99567,7.92961]},"faces":{"north":{"uv":[1.25,7.75,1.5,8],"texture":"#layer0","tintindex":0},"east":{"uv":[1.75,7.75,2,8],"texture":"#layer0","tintindex":0},"south":{"uv":[2.25,7.75,2.5,8],"texture":"#layer0","tintindex":0},"west":{"uv":[4.5,7.75,4.75,8],"texture":"#layer0","tintindex":0},"up":{"uv":[5.25,8,5,7.75],"texture":"#layer0","tintindex":0},"down":{"uv":[5.5,7.75,5.75,8],"texture":"#layer0","tintindex":0}}},{"name":"head_9","from":[7.25,10.59567,7.62961],"to":[7.85,11.19567,8.22961],"rotation":{"angle":22.5,"axis":"x","origin":[8.3,9.99567,7.92961]},"faces":{"north":{"uv":[8,8,8.25,8.25],"texture":"#layer0","tintindex":0},"east":{"uv":[0.5,8.25,0.75,8.5],"texture":"#layer0","tintindex":0},"south":{"uv":[1,8.25,1.25,8.5],"texture":"#layer0","tintindex":0},"west":{"uv":[1.5,8.25,1.75,8.5],"texture":"#layer0","tintindex":0},"up":{"uv":[2.25,8.5,2,8.25],"texture":"#layer0","tintindex":0},"down":{"uv":[3.75,8.25,4,8.5],"texture":"#layer0","tintindex":0}}}],"gui_light":"front","display":{"gui":{"rotation":[35,-160,0],"translation":[0,-5.25,0],"scale":[4,4,4]},"head":{"translation":[0,-6.4,0],"scale":[3.8095,3.8095,3.8095]}}}