{
	"textures": {
		"0": "item/crates/toystory21_crate/penguin_plushie"
	},
	"elements": [
		{
			"from": [6, 1, 6],
			"to": [10, 11, 10],
			"faces": {
				"north": {"uv": [0, 0, 1, 2.5], "texture": "#0"},
				"east": {"uv": [1.25, 0, 2.25, 2.5], "texture": "#0"},
				"south": {"uv": [2.5, 0, 3.5, 2.5], "texture": "#0"},
				"west": {"uv": [0, 2.75, 1, 5.25], "texture": "#0"},
				"up": {"uv": [5.75, 4, 4.75, 3], "texture": "#0"},
				"down": {"uv": [5.75, 4.25, 4.75, 5.25], "texture": "#0"}
			}
		},
		{
			"from": [6, 0, 6],
			"to": [8, 1, 10],
			"rotation": {"angle": 22.5, "axis": "y", "origin": [6.5, 0.5, 8]},
			"faces": {
				"north": {"uv": [4.75, 6.75, 5.25, 7], "texture": "#0"},
				"east": {"uv": [6.5, 0.75, 7.5, 1], "texture": "#0"},
				"south": {"uv": [5.5, 6.75, 6, 7], "texture": "#0"},
				"west": {"uv": [6.5, 1.25, 7.5, 1.5], "texture": "#0"},
				"up": {"uv": [6.25, 6.5, 5.75, 5.5], "texture": "#0"},
				"down": {"uv": [1.5, 6, 1, 7], "texture": "#0"}
			}
		},
		{
			"from": [8, 0, 6],
			"to": [10, 1, 10],
			"rotation": {"angle": -22.5, "axis": "y", "origin": [9.5, 0.5, 8]},
			"faces": {
				"north": {"uv": [6.25, 6.75, 6.75, 7], "texture": "#0"},
				"east": {"uv": [6.5, 1.75, 7.5, 2], "texture": "#0"},
				"south": {"uv": [7, 6.75, 7.5, 7], "texture": "#0"},
				"west": {"uv": [6.5, 2.25, 7.5, 2.5], "texture": "#0"},
				"up": {"uv": [2.25, 7, 1.75, 6], "texture": "#0"},
				"down": {"uv": [3, 6, 2.5, 7], "texture": "#0"}
			}
		},
		{
			"from": [7, 6.25, 5],
			"to": [9, 8.25, 7],
			"rotation": {"angle": -45, "axis": "x", "origin": [8, 7.25, 6]},
			"faces": {
				"north": {"uv": [6, 3, 6.5, 3.5], "texture": "#0"},
				"east": {"uv": [3.25, 6, 3.75, 6.5], "texture": "#0"},
				"south": {"uv": [6, 3.75, 6.5, 4.25], "texture": "#0"},
				"west": {"uv": [4, 6, 4.5, 6.5], "texture": "#0"},
				"up": {"uv": [6.5, 5, 6, 4.5], "texture": "#0"},
				"down": {"uv": [7, 0, 6.5, 0.5], "texture": "#0"}
			}
		},
		{
			"from": [5, 2, 5],
			"to": [11, 7, 11],
			"faces": {
				"north": {"uv": [3.75, 0, 5.25, 1.25], "texture": "#0"},
				"east": {"uv": [1.25, 4.5, 2.75, 5.75], "texture": "#0"},
				"south": {"uv": [3, 4.5, 4.5, 5.75], "texture": "#0"},
				"west": {"uv": [4.75, 1.5, 6.25, 2.75], "texture": "#0"},
				"up": {"uv": [2.75, 4.25, 1.25, 2.75], "texture": "#0"},
				"down": {"uv": [4.5, 2.75, 3, 4.25], "texture": "#0"}
			}
		},
		{
			"from": [2, 3, 8],
			"to": [5, 7, 8],
			"rotation": {"angle": 0, "axis": "y", "origin": [-2, 0, 0]},
			"faces": {
				"north": {"uv": [3.75, 1.5, 4.5, 2.5], "texture": "#0"},
				"east": {"uv": [0.5, 7.5, 0.5, 8.5], "texture": "#0"},
				"south": {"uv": [0, 5.5, 0.75, 6.5], "texture": "#0"},
				"west": {"uv": [4.25, 7.5, 4.25, 8.5], "texture": "#0"},
				"up": {"uv": [6.25, 1.25, 5.5, 1.25], "texture": "#0"},
				"down": {"uv": [8, 6.5, 7.25, 6.5], "texture": "#0"}
			}
		},
		{
			"from": [3, 4, 7.5],
			"to": [5, 6, 8.5],
			"rotation": {"angle": 0, "axis": "y", "origin": [-2, 0, 0.5]},
			"faces": {
				"north": {"uv": [6.5, 5.25, 7, 5.75], "texture": "#0"},
				"east": {"uv": [7.25, 0, 7.5, 0.5], "texture": "#0"},
				"south": {"uv": [6.5, 6, 7, 6.5], "texture": "#0"},
				"west": {"uv": [0.75, 7.25, 1, 7.75], "texture": "#0"},
				"up": {"uv": [1.75, 7.5, 1.25, 7.25], "texture": "#0"},
				"down": {"uv": [2.5, 7.25, 2, 7.5], "texture": "#0"}
			}
		},
		{
			"from": [9.5, 3.75, 8],
			"to": [13.5, 7.75, 8],
			"rotation": {"angle": 45, "axis": "z", "origin": [10.5, 6.25, 8.5]},
			"faces": {
				"north": {"uv": [8.25, 0.125, 9.25, 1.125], "texture": "#0"},
				"east": {"uv": [4.5, 7.5, 4.5, 8.5], "texture": "#0"},
				"south": {"uv": [8.25, 1.75, 9.25, 2.75], "texture": "#0"},
				"west": {"uv": [7.5, 7.25, 7.5, 8.25], "texture": "#0"},
				"up": {"uv": [8.25, 4.25, 7.5, 4.25], "texture": "#0"},
				"down": {"uv": [8.25, 4.5, 7.5, 4.5], "texture": "#0"}
			}
		},
		{
			"from": [10.5, 4.75, 7.5],
			"to": [12.5, 6.75, 8.5],
			"rotation": {"angle": 45, "axis": "z", "origin": [10.5, 6.25, 8.5]},
			"faces": {
				"north": {"uv": [0, 6.75, 0.5, 7.25], "texture": "#0"},
				"east": {"uv": [2.75, 7.25, 3, 7.75], "texture": "#0"},
				"south": {"uv": [6.75, 2.75, 7.25, 3.25], "texture": "#0"},
				"west": {"uv": [4.75, 7.25, 5, 7.75], "texture": "#0"},
				"up": {"uv": [7.75, 5.25, 7.25, 5], "texture": "#0"},
				"down": {"uv": [5.75, 7.25, 5.25, 7.5], "texture": "#0"}
			}
		},
		{
			"from": [5.5, 3.5, 4.5],
			"to": [7.5, 5.5, 4.5],
			"rotation": {"angle": 22.5, "axis": "z", "origin": [7, 5, 4]},
			"faces": {
				"north": {"uv": [4, 6.75, 4.5, 7.25], "texture": "#0"},
				"east": {"uv": [7.75, 1.5, 7.75, 2], "texture": "#0"},
				"south": {"uv": [6.75, 4.25, 7.25, 4.75], "texture": "#0"},
				"west": {"uv": [2, 7.75, 2, 8.25], "texture": "#0"},
				"up": {"uv": [8.25, 2.25, 7.75, 2.25], "texture": "#0"},
				"down": {"uv": [8.25, 2.5, 7.75, 2.5], "texture": "#0"}
			}
		},
		{
			"from": [8.5, 3.5, 4.5],
			"to": [10.5, 5.5, 4.5],
			"rotation": {"angle": -22.5, "axis": "z", "origin": [9, 5, 4]},
			"faces": {
				"north": {"uv": [3.25, 6.75, 3.75, 7.25], "texture": "#0"},
				"east": {"uv": [7.75, 0, 7.75, 0.5], "texture": "#0"},
				"south": {"uv": [6.75, 3.5, 7.25, 4], "texture": "#0"},
				"west": {"uv": [7.75, 0.75, 7.75, 1.25], "texture": "#0"},
				"up": {"uv": [8, 4.75, 7.5, 4.75], "texture": "#0"},
				"down": {"uv": [1.75, 7.75, 1.25, 7.75], "texture": "#0"}
			}
		},
		{
			"from": [7.5, 4.5, 4],
			"to": [8.5, 5.5, 5],
			"rotation": {"angle": 0, "axis": "y", "origin": [-0.5, 0.5, -1]},
			"faces": {
				"north": {"uv": [0, 7.5, 0.25, 7.75], "texture": "#0"},
				"east": {"uv": [7.5, 2.75, 7.75, 3], "texture": "#0"},
				"south": {"uv": [3.25, 7.5, 3.5, 7.75], "texture": "#0"},
				"west": {"uv": [7.5, 3.25, 7.75, 3.5], "texture": "#0"},
				"up": {"uv": [4, 7.75, 3.75, 7.5], "texture": "#0"},
				"down": {"uv": [7.75, 3.75, 7.5, 4], "texture": "#0"}
			}
		},
		{
			"from": [5.75, 9.25, 5.75],
			"to": [7.75, 10.25, 5.75],
			"rotation": {"angle": 0, "axis": "z", "origin": [6.75, 9.25, 5.75]},
			"faces": {
				"north": {"uv": [7.25, 5.5, 7.75, 5.75], "texture": "#0"},
				"east": {"uv": [1, 5.5, 1, 5.75], "texture": "#0"},
				"south": {"uv": [6, 7.25, 6.5, 7.5], "texture": "#0"},
				"west": {"uv": [0.75, 6.75, 0.75, 7], "texture": "#0"},
				"up": {"uv": [5.75, 7.75, 5.25, 7.75], "texture": "#0"},
				"down": {"uv": [6.5, 7.75, 6, 7.75], "texture": "#0"}
			}
		},
		{
			"from": [8, 9.75, 5.75],
			"to": [10, 10.75, 5.75],
			"rotation": {"angle": -22.5, "axis": "z", "origin": [9, 9.75, 5.75]},
			"faces": {
				"north": {"uv": [7.25, 6, 7.75, 6.25], "texture": "#0"},
				"east": {"uv": [2.25, 7.75, 2.25, 8], "texture": "#0"},
				"south": {"uv": [6.75, 7.25, 7.25, 7.5], "texture": "#0"},
				"west": {"uv": [2.5, 7.75, 2.5, 8], "texture": "#0"},
				"up": {"uv": [7.25, 7.75, 6.75, 7.75], "texture": "#0"},
				"down": {"uv": [8.25, 6.75, 7.75, 6.75], "texture": "#0"}
			}
		}
	],
	"gui_light": "front",
	"display": {
		"thirdperson_righthand": {
			"rotation": [52, 0, 0],
			"translation": [0, 2.75, 2]
		},
		"thirdperson_lefthand": {
			"rotation": [61.25, 4, -14],
			"translation": [6, -1.5, 0.75]
		},
		"firstperson_righthand": {
			"rotation": [0, 128, 0],
			"translation": [3, 5.25, 0],
			"scale": [0.7, 0.7, 0.7]
		},
		"firstperson_lefthand": {
			"rotation": [0, 121, 12],
			"translation": [2, 4.75, 1],
			"scale": [0.7, 0.7, 0.7]
		},
		"ground": {
			"translation": [0, 0.5, 0],
			"scale": [0.55, 0.55, 0.55]
		},
		"gui": {
			"rotation": [30, -145, 0],
			"translation": [0, 2.75, 0],
			"scale": [1.25, 1.25, 1.25]
		},
		"head": {
			"translation": [0, 14.25, 0]
		},
		"fixed": {
			"translation": [0, 3.5, -3.5],
			"scale": [1.4, 1.4, 1.4]
		}
	},
	"groups": [
		0,
		1,
		2,
		3,
		4,
		{
			"name": "group",
			"origin": [-2, 0, 0],
			"color": 0,
			"boneType": "",
			"children": [5, 6]
		},
		{
			"name": "group",
			"origin": [-2, 0, 0],
			"color": 0,
			"boneType": "",
			"children": [7, 8]
		},
		{
			"name": "group",
			"origin": [-0.5, 0, -1],
			"color": 0,
			"boneType": "",
			"children": [9, 10, 11]
		},
		{
			"name": "group",
			"origin": [8.75, 9.75, 5.75],
			"color": 0,
			"boneType": "",
			"children": [12, 13]
		}
	]
}