{"textures":{"layer0":"manamodels:entity/slinky_dog"},"elements":[{"name":"head_0","from":[6.8,7.7,6.71],"to":[9.2,10.1,9.11],"rotation":{"angle":0,"axis":"z","origin":[8,8,8]},"faces":{"north":{"uv":[7.75,6.75,8.75,7.75],"texture":"#layer0","tintindex":0},"east":{"uv":[0,8,1,9],"texture":"#layer0","tintindex":0},"south":{"uv":[1.25,8,2.25,9],"texture":"#layer0","tintindex":0},"west":{"uv":[8,2.5,9,3.5],"texture":"#layer0","tintindex":0},"up":{"uv":[9,6.25,8,5.25],"texture":"#layer0","tintindex":0},"down":{"uv":[7.75,8,8.75,9],"texture":"#layer0","tintindex":0}}},{"name":"head_1","from":[6.47849,7.43668,6.71],"to":[6.47849,9.83668,9.11],"rotation":{"angle":-22.5,"axis":"z","origin":[7.67849,9.08668,7.61]},"faces":{"north":{"uv":[2.5,12.25,2.5,13.25],"texture":"#layer0","tintindex":0},"east":{"uv":[8.25,0,9.25,1],"texture":"#layer0","tintindex":0},"south":{"uv":[5.25,12.25,5.25,13.25],"texture":"#layer0","tintindex":0},"west":{"uv":[8.25,1.25,9.25,2.25],"texture":"#layer0","tintindex":0},"up":{"uv":[9.75,13.25,9.75,12.25],"texture":"#layer0","tintindex":0},"down":{"uv":[12.25,9.75,12.25,10.75],"texture":"#layer0","tintindex":0}}},{"name":"head_2","from":[9.52151,7.43668,6.71],"to":[9.52151,9.83668,9.11],"rotation":{"angle":22.5,"axis":"z","origin":[8.32151,9.08668,7.61]},"faces":{"north":{"uv":[2.5,12.25,2.5,13.25],"texture":"#layer0","tintindex":0},"east":{"uv":[9.25,1.25,8.25,2.25],"texture":"#layer0","tintindex":0},"south":{"uv":[5.25,12.25,5.25,13.25],"texture":"#layer0","tintindex":0},"west":{"uv":[9.25,0,8.25,1],"texture":"#layer0","tintindex":0},"up":{"uv":[9.75,13.25,9.75,12.25],"texture":"#layer0","tintindex":0},"down":{"uv":[12.25,9.75,12.25,10.75],"texture":"#layer0","tintindex":0}}},{"name":"head_3","from":[5.93781,5.0215,6.71],"to":[5.93781,8.0215,9.11],"rotation":{"angle":0,"axis":"z","origin":[8,8,8]},"faces":{"north":{"uv":[10.75,12.25,10.75,13.5],"texture":"#layer0","tintindex":0},"east":{"uv":[1.25,6.5,2.25,7.75],"texture":"#layer0","tintindex":0},"south":{"uv":[11,12.25,11,13.5],"texture":"#layer0","tintindex":0},"west":{"uv":[6.75,2.5,7.75,3.75],"texture":"#layer0","tintindex":0},"up":{"uv":[11.25,13.25,11.25,12.25],"texture":"#layer0","tintindex":0},"down":{"uv":[11.5,12.25,11.5,13.25],"texture":"#layer0","tintindex":0}}},{"name":"head_4","from":[10.06219,5.0215,6.71],"to":[10.06219,8.0215,9.11],"rotation":{"angle":0,"axis":"z","origin":[8,8,8]},"faces":{"north":{"uv":[10.75,12.25,10.75,13.5],"texture":"#layer0","tintindex":0},"east":{"uv":[7.75,2.5,6.75,3.75],"texture":"#layer0","tintindex":0},"south":{"uv":[11,12.25,11,13.5],"texture":"#layer0","tintindex":0},"west":{"uv":[2.25,6.5,1.25,7.75],"texture":"#layer0","tintindex":0},"up":{"uv":[11.25,13.25,11.25,12.25],"texture":"#layer0","tintindex":0},"down":{"uv":[11.5,12.25,11.5,13.25],"texture":"#layer0","tintindex":0}}},{"name":"head_5","from":[7.1,8.3,4.91],"to":[8.9,8.9,6.71],"rotation":{"angle":0,"axis":"z","origin":[8,8,8]},"faces":{"north":{"uv":[9.25,5.75,10,6],"texture":"#layer0","tintindex":0},"east":{"uv":[7.75,9.25,8.5,9.5],"texture":"#layer0","tintindex":0},"south":{"uv":[9.5,0,10.25,0.5],"texture":"#layer0","tintindex":0},"west":{"uv":[9.5,0.75,10.25,1],"texture":"#layer0","tintindex":0},"up":{"uv":[5.75,9,5,8.25],"texture":"#layer0","tintindex":0},"down":{"uv":[6,8.25,6.75,9],"texture":"#layer0","tintindex":0}}},{"name":"head_6","from":[8.15,9.13434,6.49839],"to":[9.05,10.03434,7.09839],"rotation":{"angle":0,"axis":"z","origin":[8,8,8]},"faces":{"north":{"uv":[13.75,5.5,14.125,5.875],"texture":"#layer0","tintindex":0},"east":{"uv":[14.5,5.5,14.75,5.875],"texture":"#layer0","tintindex":0},"south":{"uv":[14.25,9.75,14.625,10.125],"texture":"#layer0","tintindex":0},"west":{"uv":[14.75,4,15,4.375],"texture":"#layer0","tintindex":0},"up":{"uv":[15,7,15.375,7.25],"texture":"#layer0","tintindex":0},"down":{"uv":[14.625,8.25,14.25,8.5],"texture":"#layer0","tintindex":0}}},{"name":"head_7","from":[6.95,9.13434,6.49839],"to":[7.85,10.03434,7.09839],"rotation":{"angle":0,"axis":"z","origin":[8,8,8]},"faces":{"north":{"uv":[14.125,5.5,13.75,5.875],"texture":"#layer0","tintindex":0},"east":{"uv":[15,4,14.75,4.375],"texture":"#layer0","tintindex":0},"south":{"uv":[14.625,9.75,14.25,10.125],"texture":"#layer0","tintindex":0},"west":{"uv":[14.75,5.5,14.5,5.875],"texture":"#layer0","tintindex":0},"up":{"uv":[15.375,7,15,7.25],"texture":"#layer0","tintindex":0},"down":{"uv":[14.25,8.25,14.625,8.5],"texture":"#layer0","tintindex":0}}},{"name":"head_8","from":[8.15,9.73434,6.94839],"to":[9.35,10.33434,6.94839],"rotation":{"angle":0,"axis":"z","origin":[8,8,8]},"faces":{"north":{"uv":[12.75,10.5,13.25,10.75],"texture":"#layer0","tintindex":0},"east":{"uv":[0,0,0,0.25],"texture":"#layer0","tintindex":0},"south":{"uv":[13.5,11.5,14,11.75],"texture":"#layer0","tintindex":0},"west":{"uv":[0,0,0,0.25],"texture":"#layer0","tintindex":0},"up":{"uv":[0,0,0.5,0],"texture":"#layer0","tintindex":0},"down":{"uv":[0.5,0,0,0],"texture":"#layer0","tintindex":0}}},{"name":"head_9","from":[6.65,9.73434,6.94839],"to":[7.85,10.33434,6.94839],"rotation":{"angle":0,"axis":"z","origin":[8,8,8]},"faces":{"north":{"uv":[13.25,10.5,12.75,10.75],"texture":"#layer0","tintindex":0},"east":{"uv":[0,0,0,0.25],"texture":"#layer0","tintindex":0},"south":{"uv":[14,11.5,13.5,11.75],"texture":"#layer0","tintindex":0},"west":{"uv":[0,0,0,0.25],"texture":"#layer0","tintindex":0},"up":{"uv":[0.5,0,0,0],"texture":"#layer0","tintindex":0},"down":{"uv":[0,0,0.5,0],"texture":"#layer0","tintindex":0}}},{"name":"head_10","from":[8.15,9.365,6.485],"to":[8.75,9.965,6.485],"rotation":{"angle":0,"axis":"z","origin":[8,8,8]},"faces":{"north":{"uv":[12.25,12.75,12.5,13],"texture":"#layer0","tintindex":0},"east":{"uv":[0,0,0,0.25],"texture":"#layer0","tintindex":0},"south":{"uv":[0,0,0.25,0.25],"texture":"#layer0","tintindex":0},"west":{"uv":[0,0,0,0.25],"texture":"#layer0","tintindex":0},"up":{"uv":[0,0,0.25,0],"texture":"#layer0","tintindex":0},"down":{"uv":[0.25,0,0,0],"texture":"#layer0","tintindex":0}}},{"name":"head_11","from":[7.25,9.365,6.485],"to":[7.85,9.965,6.485],"rotation":{"angle":0,"axis":"z","origin":[8,8,8]},"faces":{"north":{"uv":[12.5,12.75,12.25,13],"texture":"#layer0","tintindex":0},"east":{"uv":[0,0,0,0.25],"texture":"#layer0","tintindex":0},"south":{"uv":[0.25,0,0,0.25],"texture":"#layer0","tintindex":0},"west":{"uv":[0,0,0,0.25],"texture":"#layer0","tintindex":0},"up":{"uv":[0.25,0,0,0],"texture":"#layer0","tintindex":0},"down":{"uv":[0,0,0.25,0],"texture":"#layer0","tintindex":0}}}],"display":{"gui":{"rotation":[18,-146,0],"translation":[-0.5,-0.25,0],"scale":[3,3,3]},"head":{"translation":[0,-6.4,0],"scale":[3.8095,3.8095,3.8095]}}}