{"textures":{"0":"item/crates/toystory21_crate/the_big_one","particle":"item/crates/toystory21_crate/the_big_one"},"elements":[{"name":"the_big_one_0","from":[13,0,0],"to":[16,1,3],"faces":{"north":{"uv":[16,0,13,1],"texture":"#0"},"east":{"uv":[15,0,16,3],"rotation":90,"texture":"#0"},"south":{"uv":[13,2,16,3],"texture":"#0"},"west":{"uv":[13,0,14,3],"rotation":270,"texture":"#0"},"up":{"uv":[13,0,16,3],"texture":"#0"},"down":{"uv":[13,3,16,0],"texture":"#0"}}},{"name":"the_big_one_1","from":[11,0,1],"to":[13,1,7],"faces":{"north":{"uv":[13,1,11,2],"texture":"#0"},"east":{"uv":[12,1,13,7],"rotation":90,"texture":"#0"},"south":{"uv":[11,6,13,7],"texture":"#0"},"west":{"uv":[11,1,12,7],"rotation":270,"texture":"#0"},"up":{"uv":[11,1,13,7],"texture":"#0"},"down":{"uv":[11,7,13,1],"texture":"#0"}}},{"name":"the_big_one_2","from":[10,0,2],"to":[11,1,9],"faces":{"north":{"uv":[11,2,10,3],"texture":"#0"},"east":{"uv":[10,2,11,9],"rotation":90,"texture":"#0"},"south":{"uv":[10,8,11,9],"texture":"#0"},"west":{"uv":[10,2,11,9],"rotation":270,"texture":"#0"},"up":{"uv":[10,2,11,9],"texture":"#0"},"down":{"uv":[10,9,11,2],"texture":"#0"}}},{"name":"the_big_one_3","from":[9,0,3],"to":[10,1,10],"faces":{"north":{"uv":[10,3,9,4],"texture":"#0"},"east":{"uv":[9,3,10,10],"rotation":90,"texture":"#0"},"south":{"uv":[9,9,10,10],"texture":"#0"},"west":{"uv":[9,3,10,10],"rotation":270,"texture":"#0"},"up":{"uv":[9,3,10,10],"texture":"#0"},"down":{"uv":[9,10,10,3],"texture":"#0"}}},{"name":"the_big_one_4","from":[13,0,3],"to":[15,1,5],"faces":{"north":{"uv":[15,3,13,4],"texture":"#0"},"east":{"uv":[14,3,15,5],"rotation":90,"texture":"#0"},"south":{"uv":[13,4,15,5],"texture":"#0"},"west":{"uv":[13,3,14,5],"rotation":270,"texture":"#0"},"up":{"uv":[13,3,15,5],"texture":"#0"},"down":{"uv":[13,5,15,3],"texture":"#0"}}},{"name":"the_big_one_5","from":[8,0,4],"to":[9,1,11],"faces":{"north":{"uv":[9,4,8,5],"texture":"#0"},"east":{"uv":[8,4,9,11],"rotation":90,"texture":"#0"},"south":{"uv":[8,10,9,11],"texture":"#0"},"west":{"uv":[8,4,9,11],"rotation":270,"texture":"#0"},"up":{"uv":[8,4,9,11],"texture":"#0"},"down":{"uv":[8,11,9,4],"texture":"#0"}}},{"name":"the_big_one_6","from":[7,0,5],"to":[8,1,12],"faces":{"north":{"uv":[8,5,7,6],"texture":"#0"},"east":{"uv":[7,5,8,12],"rotation":90,"texture":"#0"},"south":{"uv":[7,11,8,12],"texture":"#0"},"west":{"uv":[7,5,8,12],"rotation":270,"texture":"#0"},"up":{"uv":[7,5,8,12],"texture":"#0"},"down":{"uv":[7,12,8,5],"texture":"#0"}}},{"name":"the_big_one_7","from":[13,0,5],"to":[14,1,6],"faces":{"north":{"uv":[14,5,13,6],"texture":"#0"},"east":{"uv":[13,5,14,6],"rotation":90,"texture":"#0"},"south":{"uv":[13,5,14,6],"texture":"#0"},"west":{"uv":[13,5,14,6],"rotation":270,"texture":"#0"},"up":{"uv":[13,5,14,6],"texture":"#0"},"down":{"uv":[13,6,14,5],"texture":"#0"}}},{"name":"the_big_one_8","from":[6,0,6],"to":[7,1,16],"faces":{"north":{"uv":[7,6,6,7],"texture":"#0"},"east":{"uv":[6,6,7,16],"rotation":90,"texture":"#0"},"south":{"uv":[6,15,7,16],"texture":"#0"},"west":{"uv":[6,6,7,16],"rotation":270,"texture":"#0"},"up":{"uv":[6,6,7,16],"texture":"#0"},"down":{"uv":[6,16,7,6],"texture":"#0"}}},{"name":"the_big_one_9","from":[5,0,7],"to":[6,1,16],"faces":{"north":{"uv":[6,7,5,8],"texture":"#0"},"east":{"uv":[5,7,6,16],"rotation":90,"texture":"#0"},"south":{"uv":[5,15,6,16],"texture":"#0"},"west":{"uv":[5,7,6,16],"rotation":270,"texture":"#0"},"up":{"uv":[5,7,6,16],"texture":"#0"},"down":{"uv":[5,16,6,7],"texture":"#0"}}},{"name":"the_big_one_10","from":[11,0,7],"to":[12,1,8],"faces":{"north":{"uv":[12,7,11,8],"texture":"#0"},"east":{"uv":[11,7,12,8],"rotation":90,"texture":"#0"},"south":{"uv":[11,7,12,8],"texture":"#0"},"west":{"uv":[11,7,12,8],"rotation":270,"texture":"#0"},"up":{"uv":[11,7,12,8],"texture":"#0"},"down":{"uv":[11,8,12,7],"texture":"#0"}}},{"name":"the_big_one_11","from":[0,0,8],"to":[3,1,11],"faces":{"north":{"uv":[3,8,0,9],"texture":"#0"},"east":{"uv":[2,8,3,11],"rotation":90,"texture":"#0"},"south":{"uv":[0,10,3,11],"texture":"#0"},"west":{"uv":[0,8,1,11],"rotation":270,"texture":"#0"},"up":{"uv":[0,8,3,11],"texture":"#0"},"down":{"uv":[0,11,3,8],"texture":"#0"}}},{"name":"the_big_one_12","from":[4,0,8],"to":[5,1,15],"faces":{"north":{"uv":[5,8,4,9],"texture":"#0"},"east":{"uv":[4,8,5,15],"rotation":90,"texture":"#0"},"south":{"uv":[4,14,5,15],"texture":"#0"},"west":{"uv":[4,8,5,15],"rotation":270,"texture":"#0"},"up":{"uv":[4,8,5,15],"texture":"#0"},"down":{"uv":[4,15,5,8],"texture":"#0"}}},{"name":"the_big_one_13","from":[3,0,9],"to":[4,1,14],"faces":{"north":{"uv":[4,9,3,10],"texture":"#0"},"east":{"uv":[3,9,4,14],"rotation":90,"texture":"#0"},"south":{"uv":[3,13,4,14],"texture":"#0"},"west":{"uv":[3,9,4,14],"rotation":270,"texture":"#0"},"up":{"uv":[3,9,4,14],"texture":"#0"},"down":{"uv":[3,14,4,9],"texture":"#0"}}},{"name":"the_big_one_14","from":[1,0,11],"to":[3,1,12],"faces":{"north":{"uv":[3,11,1,12],"texture":"#0"},"east":{"uv":[2,11,3,12],"rotation":90,"texture":"#0"},"south":{"uv":[1,11,3,12],"texture":"#0"},"west":{"uv":[1,11,2,12],"rotation":270,"texture":"#0"},"up":{"uv":[1,11,3,12],"texture":"#0"},"down":{"uv":[1,12,3,11],"texture":"#0"}}},{"name":"the_big_one_15","from":[2,0,12],"to":[3,1,15],"faces":{"north":{"uv":[3,12,2,13],"texture":"#0"},"east":{"uv":[2,12,3,15],"rotation":90,"texture":"#0"},"south":{"uv":[2,14,3,15],"texture":"#0"},"west":{"uv":[2,12,3,15],"rotation":270,"texture":"#0"},"up":{"uv":[2,12,3,15],"texture":"#0"},"down":{"uv":[2,15,3,12],"texture":"#0"}}},{"name":"the_big_one_16","from":[1,0,13],"to":[2,1,15],"faces":{"north":{"uv":[2,13,1,14],"texture":"#0"},"east":{"uv":[1,13,2,15],"rotation":90,"texture":"#0"},"south":{"uv":[1,14,2,15],"texture":"#0"},"west":{"uv":[1,13,2,15],"rotation":270,"texture":"#0"},"up":{"uv":[1,13,2,15],"texture":"#0"},"down":{"uv":[1,15,2,13],"texture":"#0"}}},{"name":"the_big_one_17","from":[7,0,13],"to":[8,1,16],"faces":{"north":{"uv":[8,13,7,14],"texture":"#0"},"east":{"uv":[7,13,8,16],"rotation":90,"texture":"#0"},"south":{"uv":[7,15,8,16],"texture":"#0"},"west":{"uv":[7,13,8,16],"rotation":270,"texture":"#0"},"up":{"uv":[7,13,8,16],"texture":"#0"},"down":{"uv":[7,16,8,13],"texture":"#0"}}}],"gui_light":"front","display":{"thirdperson_righthand":{"rotation":[145,0,-90],"translation":[4.5,0,0],"scale":[0.6,0.6,0.6]},"thirdperson_lefthand":{"rotation":[145,0,90],"translation":[-4.5,0,0],"scale":[0.6,0.6,0.6]},"firstperson_righthand":{"rotation":[90,0,-99],"translation":[8.75,2.75,-4.25],"scale":[0.6,0.6,0.6]},"firstperson_lefthand":{"rotation":[90,0,76],"translation":[-2,3,-0.75],"scale":[0.6,0.6,0.6]},"ground":{"translation":[0,4.25,0],"scale":[0.6,0.6,0.6]},"gui":{"rotation":[90,0,0]},"head":{"translation":[0,15,0]},"fixed":{"rotation":[90,0,0],"translation":[0,0,6.75]}},"groups":[{"name":"the_big_one","origin":[8,8,8],"children":[0,1,2,3,4,5,6,7,8,9,10,11,12,13,14,15,16,17]}]}