{
	"textures": {
		"0": "item/crates/toystory21_crate/zurg_cloak"
	},
	"elements": [
		{
			"from": [4.2, 2.7, 6],
			"to": [12.2, 4.3, 10.8],
			"rotation": {"angle": 0, "axis": "y", "origin": [1.8, -15.3, 2]},
			"faces": {
				"north": {"uv": [6.5, 2.5, 7.75, 2.75], "texture": "#0"},
				"east": {"uv": [1.375, 4, 2.125, 4.25], "texture": "#0"},
				"south": {"uv": [6.5, 2.875, 7.75, 3.125], "texture": "#0"},
				"west": {"uv": [6.5, 3.25, 7.25, 3.5], "texture": "#0"},
				"up": {"uv": [4, 6.5, 2.75, 5.75], "texture": "#0"},
				"down": {"uv": [5.375, 5.75, 4.125, 6.5], "texture": "#0"}
			}
		},
		{
			"from": [2.6, 2.7, 7.6],
			"to": [13.8, 2.72, 14.8],
			"rotation": {"angle": -45, "axis": "x", "origin": [8.2, 3.5, 10]},
			"faces": {
				"north": {"uv": [6.5, 4.375, 8.25, 4.375], "texture": "#0"},
				"east": {"uv": [6.5, 4.5, 7.625, 4.5], "texture": "#0"},
				"south": {"uv": [6.5, 4.625, 8.25, 4.625], "texture": "#0"},
				"west": {"uv": [6.5, 4.75, 7.625, 4.75], "texture": "#0"},
				"up": {"uv": [4.5, 5.625, 2.75, 4.5], "texture": "#0"},
				"down": {"uv": [6.375, 4.5, 4.625, 5.625], "texture": "#0"}
			}
		},
		{
			"from": [-0.6, 7.16597, 13.47096],
			"to": [17, 7.18597, 17.47096],
			"rotation": {"angle": -22.5, "axis": "x", "origin": [8.2, 7.98597, 15.87096]},
			"faces": {
				"north": {"uv": [6.5, 4.875, 9.25, 4.875], "texture": "#0"},
				"east": {"uv": [1.375, 4.375, 2, 4.375], "texture": "#0"},
				"south": {"uv": [6.5, 5, 9.25, 5], "texture": "#0"},
				"west": {"uv": [6.5, 5.125, 7.125, 5.125], "texture": "#0"},
				"up": {"uv": [7.5, 0.625, 4.75, 0], "texture": "#0"},
				"down": {"uv": [7.5, 0.75, 4.75, 1.375], "texture": "#0"}
			}
		},
		{
			"from": [1, -3.24, 11.58],
			"to": [15.4, 3.96, 11.6],
			"rotation": {"angle": 0, "axis": "y", "origin": [8.2, 3.5, 10]},
			"faces": {
				"north": {"uv": [2.375, 0, 4.625, 1.125], "texture": "#0"},
				"east": {"uv": [2.375, 6.5, 2.375, 7.625], "texture": "#0"},
				"south": {"uv": [2.375, 1.25, 4.625, 2.375], "texture": "#0"},
				"west": {"uv": [2.5, 6.5, 2.5, 7.625], "texture": "#0"},
				"up": {"uv": [8.75, 5.25, 6.5, 5.25], "texture": "#0"},
				"down": {"uv": [8.75, 5.375, 6.5, 5.375], "texture": "#0"}
			}
		},
		{
			"from": [1.02, -4.84, 9.2],
			"to": [1.04, 3.96, 11.6],
			"rotation": {"angle": 0, "axis": "y", "origin": [8.2, 3.5, 10]},
			"faces": {
				"north": {"uv": [2.75, 6.625, 2.75, 8], "texture": "#0"},
				"east": {"uv": [0.5, 6, 0.875, 7.375], "texture": "#0"},
				"south": {"uv": [2.875, 6.625, 2.875, 8], "texture": "#0"},
				"west": {"uv": [6, 5.75, 6.375, 7.125], "texture": "#0"},
				"up": {"uv": [4.75, 2.375, 4.75, 2], "texture": "#0"},
				"down": {"uv": [4.875, 1.5, 4.875, 1.875], "texture": "#0"}
			}
		},
		{
			"from": [15.36, -4.84, 9.2],
			"to": [15.38, 3.96, 11.6],
			"rotation": {"angle": 0, "axis": "y", "origin": [8.2, 3.5, 10]},
			"faces": {
				"north": {"uv": [2.75, 6.625, 2.75, 8], "texture": "#0"},
				"east": {"uv": [6.375, 5.75, 6, 7.125], "texture": "#0"},
				"south": {"uv": [2.875, 6.625, 2.875, 8], "texture": "#0"},
				"west": {"uv": [0.875, 6, 0.5, 7.375], "texture": "#0"},
				"up": {"uv": [4.75, 2.375, 4.75, 2], "texture": "#0"},
				"down": {"uv": [4.875, 1.5, 4.875, 1.875], "texture": "#0"}
			}
		},
		{
			"from": [1, -15.81728, 11.87782],
			"to": [15.4, -3.81728, 11.89782],
			"rotation": {"angle": -22.5, "axis": "x", "origin": [8.2, -4.27728, 10.29782]},
			"faces": {
				"north": {"uv": [0, 0, 2.25, 1.875], "texture": "#0"},
				"east": {"uv": [3, 6.625, 3, 8.5], "texture": "#0"},
				"south": {"uv": [0, 2, 2.25, 3.875], "texture": "#0"},
				"west": {"uv": [3.125, 6.625, 3.125, 8.5], "texture": "#0"},
				"up": {"uv": [8.875, 5.5, 6.625, 5.5], "texture": "#0"},
				"down": {"uv": [8.875, 5.625, 6.625, 5.625], "texture": "#0"}
			}
		},
		{
			"from": [1, -15.81728, 3.89782],
			"to": [1.02, -3.81728, 11.89782],
			"rotation": {"angle": -22.5, "axis": "x", "origin": [8.2, -4.27728, 10.29782]},
			"faces": {
				"north": {"uv": [3.75, 6.625, 3.75, 8.5], "texture": "#0"},
				"east": {"uv": [0, 4, 1.25, 5.875], "texture": "#0"},
				"south": {"uv": [3.875, 6.625, 3.875, 8.5], "texture": "#0"},
				"west": {"uv": [1.375, 4.5, 2.625, 6.375], "texture": "#0"},
				"up": {"uv": [4, 7.875, 4, 6.625], "texture": "#0"},
				"down": {"uv": [4.125, 6.625, 4.125, 7.875], "texture": "#0"}
			}
		},
		{
			"from": [15.38, -15.81728, 3.89782],
			"to": [15.4, -3.81728, 11.89782],
			"rotation": {"angle": -22.5, "axis": "x", "origin": [8.2, -4.27728, 10.29782]},
			"faces": {
				"north": {"uv": [3.75, 6.625, 3.75, 8.5], "texture": "#0"},
				"east": {"uv": [2.625, 4.5, 1.375, 6.375], "texture": "#0"},
				"south": {"uv": [3.875, 6.625, 3.875, 8.5], "texture": "#0"},
				"west": {"uv": [1.25, 4, 0, 5.875], "texture": "#0"},
				"up": {"uv": [4, 7.875, 4, 6.625], "texture": "#0"},
				"down": {"uv": [4.125, 6.625, 4.125, 7.875], "texture": "#0"}
			}
		},
		{
			"from": [2.6, 2.7, 7.6],
			"to": [2.62, 5.1, 15.6],
			"rotation": {"angle": -45, "axis": "x", "origin": [8.2, 3.5, 10]},
			"faces": {
				"north": {"uv": [4.875, 2, 4.875, 2.375], "texture": "#0"},
				"east": {"uv": [5.125, 3.75, 6.375, 4.125], "texture": "#0"},
				"south": {"uv": [5, 1.5, 5, 1.875], "texture": "#0"},
				"west": {"uv": [1, 6.5, 2.25, 6.875], "texture": "#0"},
				"up": {"uv": [4.25, 7.875, 4.25, 6.625], "texture": "#0"},
				"down": {"uv": [4.375, 6.625, 4.375, 7.875], "texture": "#0"}
			}
		},
		{
			"from": [13.78, 2.7, 7.6],
			"to": [13.8, 5.1, 15.6],
			"rotation": {"angle": -45, "axis": "x", "origin": [8.2, 3.5, 10]},
			"faces": {
				"north": {"uv": [4.875, 2, 4.875, 2.375], "texture": "#0"},
				"east": {"uv": [2.25, 6.5, 1, 6.875], "texture": "#0"},
				"south": {"uv": [5, 1.5, 5, 1.875], "texture": "#0"},
				"west": {"uv": [6.375, 3.75, 5.125, 4.125], "texture": "#0"},
				"up": {"uv": [4.25, 7.875, 4.25, 6.625], "texture": "#0"},
				"down": {"uv": [4.375, 6.625, 4.375, 7.875], "texture": "#0"}
			}
		},
		{
			"from": [4.2, 1.88, 7.6],
			"to": [12.2, 2.68, 14],
			"rotation": {"angle": -45, "axis": "x", "origin": [9, 3.5, 10]},
			"faces": {
				"north": {"uv": [5.125, 4.25, 6.375, 4.375], "texture": "#0"},
				"east": {"uv": [6.5, 3.875, 7.5, 4], "texture": "#0"},
				"south": {"uv": [6.5, 3.625, 7.75, 3.75], "texture": "#0"},
				"west": {"uv": [6.5, 4.125, 7.5, 4.25], "texture": "#0"},
				"up": {"uv": [6.375, 2.5, 5.125, 1.5], "texture": "#0"},
				"down": {"uv": [6.375, 2.625, 5.125, 3.625], "texture": "#0"}
			}
		}
	],
	"gui_light": "front",
	"display": {
		"thirdperson_righthand": {
			"rotation": [35, 0, 0],
			"translation": [0, 1.75, -0.25],
			"scale": [0.3, 0.3, 0.3]
		},
		"thirdperson_lefthand": {
			"rotation": [35, 0, 0],
			"translation": [0, 2.25, -1.25],
			"scale": [0.3, 0.3, 0.3]
		},
		"firstperson_righthand": {
			"rotation": [0, 35, 0],
			"translation": [2.5, 5, 0],
			"scale": [0.3, 0.3, 0.3]
		},
		"firstperson_lefthand": {
			"rotation": [0, 35, 0],
			"translation": [2, 6, 0],
			"scale": [0.3, 0.3, 0.3]
		},
		"ground": {
			"translation": [0, 9, -1.75],
			"scale": [0.5, 0.5, 0.5]
		},
		"gui": {
			"rotation": [30, 45, 0],
			"translation": [-2, 8.75, 0.25],
			"scale": [0.7, 0.7, 0.7]
		},
		"head": {
			"translation": [0, -65, -0.5],
			"scale": [1.5, 1.5, 1.5]
		},
		"fixed": {
			"rotation": [-4, 0, 0],
			"translation": [0, 5.25, -5.5],
			"scale": [0.55, 0.55, 0.55]
		}
	},
	"groups": [
		{
			"name": "cloak",
			"origin": [9, 23.5, 10],
			"color": 0,
			"children": [0, 1, 2, 3, 4, 5, 6, 7, 8, 9, 10, 11]
		}
	]
}