{
	"textures": {
		"0": "item/crates/pirate22_crate/anchor_pickaxe"
	},
	"elements": [
		{
			"from": [6.5, 0, 6.5],
			"to": [9.5, 5, 9.5],
			"rotation": {"angle": 0, "axis": "y", "origin": [0.5, 0, 0]},
			"faces": {
				"north": {"uv": [5, 3.5, 5.75, 4.75], "texture": "#0"},
				"east": {"uv": [5, 4.75, 5.75, 6], "texture": "#0"},
				"south": {"uv": [2, 5.5, 2.75, 6.75], "texture": "#0"},
				"west": {"uv": [2.75, 5.5, 3.5, 6.75], "texture": "#0"},
				"up": {"uv": [5.5, 6.75, 4.75, 6], "texture": "#0"},
				"down": {"uv": [6.75, 5.25, 6, 6], "texture": "#0"}
			}
		},
		{
			"from": [-2.5, 0, 6.525],
			"to": [6.5, 3, 9.475],
			"rotation": {"angle": -22.5, "axis": "z", "origin": [6.5, 0, 7]},
			"faces": {
				"north": {"uv": [2, 0, 4.25, 0.75], "texture": "#0"},
				"east": {"uv": [6, 6, 6.75, 6.75], "texture": "#0"},
				"south": {"uv": [2, 0.75, 4.25, 1.5], "texture": "#0"},
				"west": {"uv": [6.5, 0, 7.25, 0.75], "texture": "#0"},
				"up": {"uv": [4.25, 2.25, 2, 1.5], "texture": "#0"},
				"down": {"uv": [4.25, 2.25, 2, 3], "texture": "#0"}
			}
		},
		{
			"from": [0.48959, 6.71751, 7],
			"to": [2.48959, 11.71751, 9],
			"rotation": {"angle": 22.5, "axis": "z", "origin": [6.5, 0, 7]},
			"faces": {
				"north": {"uv": [0, 6, 0.5, 7.25], "texture": "#0"},
				"east": {"uv": [0.5, 6, 1, 7.25], "texture": "#0"},
				"south": {"uv": [1, 6, 1.5, 7.25], "texture": "#0"},
				"west": {"uv": [1.5, 6, 2, 7.25], "texture": "#0"},
				"up": {"uv": [7.5, 5.25, 7, 4.75], "texture": "#0"},
				"down": {"uv": [4.5, 7.25, 4, 7.75], "texture": "#0"}
			}
		},
		{
			"from": [-3.08203, 8.49808, 7.5],
			"to": [-2.08203, 11.49808, 8.5],
			"rotation": {"angle": 0, "axis": "z", "origin": [-3, 8.75, 7]},
			"faces": {
				"north": {"uv": [5.75, 7.25, 6, 8], "texture": "#0"},
				"east": {"uv": [4.75, 7.75, 5, 8.5], "texture": "#0"},
				"south": {"uv": [5, 7.75, 5.25, 8.5], "texture": "#0"},
				"west": {"uv": [6, 7.75, 6.25, 8.5], "texture": "#0"},
				"up": {"uv": [5.75, 6.25, 5.5, 6], "texture": "#0"},
				"down": {"uv": [7.5, 2, 7.25, 2.25], "texture": "#0"}
			}
		},
		{
			"from": [-3.5, 7.74264, 0.75736],
			"to": [-1.5, 8.74264, 3.75736],
			"rotation": {"angle": 45, "axis": "x", "origin": [-2.5, 0.5, 8]},
			"faces": {
				"north": {"uv": [7.75, 7.5, 8.25, 7.75], "texture": "#0"},
				"east": {"uv": [7.75, 0.5, 8.5, 0.75], "texture": "#0"},
				"south": {"uv": [0, 8, 0.5, 8.25], "texture": "#0"},
				"west": {"uv": [7.75, 6.25, 8.5, 6.5], "texture": "#0"},
				"up": {"uv": [7.5, 4, 7, 3.25], "texture": "#0"},
				"down": {"uv": [7.5, 4, 7, 4.75], "texture": "#0"}
			}
		},
		{
			"from": [-3.5, 4.74264, -0.24264],
			"to": [-1.5, 8.74264, 0.75736],
			"rotation": {"angle": 45, "axis": "x", "origin": [-2.5, 0.5, 8]},
			"faces": {
				"north": {"uv": [5.5, 6.25, 6, 7.25], "texture": "#0"},
				"east": {"uv": [1.75, 7.25, 2, 8.25], "texture": "#0"},
				"south": {"uv": [6.5, 2.25, 7, 3.25], "texture": "#0"},
				"west": {"uv": [4.5, 7.25, 4.75, 8.25], "texture": "#0"},
				"up": {"uv": [8.5, 1, 8, 0.75], "texture": "#0"},
				"down": {"uv": [8.5, 1, 8, 1.25], "texture": "#0"}
			}
		},
		{
			"from": [18.08203, 8.49808, 7.5],
			"to": [19.08203, 11.49808, 8.5],
			"rotation": {"angle": 0, "axis": "z", "origin": [19, 8.75, 7]},
			"faces": {
				"north": {"uv": [6.25, 7.75, 6.5, 8.5], "texture": "#0"},
				"east": {"uv": [7.75, 6.5, 8, 7.25], "texture": "#0"},
				"south": {"uv": [6.75, 7.75, 7, 8.5], "texture": "#0"},
				"west": {"uv": [7, 7.75, 7.25, 8.5], "texture": "#0"},
				"up": {"uv": [5.5, 8.25, 5.25, 8], "texture": "#0"},
				"down": {"uv": [8.25, 5.25, 8, 5.5], "texture": "#0"}
			}
		},
		{
			"from": [17.5, 4.74264, -0.24264],
			"to": [19.5, 8.74264, 0.75736],
			"rotation": {"angle": 45, "axis": "x", "origin": [18.5, 0.5, 8]},
			"faces": {
				"north": {"uv": [6.5, 3.25, 7, 4.25], "texture": "#0"},
				"east": {"uv": [7.25, 5.25, 7.5, 6.25], "texture": "#0"},
				"south": {"uv": [6.5, 4.25, 7, 5.25], "texture": "#0"},
				"west": {"uv": [5.5, 7.25, 5.75, 8.25], "texture": "#0"},
				"up": {"uv": [8.5, 1.5, 8, 1.25], "texture": "#0"},
				"down": {"uv": [8.5, 1.5, 8, 1.75], "texture": "#0"}
			}
		},
		{
			"from": [17.5, 7.74264, 0.75736],
			"to": [19.5, 8.74264, 3.75736],
			"rotation": {"angle": 45, "axis": "x", "origin": [18.5, 0.5, 8]},
			"faces": {
				"north": {"uv": [8, 1.75, 8.5, 2], "texture": "#0"},
				"east": {"uv": [7.25, 7.75, 8, 8], "texture": "#0"},
				"south": {"uv": [8, 2, 8.5, 2.25], "texture": "#0"},
				"west": {"uv": [7.75, 7.25, 8.5, 7.5], "texture": "#0"},
				"up": {"uv": [0.5, 8, 0, 7.25], "texture": "#0"},
				"down": {"uv": [7.75, 0, 7.25, 0.75], "texture": "#0"}
			}
		},
		{
			"from": [13.51041, 6.71751, 7],
			"to": [15.51041, 11.71751, 9],
			"rotation": {"angle": -22.5, "axis": "z", "origin": [9.5, 0, 7]},
			"faces": {
				"north": {"uv": [6, 1.5, 6.5, 2.75], "texture": "#0"},
				"east": {"uv": [6, 2.75, 6.5, 4], "texture": "#0"},
				"south": {"uv": [6, 4, 6.5, 5.25], "texture": "#0"},
				"west": {"uv": [4.25, 6, 4.75, 7.25], "texture": "#0"},
				"up": {"uv": [7.75, 6.75, 7.25, 6.25], "texture": "#0"},
				"down": {"uv": [7.25, 7.25, 6.75, 7.75], "texture": "#0"}
			}
		},
		{
			"from": [9.5, 0, 6.525],
			"to": [18.5, 3, 9.475],
			"rotation": {"angle": 22.5, "axis": "z", "origin": [9.5, 0, 7]},
			"faces": {
				"north": {"uv": [2, 3, 4.25, 3.75], "texture": "#0"},
				"east": {"uv": [6.5, 0.75, 7.25, 1.5], "texture": "#0"},
				"south": {"uv": [2, 3.75, 4.25, 4.5], "texture": "#0"},
				"west": {"uv": [6.5, 1.5, 7.25, 2.25], "texture": "#0"},
				"up": {"uv": [6.5, 0.75, 4.25, 0], "texture": "#0"},
				"down": {"uv": [6.5, 0.75, 4.25, 1.5], "texture": "#0"}
			}
		},
		{
			"from": [9, 23, 7.5],
			"to": [10, 28, 8.5],
			"rotation": {"angle": 0, "axis": "y", "origin": [1, 0, 0]},
			"faces": {
				"north": {"uv": [5.25, 6.75, 5.5, 8], "texture": "#0"},
				"east": {"uv": [6.5, 6.75, 6.75, 8], "texture": "#0"},
				"south": {"uv": [0.5, 7.25, 0.75, 8.5], "texture": "#0"},
				"west": {"uv": [0.75, 7.25, 1, 8.5], "texture": "#0"},
				"up": {"uv": [8.25, 5.75, 8, 5.5], "texture": "#0"},
				"down": {"uv": [6, 8, 5.75, 8.25], "texture": "#0"}
			}
		},
		{
			"from": [7, 27, 7.5],
			"to": [9, 28, 8.5],
			"rotation": {"angle": 0, "axis": "y", "origin": [1, 0, 0]},
			"faces": {
				"north": {"uv": [8, 2.25, 8.5, 2.5], "texture": "#0"},
				"east": {"uv": [8, 5.75, 8.25, 6], "texture": "#0"},
				"south": {"uv": [8, 2.5, 8.5, 2.75], "texture": "#0"},
				"west": {"uv": [8, 6, 8.25, 6.25], "texture": "#0"},
				"up": {"uv": [8.5, 3, 8, 2.75], "texture": "#0"},
				"down": {"uv": [8.5, 3, 8, 3.25], "texture": "#0"}
			}
		},
		{
			"from": [6, 23, 7.5],
			"to": [7, 28, 8.5],
			"rotation": {"angle": 0, "axis": "y", "origin": [1, 0, 0]},
			"faces": {
				"north": {"uv": [7.25, 0.75, 7.5, 2], "texture": "#0"},
				"east": {"uv": [1, 7.25, 1.25, 8.5], "texture": "#0"},
				"south": {"uv": [1.25, 7.25, 1.5, 8.5], "texture": "#0"},
				"west": {"uv": [1.5, 7.25, 1.75, 8.5], "texture": "#0"},
				"up": {"uv": [6.75, 8.25, 6.5, 8], "texture": "#0"},
				"down": {"uv": [8.25, 6.5, 8, 6.75], "texture": "#0"}
			}
		},
		{
			"from": [7, 5, 7],
			"to": [9, 9, 9],
			"faces": {
				"north": {"uv": [2, 6.75, 2.5, 7.75], "texture": "#0"},
				"east": {"uv": [2.5, 6.75, 3, 7.75], "texture": "#0"},
				"south": {"uv": [3, 6.75, 3.5, 7.75], "texture": "#0"},
				"west": {"uv": [4.75, 6.75, 5.25, 7.75], "texture": "#0"},
				"up": {"uv": [7.75, 7.25, 7.25, 6.75], "texture": "#0"},
				"down": {"uv": [7.75, 7.25, 7.25, 7.75], "texture": "#0"}
			}
		},
		{
			"from": [7, 9, 7],
			"to": [9, 29, 9],
			"rotation": {"angle": 45, "axis": "y", "origin": [8, 0, 8]},
			"faces": {
				"north": {"uv": [0, 0, 0.5, 5], "texture": "#0"},
				"east": {"uv": [0.5, 0, 1, 5], "texture": "#0"},
				"south": {"uv": [1, 0, 1.5, 5], "texture": "#0"},
				"west": {"uv": [1.5, 0, 2, 5], "texture": "#0"},
				"up": {"uv": [8, 1.25, 7.5, 0.75], "texture": "#0"},
				"down": {"uv": [8, 1.25, 7.5, 1.75], "texture": "#0"}
			}
		},
		{
			"from": [5.06066, 5, 6.56066],
			"to": [8.06066, 14, 6.56066],
			"rotation": {"angle": 22.5, "axis": "y", "origin": [8, 5, 6.5]},
			"faces": {
				"north": {"uv": [4.25, 1.5, 5, 3.75], "texture": "#0"},
				"east": {"uv": [0, 0, 0, 2.25], "texture": "#0"},
				"south": {"uv": [5, 1.5, 4.25, 3.75], "texture": "#0"},
				"west": {"uv": [0, 0, 0, 2.25], "texture": "#0"},
				"up": {"uv": [0, 0.75, 0, 0], "rotation": 270, "texture": "#0"},
				"down": {"uv": [0, 0, 0, 0.75], "rotation": 90, "texture": "#0"}
			}
		},
		{
			"from": [7, 20, 7],
			"to": [9, 24, 9],
			"faces": {
				"north": {"uv": [6.75, 5.25, 7.25, 6.25], "texture": "#0"},
				"east": {"uv": [6, 6.75, 6.5, 7.75], "texture": "#0"},
				"south": {"uv": [6.75, 6.25, 7.25, 7.25], "texture": "#0"},
				"west": {"uv": [7, 2.25, 7.5, 3.25], "texture": "#0"},
				"up": {"uv": [8, 2.25, 7.5, 1.75], "texture": "#0"},
				"down": {"uv": [8, 2.25, 7.5, 2.75], "texture": "#0"}
			}
		},
		{
			"from": [9, 21, 7.5],
			"to": [11, 22, 8.5],
			"faces": {
				"north": {"uv": [8, 3.25, 8.5, 3.5], "texture": "#0"},
				"east": {"uv": [8, 6.75, 8.25, 7], "texture": "#0"},
				"south": {"uv": [8, 3.5, 8.5, 3.75], "texture": "#0"},
				"west": {"uv": [8, 7, 8.25, 7.25], "texture": "#0"},
				"up": {"uv": [8.5, 4, 8, 3.75], "texture": "#0"},
				"down": {"uv": [8.5, 4, 8, 4.25], "texture": "#0"}
			}
		},
		{
			"from": [11, 20.5, 7],
			"to": [13, 22.5, 9],
			"faces": {
				"north": {"uv": [7.5, 2.75, 8, 3.25], "texture": "#0"},
				"east": {"uv": [7.5, 3.25, 8, 3.75], "texture": "#0"},
				"south": {"uv": [7.5, 3.75, 8, 4.25], "texture": "#0"},
				"west": {"uv": [7.5, 4.25, 8, 4.75], "texture": "#0"},
				"up": {"uv": [8, 5.25, 7.5, 4.75], "texture": "#0"},
				"down": {"uv": [8, 5.25, 7.5, 5.75], "texture": "#0"}
			}
		},
		{
			"from": [5, 21, 7.5],
			"to": [7, 22, 8.5],
			"rotation": {"angle": 0, "axis": "y", "origin": [16, 0, 0]},
			"faces": {
				"north": {"uv": [8, 4.25, 8.5, 4.5], "texture": "#0"},
				"east": {"uv": [7.25, 8, 7.5, 8.25], "texture": "#0"},
				"south": {"uv": [8, 4.5, 8.5, 4.75], "texture": "#0"},
				"west": {"uv": [7.5, 8, 7.75, 8.25], "texture": "#0"},
				"up": {"uv": [8.5, 5, 8, 4.75], "texture": "#0"},
				"down": {"uv": [8.5, 5, 8, 5.25], "texture": "#0"}
			}
		},
		{
			"from": [3, 20.5, 7],
			"to": [5, 22.5, 9],
			"rotation": {"angle": 0, "axis": "y", "origin": [16, 0, 0]},
			"faces": {
				"north": {"uv": [7.5, 5.75, 8, 6.25], "texture": "#0"},
				"east": {"uv": [7.75, 0, 8.25, 0.5], "texture": "#0"},
				"south": {"uv": [2, 7.75, 2.5, 8.25], "texture": "#0"},
				"west": {"uv": [2.5, 7.75, 3, 8.25], "texture": "#0"},
				"up": {"uv": [3.5, 8.25, 3, 7.75], "texture": "#0"},
				"down": {"uv": [4.5, 7.75, 4, 8.25], "texture": "#0"}
			}
		},
		{
			"from": [7.5, 9, 7.5],
			"to": [8.5, 20, 8.5],
			"rotation": {"angle": 45, "axis": "y", "origin": [8, 9, 8]},
			"faces": {
				"north": {"uv": [4, 4.5, 4.25, 7.25], "texture": "#0"},
				"east": {"uv": [3.5, 5.5, 3.75, 8.25], "texture": "#0"},
				"south": {"uv": [3.75, 5.5, 4, 8.25], "texture": "#0"},
				"west": {"uv": [5.75, 3.5, 6, 6.25], "texture": "#0"},
				"up": {"uv": [8, 8.25, 7.75, 8], "texture": "#0"},
				"down": {"uv": [8.25, 7.75, 8, 8], "texture": "#0"}
			}
		},
		{
			"from": [6, -1, 6],
			"to": [10, 3, 10],
			"rotation": {"angle": -45, "axis": "z", "origin": [8, 1, 6]},
			"faces": {
				"north": {"uv": [2, 4.5, 3, 5.5], "texture": "#0"},
				"east": {"uv": [3, 4.5, 4, 5.5], "texture": "#0"},
				"south": {"uv": [0, 5, 1, 6], "texture": "#0"},
				"west": {"uv": [1, 5, 2, 6], "texture": "#0"},
				"up": {"uv": [6, 2.5, 5, 1.5], "texture": "#0"},
				"down": {"uv": [6, 2.5, 5, 3.5], "texture": "#0"}
			}
		}
	],
	"gui_light": "front",
	"display": {
		"thirdperson_righthand": {
			"rotation": [-180, 90, 0],
			"translation": [0, 7.75, 1.5]
		},
		"thirdperson_lefthand": {
			"rotation": [-180, 90, 0],
			"translation": [0, 7.75, 1.5]
		},
		"firstperson_righthand": {
			"rotation": [-180, -107, 13],
			"translation": [3, 3.5, 0],
			"scale": [0.7, 0.7, 0.7]
		},
		"firstperson_lefthand": {
			"rotation": [-180, -107, 13],
			"translation": [3, 3.5, 0],
			"scale": [0.7, 0.7, 0.7]
		},
		"ground": {
			"rotation": [0, 0, 49],
			"translation": [0, 2.75, 0.25],
			"scale": [0.6, 0.6, 0.6]
		},
		"gui": {
			"rotation": [0, 154, 41],
			"translation": [-2.5, -3.25, 0],
			"scale": [0.8, 0.8, 0.8]
		},
		"head": {
			"rotation": [0, -180, 35],
			"translation": [-4.25, -25, 7],
			"scale": [1.8, 1.8, 1.8]
		},
		"fixed": {
			"rotation": [0, 0, 45],
			"translation": [4, -3.75, -3.75],
			"scale": [1.8, 1.8, 1.8]
		}
	},
	"groups": [
		{
			"name": "group",
			"origin": [8, 1, 6],
			"color": 0,
			"boneType": "",
			"children": [0, 1, 2, 3, 4, 5, 6, 7, 8, 9, 10, 11, 12, 13, 14, 15, 16, 17, 18, 19, 20, 21, 22, 23]
		}
	]
}