{
	"textures": {
		"0": "item/crates/pirate22_crate/barrel"
	},
	"elements": [
		{
			"name": "octagon",
			"from": [5.72183, 2.5, 2.5],
			"to": [10.27817, 4.45, 13.5],
			"rotation": {"angle": 45, "axis": "y", "origin": [8, 3, 8]},
			"faces": {
				"north": {"uv": [7.75, 7.125, 8.375, 7.375], "texture": "#0"},
				"east": {"uv": [6.375, 0, 7.75, 0.25], "texture": "#0"},
				"south": {"uv": [7.75, 7.375, 8.375, 7.625], "texture": "#0"},
				"west": {"uv": [6.375, 0.25, 7.75, 0.5], "texture": "#0"},
				"up": {"uv": [0.625, 1.375, 0, 0], "texture": "#0"},
				"down": {"uv": [1.25, 0, 0.625, 1.375], "texture": "#0"}
			}
		},
		{
			"name": "octagon",
			"from": [5.72183, 2.5, 2.5],
			"to": [10.27817, 4.5, 13.5],
			"rotation": {"angle": 0, "axis": "y", "origin": [8, 3, 8]},
			"faces": {
				"north": {"uv": [7.75, 7.625, 8.375, 7.875], "texture": "#0"},
				"east": {"uv": [6.375, 0.5, 7.75, 0.75], "texture": "#0"},
				"south": {"uv": [7.875, 1.125, 8.5, 1.375], "texture": "#0"},
				"west": {"uv": [6.375, 0.75, 7.75, 1], "texture": "#0"},
				"up": {"uv": [1.875, 1.375, 1.25, 0], "texture": "#0"},
				"down": {"uv": [0.625, 1.375, 0, 2.75], "texture": "#0"}
			}
		},
		{
			"name": "octagon",
			"from": [2.5, 2.5, 5.72183],
			"to": [13.5, 4.475, 10.27817],
			"rotation": {"angle": 0, "axis": "y", "origin": [8, 3, 8]},
			"faces": {
				"north": {"uv": [6.375, 1, 7.75, 1.25], "texture": "#0"},
				"east": {"uv": [5.125, 7.875, 5.75, 8.125], "texture": "#0"},
				"south": {"uv": [6.375, 4.125, 7.75, 4.375], "texture": "#0"},
				"west": {"uv": [5.75, 7.875, 6.375, 8.125], "texture": "#0"},
				"up": {"uv": [2, 2, 0.625, 1.375], "texture": "#0"},
				"down": {"uv": [3.25, 0, 1.875, 0.625], "texture": "#0"}
			}
		},
		{
			"name": "octagon",
			"from": [2.5, 2.5, 5.72183],
			"to": [13.5, 4.45, 10.27817],
			"rotation": {"angle": 45, "axis": "y", "origin": [8, 3, 8]},
			"faces": {
				"north": {"uv": [6.375, 4.375, 7.75, 4.625], "texture": "#0"},
				"east": {"uv": [6.375, 7.875, 7, 8.125], "texture": "#0"},
				"south": {"uv": [6.375, 4.625, 7.75, 4.875], "texture": "#0"},
				"west": {"uv": [7.75, 7.875, 8.375, 8.125], "texture": "#0"},
				"up": {"uv": [3.25, 1.25, 1.875, 0.625], "texture": "#0"},
				"down": {"uv": [2, 2, 0.625, 2.625], "texture": "#0"}
			}
		},
		{
			"name": "octagon",
			"from": [5.72183, -11.425, 2.5],
			"to": [10.27817, -9.5, 13.5],
			"rotation": {"angle": 45, "axis": "y", "origin": [8, -11, 8]},
			"faces": {
				"north": {"uv": [2.25, 8, 2.875, 8.25], "texture": "#0"},
				"east": {"uv": [6.375, 4.875, 7.75, 5.125], "texture": "#0"},
				"south": {"uv": [2.875, 8, 3.5, 8.25], "texture": "#0"},
				"west": {"uv": [6.375, 5.125, 7.75, 5.375], "texture": "#0"},
				"up": {"uv": [2.625, 2.625, 2, 1.25], "texture": "#0"},
				"down": {"uv": [1.25, 2.625, 0.625, 4], "texture": "#0"}
			}
		},
		{
			"name": "octagon",
			"from": [5.72183, -11.5, 2.5],
			"to": [10.27817, -9.5, 13.5],
			"rotation": {"angle": 0, "axis": "y", "origin": [8, -11, 8]},
			"faces": {
				"north": {"uv": [3.5, 8, 4.125, 8.25], "texture": "#0"},
				"east": {"uv": [6.375, 5.375, 7.75, 5.625], "texture": "#0"},
				"south": {"uv": [0, 8.125, 0.625, 8.375], "texture": "#0"},
				"west": {"uv": [6.375, 5.625, 7.75, 5.875], "texture": "#0"},
				"up": {"uv": [1.875, 4, 1.25, 2.625], "texture": "#0"},
				"down": {"uv": [3.25, 1.25, 2.625, 2.625], "texture": "#0"}
			}
		},
		{
			"name": "octagon",
			"from": [2.5, -11.475, 5.72183],
			"to": [13.5, -9.5, 10.27817],
			"rotation": {"angle": 0, "axis": "y", "origin": [8, -11, 8]},
			"faces": {
				"north": {"uv": [6.375, 5.875, 7.75, 6.125], "texture": "#0"},
				"east": {"uv": [0.625, 8.125, 1.25, 8.375], "texture": "#0"},
				"south": {"uv": [6.375, 6.125, 7.75, 6.375], "texture": "#0"},
				"west": {"uv": [1.25, 8.125, 1.875, 8.375], "texture": "#0"},
				"up": {"uv": [3.25, 3.25, 1.875, 2.625], "texture": "#0"},
				"down": {"uv": [4.625, 0, 3.25, 0.625], "texture": "#0"}
			}
		},
		{
			"name": "octagon",
			"from": [2.5, -11.425, 5.72183],
			"to": [13.5, -9.5, 10.27817],
			"rotation": {"angle": 45, "axis": "y", "origin": [8, -11, 8]},
			"faces": {
				"north": {"uv": [6.375, 6.375, 7.75, 6.625], "texture": "#0"},
				"east": {"uv": [5.125, 8.125, 5.75, 8.375], "texture": "#0"},
				"south": {"uv": [6.5, 1.25, 7.875, 1.5], "texture": "#0"},
				"west": {"uv": [5.75, 8.125, 6.375, 8.375], "texture": "#0"},
				"up": {"uv": [4.625, 1.25, 3.25, 0.625], "texture": "#0"},
				"down": {"uv": [4.625, 1.25, 3.25, 1.875], "texture": "#0"}
			}
		},
		{
			"name": "octagon",
			"from": [5.92893, -9.5, 3],
			"to": [10.07107, 3.5, 5],
			"rotation": {"angle": 45, "axis": "y", "origin": [8, -7, 8]},
			"faces": {
				"north": {"uv": [0, 2.75, 0.5, 4.375], "texture": "#0"},
				"east": {"uv": [1.125, 5.625, 1.375, 7.25], "texture": "#0"},
				"south": {"uv": [1.875, 3.25, 2.375, 4.875], "texture": "#0"},
				"west": {"uv": [5.125, 5.75, 5.375, 7.375], "texture": "#0"},
				"up": {"uv": [0.5, 7.875, 0, 7.625], "texture": "#0"},
				"down": {"uv": [0.5, 7.875, 0, 8.125], "texture": "#0"}
			}
		},
		{
			"name": "octagon",
			"from": [5.92893, -9.5, 3],
			"to": [10.07107, 3.5, 5],
			"rotation": {"angle": 0, "axis": "y", "origin": [8, -7, 8]},
			"faces": {
				"north": {"uv": [3.25, 1.875, 3.75, 3.5], "texture": "#0"},
				"east": {"uv": [0, 6, 0.25, 7.625], "texture": "#0"},
				"south": {"uv": [2.375, 3.25, 2.875, 4.875], "texture": "#0"},
				"west": {"uv": [0.25, 6, 0.5, 7.625], "texture": "#0"},
				"up": {"uv": [8.875, 7.875, 8.375, 7.625], "texture": "#0"},
				"down": {"uv": [8.875, 7.875, 8.375, 8.125], "texture": "#0"}
			}
		},
		{
			"name": "octagon",
			"from": [5.92893, -9.5, 11],
			"to": [10.07107, 3.5, 13],
			"rotation": {"angle": 45, "axis": "y", "origin": [8, -7, 8]},
			"faces": {
				"north": {"uv": [2.875, 3.5, 3.375, 5.125], "texture": "#0"},
				"east": {"uv": [6.125, 2.5, 6.375, 4.125], "texture": "#0"},
				"south": {"uv": [3.375, 3.5, 3.875, 5.125], "texture": "#0"},
				"west": {"uv": [6.125, 4.125, 6.375, 5.75], "texture": "#0"},
				"up": {"uv": [9, 1.375, 8.5, 1.125], "texture": "#0"},
				"down": {"uv": [2.75, 8.5, 2.25, 8.75], "texture": "#0"}
			}
		},
		{
			"name": "octagon",
			"from": [5.92893, -9.5, 11],
			"to": [10.07107, 3.5, 13],
			"rotation": {"angle": 0, "axis": "y", "origin": [8, -7, 8]},
			"faces": {
				"north": {"uv": [3.75, 1.875, 4.25, 3.5], "texture": "#0"},
				"east": {"uv": [6.125, 5.75, 6.375, 7.375], "texture": "#0"},
				"south": {"uv": [3.875, 3.5, 4.375, 5.125], "texture": "#0"},
				"west": {"uv": [5.375, 6.25, 5.625, 7.875], "texture": "#0"},
				"up": {"uv": [3.25, 8.75, 2.75, 8.5], "texture": "#0"},
				"down": {"uv": [3.75, 8.5, 3.25, 8.75], "texture": "#0"}
			}
		},
		{
			"name": "octagon",
			"from": [3, -9.5, 5.92893],
			"to": [5, 3.5, 10.07107],
			"rotation": {"angle": 45, "axis": "y", "origin": [8, -7, 8]},
			"faces": {
				"north": {"uv": [5.625, 6.25, 5.875, 7.875], "texture": "#0"},
				"east": {"uv": [0.5, 4, 1, 5.625], "texture": "#0"},
				"south": {"uv": [5.875, 6.25, 6.125, 7.875], "texture": "#0"},
				"west": {"uv": [1, 4, 1.5, 5.625], "texture": "#0"},
				"up": {"uv": [1.25, 7.75, 1, 7.25], "texture": "#0"},
				"down": {"uv": [5.375, 7.375, 5.125, 7.875], "texture": "#0"}
			}
		},
		{
			"name": "octagon",
			"from": [3, -9.5, 5.92893],
			"to": [5, 3.5, 10.07107],
			"rotation": {"angle": 0, "axis": "y", "origin": [8, -7, 8]},
			"faces": {
				"north": {"uv": [6.375, 2.5, 6.625, 4.125], "texture": "#0"},
				"east": {"uv": [4.25, 1.875, 4.75, 3.5], "texture": "#0"},
				"south": {"uv": [2.625, 6.375, 2.875, 8], "texture": "#0"},
				"west": {"uv": [0, 4.375, 0.5, 6], "texture": "#0"},
				"up": {"uv": [6.375, 7.875, 6.125, 7.375], "texture": "#0"},
				"down": {"uv": [4, 8.5, 3.75, 9], "texture": "#0"}
			}
		},
		{
			"name": "octagon",
			"from": [11, -9.5, 5.92893],
			"to": [13, 3.5, 10.07107],
			"rotation": {"angle": 45, "axis": "y", "origin": [8, -7, 8]},
			"faces": {
				"north": {"uv": [2.875, 6.375, 3.125, 8], "texture": "#0"},
				"east": {"uv": [4.375, 3.5, 4.875, 5.125], "texture": "#0"},
				"south": {"uv": [3.125, 6.375, 3.375, 8], "texture": "#0"},
				"west": {"uv": [4.625, 0, 5.125, 1.625], "texture": "#0"},
				"up": {"uv": [4.25, 9, 4, 8.5], "texture": "#0"},
				"down": {"uv": [4.5, 8.5, 4.25, 9], "texture": "#0"}
			}
		},
		{
			"name": "octagon",
			"from": [11, -9.5, 5.92893],
			"to": [13, 3.5, 10.07107],
			"rotation": {"angle": 0, "axis": "y", "origin": [8, -7, 8]},
			"faces": {
				"north": {"uv": [3.375, 6.375, 3.625, 8], "texture": "#0"},
				"east": {"uv": [4.75, 1.625, 5.25, 3.25], "texture": "#0"},
				"south": {"uv": [3.625, 6.375, 3.875, 8], "texture": "#0"},
				"west": {"uv": [1.5, 4.875, 2, 6.5], "texture": "#0"},
				"up": {"uv": [4.75, 9, 4.5, 8.5], "texture": "#0"},
				"down": {"uv": [5, 8.5, 4.75, 9], "texture": "#0"}
			}
		},
		{
			"name": "octagon",
			"from": [5.72183, -8.5, 2.5],
			"to": [10.27817, 1.5, 4.5],
			"rotation": {"angle": 45, "axis": "y", "origin": [8, -7, 8]},
			"faces": {
				"north": {"uv": [2, 4.875, 2.625, 6.125], "texture": "#0"},
				"east": {"uv": [3.875, 6.375, 4.125, 7.625], "texture": "#0"},
				"south": {"uv": [4.875, 3.25, 5.5, 4.5], "texture": "#0"},
				"west": {"uv": [4.125, 6.375, 4.375, 7.625], "texture": "#0"},
				"up": {"uv": [7, 8.375, 6.375, 8.125], "texture": "#0"},
				"down": {"uv": [7.625, 8.125, 7, 8.375], "texture": "#0"}
			}
		},
		{
			"name": "octagon",
			"from": [5.72183, -8.5, 2.5],
			"to": [10.27817, 1.5, 4.5],
			"rotation": {"angle": 0, "axis": "y", "origin": [8, -7, 8]},
			"faces": {
				"north": {"uv": [4.875, 4.5, 5.5, 5.75], "texture": "#0"},
				"east": {"uv": [1.375, 6.5, 1.625, 7.75], "texture": "#0"},
				"south": {"uv": [5.125, 0, 5.75, 1.25], "texture": "#0"},
				"west": {"uv": [1.625, 6.5, 1.875, 7.75], "texture": "#0"},
				"up": {"uv": [8.25, 8.375, 7.625, 8.125], "texture": "#0"},
				"down": {"uv": [2.5, 8.25, 1.875, 8.5], "texture": "#0"}
			}
		},
		{
			"name": "octagon",
			"from": [5.72183, -8.5, 11.5],
			"to": [10.27817, 1.5, 13.5],
			"rotation": {"angle": 45, "axis": "y", "origin": [8, -7, 8]},
			"faces": {
				"north": {"uv": [2.625, 5.125, 3.25, 6.375], "texture": "#0"},
				"east": {"uv": [6.625, 1.5, 6.875, 2.75], "texture": "#0"},
				"south": {"uv": [3.25, 5.125, 3.875, 6.375], "texture": "#0"},
				"west": {"uv": [6.625, 2.75, 6.875, 4], "texture": "#0"},
				"up": {"uv": [3.125, 8.5, 2.5, 8.25], "texture": "#0"},
				"down": {"uv": [3.75, 8.25, 3.125, 8.5], "texture": "#0"}
			}
		},
		{
			"name": "octagon",
			"from": [5.72183, -8.5, 11.5],
			"to": [10.27817, 1.5, 13.5],
			"rotation": {"angle": 0, "axis": "y", "origin": [8, -7, 8]},
			"faces": {
				"north": {"uv": [3.875, 5.125, 4.5, 6.375], "texture": "#0"},
				"east": {"uv": [6.375, 6.625, 6.625, 7.875], "texture": "#0"},
				"south": {"uv": [5.25, 1.25, 5.875, 2.5], "texture": "#0"},
				"west": {"uv": [6.625, 6.625, 6.875, 7.875], "texture": "#0"},
				"up": {"uv": [4.375, 8.5, 3.75, 8.25], "texture": "#0"},
				"down": {"uv": [5, 8.25, 4.375, 8.5], "texture": "#0"}
			}
		},
		{
			"name": "octagon",
			"from": [2.5, -8.5, 5.72183],
			"to": [4.5, 1.5, 10.27817],
			"rotation": {"angle": 45, "axis": "y", "origin": [8, -7, 8]},
			"faces": {
				"north": {"uv": [0.5, 6.875, 0.75, 8.125], "texture": "#0"},
				"east": {"uv": [5.5, 2.5, 6.125, 3.75], "texture": "#0"},
				"south": {"uv": [0.75, 6.875, 1, 8.125], "texture": "#0"},
				"west": {"uv": [5.5, 3.75, 6.125, 5], "texture": "#0"},
				"up": {"uv": [1.75, 4.625, 1.5, 4], "texture": "#0"},
				"down": {"uv": [4.75, 5.125, 4.5, 5.75], "texture": "#0"}
			}
		},
		{
			"name": "octagon",
			"from": [2.5, -8.5, 5.72183],
			"to": [4.5, 1.5, 10.27817],
			"rotation": {"angle": 0, "axis": "y", "origin": [8, -7, 8]},
			"faces": {
				"north": {"uv": [6.875, 1.5, 7.125, 2.75], "texture": "#0"},
				"east": {"uv": [5.5, 5, 6.125, 6.25], "texture": "#0"},
				"south": {"uv": [6.875, 2.75, 7.125, 4], "texture": "#0"},
				"west": {"uv": [0.5, 5.625, 1.125, 6.875], "texture": "#0"},
				"up": {"uv": [5.5, 3.125, 5.25, 2.5], "texture": "#0"},
				"down": {"uv": [4.375, 7.625, 4.125, 8.25], "texture": "#0"}
			}
		},
		{
			"name": "octagon",
			"from": [11.5, -8.5, 5.72183],
			"to": [13.5, 1.5, 10.27817],
			"rotation": {"angle": 45, "axis": "y", "origin": [8, -7, 8]},
			"faces": {
				"north": {"uv": [6.875, 6.625, 7.125, 7.875], "texture": "#0"},
				"east": {"uv": [5.75, 0, 6.375, 1.25], "texture": "#0"},
				"south": {"uv": [4.375, 7, 4.625, 8.25], "texture": "#0"},
				"west": {"uv": [4.5, 5.75, 5.125, 7], "texture": "#0"},
				"up": {"uv": [8.5, 8.75, 8.25, 8.125], "texture": "#0"},
				"down": {"uv": [0.25, 8.375, 0, 9], "texture": "#0"}
			}
		},
		{
			"name": "octagon",
			"from": [11.5, -8.5, 5.72183],
			"to": [13.5, 1.5, 10.27817],
			"rotation": {"angle": 0, "axis": "y", "origin": [8, -7, 8]},
			"faces": {
				"north": {"uv": [4.625, 7, 4.875, 8.25], "texture": "#0"},
				"east": {"uv": [5.875, 1.25, 6.5, 2.5], "texture": "#0"},
				"south": {"uv": [4.875, 7, 5.125, 8.25], "texture": "#0"},
				"west": {"uv": [2, 6.125, 2.625, 7.375], "texture": "#0"},
				"up": {"uv": [8.625, 0.625, 8.375, 0], "texture": "#0"},
				"down": {"uv": [0.5, 8.375, 0.25, 9], "texture": "#0"}
			}
		},
		{
			"name": "octagon",
			"from": [5.51472, -7.5, 2],
			"to": [10.48528, -4.5, 4],
			"rotation": {"angle": 45, "axis": "y", "origin": [8, -7, 8]},
			"faces": {
				"north": {"uv": [7.125, 1.5, 7.75, 1.875], "texture": "#0"},
				"east": {"uv": [3.875, 7.625, 4.125, 8], "texture": "#0"},
				"south": {"uv": [7.125, 1.875, 7.75, 2.25], "texture": "#0"},
				"west": {"uv": [8.5, 8.125, 8.75, 8.5], "texture": "#0"},
				"up": {"uv": [1.125, 8.625, 0.5, 8.375], "texture": "#0"},
				"down": {"uv": [9, 0.625, 8.375, 0.875], "texture": "#0"}
			}
		},
		{
			"name": "octagon",
			"from": [5.51472, -7.5, 2],
			"to": [10.48528, -4.5, 4],
			"rotation": {"angle": 0, "axis": "y", "origin": [8, -7, 8]},
			"faces": {
				"north": {"uv": [7.125, 2.25, 7.75, 2.625], "texture": "#0"},
				"east": {"uv": [8.5, 8.5, 8.75, 8.875], "texture": "#0"},
				"south": {"uv": [7.125, 2.625, 7.75, 3], "texture": "#0"},
				"west": {"uv": [8.625, 0, 8.875, 0.375], "texture": "#0"},
				"up": {"uv": [9, 1.125, 8.375, 0.875], "texture": "#0"},
				"down": {"uv": [1.75, 8.375, 1.125, 8.625], "texture": "#0"}
			}
		},
		{
			"name": "octagon",
			"from": [5.51472, -7.5, 12],
			"to": [10.48528, -4.5, 14],
			"rotation": {"angle": 45, "axis": "y", "origin": [8, -7, 8]},
			"faces": {
				"north": {"uv": [7.125, 3, 7.75, 3.375], "texture": "#0"},
				"east": {"uv": [0.5, 8.625, 0.75, 9], "texture": "#0"},
				"south": {"uv": [7.125, 3.375, 7.75, 3.75], "texture": "#0"},
				"west": {"uv": [0.75, 8.625, 1, 9], "texture": "#0"},
				"up": {"uv": [9, 1.625, 8.375, 1.375], "texture": "#0"},
				"down": {"uv": [9, 1.625, 8.375, 1.875], "texture": "#0"}
			}
		},
		{
			"name": "octagon",
			"from": [5.51472, -7.5, 12],
			"to": [10.48528, -4.5, 14],
			"rotation": {"angle": 0, "axis": "y", "origin": [8, -7, 8]},
			"faces": {
				"north": {"uv": [7.125, 3.75, 7.75, 4.125], "texture": "#0"},
				"east": {"uv": [1, 8.625, 1.25, 9], "texture": "#0"},
				"south": {"uv": [7.125, 6.625, 7.75, 7], "texture": "#0"},
				"west": {"uv": [1.25, 8.625, 1.5, 9], "texture": "#0"},
				"up": {"uv": [9, 2.125, 8.375, 1.875], "texture": "#0"},
				"down": {"uv": [9, 2.125, 8.375, 2.375], "texture": "#0"}
			}
		},
		{
			"name": "octagon",
			"from": [2, -7.5, 5.51472],
			"to": [4, -4.5, 10.48528],
			"rotation": {"angle": 45, "axis": "y", "origin": [8, -7, 8]},
			"faces": {
				"north": {"uv": [1.5, 8.625, 1.75, 9], "texture": "#0"},
				"east": {"uv": [7.125, 7, 7.75, 7.375], "texture": "#0"},
				"south": {"uv": [8.625, 2.375, 8.875, 2.75], "texture": "#0"},
				"west": {"uv": [1.875, 7.375, 2.5, 7.75], "texture": "#0"},
				"up": {"uv": [8.625, 3, 8.375, 2.375], "texture": "#0"},
				"down": {"uv": [8.625, 3, 8.375, 3.625], "texture": "#0"}
			}
		},
		{
			"name": "octagon",
			"from": [2, -7.5, 5.51472],
			"to": [4, -4.5, 10.48528],
			"rotation": {"angle": 0, "axis": "y", "origin": [8, -7, 8]},
			"faces": {
				"north": {"uv": [8.625, 2.75, 8.875, 3.125], "texture": "#0"},
				"east": {"uv": [7.125, 7.375, 7.75, 7.75], "texture": "#0"},
				"south": {"uv": [8.625, 3.125, 8.875, 3.5], "texture": "#0"},
				"west": {"uv": [7.75, 0, 8.375, 0.375], "texture": "#0"},
				"up": {"uv": [8.625, 4.25, 8.375, 3.625], "texture": "#0"},
				"down": {"uv": [8.625, 4.25, 8.375, 4.875], "texture": "#0"}
			}
		},
		{
			"name": "octagon",
			"from": [12, -7.5, 5.51472],
			"to": [14, -4.5, 10.48528],
			"rotation": {"angle": 45, "axis": "y", "origin": [8, -7, 8]},
			"faces": {
				"north": {"uv": [8.625, 3.5, 8.875, 3.875], "texture": "#0"},
				"east": {"uv": [7.75, 0.375, 8.375, 0.75], "texture": "#0"},
				"south": {"uv": [8.625, 3.875, 8.875, 4.25], "texture": "#0"},
				"west": {"uv": [7.75, 0.75, 8.375, 1.125], "texture": "#0"},
				"up": {"uv": [8.625, 5.5, 8.375, 4.875], "texture": "#0"},
				"down": {"uv": [5.25, 8.375, 5, 9], "texture": "#0"}
			}
		},
		{
			"name": "octagon",
			"from": [12, -7.5, 5.51472],
			"to": [14, -4.5, 10.48528],
			"rotation": {"angle": 0, "axis": "y", "origin": [8, -7, 8]},
			"faces": {
				"north": {"uv": [8.625, 4.25, 8.875, 4.625], "texture": "#0"},
				"east": {"uv": [1, 7.75, 1.625, 8.125], "texture": "#0"},
				"south": {"uv": [8.625, 4.625, 8.875, 5], "texture": "#0"},
				"west": {"uv": [7.75, 1.5, 8.375, 1.875], "texture": "#0"},
				"up": {"uv": [5.5, 9, 5.25, 8.375], "texture": "#0"},
				"down": {"uv": [5.75, 8.375, 5.5, 9], "texture": "#0"}
			}
		},
		{
			"name": "octagon",
			"from": [5.51472, -2.5, 2],
			"to": [10.48528, 0.5, 4],
			"rotation": {"angle": 45, "axis": "y", "origin": [8, -2, 8]},
			"faces": {
				"north": {"uv": [1.625, 7.75, 2.25, 8.125], "texture": "#0"},
				"east": {"uv": [8.625, 5, 8.875, 5.375], "texture": "#0"},
				"south": {"uv": [7.75, 1.875, 8.375, 2.25], "texture": "#0"},
				"west": {"uv": [5.75, 8.625, 6, 9], "texture": "#0"},
				"up": {"uv": [9, 5.75, 8.375, 5.5], "texture": "#0"},
				"down": {"uv": [6.375, 8.375, 5.75, 8.625], "texture": "#0"}
			}
		},
		{
			"name": "octagon",
			"from": [5.51472, -2.5, 2],
			"to": [10.48528, 0.5, 4],
			"rotation": {"angle": 0, "axis": "y", "origin": [8, -2, 8]},
			"faces": {
				"north": {"uv": [7.75, 2.25, 8.375, 2.625], "texture": "#0"},
				"east": {"uv": [6, 8.625, 6.25, 9], "texture": "#0"},
				"south": {"uv": [7.75, 2.625, 8.375, 3], "texture": "#0"},
				"west": {"uv": [6.25, 8.625, 6.5, 9], "texture": "#0"},
				"up": {"uv": [9, 6, 8.375, 5.75], "texture": "#0"},
				"down": {"uv": [9, 6, 8.375, 6.25], "texture": "#0"}
			}
		},
		{
			"name": "octagon",
			"from": [5.51472, -2.5, 12],
			"to": [10.48528, 0.5, 14],
			"rotation": {"angle": 45, "axis": "y", "origin": [8, -2, 8]},
			"faces": {
				"north": {"uv": [7.75, 3, 8.375, 3.375], "texture": "#0"},
				"east": {"uv": [6.5, 8.625, 6.75, 9], "texture": "#0"},
				"south": {"uv": [7.75, 3.375, 8.375, 3.75], "texture": "#0"},
				"west": {"uv": [6.75, 8.625, 7, 9], "texture": "#0"},
				"up": {"uv": [9, 6.5, 8.375, 6.25], "texture": "#0"},
				"down": {"uv": [7, 8.375, 6.375, 8.625], "texture": "#0"}
			}
		},
		{
			"name": "octagon",
			"from": [5.51472, -2.5, 12],
			"to": [10.48528, 0.5, 14],
			"rotation": {"angle": 0, "axis": "y", "origin": [8, -2, 8]},
			"faces": {
				"north": {"uv": [7.75, 3.75, 8.375, 4.125], "texture": "#0"},
				"east": {"uv": [8.625, 7, 8.875, 7.375], "texture": "#0"},
				"south": {"uv": [7.75, 4.125, 8.375, 4.5], "texture": "#0"},
				"west": {"uv": [2.25, 8.75, 2.5, 9.125], "texture": "#0"},
				"up": {"uv": [9, 6.75, 8.375, 6.5], "texture": "#0"},
				"down": {"uv": [9, 6.75, 8.375, 7], "texture": "#0"}
			}
		},
		{
			"name": "octagon",
			"from": [2, -2.5, 5.51472],
			"to": [4, 0.5, 10.48528],
			"rotation": {"angle": 45, "axis": "y", "origin": [8, -2, 8]},
			"faces": {
				"north": {"uv": [2.5, 8.75, 2.75, 9.125], "texture": "#0"},
				"east": {"uv": [7.75, 4.5, 8.375, 4.875], "texture": "#0"},
				"south": {"uv": [2.75, 8.75, 3, 9.125], "texture": "#0"},
				"west": {"uv": [7.75, 4.875, 8.375, 5.25], "texture": "#0"},
				"up": {"uv": [7.25, 9, 7, 8.375], "texture": "#0"},
				"down": {"uv": [8.625, 7, 8.375, 7.625], "texture": "#0"}
			}
		},
		{
			"name": "octagon",
			"from": [2, -2.5, 5.51472],
			"to": [4, 0.5, 10.48528],
			"rotation": {"angle": 0, "axis": "y", "origin": [8, -2, 8]},
			"faces": {
				"north": {"uv": [3, 8.75, 3.25, 9.125], "texture": "#0"},
				"east": {"uv": [7.75, 5.25, 8.375, 5.625], "texture": "#0"},
				"south": {"uv": [3.25, 8.75, 3.5, 9.125], "texture": "#0"},
				"west": {"uv": [7.75, 5.625, 8.375, 6], "texture": "#0"},
				"up": {"uv": [7.5, 9, 7.25, 8.375], "texture": "#0"},
				"down": {"uv": [7.75, 8.375, 7.5, 9], "texture": "#0"}
			}
		},
		{
			"name": "octagon",
			"from": [12, -2.5, 5.51472],
			"to": [14, 0.5, 10.48528],
			"rotation": {"angle": 45, "axis": "y", "origin": [8, -2, 8]},
			"faces": {
				"north": {"uv": [3.5, 8.75, 3.75, 9.125], "texture": "#0"},
				"east": {"uv": [7.75, 6, 8.375, 6.375], "texture": "#0"},
				"south": {"uv": [8.75, 8.125, 9, 8.5], "texture": "#0"},
				"west": {"uv": [7.75, 6.375, 8.375, 6.75], "texture": "#0"},
				"up": {"uv": [8, 9, 7.75, 8.375], "texture": "#0"},
				"down": {"uv": [8.25, 8.375, 8, 9], "texture": "#0"}
			}
		},
		{
			"name": "octagon",
			"from": [12, -2.5, 5.51472],
			"to": [14, 0.5, 10.48528],
			"rotation": {"angle": 0, "axis": "y", "origin": [8, -2, 8]},
			"faces": {
				"north": {"uv": [8.25, 8.75, 8.5, 9.125], "texture": "#0"},
				"east": {"uv": [7.75, 6.75, 8.375, 7.125], "texture": "#0"},
				"south": {"uv": [8.75, 8.5, 9, 8.875], "texture": "#0"},
				"west": {"uv": [7.125, 7.75, 7.75, 8.125], "texture": "#0"},
				"up": {"uv": [2, 9.125, 1.75, 8.5], "texture": "#0"},
				"down": {"uv": [2.25, 8.5, 2, 9.125], "texture": "#0"}
			}
		}
	],
	"gui_light": "front",
	"display": {
		"thirdperson_righthand": {
			"scale": [0.5, 0.5, 0.5]
		},
		"thirdperson_lefthand": {
			"scale": [0.5, 0.5, 0.5]
		},
		"firstperson_righthand": {
			"translation": [0, 6, 0]
		},
		"firstperson_lefthand": {
			"translation": [0, 5.5, 0]
		},
		"ground": {
			"translation": [0, 11, 0],
			"scale": [0.7, 0.7, 0.7]
		},
		"gui": {
			"rotation": [30, 45, 0],
			"translation": [0.25, 8, 0],
			"scale": [0.8, 0.8, 0.8]
		},
		"head": {
			"translation": [0, -65, 11],
			"scale": [1.25, 1.25, 1.25]
		},
		"fixed": {
			"translation": [0, 12, 0]
		}
	},
	"groups": [
		{
			"name": "group",
			"origin": [8, 8, 8],
			"color": 0,
			"children": [
				{
					"name": "octagon",
					"origin": [16, 8, 8],
					"color": 0,
					"children": [0, 1, 2, 3]
				},
				{
					"name": "octagon",
					"origin": [16, 8, 8],
					"color": 0,
					"children": [4, 5, 6, 7]
				},
				{
					"name": "octagon",
					"origin": [16, 8, 8],
					"color": 0,
					"children": [8, 9, 10, 11, 12, 13, 14, 15]
				},
				{
					"name": "octagon",
					"origin": [8, 8, 8],
					"color": 0,
					"children": [16, 17, 18, 19, 20, 21, 22, 23]
				},
				{
					"name": "octagon",
					"origin": [16, 8, 8],
					"color": 0,
					"children": [24, 25, 26, 27, 28, 29, 30, 31]
				},
				{
					"name": "octagon",
					"origin": [16, 8, 8],
					"color": 0,
					"children": [32, 33, 34, 35, 36, 37, 38, 39]
				}
			]
		}
	]
}