{
	"textures": {
		"0": "item/crates/pirate22_crate/chest"
	},
	"elements": [
		{
			"from": [0, -6, 3],
			"to": [16, 0, 11],
			"rotation": {"angle": 0, "axis": "y", "origin": [0, -5, 0]},
			"faces": {
				"north": {"uv": [4, 2, 8, 3.5], "texture": "#0"},
				"east": {"uv": [4, 6.5, 6, 8], "texture": "#0"},
				"south": {"uv": [4, 3.5, 8, 5], "texture": "#0"},
				"west": {"uv": [6, 6.5, 8, 8], "texture": "#0"},
				"up": {"uv": [4, 2, 0, 0], "texture": "#0"},
				"down": {"uv": [4, 2, 0, 4], "texture": "#0"}
			}
		},
		{
			"from": [0, 0, 3],
			"to": [16, 6, 11],
			"rotation": {"angle": 45, "axis": "x", "origin": [0, 0, 11]},
			"faces": {
				"north": {"uv": [4, 5, 8, 6.5], "texture": "#0"},
				"east": {"uv": [0, 7.5, 2, 9], "texture": "#0"},
				"south": {"uv": [0, 6, 4, 7.5], "texture": "#0"},
				"west": {"uv": [2, 7.5, 4, 9], "texture": "#0"},
				"up": {"uv": [4, 6, 0, 4], "texture": "#0"},
				"down": {"uv": [8, 0, 4, 2], "texture": "#0"}
			}
		},
		{
			"from": [6, -1, 2],
			"to": [10, 2, 3],
			"rotation": {"angle": 45, "axis": "x", "origin": [0, 0, 11]},
			"faces": {
				"north": {"uv": [8, 0, 9, 0.75], "texture": "#0"},
				"east": {"uv": [8, 2, 8.25, 2.75], "texture": "#0"},
				"south": {"uv": [8, 0.75, 9, 1.5], "texture": "#0"},
				"west": {"uv": [8, 2.75, 8.25, 3.5], "texture": "#0"},
				"up": {"uv": [9, 1.75, 8, 1.5], "texture": "#0"},
				"down": {"uv": [9, 1.75, 8, 2], "texture": "#0"}
			}
		}
	],
	"gui_light": "front",
	"display": {
		"thirdperson_righthand": {
			"translation": [0, 3.75, 0],
			"scale": [0.6, 0.6, 0.6]
		},
		"thirdperson_lefthand": {
			"translation": [0, 4, 0],
			"scale": [0.6, 0.6, 0.6]
		},
		"firstperson_righthand": {
			"rotation": [0, 141, 0],
			"translation": [0, 3.75, 0],
			"scale": [0.6, 0.6, 0.6]
		},
		"firstperson_lefthand": {
			"rotation": [0, 141, 0],
			"translation": [0, 3.75, 0],
			"scale": [0.6, 0.6, 0.6]
		},
		"ground": {
			"translation": [0, 5, 0],
			"scale": [0.6, 0.6, 0.6]
		},
		"gui": {
			"rotation": [30, -145, 0],
			"translation": [0.25, 4.25, 0],
			"scale": [0.7, 0.7, 0.7]
		},
		"head": {
			"rotation": [25, -180, 0],
			"translation": [0, -70, 16.5],
			"scale": [1.5, 1.5, 1.5]
		},
		"fixed": {
			"translation": [0, 6, -3.5]
		}
	},
	"groups": [
		{
			"name": "group",
			"origin": [0, 6, 11],
			"color": 0,
			"boneType": "",
			"children": [0, 1, 2]
		}
	]
}