{
	"textures": {
		"0": "item/crates/pirate22_crate/fishingrod"
	},
	"elements": [
		{
			"from": [7, -14, 7],
			"to": [9, -5, 9],
			"rotation": {"angle": 0, "axis": "y", "origin": [0, -14, 0]},
			"faces": {
				"north": {"uv": [4.5, 4.5, 5, 6.75], "texture": "#0"},
				"east": {"uv": [5, 0, 5.5, 2.25], "texture": "#0"},
				"south": {"uv": [5, 2.25, 5.5, 4.5], "texture": "#0"},
				"west": {"uv": [5, 4.5, 5.5, 6.75], "texture": "#0"},
				"up": {"uv": [7.25, 5.5, 6.75, 5], "texture": "#0"},
				"down": {"uv": [7.25, 5.5, 6.75, 6], "texture": "#0"}
			}
		},
		{
			"from": [7, -3, 7],
			"to": [9, 4, 9],
			"rotation": {"angle": 0, "axis": "y", "origin": [0, -14, 0]},
			"faces": {
				"north": {"uv": [5.5, 2, 6, 3.75], "texture": "#0"},
				"east": {"uv": [5.5, 3.75, 6, 5.5], "texture": "#0"},
				"south": {"uv": [5.5, 5.5, 6, 7.25], "texture": "#0"},
				"west": {"uv": [6, 2, 6.5, 3.75], "texture": "#0"},
				"up": {"uv": [6.5, 7.25, 6, 6.75], "texture": "#0"},
				"down": {"uv": [7.25, 6, 6.75, 6.5], "texture": "#0"}
			}
		},
		{
			"from": [7, 6, 7],
			"to": [9, 7, 9],
			"rotation": {"angle": 0, "axis": "y", "origin": [0, -14, 0]},
			"faces": {
				"north": {"uv": [7.5, 1.5, 8, 1.75], "texture": "#0"},
				"east": {"uv": [7.5, 1.75, 8, 2], "texture": "#0"},
				"south": {"uv": [7.5, 2, 8, 2.25], "texture": "#0"},
				"west": {"uv": [7.5, 2.25, 8, 2.5], "texture": "#0"},
				"up": {"uv": [7, 7.25, 6.5, 6.75], "texture": "#0"},
				"down": {"uv": [7.5, 6.5, 7, 7], "texture": "#0"}
			}
		},
		{
			"from": [7, 11, 7],
			"to": [9, 12, 9],
			"rotation": {"angle": 0, "axis": "y", "origin": [0, -14, 0]},
			"faces": {
				"north": {"uv": [7.5, 2.5, 8, 2.75], "texture": "#0"},
				"east": {"uv": [7.5, 2.75, 8, 3], "texture": "#0"},
				"south": {"uv": [7.5, 3, 8, 3.25], "texture": "#0"},
				"west": {"uv": [7.5, 3.25, 8, 3.5], "texture": "#0"},
				"up": {"uv": [7.5, 7.5, 7, 7], "texture": "#0"},
				"down": {"uv": [7.75, 0, 7.25, 0.5], "texture": "#0"}
			}
		},
		{
			"from": [7, 21, 7],
			"to": [9, 22, 9],
			"rotation": {"angle": 0, "axis": "y", "origin": [0, -14, 0]},
			"faces": {
				"north": {"uv": [7.5, 3.5, 8, 3.75], "texture": "#0"},
				"east": {"uv": [7.5, 3.75, 8, 4], "texture": "#0"},
				"south": {"uv": [7.5, 4, 8, 4.25], "texture": "#0"},
				"west": {"uv": [7.5, 4.25, 8, 4.5], "texture": "#0"},
				"up": {"uv": [7.75, 1, 7.25, 0.5], "texture": "#0"},
				"down": {"uv": [7.75, 1, 7.25, 1.5], "texture": "#0"}
			}
		},
		{
			"from": [7, 16, 7],
			"to": [9, 17, 9],
			"rotation": {"angle": 0, "axis": "y", "origin": [0, -14, 0]},
			"faces": {
				"north": {"uv": [7.5, 4.5, 8, 4.75], "texture": "#0"},
				"east": {"uv": [7.5, 4.75, 8, 5], "texture": "#0"},
				"south": {"uv": [7.5, 6.5, 8, 6.75], "texture": "#0"},
				"west": {"uv": [7.5, 6.75, 8, 7], "texture": "#0"},
				"up": {"uv": [5, 7.75, 4.5, 7.25], "texture": "#0"},
				"down": {"uv": [5.5, 7.25, 5, 7.75], "texture": "#0"}
			}
		},
		{
			"from": [6, -5, 6],
			"to": [10, -3, 10],
			"rotation": {"angle": 0, "axis": "y", "origin": [0, -14, 0]},
			"faces": {
				"north": {"uv": [6.5, 1.5, 7.5, 2], "texture": "#0"},
				"east": {"uv": [6.5, 2, 7.5, 2.5], "texture": "#0"},
				"south": {"uv": [6.5, 2.5, 7.5, 3], "texture": "#0"},
				"west": {"uv": [6.5, 3, 7.5, 3.5], "texture": "#0"},
				"up": {"uv": [6.5, 1, 5.5, 0], "texture": "#0"},
				"down": {"uv": [6.5, 1, 5.5, 2], "texture": "#0"}
			}
		},
		{
			"from": [8, 5, -14.5],
			"to": [8, 26, 7.5],
			"rotation": {"angle": -45, "axis": "x", "origin": [8, 26, 7.5]},
			"faces": {
				"north": {"uv": [0, 0, 0, 7.75], "texture": "#0"},
				"east": {"uv": [16, 0, 10.5, 5.25], "texture": "#0"},
				"south": {"uv": [0, 0, 0, 7.75], "texture": "#0"},
				"west": {"uv": [10.5, 0, 16, 5.25], "texture": "#0"},
				"up": {"uv": [0, 1.75, 0, 0], "texture": "#0"},
				"down": {"uv": [0, 0, 0, 1.75], "texture": "#0"}
			}
		},
		{
			"from": [4, -6, 7],
			"to": [6, -4, 9],
			"rotation": {"angle": 0, "axis": "y", "origin": [0, -14, 0]},
			"faces": {
				"north": {"uv": [7.25, 5, 7.75, 5.5], "texture": "#0"},
				"east": {"uv": [5.5, 7.25, 6, 7.75], "texture": "#0"},
				"south": {"uv": [7.25, 5.5, 7.75, 6], "texture": "#0"},
				"west": {"uv": [6, 7.25, 6.5, 7.75], "texture": "#0"},
				"up": {"uv": [7.75, 6.5, 7.25, 6], "texture": "#0"},
				"down": {"uv": [7, 7.25, 6.5, 7.75], "texture": "#0"}
			}
		},
		{
			"from": [1, -5, 8],
			"to": [4, -5, 11],
			"rotation": {"angle": 22.5, "axis": "x", "origin": [4, -5, 8]},
			"faces": {
				"north": {"uv": [0, 0, 0.75, 0], "texture": "#0"},
				"east": {"uv": [0, 0, 0.75, 0], "texture": "#0"},
				"south": {"uv": [0, 0, 0.75, 0], "texture": "#0"},
				"west": {"uv": [0, 0, 0.75, 0], "texture": "#0"},
				"up": {"uv": [6.75, 4.5, 6, 3.75], "texture": "#0"},
				"down": {"uv": [6.75, 4.5, 6, 5.25], "texture": "#0"}
			}
		},
		{
			"from": [6.85, -14, 6.85],
			"to": [9.15, -5, 9.15],
			"rotation": {"angle": 0, "axis": "y", "origin": [0, -14, 0]},
			"faces": {
				"north": {"uv": [3.5, 0, 4.25, 2.25], "texture": "#0"},
				"east": {"uv": [3.5, 2.25, 4.25, 4.5], "texture": "#0"},
				"south": {"uv": [4.25, 0, 5, 2.25], "texture": "#0"},
				"west": {"uv": [4.25, 2.25, 5, 4.5], "texture": "#0"},
				"up": {"uv": [6.75, 6, 6, 5.25], "texture": "#0"},
				"down": {"uv": [6.75, 6, 6, 6.75], "texture": "#0"}
			}
		},
		{
			"from": [6.5, -16, 6.5],
			"to": [9.5, -14, 9.5],
			"rotation": {"angle": 0, "axis": "y", "origin": [0, -14, 0]},
			"faces": {
				"north": {"uv": [6.75, 3.5, 7.5, 4], "texture": "#0"},
				"east": {"uv": [6.75, 4, 7.5, 4.5], "texture": "#0"},
				"south": {"uv": [4.5, 6.75, 5.25, 7.25], "texture": "#0"},
				"west": {"uv": [6.75, 4.5, 7.5, 5], "texture": "#0"},
				"up": {"uv": [7.25, 0.75, 6.5, 0], "texture": "#0"},
				"down": {"uv": [7.25, 0.75, 6.5, 1.5], "texture": "#0"}
			}
		},
		{
			"from": [7.5, 4, 7.5],
			"to": [8.5, 26, 8.5],
			"rotation": {"angle": 0, "axis": "y", "origin": [7.5, -14, 0]},
			"faces": {
				"north": {"uv": [3.5, 4.5, 3.75, 10], "texture": "#0"},
				"east": {"uv": [3.75, 4.5, 4, 10], "texture": "#0"},
				"south": {"uv": [4, 4.5, 4.25, 10], "texture": "#0"},
				"west": {"uv": [4.25, 4.5, 4.5, 10], "texture": "#0"},
				"up": {"uv": [6.75, 3.75, 6.5, 3.5], "texture": "#0"},
				"down": {"uv": [5.5, 6.75, 5.25, 7], "texture": "#0"}
			}
		}
	],
	"gui_light": "front",
	"display": {
		"thirdperson_righthand": {
			"translation": [0, 14.5, 1]
		},
		"thirdperson_lefthand": {
			"translation": [0, 14.5, 1]
		},
		"firstperson_righthand": {
			"rotation": [-18, 0, 0],
			"translation": [4, 9.75, -3.25],
			"scale": [0.7, 0.7, 0.7]
		},
		"firstperson_lefthand": {
			"rotation": [-18, 0, 0],
			"translation": [4, 9.75, -3.25],
			"scale": [0.7, 0.7, 0.7]
		},
		"ground": {
			"rotation": [75, 0, 0],
			"translation": [0, 3, 3.25],
			"scale": [0.7, 0.7, 0.7]
		},
		"gui": {
			"rotation": [66, 147, -50],
			"translation": [-2.75, 2.75, 0],
			"scale": [0.7, 0.7, 0.7]
		},
		"fixed": {
			"translation": [0, 4, -2]
		}
	},
	"groups": [
		{
			"name": "group",
			"origin": [7.5, -14, 0],
			"color": 0,
			"boneType": "",
			"children": [0, 1, 2, 3, 4, 5, 6, 7, 8, 9, 10, 11, 12]
		}
	]
}