{
	"textures": {
		"0": "item/crates/pirate22_crate/armor/helmet"
	},
	"elements": [
		{
			"name": "helmet_0",
			"from": [5, 0, 1],
			"to": [7, 1, 12],
			"faces": {
				"north": {"uv": [7, 1, 5, 2], "texture": "#0"},
				"east": {"uv": [6, 1, 7, 12], "rotation": 90, "texture": "#0"},
				"south": {"uv": [5, 11, 7, 12], "texture": "#0"},
				"west": {"uv": [5, 1, 6, 12], "rotation": 270, "texture": "#0"},
				"up": {"uv": [5, 1, 7, 12], "texture": "#0"},
				"down": {"uv": [5, 12, 7, 1], "texture": "#0"}
			}
		},
		{
			"name": "helmet_1",
			"from": [9, 0, 1],
			"to": [11, 1, 12],
			"faces": {
				"north": {"uv": [11, 1, 9, 2], "texture": "#0"},
				"east": {"uv": [10, 1, 11, 12], "rotation": 90, "texture": "#0"},
				"south": {"uv": [9, 11, 11, 12], "texture": "#0"},
				"west": {"uv": [9, 1, 10, 12], "rotation": 270, "texture": "#0"},
				"up": {"uv": [9, 1, 11, 12], "texture": "#0"},
				"down": {"uv": [9, 12, 11, 1], "texture": "#0"}
			}
		},
		{
			"name": "helmet_2",
			"from": [3, 0, 2],
			"to": [5, 1, 11],
			"faces": {
				"north": {"uv": [5, 2, 3, 3], "texture": "#0"},
				"east": {"uv": [4, 2, 5, 11], "rotation": 90, "texture": "#0"},
				"south": {"uv": [3, 10, 5, 11], "texture": "#0"},
				"west": {"uv": [3, 2, 4, 11], "rotation": 270, "texture": "#0"},
				"up": {"uv": [3, 2, 5, 11], "texture": "#0"},
				"down": {"uv": [3, 11, 5, 2], "texture": "#0"}
			}
		},
		{
			"name": "helmet_3",
			"from": [11, 0, 2],
			"to": [13, 1, 11],
			"faces": {
				"north": {"uv": [13, 2, 11, 3], "texture": "#0"},
				"east": {"uv": [12, 2, 13, 11], "rotation": 90, "texture": "#0"},
				"south": {"uv": [11, 10, 13, 11], "texture": "#0"},
				"west": {"uv": [11, 2, 12, 11], "rotation": 270, "texture": "#0"},
				"up": {"uv": [11, 2, 13, 11], "texture": "#0"},
				"down": {"uv": [11, 11, 13, 2], "texture": "#0"}
			}
		},
		{
			"name": "helmet_4",
			"from": [2, 0, 3],
			"to": [3, 1, 5],
			"faces": {
				"north": {"uv": [3, 3, 2, 4], "texture": "#0"},
				"east": {"uv": [2, 3, 3, 5], "rotation": 90, "texture": "#0"},
				"south": {"uv": [2, 4, 3, 5], "texture": "#0"},
				"west": {"uv": [2, 3, 3, 5], "rotation": 270, "texture": "#0"},
				"up": {"uv": [2, 3, 3, 5], "texture": "#0"},
				"down": {"uv": [2, 5, 3, 3], "texture": "#0"}
			}
		},
		{
			"name": "helmet_5",
			"from": [7, 0, 3],
			"to": [9, 1, 12],
			"faces": {
				"north": {"uv": [9, 3, 7, 4], "texture": "#0"},
				"east": {"uv": [8, 3, 9, 12], "rotation": 90, "texture": "#0"},
				"south": {"uv": [7, 11, 9, 12], "texture": "#0"},
				"west": {"uv": [7, 3, 8, 12], "rotation": 270, "texture": "#0"},
				"up": {"uv": [7, 3, 9, 12], "texture": "#0"},
				"down": {"uv": [7, 12, 9, 3], "texture": "#0"}
			}
		},
		{
			"name": "helmet_6",
			"from": [13, 0, 3],
			"to": [14, 1, 5],
			"faces": {
				"north": {"uv": [14, 3, 13, 4], "texture": "#0"},
				"east": {"uv": [13, 3, 14, 5], "rotation": 90, "texture": "#0"},
				"south": {"uv": [13, 4, 14, 5], "texture": "#0"},
				"west": {"uv": [13, 3, 14, 5], "rotation": 270, "texture": "#0"},
				"up": {"uv": [13, 3, 14, 5], "texture": "#0"},
				"down": {"uv": [13, 5, 14, 3], "texture": "#0"}
			}
		},
		{
			"name": "helmet_7",
			"from": [0, 0, 5],
			"to": [2, 1, 8],
			"faces": {
				"north": {"uv": [2, 5, 0, 6], "texture": "#0"},
				"east": {"uv": [1, 5, 2, 8], "rotation": 90, "texture": "#0"},
				"south": {"uv": [0, 7, 2, 8], "texture": "#0"},
				"west": {"uv": [0, 5, 1, 8], "rotation": 270, "texture": "#0"},
				"up": {"uv": [0, 5, 2, 8], "texture": "#0"},
				"down": {"uv": [0, 8, 2, 5], "texture": "#0"}
			}
		},
		{
			"name": "helmet_8",
			"from": [14, 0, 5],
			"to": [16, 1, 8],
			"faces": {
				"north": {"uv": [16, 5, 14, 6], "texture": "#0"},
				"east": {"uv": [15, 5, 16, 8], "rotation": 90, "texture": "#0"},
				"south": {"uv": [14, 7, 16, 8], "texture": "#0"},
				"west": {"uv": [14, 5, 15, 8], "rotation": 270, "texture": "#0"},
				"up": {"uv": [14, 5, 16, 8], "texture": "#0"},
				"down": {"uv": [14, 8, 16, 5], "texture": "#0"}
			}
		},
		{
			"name": "helmet_9",
			"from": [2, 0, 6],
			"to": [3, 1, 10],
			"faces": {
				"north": {"uv": [3, 6, 2, 7], "texture": "#0"},
				"east": {"uv": [2, 6, 3, 10], "rotation": 90, "texture": "#0"},
				"south": {"uv": [2, 9, 3, 10], "texture": "#0"},
				"west": {"uv": [2, 6, 3, 10], "rotation": 270, "texture": "#0"},
				"up": {"uv": [2, 6, 3, 10], "texture": "#0"},
				"down": {"uv": [2, 10, 3, 6], "texture": "#0"}
			}
		},
		{
			"name": "helmet_10",
			"from": [13, 0, 6],
			"to": [14, 1, 10],
			"faces": {
				"north": {"uv": [14, 6, 13, 7], "texture": "#0"},
				"east": {"uv": [13, 6, 14, 10], "rotation": 90, "texture": "#0"},
				"south": {"uv": [13, 9, 14, 10], "texture": "#0"},
				"west": {"uv": [13, 6, 14, 10], "rotation": 270, "texture": "#0"},
				"up": {"uv": [13, 6, 14, 10], "texture": "#0"},
				"down": {"uv": [13, 10, 14, 6], "texture": "#0"}
			}
		},
		{
			"name": "helmet_11",
			"from": [1, 0, 8],
			"to": [2, 1, 9],
			"faces": {
				"north": {"uv": [2, 8, 1, 9], "texture": "#0"},
				"east": {"uv": [1, 8, 2, 9], "rotation": 90, "texture": "#0"},
				"south": {"uv": [1, 8, 2, 9], "texture": "#0"},
				"west": {"uv": [1, 8, 2, 9], "rotation": 270, "texture": "#0"},
				"up": {"uv": [1, 8, 2, 9], "texture": "#0"},
				"down": {"uv": [1, 9, 2, 8], "texture": "#0"}
			}
		},
		{
			"name": "helmet_12",
			"from": [14, 0, 8],
			"to": [15, 1, 9],
			"faces": {
				"north": {"uv": [15, 8, 14, 9], "texture": "#0"},
				"east": {"uv": [14, 8, 15, 9], "rotation": 90, "texture": "#0"},
				"south": {"uv": [14, 8, 15, 9], "texture": "#0"},
				"west": {"uv": [14, 8, 15, 9], "rotation": 270, "texture": "#0"},
				"up": {"uv": [14, 8, 15, 9], "texture": "#0"},
				"down": {"uv": [14, 9, 15, 8], "texture": "#0"}
			}
		},
		{
			"name": "helmet_13",
			"from": [4, 0, 11],
			"to": [5, 1, 13],
			"faces": {
				"north": {"uv": [5, 11, 4, 12], "texture": "#0"},
				"east": {"uv": [4, 11, 5, 13], "rotation": 90, "texture": "#0"},
				"south": {"uv": [4, 12, 5, 13], "texture": "#0"},
				"west": {"uv": [4, 11, 5, 13], "rotation": 270, "texture": "#0"},
				"up": {"uv": [4, 11, 5, 13], "texture": "#0"},
				"down": {"uv": [4, 13, 5, 11], "texture": "#0"}
			}
		},
		{
			"name": "helmet_14",
			"from": [11, 0, 11],
			"to": [12, 1, 12],
			"faces": {
				"north": {"uv": [12, 11, 11, 12], "texture": "#0"},
				"east": {"uv": [11, 11, 12, 12], "rotation": 90, "texture": "#0"},
				"south": {"uv": [11, 11, 12, 12], "texture": "#0"},
				"west": {"uv": [11, 11, 12, 12], "rotation": 270, "texture": "#0"},
				"up": {"uv": [11, 11, 12, 12], "texture": "#0"},
				"down": {"uv": [11, 12, 12, 11], "texture": "#0"}
			}
		},
		{
			"name": "helmet_15",
			"from": [3, 0, 12],
			"to": [4, 1, 15],
			"faces": {
				"north": {"uv": [4, 12, 3, 13], "texture": "#0"},
				"east": {"uv": [3, 12, 4, 15], "rotation": 90, "texture": "#0"},
				"south": {"uv": [3, 14, 4, 15], "texture": "#0"},
				"west": {"uv": [3, 12, 4, 15], "rotation": 270, "texture": "#0"},
				"up": {"uv": [3, 12, 4, 15], "texture": "#0"},
				"down": {"uv": [3, 15, 4, 12], "texture": "#0"}
			}
		}
	],
	"gui_light": "front",
	"display": {
		"thirdperson_righthand": {
			"rotation": [-180, 0, 90],
			"translation": [-4.25, 0, 0],
			"scale": [0.6, 0.6, 0.6]
		},
		"thirdperson_lefthand": {
			"rotation": [-180, 0, 90],
			"translation": [-4.25, 0, 0],
			"scale": [0.6, 0.6, 0.6]
		},
		"firstperson_righthand": {
			"rotation": [45, 0, -90],
			"translation": [7, 2.75, -1.25],
			"scale": [0.6, 0.6, 0.6]
		},
		"firstperson_lefthand": {
			"rotation": [45, 0, -90],
			"translation": [7, 2.75, -1.25],
			"scale": [0.6, 0.6, 0.6]
		},
		"ground": {
			"translation": [0, 2.5, 0],
			"scale": [0.6, 0.6, 0.6]
		},
		"gui": {
			"rotation": [90, 0, 0]
		},
		"fixed": {
			"rotation": [90, 0, 0],
			"translation": [0, 0, 6.75]
		}
	},
	"groups": [
		{
			"name": "helmet",
			"origin": [8, 8, 8],
			"color": 0,
			"boneType": "",
			"children": [0, 1, 2, 3, 4, 5, 6, 7, 8, 9, 10, 11, 12, 13, 14, 15]
		}
	]
}