{
	"textures": {
		"0": "item/crates/pirate22_crate/hook"
	},
	"elements": [
		{
			"from": [6, 0, 6],
			"to": [10, 5, 10],
			"faces": {
				"north": {"uv": [0, 5, 2, 7.5], "texture": "#0"},
				"east": {"uv": [2.5, 5, 4.5, 7.5], "texture": "#0"},
				"south": {"uv": [5, 5, 7, 7.5], "texture": "#0"},
				"west": {"uv": [7.5, 5, 9.5, 7.5], "texture": "#0"},
				"up": {"uv": [2, 10, 0, 8], "texture": "#0"},
				"down": {"uv": [10, 0, 8, 2], "texture": "#0"}
			}
		},
		{
			"from": [4.5, 5, 8],
			"to": [11.5, 14, 8],
			"rotation": {"angle": 45, "axis": "y", "origin": [8, 5, 8]},
			"faces": {
				"north": {"uv": [0, 0, 3.5, 4.5], "texture": "#0"},
				"east": {"uv": [2.5, 8, 2.5, 12.5], "texture": "#0"},
				"south": {"uv": [3.5, 0, 0, 4.5], "texture": "#0"},
				"west": {"uv": [3, 8, 3, 12.5], "texture": "#0"},
				"up": {"uv": [11.5, 2.5, 8, 2.5], "texture": "#0"},
				"down": {"uv": [11.5, 3, 8, 3], "texture": "#0"}
			}
		}
	],
	"gui_light": "front",
	"display": {
		"thirdperson_righthand": {
			"rotation": [-90, -90, 0],
			"translation": [0, -2, -4.25],
			"scale": [1.15, 1.15, 1.15]
		},
		"thirdperson_lefthand": {
			"rotation": [-90, -90, 0],
			"translation": [0, -2, -4.25],
			"scale": [1.15, 1.15, 1.15]
		},
		"firstperson_righthand": {
			"rotation": [-11, -136, 0],
			"translation": [3.25, 5.5, 0]
		},
		"firstperson_lefthand": {
			"rotation": [-11, 137, 0],
			"translation": [3.25, 5.5, 0]
		},
		"ground": {
			"translation": [0, 5.25, 0]
		},
		"gui": {
			"rotation": [180, 0, -30],
			"translation": [1, -2.5, 0],
			"scale": [1.3, 1.3, 1.3]
		},
		"head": {
			"translation": [0, 14.5, 0]
		},
		"fixed": {
			"rotation": [0, -67, 0],
			"translation": [0, 1.75, -1.25]
		}
	},
	"groups": [
		{
			"name": "group",
			"origin": [0, 0, 0],
			"color": 0,
			"boneType": "",
			"children": [0, 1]
		}
	]
}