{
	"textures": {
		"0": "item/crates/pirate22_crate/jarofdirt"
	},
	"elements": [
		{
			"from": [6, 0.5, 6.5],
			"to": [10, 6.5, 10.5],
			"rotation": {"angle": 0, "axis": "y", "origin": [5.5, 0, 0]},
			"faces": {
				"north": {"uv": [5, 5, 7, 8], "texture": "#0"},
				"east": {"uv": [0, 7, 2, 10], "texture": "#0"},
				"south": {"uv": [2, 7, 4, 10], "texture": "#0"},
				"west": {"uv": [7, 5, 9, 8], "texture": "#0"},
				"up": {"uv": [9.5, 2, 7.5, 0], "texture": "#0"},
				"down": {"uv": [9.5, 2, 7.5, 4], "texture": "#0"}
			}
		},
		{
			"from": [5.5, 0, 6],
			"to": [10.5, 7, 11],
			"rotation": {"angle": 0, "axis": "y", "origin": [5.5, 0, 0]},
			"faces": {
				"north": {"uv": [0, 0, 2.5, 3.5], "texture": "#0"},
				"east": {"uv": [2.5, 0, 5, 3.5], "texture": "#0"},
				"south": {"uv": [0, 3.5, 2.5, 7], "texture": "#0"},
				"west": {"uv": [2.5, 3.5, 5, 7], "texture": "#0"},
				"up": {"uv": [7.5, 2.5, 5, 0], "texture": "#0"},
				"down": {"uv": [7.5, 2.5, 5, 5], "texture": "#0"}
			}
		},
		{
			"from": [6.5, 7, 7],
			"to": [9.5, 10, 10],
			"rotation": {"angle": 0, "axis": "y", "origin": [5.5, 0, 0]},
			"faces": {
				"north": {"uv": [4, 8, 5.5, 9.5], "texture": "#0"},
				"east": {"uv": [5.5, 8, 7, 9.5], "texture": "#0"},
				"south": {"uv": [7, 8, 8.5, 9.5], "texture": "#0"},
				"west": {"uv": [8.5, 8, 10, 9.5], "texture": "#0"},
				"up": {"uv": [10.5, 5.5, 9, 4], "texture": "#0"},
				"down": {"uv": [10.5, 5.5, 9, 7], "texture": "#0"}
			}
		}
	],
	"gui_light": "front",
	"display": {
		"thirdperson_righthand": {
			"translation": [0, 2.25, -3.5]
		},
		"thirdperson_lefthand": {
			"translation": [0, 2.25, -3.5]
		},
		"firstperson_righthand": {
			"translation": [2.75, 5.25, 0]
		},
		"firstperson_lefthand": {
			"translation": [2.75, 5.25, 0]
		},
		"ground": {
			"translation": [0, 5.75, 0]
		},
		"gui": {
			"rotation": [17, 52, 19],
			"translation": [-1.5, 4.25, 0],
			"scale": [1.4, 1.4, 1.4]
		},
		"head": {
			"translation": [0, 15, 0]
		},
		"fixed": {
			"translation": [0, 3.75, 0]
		}
	},
	"groups": [
		{
			"name": "group",
			"origin": [5.5, 0, 0],
			"color": 0,
			"boneType": "",
			"children": [0, 1, 2]
		}
	]
}