{
	"textures": {
		"0": "item/crates/pirate22_crate/pirateflag"
	},
	"elements": [
		{
			"from": [18, -16, 7],
			"to": [20, 29, 9],
			"rotation": {"angle": 0, "axis": "y", "origin": [3, 0, 0]},
			"faces": {
				"north": {"uv": [0, 3.25, 0.25, 8.875], "texture": "#0"},
				"east": {"uv": [0.25, 3.25, 0.5, 8.875], "texture": "#0"},
				"south": {"uv": [0.5, 3.25, 0.75, 8.875], "texture": "#0"},
				"west": {"uv": [0.75, 3.25, 1, 8.875], "texture": "#0"},
				"up": {"uv": [3.5, 3.5, 3.25, 3.25], "texture": "#0"},
				"down": {"uv": [3.625, 0, 3.375, 0.25], "texture": "#0"}
			}
		},
		{
			"from": [17.5, 29, 6.5],
			"to": [20.5, 32, 9.5],
			"rotation": {"angle": 0, "axis": "y", "origin": [3.5, 0, 0]},
			"faces": {
				"north": {"uv": [1, 3.25, 1.375, 3.625], "texture": "#0"},
				"east": {"uv": [1.375, 3.25, 1.75, 3.625], "texture": "#0"},
				"south": {"uv": [1.75, 3.25, 2.125, 3.625], "texture": "#0"},
				"west": {"uv": [2.125, 3.25, 2.5, 3.625], "texture": "#0"},
				"up": {"uv": [2.875, 3.625, 2.5, 3.25], "texture": "#0"},
				"down": {"uv": [3.25, 3.25, 2.875, 3.625], "texture": "#0"}
			}
		},
		{
			"from": [9, 16, 8],
			"to": [18, 29, 8],
			"rotation": {"angle": 0, "axis": "y", "origin": [-4, 0, 0]},
			"faces": {
				"north": {"uv": [0, 0, 1.125, 1.625], "texture": "#0"},
				"east": {"uv": [0, 0, 0, 1.625], "texture": "#0"},
				"south": {"uv": [1.125, 0, 0, 1.625], "texture": "#0"},
				"west": {"uv": [0, 0, 0, 1.625], "texture": "#0"},
				"up": {"uv": [1.125, 0, 0, 0], "texture": "#0"},
				"down": {"uv": [1.125, 0, 0, 0], "texture": "#0"}
			}
		},
		{
			"from": [0, 16, 8],
			"to": [9, 29, 8],
			"rotation": {"angle": -22.5, "axis": "y", "origin": [9, 18, 8]},
			"faces": {
				"north": {"uv": [0, 1.625, 1.125, 3.25], "texture": "#0"},
				"east": {"uv": [0, 0, 0, 1.625], "texture": "#0"},
				"south": {"uv": [1.125, 1.625, 0, 3.25], "texture": "#0"},
				"west": {"uv": [0, 0, 0, 1.625], "texture": "#0"},
				"up": {"uv": [1.125, 0, 0, 0], "texture": "#0"},
				"down": {"uv": [1.125, 0, 0, 0], "texture": "#0"}
			}
		},
		{
			"from": [-8.31792, 16, 4.55926],
			"to": [0.68208, 29, 4.55926],
			"rotation": {"angle": 22.5, "axis": "y", "origin": [0.675, 16, 4.55]},
			"faces": {
				"north": {"uv": [2.25, 0, 3.375, 1.625], "texture": "#0"},
				"east": {"uv": [0, 0, 0, 1.625], "texture": "#0"},
				"south": {"uv": [3.375, 0, 2.25, 1.625], "texture": "#0"},
				"west": {"uv": [0, 0, 0, 1.625], "texture": "#0"},
				"up": {"uv": [1.125, 0, 0, 0], "texture": "#0"},
				"down": {"uv": [1.125, 0, 0, 0], "texture": "#0"}
			}
		}
	],
	"gui_light": "front",
	"display": {
		"thirdperson_righthand": {
			"rotation": [79, -123, 19],
			"translation": [7.5, 12.25, 4]
		},
		"thirdperson_lefthand": {
			"rotation": [61, 41, -5],
			"translation": [9.25, 11.5, 5]
		},
		"firstperson_righthand": {
			"rotation": [0, -63, 0],
			"translation": [1.75, 5, -4],
			"scale": [0.5, 0.5, 0.5]
		},
		"firstperson_lefthand": {
			"rotation": [0, 99, 0],
			"translation": [4, 4.75, -5.25],
			"scale": [0.5, 0.5, 0.5]
		},
		"ground": {
			"rotation": [62, 0, 0],
			"translation": [-4, 5, 0],
			"scale": [0.5, 0.5, 0.5]
		},
		"gui": {
			"rotation": [0, -145, 30],
			"translation": [0.75, -1.75, 0],
			"scale": [0.35, 0.35, 0.35]
		},
		"head": {
			"rotation": [0, 0, 40],
			"translation": [-12.75, -24.75, 6.5],
			"scale": [1.5, 1.5, 1.5]
		},
		"fixed": {
			"translation": [0, 0, -2.25]
		}
	},
	"groups": [
		{
			"name": "group",
			"origin": [8, 8, 8],
			"color": 0,
			"boneType": "",
			"children": [
				{
					"name": "pole",
					"origin": [7.5, 0, 0],
					"color": 0,
					"boneType": "",
					"children": [0, 1]
				},
				{
					"name": "flag1",
					"origin": [8, 8, 8],
					"color": 0,
					"boneType": "",
					"children": [2, 3, 4]
				}
			]
		}
	]
}