{
	"textures": {
		"0": "item/crates/pirate22_crate/pirate_hat"
	},
	"elements": [
		{
			"from": [3, 0, 3],
			"to": [13, 2, 13],
			"faces": {
				"north": {"uv": [6.125, 2.125, 7.375, 2.375], "texture": "#0"},
				"east": {"uv": [6.125, 2.5, 7.375, 2.75], "texture": "#0"},
				"south": {"uv": [6.125, 2.875, 7.375, 3.125], "texture": "#0"},
				"west": {"uv": [3, 6.125, 4.25, 6.375], "texture": "#0"},
				"up": {"uv": [6, 2.5, 4.75, 1.25], "texture": "#0"},
				"down": {"uv": [2.875, 5, 1.625, 6.25], "texture": "#0"}
			}
		},
		{
			"from": [3, 2, 3],
			"to": [13, 8, 13],
			"faces": {
				"north": {"uv": [5.625, 3.75, 6.875, 4.5], "texture": "#0"},
				"east": {"uv": [5.875, 5.5, 7.125, 6.25], "texture": "#0"},
				"south": {"uv": [5.875, 4.625, 7.125, 5.375], "texture": "#0"},
				"west": {"uv": [6, 1.25, 7.25, 2], "texture": "#0"},
				"up": {"uv": [6, 3.75, 4.75, 2.5], "texture": "#0"},
				"down": {"uv": [4.25, 5, 3, 6], "texture": "#0"}
			}
		},
		{
			"from": [-0.5, 2, 2],
			"to": [16.5, 11, 2],
			"rotation": {"angle": 0, "axis": "y", "origin": [-0.5, 0, 0]},
			"faces": {
				"north": {"uv": [2.375, 0, 4.5, 1.125], "texture": "#0"},
				"east": {"uv": [1.5, 5.75, 1.5, 6.875], "texture": "#0"},
				"south": {"uv": [4.5, 0, 2.375, 1.125], "texture": "#0"},
				"west": {"uv": [6.375, 0, 6.375, 1.125], "texture": "#0"},
				"up": {"uv": [8.375, 3.25, 6.125, 3.25], "texture": "#0"},
				"down": {"uv": [8.375, 3.375, 6.125, 3.375], "texture": "#0"}
			}
		},
		{
			"from": [-0.5, 2, 2],
			"to": [16.5, 2, 14],
			"rotation": {"angle": 0, "axis": "y", "origin": [-0.5, 0, 0]},
			"faces": {
				"north": {"uv": [6.125, 3.5, 8.375, 3.5], "texture": "#0"},
				"east": {"uv": [6.125, 3.625, 7.625, 3.625], "texture": "#0"},
				"south": {"uv": [5.875, 6.375, 8.125, 6.375], "texture": "#0"},
				"west": {"uv": [6.5, 0, 8, 0], "texture": "#0"},
				"up": {"uv": [0.125, 1.625, 2.25, 3.125], "texture": "#0"},
				"down": {"uv": [2.25, 1.625, 0.125, 3.125], "texture": "#0"}
			}
		},
		{
			"from": [-0.5, 2, 2],
			"to": [-0.5, 11, 14],
			"faces": {
				"north": {"uv": [1.625, 6.375, 1.625, 7.5], "texture": "#0"},
				"east": {"uv": [5.5, 3.75, 4, 4.875], "texture": "#0"},
				"south": {"uv": [1.75, 6.375, 1.75, 7.5], "texture": "#0"},
				"west": {"uv": [4, 3.75, 5.5, 4.875], "texture": "#0"},
				"up": {"uv": [1.875, 7.875, 1.875, 6.375], "texture": "#0"},
				"down": {"uv": [2, 6.375, 2, 7.875], "texture": "#0"}
			}
		},
		{
			"from": [16.5, 2, 2],
			"to": [16.5, 11, 14],
			"faces": {
				"north": {"uv": [2.125, 6.375, 2.125, 7.5], "texture": "#0"},
				"east": {"uv": [0, 4.5, 1.5, 5.625], "texture": "#0"},
				"south": {"uv": [2.25, 6.375, 2.25, 7.5], "texture": "#0"},
				"west": {"uv": [1.5, 4.5, 0, 5.625], "texture": "#0"},
				"up": {"uv": [2.375, 7.875, 2.375, 6.375], "texture": "#0"},
				"down": {"uv": [2.5, 6.375, 2.5, 7.875], "texture": "#0"}
			}
		},
		{
			"from": [-0.5, 2, 14],
			"to": [16.5, 11, 14],
			"rotation": {"angle": 0, "axis": "y", "origin": [-0.5, 0, 0]},
			"faces": {
				"north": {"uv": [2.25, 3.25, 0.125, 4.375], "texture": "#0"},
				"east": {"uv": [2.625, 6.375, 2.625, 7.5], "texture": "#0"},
				"south": {"uv": [0.125, 3.25, 2.25, 4.375], "texture": "#0"},
				"west": {"uv": [2.75, 6.375, 2.75, 7.5], "texture": "#0"},
				"up": {"uv": [8.75, 0.125, 6.5, 0.125], "texture": "#0"},
				"down": {"uv": [8.75, 0.25, 6.5, 0.25], "texture": "#0"}
			}
		},
		{
			"from": [2, 2, 2.75],
			"to": [7, 18, 2.75],
			"rotation": {"angle": 22.5, "axis": "z", "origin": [4, 0, 4]},
			"faces": {
				"north": {"uv": [4.375, 5, 5, 7], "texture": "#0"},
				"east": {"uv": [2.875, 6.375, 2.875, 8.375], "texture": "#0"},
				"south": {"uv": [5, 5, 4.375, 7], "texture": "#0"},
				"west": {"uv": [3, 6.5, 3, 8.5], "texture": "#0"},
				"up": {"uv": [2.25, 4.5, 1.625, 4.5], "texture": "#0"},
				"down": {"uv": [2.25, 4.625, 1.625, 4.625], "texture": "#0"}
			}
		},
		{
			"from": [-1, -7, 8],
			"to": [4, 6, 8],
			"rotation": {"angle": 45, "axis": "z", "origin": [12, 16, 4]},
			"faces": {
				"north": {"uv": [0, 5.75, 0.625, 7.375], "texture": "#0"},
				"east": {"uv": [3.125, 6.5, 3.125, 8.125], "texture": "#0"},
				"south": {"uv": [0.625, 5.75, 0, 7.375], "texture": "#0"},
				"west": {"uv": [3.25, 6.5, 3.25, 8.125], "texture": "#0"},
				"up": {"uv": [2.25, 4.75, 1.625, 4.75], "texture": "#0"},
				"down": {"uv": [2.25, 4.875, 1.625, 4.875], "texture": "#0"}
			}
		}
	],
	"gui_light": "front",
	"display": {
		"thirdperson_righthand": {
			"translation": [0, 4, 0],
			"scale": [0.5, 0.5, 0.5]
		},
		"thirdperson_lefthand": {
			"translation": [0, 4, 0],
			"scale": [0.5, 0.5, 0.5]
		},
		"ground": {
			"translation": [0, 1.25, 0],
			"scale": [0.5, 0.5, 0.5]
		},
		"gui": {
			"rotation": [30, -145, 0],
			"translation": [0, 2.5, 0],
			"scale": [0.8, 0.8, 0.8]
		},
		"head": {
			"translation": [0, 13.75, 0],
			"scale": [1.5, 1.5, 1.5]
		},
		"fixed": {
			"translation": [0, 2, -1]
		}
	},
	"groups": [
		{
			"name": "group",
			"origin": [12, 16, 4],
			"color": 0,
			"boneType": "",
			"children": [0, 1, 2, 3, 4, 5, 6, 7, 8]
		}
	]
}