{
	"textures": {
		"0": "item/crates/pirate22_crate/shipwheel"
	},
	"elements": [
		{
			"from": [5.48033, -3.3, 7.025],
			"to": [8.48033, -1.3, 8.975],
			"rotation": {"angle": -22.5, "axis": "z", "origin": [5.68468, 2.7, 7]},
			"faces": {
				"north": {"uv": [9, 7.5, 10.5, 8.5], "texture": "#0"},
				"east": {"uv": [12, 2.5, 13, 3.5], "texture": "#0"},
				"south": {"uv": [5.5, 9.5, 7, 10.5], "texture": "#0"},
				"west": {"uv": [12, 3.5, 13, 4.5], "texture": "#0"},
				"up": {"uv": [8.5, 10.5, 7, 9.5], "texture": "#0"},
				"down": {"uv": [10, 9.5, 8.5, 10.5], "texture": "#0"}
			}
		},
		{
			"from": [5.48033, 5.31313, 7.025],
			"to": [8.48033, 7.31313, 8.975],
			"rotation": {"angle": 22.5, "axis": "z", "origin": [5.68468, 1.31313, 7]},
			"faces": {
				"north": {"uv": [3.5, 10, 5, 11], "texture": "#0"},
				"east": {"uv": [12, 4.5, 13, 5.5], "texture": "#0"},
				"south": {"uv": [10, 8.5, 11.5, 9.5], "texture": "#0"},
				"west": {"uv": [12, 5.5, 13, 6.5], "texture": "#0"},
				"up": {"uv": [11.5, 10.5, 10, 9.5], "texture": "#0"},
				"down": {"uv": [12, 4, 10.5, 5], "texture": "#0"}
			}
		},
		{
			"from": [7.46252, -3.3, 7.025],
			"to": [10.46252, -1.3, 8.975],
			"rotation": {"angle": 22.5, "axis": "z", "origin": [10.25817, 2.7, 7]},
			"faces": {
				"north": {"uv": [5, 10.5, 6.5, 11.5], "texture": "#0"},
				"east": {"uv": [12, 6.5, 13, 7.5], "texture": "#0"},
				"south": {"uv": [10.5, 5, 12, 6], "texture": "#0"},
				"west": {"uv": [12, 7.5, 13, 8.5], "texture": "#0"},
				"up": {"uv": [8, 11.5, 6.5, 10.5], "texture": "#0"},
				"down": {"uv": [12, 7.5, 10.5, 8.5], "texture": "#0"}
			}
		},
		{
			"from": [7.46252, 5.31313, 7.025],
			"to": [10.46252, 7.31313, 8.975],
			"rotation": {"angle": -22.5, "axis": "z", "origin": [10.25817, 1.31313, 7]},
			"faces": {
				"north": {"uv": [8, 10.5, 9.5, 11.5], "texture": "#0"},
				"east": {"uv": [12, 10, 13, 11], "texture": "#0"},
				"south": {"uv": [9.5, 10.5, 11, 11.5], "texture": "#0"},
				"west": {"uv": [10.5, 12, 11.5, 13], "texture": "#0"},
				"up": {"uv": [1.5, 12, 0, 11], "texture": "#0"},
				"down": {"uv": [12.5, 0, 11, 1], "texture": "#0"}
			}
		},
		{
			"from": [2.82127, -0.45342, 7.05],
			"to": [4.82127, 2.54658, 8.95],
			"rotation": {"angle": 22.5, "axis": "z", "origin": [8.82127, -0.65777, 7]},
			"faces": {
				"north": {"uv": [11, 1, 12, 2.5], "texture": "#0"},
				"east": {"uv": [1.5, 11, 2.5, 12.5], "texture": "#0"},
				"south": {"uv": [2.5, 11, 3.5, 12.5], "texture": "#0"},
				"west": {"uv": [11, 2.5, 12, 4], "texture": "#0"},
				"up": {"uv": [13, 12, 12, 11], "texture": "#0"},
				"down": {"uv": [12.5, 12, 11.5, 13], "texture": "#0"}
			}
		},
		{
			"from": [2.82127, 1.46655, 7.05],
			"to": [4.82127, 4.46655, 8.95],
			"rotation": {"angle": -22.5, "axis": "z", "origin": [8.82127, 4.6709, 7]},
			"faces": {
				"north": {"uv": [3.5, 11, 4.5, 12.5], "texture": "#0"},
				"east": {"uv": [11, 6, 12, 7.5], "texture": "#0"},
				"south": {"uv": [11, 10.5, 12, 12], "texture": "#0"},
				"west": {"uv": [4.5, 11.5, 5.5, 13], "texture": "#0"},
				"up": {"uv": [13.5, 1, 12.5, 0], "texture": "#0"},
				"down": {"uv": [2, 12.5, 1, 13.5], "texture": "#0"}
			}
		},
		{
			"from": [11.12159, -0.45342, 7.05],
			"to": [13.12159, 2.54658, 8.95],
			"rotation": {"angle": -22.5, "axis": "z", "origin": [7.12159, -0.65777, 7]},
			"faces": {
				"north": {"uv": [5.5, 11.5, 6.5, 13], "texture": "#0"},
				"east": {"uv": [6.5, 11.5, 7.5, 13], "texture": "#0"},
				"south": {"uv": [7.5, 11.5, 8.5, 13], "texture": "#0"},
				"west": {"uv": [8.5, 11.5, 9.5, 13], "texture": "#0"},
				"up": {"uv": [3, 13.5, 2, 12.5], "texture": "#0"},
				"down": {"uv": [4, 12.5, 3, 13.5], "texture": "#0"}
			}
		},
		{
			"from": [11.12159, 1.46655, 7.05],
			"to": [13.12159, 4.46655, 8.95],
			"rotation": {"angle": 22.5, "axis": "z", "origin": [7.12159, 4.6709, 7]},
			"faces": {
				"north": {"uv": [11.5, 8.5, 12.5, 10], "texture": "#0"},
				"east": {"uv": [9.5, 11.5, 10.5, 13], "texture": "#0"},
				"south": {"uv": [0, 12, 1, 13.5], "texture": "#0"},
				"west": {"uv": [12, 1, 13, 2.5], "texture": "#0"},
				"up": {"uv": [13.5, 9.5, 12.5, 8.5], "texture": "#0"},
				"down": {"uv": [13.5, 12, 12.5, 13], "texture": "#0"}
			}
		},
		{
			"from": [2.05174, 0.00656, 7],
			"to": [4.05174, 4.00656, 9],
			"rotation": {"angle": 0, "axis": "y", "origin": [8.05174, 1.80221, 7]},
			"faces": {
				"north": {"uv": [3.5, 6.5, 4.5, 8.5], "texture": "#0"},
				"east": {"uv": [6, 6.5, 7, 8.5], "texture": "#0"},
				"south": {"uv": [7, 0, 8, 2], "texture": "#0"},
				"west": {"uv": [7, 2, 8, 4], "texture": "#0"},
				"up": {"uv": [14, 2, 13, 1], "texture": "#0"},
				"down": {"uv": [14, 2, 13, 3], "texture": "#0"}
			}
		},
		{
			"from": [11.89112, 0.00656, 7],
			"to": [13.89112, 4.00656, 9],
			"rotation": {"angle": 0, "axis": "y", "origin": [7.89112, 1.80221, 7]},
			"faces": {
				"north": {"uv": [7, 6.5, 8, 8.5], "texture": "#0"},
				"east": {"uv": [8, 0, 9, 2], "texture": "#0"},
				"south": {"uv": [8, 2, 9, 4], "texture": "#0"},
				"west": {"uv": [8, 6.5, 9, 8.5], "texture": "#0"},
				"up": {"uv": [14, 4, 13, 3], "texture": "#0"},
				"down": {"uv": [5, 13, 4, 14], "texture": "#0"}
			}
		},
		{
			"from": [5.97143, -3.91313, 7],
			"to": [9.97143, -1.91313, 9],
			"rotation": {"angle": 0, "axis": "y", "origin": [11.97143, -3.11748, 7]},
			"faces": {
				"north": {"uv": [6, 8.5, 8, 9.5], "texture": "#0"},
				"east": {"uv": [13, 4, 14, 5], "texture": "#0"},
				"south": {"uv": [8, 8.5, 10, 9.5], "texture": "#0"},
				"west": {"uv": [5, 13, 6, 14], "texture": "#0"},
				"up": {"uv": [11, 1, 9, 0], "texture": "#0"},
				"down": {"uv": [11, 1, 9, 2], "texture": "#0"}
			}
		},
		{
			"from": [5.97143, 5.92625, 7],
			"to": [9.97143, 7.92625, 9],
			"rotation": {"angle": 0, "axis": "y", "origin": [11.97143, 7.1306, 7]},
			"faces": {
				"north": {"uv": [9, 2, 11, 3], "texture": "#0"},
				"east": {"uv": [13, 5, 14, 6], "texture": "#0"},
				"south": {"uv": [9, 3, 11, 4], "texture": "#0"},
				"west": {"uv": [6, 13, 7, 14], "texture": "#0"},
				"up": {"uv": [5.5, 10, 3.5, 9], "texture": "#0"},
				"down": {"uv": [11, 6.5, 9, 7.5], "texture": "#0"}
			}
		},
		{
			"from": [6.5, 0.68687, 7.5],
			"to": [7.5, 2.68687, 8.5],
			"rotation": {"angle": 0, "axis": "z", "origin": [7.97855, 2.06187, 8]},
			"faces": {
				"north": {"uv": [4, 14, 4.5, 15], "texture": "#0"},
				"east": {"uv": [14, 4, 14.5, 5], "texture": "#0"},
				"south": {"uv": [4.5, 14, 5, 15], "texture": "#0"},
				"west": {"uv": [5, 14, 5.5, 15], "texture": "#0"},
				"up": {"uv": [6, 9.5, 5.5, 9], "texture": "#0"},
				"down": {"uv": [10.5, 4, 10, 4.5], "texture": "#0"}
			}
		},
		{
			"from": [7.5, 0.68687, 7.5],
			"to": [8.5, 1.68687, 8.5],
			"rotation": {"angle": 0, "axis": "z", "origin": [7.97855, 2.06187, 8]},
			"faces": {
				"north": {"uv": [5, 10, 5.5, 10.5], "texture": "#0"},
				"east": {"uv": [10.5, 6, 11, 6.5], "texture": "#0"},
				"south": {"uv": [4.5, 11, 5, 11.5], "texture": "#0"},
				"west": {"uv": [11.5, 10, 12, 10.5], "texture": "#0"},
				"up": {"uv": [11, 12, 10.5, 11.5], "texture": "#0"},
				"down": {"uv": [1.5, 12, 1, 12.5], "texture": "#0"}
			}
		},
		{
			"from": [1.1641, 1.10204, 7.05],
			"to": [2.1641, 3.10204, 8.95],
			"rotation": {"angle": 0, "axis": "y", "origin": [8.02143, 2.21187, 8]},
			"faces": {
				"north": {"uv": [14, 5, 14.5, 6], "texture": "#0"},
				"east": {"uv": [13, 6, 14, 7], "texture": "#0"},
				"south": {"uv": [5.5, 14, 6, 15], "texture": "#0"},
				"west": {"uv": [7, 13, 8, 14], "texture": "#0"},
				"up": {"uv": [6.5, 15, 6, 14], "texture": "#0"},
				"down": {"uv": [14.5, 6, 14, 7], "texture": "#0"}
			}
		},
		{
			"from": [13.87875, 1.14671, 7.05],
			"to": [14.87875, 3.14671, 8.95],
			"rotation": {"angle": 0, "axis": "y", "origin": [8.02143, 2.03687, 8]},
			"faces": {
				"north": {"uv": [6.5, 14, 7, 15], "texture": "#0"},
				"east": {"uv": [13, 7, 14, 8], "texture": "#0"},
				"south": {"uv": [7, 14, 7.5, 15], "texture": "#0"},
				"west": {"uv": [8, 13, 9, 14], "texture": "#0"},
				"up": {"uv": [14.5, 8, 14, 7], "texture": "#0"},
				"down": {"uv": [8, 14, 7.5, 15], "texture": "#0"}
			}
		},
		{
			"from": [6.99802, -5.63176, 7.05],
			"to": [8.99802, -4.63176, 8.95],
			"rotation": {"angle": -45, "axis": "z", "origin": [7.99643, 2.18687, 8]},
			"faces": {
				"north": {"uv": [7, 4, 8, 4.5], "texture": "#0"},
				"east": {"uv": [8, 4, 9, 4.5], "texture": "#0"},
				"south": {"uv": [3.5, 8.5, 4.5, 9], "texture": "#0"},
				"west": {"uv": [9, 4, 10, 4.5], "texture": "#0"},
				"up": {"uv": [10, 14, 9, 13], "texture": "#0"},
				"down": {"uv": [14, 9.5, 13, 10.5], "texture": "#0"}
			}
		},
		{
			"from": [7.03505, 8.80942, 7.05],
			"to": [9.03505, 9.80942, 8.95],
			"rotation": {"angle": 45, "axis": "z", "origin": [8.02143, 2.18687, 8]},
			"faces": {
				"north": {"uv": [8, 14, 9, 14.5], "texture": "#0"},
				"east": {"uv": [14, 8, 15, 8.5], "texture": "#0"},
				"south": {"uv": [14, 8.5, 15, 9], "texture": "#0"},
				"west": {"uv": [9, 14, 10, 14.5], "texture": "#0"},
				"up": {"uv": [11, 14, 10, 13], "texture": "#0"},
				"down": {"uv": [14, 10.5, 13, 11.5], "texture": "#0"}
			}
		},
		{
			"from": [8.87875, 1.64671, 7.525],
			"to": [17.87875, 2.64671, 8.475],
			"rotation": {"angle": 0, "axis": "y", "origin": [8.02143, 2.03687, 8]},
			"faces": {
				"north": {"uv": [0, 0, 4.5, 0.5], "texture": "#0"},
				"east": {"uv": [4, 12.5, 4.5, 13], "texture": "#0"},
				"south": {"uv": [0, 0.5, 4.5, 1], "texture": "#0"},
				"west": {"uv": [12.5, 9.5, 13, 10], "texture": "#0"},
				"up": {"uv": [4.5, 1.5, 0, 1], "texture": "#0"},
				"down": {"uv": [4.5, 1.5, 0, 2], "texture": "#0"}
			}
		},
		{
			"from": [7.03127, -4.72045, 7.05],
			"to": [9.03127, -3.72045, 8.95],
			"rotation": {"angle": 0, "axis": "z", "origin": [8.02143, 2.13687, 8]},
			"faces": {
				"north": {"uv": [14, 9, 15, 9.5], "texture": "#0"},
				"east": {"uv": [14, 9.5, 15, 10], "texture": "#0"},
				"south": {"uv": [10, 14, 11, 14.5], "texture": "#0"},
				"west": {"uv": [14, 10, 15, 10.5], "texture": "#0"},
				"up": {"uv": [12, 14, 11, 13], "texture": "#0"},
				"down": {"uv": [13, 13, 12, 14], "texture": "#0"}
			}
		},
		{
			"from": [7.53127, -7.72045, 7.525],
			"to": [8.53127, 1.27955, 8.475],
			"rotation": {"angle": 0, "axis": "z", "origin": [8.02143, 2.13687, 8]},
			"faces": {
				"north": {"uv": [0, 2, 0.5, 6.5], "texture": "#0"},
				"east": {"uv": [0.5, 2, 1, 6.5], "texture": "#0"},
				"south": {"uv": [1, 2, 1.5, 6.5], "texture": "#0"},
				"west": {"uv": [1.5, 2, 2, 6.5], "texture": "#0"},
				"up": {"uv": [13.5, 8.5, 13, 8], "texture": "#0"},
				"down": {"uv": [13.5, 11.5, 13, 12], "texture": "#0"}
			}
		},
		{
			"from": [7.01159, 7.99419, 7.05],
			"to": [9.01159, 8.99419, 8.95],
			"rotation": {"angle": 0, "axis": "z", "origin": [8.02143, 2.13687, 8]},
			"faces": {
				"north": {"uv": [14, 10.5, 15, 11], "texture": "#0"},
				"east": {"uv": [11, 14, 12, 14.5], "texture": "#0"},
				"south": {"uv": [14, 11, 15, 11.5], "texture": "#0"},
				"west": {"uv": [14, 11.5, 15, 12], "texture": "#0"},
				"up": {"uv": [14, 14, 13, 13], "texture": "#0"},
				"down": {"uv": [1, 13.5, 0, 14.5], "texture": "#0"}
			}
		},
		{
			"from": [7.51159, 2.99419, 7.525],
			"to": [8.51159, 11.99419, 8.475],
			"rotation": {"angle": 0, "axis": "z", "origin": [8.02143, 2.13687, 8]},
			"faces": {
				"north": {"uv": [2, 2, 2.5, 6.5], "texture": "#0"},
				"east": {"uv": [2.5, 2, 3, 6.5], "texture": "#0"},
				"south": {"uv": [3, 2, 3.5, 6.5], "texture": "#0"},
				"west": {"uv": [3.5, 2, 4, 6.5], "texture": "#0"},
				"up": {"uv": [15, 2, 14.5, 1.5], "texture": "#0"},
				"down": {"uv": [2.5, 14.5, 2, 15], "texture": "#0"}
			}
		},
		{
			"from": [7.53505, 2.85942, 7.525],
			"to": [8.53505, 11.85942, 8.475],
			"rotation": {"angle": 45, "axis": "z", "origin": [8.02143, 2.18687, 8]},
			"faces": {
				"north": {"uv": [4, 2, 4.5, 6.5], "texture": "#0"},
				"east": {"uv": [4.5, 0, 5, 4.5], "texture": "#0"},
				"south": {"uv": [4.5, 4.5, 5, 9], "texture": "#0"},
				"west": {"uv": [5, 0, 5.5, 4.5], "texture": "#0"},
				"up": {"uv": [15, 2.5, 14.5, 2], "texture": "#0"},
				"down": {"uv": [3, 14.5, 2.5, 15], "texture": "#0"}
			}
		},
		{
			"from": [7.46495, 2.85942, 7.525],
			"to": [8.46495, 11.85942, 8.475],
			"rotation": {"angle": -45, "axis": "z", "origin": [7.97857, 2.18687, 8]},
			"faces": {
				"north": {"uv": [5, 4.5, 5.5, 9], "texture": "#0"},
				"east": {"uv": [5.5, 0, 6, 4.5], "texture": "#0"},
				"south": {"uv": [5.5, 4.5, 6, 9], "texture": "#0"},
				"west": {"uv": [6, 0, 6.5, 4.5], "texture": "#0"},
				"up": {"uv": [15, 3, 14.5, 2.5], "texture": "#0"},
				"down": {"uv": [3.5, 14.5, 3, 15], "texture": "#0"}
			}
		},
		{
			"from": [6.96495, 8.80942, 7.05],
			"to": [8.96495, 9.80942, 8.95],
			"rotation": {"angle": -45, "axis": "z", "origin": [7.97857, 2.18687, 8]},
			"faces": {
				"north": {"uv": [12, 14, 13, 14.5], "texture": "#0"},
				"east": {"uv": [14, 12, 15, 12.5], "texture": "#0"},
				"south": {"uv": [14, 12.5, 15, 13], "texture": "#0"},
				"west": {"uv": [13, 14, 14, 14.5], "texture": "#0"},
				"up": {"uv": [14.5, 1, 13.5, 0], "texture": "#0"},
				"down": {"uv": [2, 13.5, 1, 14.5], "texture": "#0"}
			}
		},
		{
			"from": [-1.8359, 1.60204, 7.525],
			"to": [7.1641, 2.60204, 8.475],
			"rotation": {"angle": 0, "axis": "y", "origin": [8.02143, 2.21187, 8]},
			"faces": {
				"north": {"uv": [6, 4.5, 10.5, 5], "texture": "#0"},
				"east": {"uv": [14.5, 3, 15, 3.5], "texture": "#0"},
				"south": {"uv": [6, 5, 10.5, 5.5], "texture": "#0"},
				"west": {"uv": [3.5, 14.5, 4, 15], "texture": "#0"},
				"up": {"uv": [10.5, 6, 6, 5.5], "texture": "#0"},
				"down": {"uv": [10.5, 6, 6, 6.5], "texture": "#0"}
			}
		},
		{
			"from": [7.49802, -7.93176, 7.525],
			"to": [8.49802, 1.06824, 8.475],
			"rotation": {"angle": -45, "axis": "z", "origin": [7.99643, 2.18687, 8]},
			"faces": {
				"north": {"uv": [0, 6.5, 0.5, 11], "texture": "#0"},
				"east": {"uv": [6.5, 0, 7, 4.5], "texture": "#0"},
				"south": {"uv": [0.5, 6.5, 1, 11], "texture": "#0"},
				"west": {"uv": [1, 6.5, 1.5, 11], "texture": "#0"},
				"up": {"uv": [15, 4, 14.5, 3.5], "texture": "#0"},
				"down": {"uv": [15, 4, 14.5, 4.5], "texture": "#0"}
			}
		},
		{
			"from": [7.50198, -7.93176, 7.525],
			"to": [8.50198, 1.06824, 8.475],
			"rotation": {"angle": 45, "axis": "z", "origin": [8.00357, 2.18687, 8]},
			"faces": {
				"north": {"uv": [1.5, 6.5, 2, 11], "texture": "#0"},
				"east": {"uv": [2, 6.5, 2.5, 11], "texture": "#0"},
				"south": {"uv": [2.5, 6.5, 3, 11], "texture": "#0"},
				"west": {"uv": [3, 6.5, 3.5, 11], "texture": "#0"},
				"up": {"uv": [15, 5, 14.5, 4.5], "texture": "#0"},
				"down": {"uv": [15, 5, 14.5, 5.5], "texture": "#0"}
			}
		},
		{
			"from": [7.00198, -5.63176, 7.05],
			"to": [9.00198, -4.63176, 8.95],
			"rotation": {"angle": 45, "axis": "z", "origin": [8.00357, 2.18687, 8]},
			"faces": {
				"north": {"uv": [14, 13, 15, 13.5], "texture": "#0"},
				"east": {"uv": [14, 13.5, 15, 14], "texture": "#0"},
				"south": {"uv": [14, 14, 15, 14.5], "texture": "#0"},
				"west": {"uv": [0, 14.5, 1, 15], "texture": "#0"},
				"up": {"uv": [3, 14.5, 2, 13.5], "texture": "#0"},
				"down": {"uv": [4, 13.5, 3, 14.5], "texture": "#0"}
			}
		},
		{
			"from": [8.5, 0.68687, 7.5],
			"to": [9.5, 3.68687, 8.5],
			"rotation": {"angle": 0, "axis": "z", "origin": [7.97855, 2.06187, 8]},
			"faces": {
				"north": {"uv": [13.5, 8, 14, 9.5], "texture": "#0"},
				"east": {"uv": [13.5, 11.5, 14, 13], "texture": "#0"},
				"south": {"uv": [14, 1, 14.5, 2.5], "texture": "#0"},
				"west": {"uv": [14, 2.5, 14.5, 4], "texture": "#0"},
				"up": {"uv": [15, 6, 14.5, 5.5], "texture": "#0"},
				"down": {"uv": [15, 6, 14.5, 6.5], "texture": "#0"}
			}
		},
		{
			"from": [6.5, 2.68687, 7.5],
			"to": [8.5, 3.68687, 8.5],
			"rotation": {"angle": 0, "axis": "z", "origin": [7.97855, 2.06187, 8]},
			"faces": {
				"north": {"uv": [14.5, 0, 15.5, 0.5], "texture": "#0"},
				"east": {"uv": [14.5, 6.5, 15, 7], "texture": "#0"},
				"south": {"uv": [14.5, 0.5, 15.5, 1], "texture": "#0"},
				"west": {"uv": [14.5, 7, 15, 7.5], "texture": "#0"},
				"up": {"uv": [2, 15, 1, 14.5], "texture": "#0"},
				"down": {"uv": [15.5, 1, 14.5, 1.5], "texture": "#0"}
			}
		}
	],
	"gui_light": "front",
	"display": {
		"thirdperson_righthand": {
			"translation": [0, 3.75, 0]
		},
		"thirdperson_lefthand": {
			"translation": [0, 4.75, 0]
		},
		"firstperson_righthand": {
			"translation": [0, 3, 0]
		},
		"firstperson_lefthand": {
			"translation": [0, 2.75, 0]
		},
		"ground": {
			"translation": [0, 8.25, 0]
		},
		"gui": {
			"rotation": [30, 45, 0],
			"translation": [0, 4, 0],
			"scale": [0.8, 0.8, 0.8]
		},
		"head": {
			"rotation": [7, 0, 0],
			"translation": [0, -70, 7],
			"scale": [1.75, 1.75, 1.75]
		},
		"fixed": {
			"translation": [0, 5.75, 0]
		}
	},
	"groups": [
		{
			"name": "group",
			"origin": [8, 8, 8],
			"color": 0,
			"children": [
				{
					"name": "main",
					"origin": [8, 8, 8],
					"color": 0,
					"children": [0, 1, 2, 3, 4, 5, 6, 7, 8, 9, 10, 11]
				},
				{
					"name": "sticks",
					"origin": [12.96326, 3.88252, 19],
					"color": 0,
					"children": [12, 13, 14, 15, 16, 17, 18, 19, 20, 21, 22, 23, 24, 25, 26, 27, 28, 29, 30, 31]
				}
			]
		}
	]
}