{
	"textures": {
		"0": "item/cosmetics/handhelds/warden/warden_fishing_rod",
		"1": "item/cosmetics/handhelds/warden/hanging_details"
		},
	"elements": [
		{
			"from": [7, 2.20701, 15.77122],
			"to": [9, 7.20701, 17.77122],
			"rotation": {"angle": 45, "axis": "x", "origin": [8, 15.40481, 8.17356]},
			"faces": {
				"north": {"uv": [6.5, 6, 7.5, 8.5], "texture": "#0"},
				"east": {"uv": [0, 7.5, 1, 10], "texture": "#0"},
				"south": {"uv": [1, 7.5, 2, 10], "texture": "#0"},
				"west": {"uv": [2, 7.5, 3, 10], "texture": "#0"},
				"up": {"uv": [10.5, 2, 9.5, 1], "texture": "#0"},
				"down": {"uv": [10.5, 6.5, 9.5, 7.5], "texture": "#0"}
			}
		},
		{
			"from": [7.05, 2.82153, 7.16341],
			"to": [8.95, 7.82153, 9.16341],
			"rotation": {"angle": 0, "axis": "y", "origin": [8, 15.40481, 8.17356]},
			"faces": {
				"north": {"uv": [3, 7.5, 4, 10], "texture": "#0"},
				"east": {"uv": [4, 7.5, 5, 10], "texture": "#0"},
				"south": {"uv": [5, 7.5, 6, 10], "texture": "#0"},
				"west": {"uv": [7.5, 6, 8.5, 8.5], "texture": "#0"},
				"up": {"uv": [10.5, 8.5, 9.5, 7.5], "texture": "#0"},
				"down": {"uv": [1, 10, 0, 11], "texture": "#0"}
			}
		},
		{
			"from": [6.75, 7.26768, 9.26081],
			"to": [9.25, 11.26768, 13.26081],
			"rotation": {"angle": 45, "axis": "x", "origin": [8, 15.40481, 8.17356]},
			"faces": {
				"north": {"uv": [6.5, 8.5, 7.5, 10.5], "texture": "#0"},
				"east": {"uv": [0, 5.5, 2, 7.5], "texture": "#0"},
				"south": {"uv": [8.5, 7, 9.5, 9], "texture": "#0"},
				"west": {"uv": [2, 5.5, 4, 7.5], "texture": "#0"},
				"up": {"uv": [8.5, 10.5, 7.5, 8.5], "texture": "#0"},
				"down": {"uv": [10, 2.5, 9, 4.5], "texture": "#0"}
			}
		},
		{
			"from": [6, 7.82153, 6.16341],
			"to": [10, 9.82153, 10.16341],
			"rotation": {"angle": 0, "axis": "y", "origin": [8, 15.40481, 8.17356]},
			"faces": {
				"north": {"uv": [9, 4.5, 11, 5.5], "texture": "#0"},
				"east": {"uv": [9, 5.5, 11, 6.5], "texture": "#0"},
				"south": {"uv": [8.5, 9, 10.5, 10], "texture": "#0"},
				"west": {"uv": [9.5, 0, 11.5, 1], "texture": "#0"},
				"up": {"uv": [8, 4, 6, 2], "texture": "#0"},
				"down": {"uv": [8, 4, 6, 6], "texture": "#0"}
			}
		},
		{
			"from": [7, 9.82398, 9.44606],
			"to": [9, 20.82398, 11.44606],
			"rotation": {"angle": 22.5, "axis": "x", "origin": [8, 15.40481, 8.17356]},
			"faces": {
				"north": {"uv": [0, 0, 1, 5.5], "texture": "#0"},
				"east": {"uv": [1, 0, 2, 5.5], "texture": "#0"},
				"south": {"uv": [2, 0, 3, 5.5], "texture": "#0"},
				"west": {"uv": [3, 0, 4, 5.5], "texture": "#0"},
				"up": {"uv": [2, 11, 1, 10], "texture": "#0"},
				"down": {"uv": [3, 10, 2, 11], "texture": "#0"}
			}
		},
		{
			"from": [7, 18.82398, 11.44606],
			"to": [9, 20.82398, 13.44606],
			"rotation": {"angle": 22.5, "axis": "x", "origin": [8, 15.40481, 8.17356]},
			"faces": {
				"north": {"uv": [10, 2.5, 11, 3.5], "texture": "#0"},
				"east": {"uv": [3, 10, 4, 11], "texture": "#0"},
				"south": {"uv": [10, 3.5, 11, 4.5], "texture": "#0"},
				"west": {"uv": [4, 10, 5, 11], "texture": "#0"},
				"up": {"uv": [6, 11, 5, 10], "texture": "#0"},
				"down": {"uv": [9.5, 10, 8.5, 11], "texture": "#0"}
			}
		},
		{
			"from": [8, 9.82398, 8.44606],
			"to": [8, 20.82398, 9.44606],
			"rotation": {"angle": 22.5, "axis": "x", "origin": [8, 15.40481, 8.17356]},
			"faces": {
				"north": {"uv": [0, 0, 0, 5.5], "texture": "#0"},
				"east": {"uv": [6, 6, 6.5, 11.5], "texture": "#0"},
				"south": {"uv": [0, 0, 0, 5.5], "texture": "#0"},
				"west": {"uv": [6, 6, 6.5, 11.5], "texture": "#0"},
				"up": {"uv": [0, 0.5, 0, 0], "texture": "#0"},
				"down": {"uv": [0, 0, 0, 0.5], "texture": "#0"}
			}
		},
		{
			"from": [7, 13.82398, 7.44606],
			"to": [9, 14.82398, 9.44606],
			"rotation": {"angle": 22.5, "axis": "x", "origin": [8, 15.40481, 8.17356]},
			"faces": {
				"north": {"uv": [11.5, 6.5, 12.5, 7], "texture": "#0"},
				"east": {"uv": [11.5, 7, 12.5, 7.5], "texture": "#0"},
				"south": {"uv": [7.5, 11.5, 8.5, 12], "texture": "#0"},
				"west": {"uv": [11.5, 7.5, 12.5, 8], "texture": "#0"},
				"up": {"uv": [12, 3.5, 11, 2.5], "texture": "#0"},
				"down": {"uv": [4, 11, 3, 12], "texture": "#0"}
			}
		},
		{
			"from": [7.025, 19.6638, -1.87687],
			"to": [8.975, 21.6638, 9.12313],
			"rotation": {"angle": 45, "axis": "x", "origin": [8, 15.40481, 8.17356]},
			"faces": {
				"north": {"uv": [9.5, 10, 10.5, 11], "texture": "#0"},
				"east": {"uv": [4, 0, 9.5, 1], "texture": "#0"},
				"south": {"uv": [10.5, 1, 11.5, 2], "texture": "#0"},
				"west": {"uv": [4, 1, 9.5, 2], "texture": "#0"},
				"up": {"uv": [5, 7.5, 4, 2], "texture": "#0"},
				"down": {"uv": [6, 2, 5, 7.5], "texture": "#0"}
			}
		},
		{
			"from": [7, 17.6638, -0.87687],
			"to": [9, 19.6638, 0.12313],
			"rotation": {"angle": 45, "axis": "x", "origin": [8, 15.40481, 8.17356]},
			"faces": {
				"north": {"uv": [6.5, 10.5, 7.5, 11.5], "texture": "#0"},
				"east": {"uv": [8, 4, 8.5, 5], "texture": "#0"},
				"south": {"uv": [10.5, 6.5, 11.5, 7.5], "texture": "#0"},
				"west": {"uv": [8, 5, 8.5, 6], "texture": "#0"},
				"up": {"uv": [10.5, 9, 9.5, 8.5], "texture": "#0"},
				"down": {"uv": [12.5, 0, 11.5, 0.5], "texture": "#0"}
			}
		},
		{
			"from": [7, 17.6638, 4.12313],
			"to": [9, 19.6638, 5.12313],
			"rotation": {"angle": 45, "axis": "x", "origin": [8, 15.40481, 8.17356]},
			"faces": {
				"north": {"uv": [1, 11, 2, 12], "texture": "#0"},
				"east": {"uv": [11.5, 0.5, 12, 1.5], "texture": "#0"},
				"south": {"uv": [2, 11, 3, 12], "texture": "#0"},
				"west": {"uv": [6, 11.5, 6.5, 12.5], "texture": "#0"},
				"up": {"uv": [12.5, 2, 11.5, 1.5], "texture": "#0"},
				"down": {"uv": [7.5, 11.5, 6.5, 12], "texture": "#0"}
			}
		},
		{
			"from": [7.025, 21.6638, -1.87687],
			"to": [8.975, 23.6638, 0.12313],
			"rotation": {"angle": 45, "axis": "x", "origin": [8, 15.40481, 8.17356]},
			"faces": {
				"north": {"uv": [7.5, 10.5, 8.5, 11.5], "texture": "#0"},
				"east": {"uv": [10.5, 7.5, 11.5, 8.5], "texture": "#0"},
				"south": {"uv": [10.5, 8.5, 11.5, 9.5], "texture": "#0"},
				"west": {"uv": [10.5, 9.5, 11.5, 10.5], "texture": "#0"},
				"up": {"uv": [11.5, 11.5, 10.5, 10.5], "texture": "#0"},
				"down": {"uv": [1, 11, 0, 12], "texture": "#0"}
			}
		},
		{
			"from": [8, 18.6638, 0.12313],
			"to": [8, 19.6638, 9.12313],
			"rotation": {"angle": 45, "axis": "x", "origin": [8, 15.40481, 8.17356]},
			"faces": {
				"east": {"uv": [12.5, 2, 8, 2.5], "texture": "#0"},
				"west": {"uv": [8, 2, 12.5, 2.5], "texture": "#0"},
				"up": {"uv": [0, 4.5, 0, 0], "texture": "#0"}
			}
		},
		{
			"from": [6.75, 17.25, 6],
			"to": [9.25, 21.25, 13],
			"rotation": {"angle": 45, "axis": "x", "origin": [8, 21, 11.5]},
			"faces": {
				"east": {"uv": [1, 3, 4.5, 5], "texture": "#1"},
				"west": {"uv": [1, 0, 4.5, 2], "texture": "#1"},
				"up": {"uv": [6, 1, 9.5, 2], "rotation": 90, "texture": "#1"}
			}
		},
		{
			"from": [6.75, 14.72703, 12.0481],
			"to": [9.25, 18.72703, 15.0481],
			"rotation": {"angle": 22.5, "axis": "x", "origin": [8, 17.22703, 14.7981]},
			"faces": {
				"east": {"uv": [2, 3, 3.5, 5], "texture": "#1"},
				"west": {"uv": [2, 0, 3.5, 2], "texture": "#1"},
				"up": {"uv": [2, 3, 3.5, 4], "rotation": 90, "texture": "#1"}
			}
		},
		{
			"from": [9.25, 14.72703, 12.0481],
			"to": [6.75, 18.72703, 15.0481],
			"rotation": {"angle": 22.5, "axis": "x", "origin": [8, 17.22703, 14.7981]},
			"faces": {
				"east": {"uv": [3.5, 0, 2, 2], "texture": "#1"},
				"west": {"uv": [3.5, 3, 2, 5], "texture": "#1"},
				"up": {"uv": [2, 4, 3.5, 3], "rotation": 90, "texture": "#1"}
			}
		},
		{
			"from": [9, 19.17678, 5.34835],
			"to": [7, 23.17678, 12.34835],
			"rotation": {"angle": 45, "axis": "x", "origin": [8, 21.17678, 8.84835]},
			"faces": {
				"east": {"uv": [4.5, 0, 1, 2], "texture": "#1"},
				"west": {"uv": [4.5, 3, 1, 5], "texture": "#1"},
				"up": {"uv": [6, 2, 9.5, 1], "rotation": 90, "texture": "#1"}
			}
		},
		{
			"from": [6.75, -2, 3],
			"to": [9.25, 1, 6],
			"faces": {
				"north": {"uv": [1.5, 12, 2.5, 13.5], "texture": "#0"},
				"east": {"uv": [1.5, 12, 0, 13.5], "texture": "#0"},
				"south": {"uv": [4.5, 12, 5.5, 13.5], "texture": "#0"},
				"west": {"uv": [0, 12, 1.5, 13.5], "texture": "#0"},
				"up": {"uv": [3.5, 12, 4.5, 13.5], "texture": "#0"},
				"down": {"uv": [2.5, 12, 3.5, 13.5], "texture": "#0"}
			}
		}
	],
	"gui_light": "front",
	"display": {
		"thirdperson_righthand": {
			"translation": [0, 1.5, 1.5]
		},
		"thirdperson_lefthand": {
			"translation": [0, 1.5, 1.5]
		},
		"firstperson_righthand": {
			"rotation": [-45, 0, 0],
			"translation": [0, 1.5, 0],
			"scale": [0.7, 0.7, 0.7]
		},
		"firstperson_lefthand": {
			"rotation": [-45, 0, 0],
			"translation": [0, 1.5, 0],
			"scale": [0.7, 0.7, 0.7]
		},
		"ground": {
			"rotation": [-45, 0, 0],
			"scale": [0.45, 0.45, 0.45]
		},
		"gui": {
			"rotation": [-90, -45, -115],
			"translation": [-3.25, -1, 0],
			"scale": [0.7, 0.7, 0.7]
		},
		"head": {
			"rotation": [90, -15, 90],
			"translation": [4.75, 9, 0]
		},
		"fixed": {
			"rotation": [-90, 45, 90],
			"translation": [4.5, -2.5, -1],
			"scale": [0.85, 0.85, 0.85]
		}
	},
	"groups": [
		{
			"name": "group",
			"origin": [0, 0, 0],
			"color": 0,
			"boneType": "",
			"children": [0, 1, 2, 3, 4, 5, 6, 7, 8, 9, 10, 11, 12, 13, 14, 15, 16, 17]
		}
	]
}