{
	"textures": {
		"1": "item/cosmetics/handhelds/warden/hanging_details",
		"7_0": "item/cosmetics/handhelds/warden/warden_sword"
	},
	"elements": [
		{
			"from": [6.5, 0, 6.75],
			"to": [9.5, 3, 9.25],
			"rotation": {"angle": 45, "axis": "z", "origin": [8, 1.5, 8]},
			"faces": {
				"north": {"uv": [7.5, 3, 9, 4.5], "texture": "#7_0"},
				"east": {"uv": [4, 8, 5, 9.5], "texture": "#7_0"},
				"south": {"uv": [6, 8, 7.5, 9.5], "texture": "#7_0"},
				"west": {"uv": [4, 9.5, 5, 11], "texture": "#7_0"},
				"up": {"uv": [10.5, 11.5, 9, 10.5], "texture": "#7_0"},
				"down": {"uv": [12, 9, 10.5, 10], "texture": "#7_0"}
			}
		},
		{
			"from": [7, 2.5, 7],
			"to": [9, 9.5, 9],
			"rotation": {"angle": 0, "axis": "y", "origin": [8, 1.5, 8]},
			"faces": {
				"north": {"uv": [0, 8, 1, 11.5], "texture": "#7_0"},
				"east": {"uv": [1, 8, 2, 11.5], "texture": "#7_0"},
				"south": {"uv": [2, 8, 3, 11.5], "texture": "#7_0"},
				"west": {"uv": [3, 8, 4, 11.5], "texture": "#7_0"},
				"up": {"uv": [1, 12.5, 0, 11.5], "texture": "#7_0"},
				"down": {"uv": [12.5, 0, 11.5, 1], "texture": "#7_0"}
			}
		},
		{
			"from": [5.5, 9.5, 6.5],
			"to": [10.5, 12.5, 9.5],
			"rotation": {"angle": 0, "axis": "y", "origin": [8, 0.5, 8]},
			"faces": {
				"north": {"uv": [6, 5, 8.5, 6.5], "texture": "#7_0"},
				"east": {"uv": [7.5, 8, 9, 9.5], "texture": "#7_0"},
				"south": {"uv": [6, 6.5, 8.5, 8], "texture": "#7_0"},
				"west": {"uv": [8.5, 4.5, 10, 6], "texture": "#7_0"},
				"up": {"uv": [10, 1.5, 7.5, 0], "texture": "#7_0"},
				"down": {"uv": [10, 1.5, 7.5, 3], "texture": "#7_0"}
			}
		},
		{
			"from": [5.5, 12.5, 7.5],
			"to": [10.5, 28.5, 8.5],
			"rotation": {"angle": 0, "axis": "y", "origin": [8, 0.5, 8]},
			"faces": {
				"north": {"uv": [0, 0, 2.5, 8], "texture": "#7_0"},
				"east": {"uv": [5, 5, 5.5, 13], "texture": "#7_0"},
				"south": {"uv": [2.5, 0, 5, 8], "texture": "#7_0"},
				"west": {"uv": [5.5, 5, 6, 13], "texture": "#7_0"},
				"up": {"uv": [13, 10.5, 10.5, 10], "texture": "#7_0"},
				"down": {"uv": [13, 10.5, 10.5, 11], "texture": "#7_0"}
			}
		},
		{
			"from": [5.78974, 26.32527, 7.525],
			"to": [9.32974, 29.86527, 8.475],
			"rotation": {"angle": 45, "axis": "z", "origin": [7.28974, 28.82527, 8]},
			"faces": {
				"north": {"uv": [5, 0, 7.5, 2.5], "texture": "#7_0"},
				"east": {"uv": [4, 11, 4.5, 13.5], "texture": "#7_0"},
				"south": {"uv": [5, 2.5, 7.5, 5], "texture": "#7_0"},
				"west": {"uv": [4.5, 11, 5, 13.5], "texture": "#7_0"},
				"up": {"uv": [8.5, 11.5, 6, 11], "texture": "#7_0"},
				"down": {"uv": [13, 11, 10.5, 11.5], "texture": "#7_0"}
			}
		},
		{
			"from": [3.30239, 10.53387, 6.525],
			"to": [6.30239, 13.53387, 9.475],
			"rotation": {"angle": -22.5, "axis": "z", "origin": [3.30239, 12.03387, 8]},
			"faces": {
				"north": {"uv": [8.5, 6, 10, 7.5], "texture": "#7_0"},
				"east": {"uv": [9, 3, 10.5, 4.5], "texture": "#7_0"},
				"south": {"uv": [9, 7.5, 10.5, 9], "texture": "#7_0"},
				"west": {"uv": [9, 9, 10.5, 10.5], "texture": "#7_0"},
				"up": {"uv": [7.5, 11, 6, 9.5], "texture": "#7_0"},
				"down": {"uv": [9, 9.5, 7.5, 11], "texture": "#7_0"}
			}
		},
		{
			"from": [9.69761, 10.53387, 6.525],
			"to": [12.69761, 13.53387, 9.475],
			"rotation": {"angle": 22.5, "axis": "z", "origin": [12.69761, 12.03387, 8]},
			"faces": {
				"north": {"uv": [10, 0, 11.5, 1.5], "texture": "#7_0"},
				"east": {"uv": [10, 1.5, 11.5, 3], "texture": "#7_0"},
				"south": {"uv": [10, 4.5, 11.5, 6], "texture": "#7_0"},
				"west": {"uv": [10, 6, 11.5, 7.5], "texture": "#7_0"},
				"up": {"uv": [12, 4.5, 10.5, 3], "texture": "#7_0"},
				"down": {"uv": [12, 7.5, 10.5, 9], "texture": "#7_0"}
			}
		},
		{
			"from": [3, 6.75, 6.25],
			"to": [13, 12.75, 9.75],
			"faces": {
				"north": {"uv": [0, 0, 5, 3], "texture": "#1"},
				"south": {"uv": [0, 3, 5, 6], "texture": "#1"},
				"up": {"uv": [10, 2, 5, 0], "texture": "#1"}
			}
		},
		{
			"from": [3, 6.75, 9.75],
			"to": [13, 12.75, 6.25],
			"rotation": {"angle": 0, "axis": "y", "origin": [8, 9.75, 8]},
			"faces": {
				"north": {"uv": [5, 3, 0, 6], "texture": "#1"},
				"south": {"uv": [5, 0, 0, 3], "texture": "#1"},
				"up": {"uv": [5, 2, 10, 0], "rotation": 180, "texture": "#1"}
			}
		}
	],
	"gui_light": "front",
	"display": {
		"thirdperson_righthand": {
			"rotation": [0, 90, 0],
			"translation": [0, 0, 1.5],
			"scale": [0.9, 0.9, 0.9]
		},
		"thirdperson_lefthand": {
			"rotation": [0, -90, 0],
			"translation": [0, 0, 1.5],
			"scale": [0.9, 0.9, 0.9]
		},
		"firstperson_righthand": {
			"rotation": [-20, 90, 0],
			"scale": [0.65, 0.65, 0.65]
		},
		"firstperson_lefthand": {
			"rotation": [-20, 90, 0],
			"scale": [0.65, 0.65, 0.65]
		},
		"ground": {
			"rotation": [45, 0, 0],
			"scale": [0.35, 0.35, 0.35]
		},
		"gui": {
			"rotation": [20, -20, -45],
			"translation": [-2.5, -2.5, 0],
			"scale": [0.65, 0.65, 0.65]
		},
		"head": {
			"rotation": [0, 0, -125],
			"translation": [-4, 14, 0]
		},
		"fixed": {
			"rotation": [0, 0, 45],
			"translation": [4, -4, -1],
			"scale": [0.8, 0.8, 0.8]
		}
	},
	"groups": [
		{
			"name": "warden_sword",
			"origin": [8, 8, 8],
			"color": 0,
			"boneType": "",
			"children": [0, 1, 2, 3, 4, 5, 6, 7, 8]
		}
	]
}