{"textures": {		"0": "item/crates/cybermonday_crate/cybershovel"},	"elements": [		{			"from": [7.38, -9.92, 7.38],			"to": [8.62, 13.64, 8.62],			"rotation": {"angle": 0, "axis": "y", "origin": [-1.3, 0, 17.3]},			"faces": {				"north": {"uv": [0.5, 2.5, 0.75, 8.5], "texture": "#0"},				"east": {"uv": [0.5, 2.5, 0.75, 8.5], "texture": "#0"},				"south": {"uv": [0.5, 2.5, 0.75, 8.5], "texture": "#0"},				"west": {"uv": [0.5, 2.5, 0.75, 8.5], "texture": "#0"},				"up": {"uv": [5.5, 5, 5.25, 4.75], "texture": "#0"},				"down": {"uv": [6.25, 5.25, 6, 5.5], "texture": "#0"}			}		},		{			"from": [8.62, 4.96, 7.38],			"to": [9.86, 12.524, 8.62],			"rotation": {"angle": 0, "axis": "y", "origin": [-0.06, 0, 17.3]},			"faces": {				"north": {"uv": [4, 4.25, 4.25, 6.25], "texture": "#0"},				"east": {"uv": [4.25, 4.25, 4.5, 6.25], "texture": "#0"},				"south": {"uv": [1, 4.5, 1.25, 6.5], "texture": "#0"},				"west": {"uv": [1.25, 4.5, 1.5, 6.5], "texture": "#0"},				"up": {"uv": [6.25, 5.75, 6, 5.5], "texture": "#0"},				"down": {"uv": [6.25, 5.75, 6, 6], "texture": "#0"}			}		},		{			"from": [9.66, 5.78, 7.69],			"to": [11.52, 12.724, 8.31],			"rotation": {"angle": 0, "axis": "y", "origin": [0.98, 0.2, 17.3]},			"faces": {				"north": {"uv": [3, 3.5, 3.5, 5.25], "texture": "#0"},				"east": {"uv": [1.5, 4.5, 1.75, 6.25], "texture": "#0"},				"south": {"uv": [3.5, 3.5, 4, 5.25], "texture": "#0"},				"west": {"uv": [1.75, 4.5, 2, 6.25], "texture": "#0"},				"up": {"uv": [5.25, 4, 4.75, 3.75], "texture": "#0"},				"down": {"uv": [5.75, 3.75, 5.25, 4], "texture": "#0"}			}		},		{			"from": [10.48, 3.72, 7.07],			"to": [12.34, 11.904, 8.93],			"rotation": {"angle": 0, "axis": "y", "origin": [1.18, 0, 17.3]},			"faces": {				"north": {"uv": [1, 2.5, 1.5, 4.5], "texture": "#0"},				"east": {"uv": [1.5, 2.5, 2, 4.5], "texture": "#0"},				"south": {"uv": [2, 3.5, 2.5, 5.5], "texture": "#0"},				"west": {"uv": [2.5, 3.5, 3, 5.5], "texture": "#0"},				"up": {"uv": [5, 3.5, 4.5, 3], "texture": "#0"},				"down": {"uv": [5.25, 0.5, 4.75, 1], "texture": "#0"}			}		},		{			"from": [3.66, 12.524, 7.38],			"to": [12.34, 13.764, 8.62],			"rotation": {"angle": 0, "axis": "y", "origin": [-1.3, 0.124, 17.3]},			"faces": {				"north": {"uv": [2.25, 1.25, 4.5, 1.5], "texture": "#0"},				"east": {"uv": [1.5, 6.25, 1.75, 6.5], "texture": "#0"},				"south": {"uv": [2.25, 1.5, 4.5, 1.75], "texture": "#0"},				"west": {"uv": [1.75, 6.25, 2, 6.5], "texture": "#0"},				"up": {"uv": [4.5, 2, 2.25, 1.75], "texture": "#0"},				"down": {"uv": [4.5, 2, 2.25, 2.25], "texture": "#0"}			}		},		{			"from": [3.66, 13.764, 7.69],			"to": [12.34, 18.724, 8.31],			"rotation": {"angle": 0, "axis": "y", "origin": [-1.3, 1.364, 17.3]},			"faces": {				"north": {"uv": [2.25, 1.25, 0, 2.5], "texture": "#0"},				"east": {"uv": [4.5, 0.5, 4.75, 1.75], "texture": "#0"},				"south": {"uv": [0, 1.25, 2.25, 2.5], "texture": "#0"},				"west": {"uv": [4.5, 1.75, 4.75, 3], "texture": "#0"},				"up": {"uv": [6.25, 4.25, 4, 4], "texture": "#0"},				"down": {"uv": [6.25, 3.5, 4, 3.75], "texture": "#0"}			}		},		{			"from": [3.66, 18.724, 8],			"to": [12.34, 23.684, 8],			"rotation": {"angle": 0, "axis": "y", "origin": [-1.3, 5.084, 17.3]},			"faces": {				"north": {"uv": [4.5, 0, 2.25, 1.25], "texture": "#0"},				"east": {"uv": [0, 0, 0, 1.25], "texture": "#0"},				"south": {"uv": [2.25, 0, 4.5, 1.25], "texture": "#0"},				"west": {"uv": [0, 0, 0, 1.25], "texture": "#0"},				"up": {"uv": [2.25, 0, 0, 0], "texture": "#0"},				"down": {"uv": [2.25, 0, 0, 0], "texture": "#0"}			}		},		{			"from": [7.07, -11.78, 7.07],			"to": [8.93, -9.92, 8.93],			"rotation": {"angle": 0, "axis": "y", "origin": [-1.3, -1.24, 17.3]},			"faces": {				"north": {"uv": [4.75, 1, 5.25, 1.5], "texture": "#0"},				"east": {"uv": [4.75, 1.5, 5.25, 2], "texture": "#0"},				"south": {"uv": [4.75, 2, 5.25, 2.5], "texture": "#0"},				"west": {"uv": [4.75, 2.5, 5.25, 3], "texture": "#0"},				"up": {"uv": [5, 5.5, 4.5, 5], "texture": "#0"},				"down": {"uv": [5.5, 5, 5, 5.5], "texture": "#0"}			}		},		{			"from": [7.07, 12.34, 7.07],			"to": [8.93, 14.2, 8.93],			"rotation": {"angle": 0, "axis": "y", "origin": [-1.3, 22.88, 17.3]},			"faces": {				"north": {"uv": [5, 3, 5.5, 3.5], "texture": "#0"},				"east": {"uv": [3, 5.25, 3.5, 5.75], "texture": "#0"},				"south": {"uv": [3.5, 5.25, 4, 5.75], "texture": "#0"},				"west": {"uv": [5.25, 0, 5.75, 0.5], "texture": "#0"},				"up": {"uv": [5.75, 1, 5.25, 0.5], "texture": "#0"},				"down": {"uv": [5.75, 1, 5.25, 1.5], "texture": "#0"}			}		},		{			"from": [7.38, 14.2, 7.38],			"to": [8.62, 15.06, 8.62],			"rotation": {"angle": 0, "axis": "y", "origin": [-1.3, 24.74, 17.3]},			"faces": {				"north": {"uv": [2, 2.5, 2.25, 3], "texture": "#0"},				"east": {"uv": [2, 3, 2.25, 3.5], "texture": "#0"},				"south": {"uv": [5.75, 2.5, 6, 3], "texture": "#0"},				"west": {"uv": [5.75, 4.25, 6, 4.75], "texture": "#0"},				"up": {"uv": [2.25, 6.5, 2, 6.25], "texture": "#0"},				"down": {"uv": [2.5, 6.25, 2.25, 6.5], "texture": "#0"}			}		},		{			"from": [7.07, -6.2, 7.07],			"to": [8.93, -4.34, 8.93],			"rotation": {"angle": 45, "axis": "z", "origin": [8, -5.27, 8]},			"faces": {				"north": {"uv": [5.25, 1.5, 5.75, 2], "texture": "#0"},				"east": {"uv": [5.25, 2, 5.75, 2.5], "texture": "#0"},				"south": {"uv": [5.25, 2.5, 5.75, 3], "texture": "#0"},				"west": {"uv": [5.25, 4.25, 5.75, 4.75], "texture": "#0"},				"up": {"uv": [2.5, 6, 2, 5.5], "texture": "#0"},				"down": {"uv": [3, 5.5, 2.5, 6], "texture": "#0"}			}		},		{			"from": [7.07, 0, 7.07],			"to": [8.93, 1.86, 8.93],			"rotation": {"angle": 45, "axis": "z", "origin": [8, 0.93, 8]},			"faces": {				"north": {"uv": [4.5, 5.5, 5, 6], "texture": "#0"},				"east": {"uv": [5, 5.5, 5.5, 6], "texture": "#0"},				"south": {"uv": [5.5, 5.5, 6, 6], "texture": "#0"},				"west": {"uv": [5.5, 3, 6, 3.5], "texture": "#0"},				"up": {"uv": [6, 5.25, 5.5, 4.75], "texture": "#0"},				"down": {"uv": [3.5, 5.75, 3, 6.25], "texture": "#0"}			}		},		{			"from": [6.76, 4.34, 7.07],			"to": [8.372, 5.456, 8.93],			"rotation": {"angle": 45, "axis": "z", "origin": [7.69, 4.65, 8]},			"faces": {				"north": {"uv": [5.5, 5.25, 6, 5.5], "texture": "#0"},				"east": {"uv": [5.75, 3.75, 6.25, 4], "texture": "#0"},				"south": {"uv": [2, 6, 2.5, 6.25], "texture": "#0"},				"west": {"uv": [2.5, 6, 3, 6.25], "texture": "#0"},				"up": {"uv": [4, 6.25, 3.5, 5.75], "texture": "#0"},				"down": {"uv": [6.25, 0, 5.75, 0.5], "texture": "#0"}			}		},		{			"from": [6.76, 6.51, 7.07],			"to": [8.372, 7.626, 8.93],			"rotation": {"angle": 45, "axis": "z", "origin": [7.69, 6.82, 8]},			"faces": {				"north": {"uv": [4.5, 6, 5, 6.25], "texture": "#0"},				"east": {"uv": [5, 6, 5.5, 6.25], "texture": "#0"},				"south": {"uv": [5.5, 6, 6, 6.25], "texture": "#0"},				"west": {"uv": [6, 6, 6.5, 6.25], "texture": "#0"},				"up": {"uv": [6.25, 1, 5.75, 0.5], "texture": "#0"},				"down": {"uv": [6.25, 1, 5.75, 1.5], "texture": "#0"}			}		},		{			"from": [6.76, 8.68, 7.07],			"to": [8.372, 9.796, 8.93],			"rotation": {"angle": 45, "axis": "z", "origin": [7.69, 8.99, 8]},			"faces": {				"north": {"uv": [6, 2.5, 6.5, 2.75], "texture": "#0"},				"east": {"uv": [6, 2.75, 6.5, 3], "texture": "#0"},				"south": {"uv": [6, 3, 6.5, 3.25], "texture": "#0"},				"west": {"uv": [6, 3.25, 6.5, 3.5], "texture": "#0"},				"up": {"uv": [6.25, 2, 5.75, 1.5], "texture": "#0"},				"down": {"uv": [6.25, 2, 5.75, 2.5], "texture": "#0"}			}		},		{			"from": [5.234, 12.958, 7.442],			"to": [8, 14.57, 8.496],			"rotation": {"angle": -45, "axis": "z", "origin": [4.9, 12.4, 8]},			"faces": {				"north": {"uv": [4.5, 4.5, 5.25, 5], "texture": "#0"},				"east": {"uv": [6, 4.25, 6.25, 4.75], "texture": "#0"},				"south": {"uv": [4.5, 0, 5.25, 0.5], "texture": "#0"},				"west": {"uv": [6, 4.75, 6.25, 5.25], "texture": "#0"},				"up": {"uv": [4.75, 4, 4, 3.75], "texture": "#0"},				"down": {"uv": [5.25, 4.25, 4.5, 4.5], "texture": "#0"}			}		}	],	"display": {		"thirdperson_righthand": {			"rotation": [0, 90, 0],			"translation": [0, 8.25, 1]		},		"thirdperson_lefthand": {			"rotation": [0, -90, 0],			"translation": [0, 8.25, 1]		},		"firstperson_righthand": {			"rotation": [0, 105, 0],			"translation": [2, 0.75, 0]		},		"firstperson_lefthand": {			"rotation": [0, 105, 0],			"translation": [2, 0.75, 0]		},		"ground": {			"translation": [0, 15.25, 0]		},		"gui": {			"rotation": [0, 0, -45],			"translation": [1, 1.25, 0],			"scale": [0.65, 0.65, 0.65]		},		"fixed": {			"rotation": [0, 0, 45],			"translation": [-2, 2.25, -1.25]		}	},	"groups": [		{			"name": "main",			"origin": [8, 8, 8],			"children": [0, 1, 2, 3, 4, 5, 6, 7, 8, 9, 10, 11, 12, 13, 14, 15]		}	]}