{
	"textures": {
		"0": "item/crates/pokemon21_crate/charizard_bow"
	},
	"elements": [
		{
			"from": [7.5, 8, 6],
			"to": [8.5, 12, 7],
			"faces": {
				"north": {"uv": [2.5, 7, 3, 9], "texture": "#0"},
				"east": {"uv": [7, 0, 7.5, 2], "texture": "#0"},
				"south": {"uv": [7, 2, 7.5, 4], "texture": "#0"},
				"west": {"uv": [3, 7.5, 3.5, 9.5], "texture": "#0"},
				"up": {"uv": [6, 2.5, 5.5, 2], "texture": "#0"},
				"down": {"uv": [6, 2.5, 5.5, 3], "texture": "#0"}
			}
		},
		{
			"from": [7.24, 11.68448, 6.27596],
			"to": [8.76, 14.70448, 7.79596],
			"rotation": {"angle": 22.5, "axis": "x", "origin": [8, 13.19448, 7.03596]},
			"faces": {
				"north": {"uv": [3, 4.5, 3.75, 6], "texture": "#0"},
				"east": {"uv": [4, 4.5, 4.75, 6], "texture": "#0"},
				"south": {"uv": [5, 5, 5.75, 6.5], "texture": "#0"},
				"west": {"uv": [1, 5.5, 1.75, 7], "texture": "#0"},
				"up": {"uv": [8.25, 10.25, 7.5, 9.5], "texture": "#0"},
				"down": {"uv": [10.25, 0.5, 9.5, 1.25], "texture": "#0"}
			}
		},
		{
			"from": [7.24, 5.29552, 6.27596],
			"to": [8.76, 8.31552, 7.79596],
			"rotation": {"angle": -22.5, "axis": "x", "origin": [8, 6.80552, 7.03596]},
			"faces": {
				"north": {"uv": [4, 6, 4.75, 7.5], "texture": "#0"},
				"east": {"uv": [6, 6, 6.75, 7.5], "texture": "#0"},
				"south": {"uv": [6, 2, 6.75, 3.5], "texture": "#0"},
				"west": {"uv": [6, 3.5, 6.75, 5], "texture": "#0"},
				"up": {"uv": [10.25, 5.25, 9.5, 4.5], "texture": "#0"},
				"down": {"uv": [10.25, 5.5, 9.5, 6.25], "texture": "#0"}
			}
		},
		{
			"from": [7.25, 7, 4.5],
			"to": [8.75, 8, 7],
			"rotation": {"angle": 0, "axis": "x", "origin": [8.25, 7.5, 5.25]},
			"faces": {
				"north": {"uv": [10, 0, 10.75, 0.5], "texture": "#0"},
				"east": {"uv": [8, 7.5, 9.25, 8], "texture": "#0"},
				"south": {"uv": [2, 10.5, 2.75, 11], "texture": "#0"},
				"west": {"uv": [8.5, 0, 9.75, 0.5], "texture": "#0"},
				"up": {"uv": [8.25, 3.25, 7.5, 2], "texture": "#0"},
				"down": {"uv": [1.75, 8, 1, 9.25], "texture": "#0"}
			}
		},
		{
			"from": [7.5, 8, 4.5],
			"to": [7.5, 9, 5.5],
			"rotation": {"angle": 0, "axis": "x", "origin": [8.25, 7.5, 5.25]},
			"faces": {
				"north": {"uv": [0, 0, 0, 0.5], "texture": "#0"},
				"east": {"uv": [4.5, 7.5, 5, 8], "texture": "#0"},
				"south": {"uv": [0, 0, 0, 0.5], "texture": "#0"},
				"west": {"uv": [7.5, 3.5, 8, 4], "texture": "#0"},
				"up": {"uv": [0, 0.5, 0, 0], "texture": "#0"},
				"down": {"uv": [0, 0, 0, 0.5], "texture": "#0"}
			}
		},
		{
			"from": [8.5, 8, 4.5],
			"to": [8.5, 9, 5.5],
			"rotation": {"angle": 0, "axis": "x", "origin": [8.25, 7.5, 5.25]},
			"faces": {
				"north": {"uv": [0, 0, 0, 0.5], "texture": "#0"},
				"east": {"uv": [2.5, 9, 3, 9.5], "texture": "#0"},
				"south": {"uv": [0, 0, 0, 0.5], "texture": "#0"},
				"west": {"uv": [3, 9.5, 3.5, 10], "texture": "#0"},
				"up": {"uv": [0, 0.5, 0, 0], "texture": "#0"},
				"down": {"uv": [0, 0, 0, 0.5], "texture": "#0"}
			}
		},
		{
			"from": [7, 7.25, 5.5],
			"to": [9, 8.25, 7.5],
			"rotation": {"angle": -22.5, "axis": "x", "origin": [7.25, 7.75, 6.25]},
			"faces": {
				"north": {"uv": [5, 4.5, 6, 5], "texture": "#0"},
				"east": {"uv": [9.5, 7.5, 10.5, 8], "texture": "#0"},
				"south": {"uv": [9, 10, 10, 10.5], "texture": "#0"},
				"west": {"uv": [10, 10, 11, 10.5], "texture": "#0"},
				"up": {"uv": [8, 5, 7, 4], "texture": "#0"},
				"down": {"uv": [8, 6, 7, 7], "texture": "#0"}
			}
		},
		{
			"from": [7.24, 12.08201, 4.24262],
			"to": [8.76, 13.35201, 6.26262],
			"rotation": {"angle": 0, "axis": "x", "origin": [8, 12.34201, 4.00262]},
			"faces": {
				"north": {"uv": [10, 3.5, 10.75, 4.125], "texture": "#0"},
				"east": {"uv": [8.5, 0.5, 9.5, 1.125], "texture": "#0"},
				"south": {"uv": [10, 8, 10.75, 8.625], "texture": "#0"},
				"west": {"uv": [8.5, 1.5, 9.5, 2.125], "texture": "#0"},
				"up": {"uv": [8.25, 6, 7.5, 5], "texture": "#0"},
				"down": {"uv": [8.75, 3.5, 8, 4.5], "texture": "#0"}
			}
		},
		{
			"from": [7.25, 13.09201, 5.25262],
			"to": [8.75, 14.34201, 7.25262],
			"rotation": {"angle": -22.5, "axis": "x", "origin": [8, 13.71701, 6.25262]},
			"faces": {
				"north": {"uv": [10, 9, 10.75, 9.625], "texture": "#0"},
				"east": {"uv": [5.5, 9.5, 6.5, 10.125], "texture": "#0"},
				"south": {"uv": [1, 10.5, 1.75, 11.125], "texture": "#0"},
				"west": {"uv": [6.5, 9.5, 7.5, 10.125], "texture": "#0"},
				"up": {"uv": [6.75, 9.5, 6, 8.5], "texture": "#0"},
				"down": {"uv": [7.75, 8.5, 7, 9.5], "texture": "#0"}
			}
		},
		{
			"from": [7.23, 11.07201, 3.98262],
			"to": [8.77, 13.36201, 5.02262],
			"rotation": {"angle": 0, "axis": "x", "origin": [8, 12.34201, 4.00262]},
			"faces": {
				"north": {"uv": [4.5, 8, 5.25, 9.125], "texture": "#0"},
				"east": {"uv": [8.5, 9.5, 9, 10.625], "texture": "#0"},
				"south": {"uv": [8, 8, 8.75, 9.125], "texture": "#0"},
				"west": {"uv": [4, 10, 4.5, 11.125], "texture": "#0"},
				"up": {"uv": [5.25, 11, 4.5, 10.5], "texture": "#0"},
				"down": {"uv": [6.25, 10.5, 5.5, 11], "texture": "#0"}
			}
		},
		{
			"from": [7, 11.42074, 5.63478],
			"to": [9, 12.67074, 7.63478],
			"rotation": {"angle": -22.5, "axis": "x", "origin": [8, 11.92074, 4.38478]},
			"faces": {
				"north": {"uv": [9, 8, 10, 8.625], "texture": "#0"},
				"east": {"uv": [1, 9.5, 2, 10.125], "texture": "#0"},
				"south": {"uv": [2, 9.5, 3, 10.125], "texture": "#0"},
				"west": {"uv": [4.5, 9.5, 5.5, 10.125], "texture": "#0"},
				"up": {"uv": [8.5, 1, 7.5, 0], "texture": "#0"},
				"down": {"uv": [8.5, 1, 7.5, 2], "texture": "#0"}
			}
		},
		{
			"from": [7, 13.62274, 6.94813],
			"to": [7, 15.62274, 10.94813],
			"rotation": {"angle": -22.5, "axis": "x", "origin": [7, 14.62274, 8.94813]},
			"faces": {
				"north": {"uv": [0, 0, 0, 1], "texture": "#0"},
				"east": {"uv": [3.5, 0, 5.5, 1], "texture": "#0"},
				"south": {"uv": [0, 0, 0, 1], "texture": "#0"},
				"west": {"uv": [3.5, 1, 5.5, 2], "texture": "#0"},
				"up": {"uv": [0, 2, 0, 0], "texture": "#0"},
				"down": {"uv": [0, 0, 0, 2], "texture": "#0"}
			}
		},
		{
			"from": [8.999, 13.62274, 6.94813],
			"to": [8.999, 15.62274, 10.94813],
			"rotation": {"angle": -22.5, "axis": "x", "origin": [6.999, 14.62274, 8.94813]},
			"faces": {
				"north": {"uv": [0, 0, 0, 1], "texture": "#0"},
				"east": {"uv": [3.5, 2, 5.5, 3], "texture": "#0"},
				"south": {"uv": [0, 0, 0, 1], "texture": "#0"},
				"west": {"uv": [1, 4.5, 3, 5.5], "texture": "#0"},
				"up": {"uv": [0, 2, 0, 0], "texture": "#0"},
				"down": {"uv": [0, 0, 0, 2], "texture": "#0"}
			}
		},
		{
			"from": [7.25, 15.00119, 6.86162],
			"to": [8.75, 16.50119, 9.86162],
			"rotation": {"angle": -45, "axis": "x", "origin": [8, 15.75119, 8.86162]},
			"faces": {
				"north": {"uv": [9.5, 1.5, 10.25, 2.25], "texture": "#0"},
				"east": {"uv": [5.5, 0, 7, 0.75], "texture": "#0"},
				"south": {"uv": [9.5, 2.5, 10.25, 3.25], "texture": "#0"},
				"west": {"uv": [5.5, 1, 7, 1.75], "texture": "#0"},
				"up": {"uv": [2.75, 7, 2, 5.5], "texture": "#0"},
				"down": {"uv": [3.75, 6, 3, 7.5], "texture": "#0"}
			}
		},
		{
			"from": [7.5, 15.25119, 9.86162],
			"to": [8.5, 16.25119, 12.86162],
			"rotation": {"angle": -45, "axis": "x", "origin": [8, 15.75119, 8.86162]},
			"faces": {
				"north": {"uv": [6.5, 10.5, 7, 11], "texture": "#0"},
				"east": {"uv": [8, 4.5, 9.5, 5], "texture": "#0"},
				"south": {"uv": [7, 10.5, 7.5, 11], "texture": "#0"},
				"west": {"uv": [8, 6, 9.5, 6.5], "texture": "#0"},
				"up": {"uv": [2.5, 9.5, 2, 8], "texture": "#0"},
				"down": {"uv": [6, 8, 5.5, 9.5], "texture": "#0"}
			}
		},
		{
			"from": [8, 10.31185, 10.8365],
			"to": [8, 17.31185, 11.8365],
			"rotation": {"angle": 0, "axis": "x", "origin": [8, 16.81185, 11.3365]},
			"faces": {
				"north": {"uv": [0, 0, 0, 7.5], "texture": "#0"},
				"east": {"uv": [1, 4.5, 0.5, 12], "texture": "#0"},
				"south": {"uv": [0, 0, 0, 7.5], "texture": "#0"},
				"west": {"uv": [0.5, 4.5, 1, 12], "texture": "#0"},
				"up": {"uv": [0, 0.5, 0, 0], "texture": "#0"},
				"down": {"uv": [0, 0, 0, 0.5], "texture": "#0"}
			}
		},
		{
			"from": [8, 2.31185, 10.8365],
			"to": [8, 10.31185, 11.8365],
			"rotation": {"angle": 0, "axis": "x", "origin": [8, 16.81185, 11.3365]},
			"faces": {
				"north": {"uv": [0, 0, 0, 7.5], "texture": "#0"},
				"east": {"uv": [1, 4.5, 0.5, 12], "texture": "#0"},
				"south": {"uv": [0, 0, 0, 7.5], "texture": "#0"},
				"west": {"uv": [0.5, 4.5, 1, 12], "texture": "#0"},
				"up": {"uv": [0, 0.5, 0, 0], "texture": "#0"},
				"down": {"uv": [0, 0, 0, 0.5], "texture": "#0"}
			}
		},
		{
			"from": [7.9375, 13, 6],
			"to": [7.9375, 15.5, 13],
			"rotation": {"angle": -45, "axis": "x", "origin": [8, 15.75119, 8.86162]},
			"faces": {
				"north": {"uv": [0, 0, 0, 1.25], "texture": "#0"},
				"east": {"uv": [3.5, 1.5, 0, 2.75], "texture": "#0"},
				"south": {"uv": [0, 0, 0, 1.25], "texture": "#0"},
				"west": {"uv": [0, 1.5, 3.5, 2.75], "texture": "#0"},
				"up": {"uv": [0, 3.5, 0, 0], "texture": "#0"},
				"down": {"uv": [0, 0, 0, 3.5], "texture": "#0"}
			}
		},
		{
			"from": [7.5, 3.74881, 9.86162],
			"to": [8.5, 4.74881, 12.86162],
			"rotation": {"angle": 45, "axis": "x", "origin": [8, 4.24881, 8.86162]},
			"faces": {
				"north": {"uv": [7.5, 10.5, 8, 11], "texture": "#0"},
				"east": {"uv": [8, 6.5, 9.5, 7], "texture": "#0"},
				"south": {"uv": [8, 10.5, 8.5, 11], "texture": "#0"},
				"west": {"uv": [8, 7, 9.5, 7.5], "texture": "#0"},
				"up": {"uv": [4, 10, 3.5, 8.5], "texture": "#0"},
				"down": {"uv": [4.5, 8.5, 4, 10], "texture": "#0"}
			}
		},
		{
			"from": [7.25, 3.49881, 6.86162],
			"to": [8.75, 4.99881, 9.86162],
			"rotation": {"angle": 45, "axis": "x", "origin": [8, 4.24881, 8.86162]},
			"faces": {
				"north": {"uv": [9.5, 6.5, 10.25, 7.25], "texture": "#0"},
				"east": {"uv": [6, 5, 7.5, 5.75], "texture": "#0"},
				"south": {"uv": [3, 10, 3.75, 10.75], "texture": "#0"},
				"west": {"uv": [1, 7, 2.5, 7.75], "texture": "#0"},
				"up": {"uv": [5.75, 8, 5, 6.5], "texture": "#0"},
				"down": {"uv": [7.75, 7, 7, 8.5], "texture": "#0"}
			}
		},
		{
			"from": [7.9375, 4, 8],
			"to": [7.9375, 6.5, 14],
			"rotation": {"angle": 45, "axis": "x", "origin": [8, 4.24881, 8.86162]},
			"faces": {
				"north": {"uv": [0, 0, 0, 1.25], "texture": "#0"},
				"east": {"uv": [6, 3, 3, 4.25], "texture": "#0"},
				"south": {"uv": [0, 0, 0, 1.25], "texture": "#0"},
				"west": {"uv": [3, 3, 6, 4.25], "texture": "#0"},
				"up": {"uv": [0, 3, 0, 0], "texture": "#0"},
				"down": {"uv": [0, 0, 0, 3], "texture": "#0"}
			}
		}
	],
	"gui_light": "front",
	"display": {
		"thirdperson_righthand": {
			"translation": [0, -4.75, 2],
			"scale": [1.2, 1.2, 1.2]
		},
		"thirdperson_lefthand": {
			"translation": [0, -4.75, 2],
			"scale": [1.2, 1.2, 1.2]
		},
		"ground": {
			"translation": [0, 5.25, 0]
		},
		"gui": {
			"rotation": [52, -119, 58],
			"translation": [0.5, -2.5, 0]
		},
		"fixed": {
			"rotation": [0, -90, 0],
			"translation": [0.25, -2, -0.5]
		}
	}
}