{
	"textures": {
		"0": "item/crates/pokemon21_crate/groudon_sword"
	},
	"elements": [
		{
			"from": [5.5, -16, 5.5],
			"to": [10.5, -11, 10.5],
			"rotation": {"angle": 0, "axis": "y", "origin": [8, -12, 8]},
			"faces": {
				"north": {"uv": [4.75, 6.5, 5.375, 7.125], "texture": "#0"},
				"east": {"uv": [7, 5.75, 7.625, 6.375], "texture": "#0"},
				"south": {"uv": [7, 6.5, 7.625, 7.125], "texture": "#0"},
				"west": {"uv": [7.125, 1.5, 7.75, 2.125], "texture": "#0"},
				"up": {"uv": [2.625, 7.75, 2, 7.125], "texture": "#0"},
				"down": {"uv": [7.75, 2.25, 7.125, 2.875], "texture": "#0"}
			}
		},
		{
			"from": [7, -16, 10.275],
			"to": [7, -12, 15.275],
			"rotation": {"angle": -22.5, "axis": "y", "origin": [9, -12, 8]},
			"faces": {
				"north": {"uv": [10.125, 2, 10.125, 2.5], "texture": "#0"},
				"east": {"uv": [7.875, 1.5, 8.5, 2], "texture": "#0"},
				"south": {"uv": [10.125, 2.625, 10.125, 3.125], "texture": "#0"},
				"west": {"uv": [2, 7.875, 2.625, 8.375], "texture": "#0"},
				"up": {"uv": [10.125, 3.875, 10.125, 3.25], "texture": "#0"},
				"down": {"uv": [4, 10.125, 4, 10.75], "texture": "#0"}
			}
		},
		{
			"from": [8, -16, 10.275],
			"to": [8, -12, 15.275],
			"rotation": {"angle": 0, "axis": "y", "origin": [8, -12, 8]},
			"faces": {
				"north": {"uv": [10.125, 4, 10.125, 4.5], "texture": "#0"},
				"east": {"uv": [7.875, 2.125, 8.5, 2.625], "texture": "#0"},
				"south": {"uv": [4.125, 10.125, 4.125, 10.625], "texture": "#0"},
				"west": {"uv": [7.875, 2.75, 8.5, 3.25], "texture": "#0"},
				"up": {"uv": [4.25, 10.75, 4.25, 10.125], "texture": "#0"},
				"down": {"uv": [4.375, 10.125, 4.375, 10.75], "texture": "#0"}
			}
		},
		{
			"from": [9, -16, 10.275],
			"to": [9, -12, 15.275],
			"rotation": {"angle": 22.5, "axis": "y", "origin": [7, -12, 8]},
			"faces": {
				"north": {"uv": [4.5, 10.125, 4.5, 10.625], "texture": "#0"},
				"east": {"uv": [3.25, 7.875, 3.875, 8.375], "texture": "#0"},
				"south": {"uv": [4.625, 10.125, 4.625, 10.625], "texture": "#0"},
				"west": {"uv": [4, 7.875, 4.625, 8.375], "texture": "#0"},
				"up": {"uv": [4.75, 10.75, 4.75, 10.125], "texture": "#0"},
				"down": {"uv": [4.875, 10.125, 4.875, 10.75], "texture": "#0"}
			}
		},
		{
			"from": [6.5, -11, 6.5],
			"to": [9.5, -5, 9.5],
			"rotation": {"angle": 0, "axis": "y", "origin": [8, -12, 8]},
			"faces": {
				"north": {"uv": [8.125, 3.375, 8.5, 4.125], "texture": "#0"},
				"east": {"uv": [8.125, 4.25, 8.5, 5], "texture": "#0"},
				"south": {"uv": [8, 8.375, 8.375, 9.125], "texture": "#0"},
				"west": {"uv": [2, 8.5, 2.375, 9.25], "texture": "#0"},
				"up": {"uv": [9.75, 6.5, 9.375, 6.125], "texture": "#0"},
				"down": {"uv": [7.375, 9.375, 7, 9.75], "texture": "#0"}
			}
		},
		{
			"from": [6.5, -5, 2.5],
			"to": [9.5, -2, 10.5],
			"rotation": {"angle": 0, "axis": "y", "origin": [8, -12, 8]},
			"faces": {
				"north": {"uv": [9.375, 8.25, 9.75, 8.625], "texture": "#0"},
				"east": {"uv": [7, 7.25, 8, 7.625], "texture": "#0"},
				"south": {"uv": [8.5, 9.375, 8.875, 9.75], "texture": "#0"},
				"west": {"uv": [7.75, 5.75, 8.75, 6.125], "texture": "#0"},
				"up": {"uv": [7.375, 8.75, 7, 7.75], "texture": "#0"},
				"down": {"uv": [7.875, 7.75, 7.5, 8.75], "texture": "#0"}
			}
		},
		{
			"from": [7.5, -2, 4.5],
			"to": [8.5, 23, 9.5],
			"rotation": {"angle": 0, "axis": "y", "origin": [8, -12, 8]},
			"faces": {
				"north": {"uv": [2.75, 7.125, 2.875, 10.25], "texture": "#0"},
				"east": {"uv": [5.5, 6, 6.125, 9.125], "texture": "#0"},
				"south": {"uv": [3, 7.125, 3.125, 10.25], "texture": "#0"},
				"west": {"uv": [6.25, 6, 6.875, 9.125], "texture": "#0"},
				"up": {"uv": [2.625, 9.125, 2.5, 8.5], "texture": "#0"},
				"down": {"uv": [7.625, 9.375, 7.5, 10], "texture": "#0"}
			}
		},
		{
			"from": [7.025, 1, 4],
			"to": [8.975, 4, 10],
			"rotation": {"angle": 0, "axis": "y", "origin": [8.5, -17, 7.5]},
			"faces": {
				"north": {"uv": [3.25, 9.5, 3.5, 9.875], "texture": "#0"},
				"east": {"uv": [8.125, 5.125, 8.875, 5.5], "texture": "#0"},
				"south": {"uv": [3.625, 9.5, 3.875, 9.875], "texture": "#0"},
				"west": {"uv": [8.125, 7.25, 8.875, 7.625], "texture": "#0"},
				"up": {"uv": [9.5, 4, 9.25, 3.25], "texture": "#0"},
				"down": {"uv": [9.5, 4.125, 9.25, 4.875], "texture": "#0"}
			}
		},
		{
			"from": [7.025, 11, 4],
			"to": [8.975, 14, 10],
			"rotation": {"angle": 0, "axis": "y", "origin": [8.5, -7, 7.5]},
			"faces": {
				"north": {"uv": [9.625, 4.125, 9.875, 4.5], "texture": "#0"},
				"east": {"uv": [8.625, 2.25, 9.375, 2.625], "texture": "#0"},
				"south": {"uv": [4.375, 9.625, 4.625, 10], "texture": "#0"},
				"west": {"uv": [8.625, 2.75, 9.375, 3.125], "texture": "#0"},
				"up": {"uv": [6.5, 10, 6.25, 9.25], "texture": "#0"},
				"down": {"uv": [6.875, 9.25, 6.625, 10], "texture": "#0"}
			}
		},
		{
			"from": [7.025, 6, 4],
			"to": [8.975, 9, 10],
			"rotation": {"angle": 0, "axis": "y", "origin": [8.5, -12, 7.5]},
			"faces": {
				"north": {"uv": [9.5, 7.75, 9.75, 8.125], "texture": "#0"},
				"east": {"uv": [3.25, 8.5, 4, 8.875], "texture": "#0"},
				"south": {"uv": [9.625, 3.125, 9.875, 3.5], "texture": "#0"},
				"west": {"uv": [8.5, 8.375, 9.25, 8.75], "texture": "#0"},
				"up": {"uv": [5, 10, 4.75, 9.25], "texture": "#0"},
				"down": {"uv": [5.375, 9.25, 5.125, 10], "texture": "#0"}
			}
		},
		{
			"from": [7.025, 16, 4],
			"to": [8.975, 19, 10],
			"rotation": {"angle": 0, "axis": "y", "origin": [8.5, -2, 7.5]},
			"faces": {
				"north": {"uv": [9.625, 3.625, 9.875, 4], "texture": "#0"},
				"east": {"uv": [8.625, 1.25, 9.375, 1.625], "texture": "#0"},
				"south": {"uv": [4, 9.625, 4.25, 10], "texture": "#0"},
				"west": {"uv": [8.625, 1.75, 9.375, 2.125], "texture": "#0"},
				"up": {"uv": [5.75, 10, 5.5, 9.25], "texture": "#0"},
				"down": {"uv": [6.125, 9.25, 5.875, 10], "texture": "#0"}
			}
		},
		{
			"from": [8, -2, 0.5],
			"to": [8, 32, 17.5],
			"rotation": {"angle": 0, "axis": "y", "origin": [8, -12, 8]},
			"faces": {
				"north": {"uv": [2, 9.75, 2, 14], "texture": "#0"},
				"east": {"uv": [0, 0, 2.125, 4.25], "texture": "#0"},
				"south": {"uv": [2.125, 9.75, 2.125, 14], "texture": "#0"},
				"west": {"uv": [2.25, 0, 4.375, 4.25], "texture": "#0"},
				"up": {"uv": [2.25, 11.875, 2.25, 9.75], "texture": "#0"},
				"down": {"uv": [2.375, 9.75, 2.375, 11.875], "texture": "#0"}
			}
		},
		{
			"from": [8.16542, 16, 3.53768],
			"to": [8.19042, 32, 13.53768],
			"rotation": {"angle": -22.5, "axis": "y", "origin": [8.19042, 15, 13.03768]},
			"faces": {
				"north": {"uv": [2.5, 9.75, 2.5, 11.75], "texture": "#0"},
				"east": {"uv": [0, 4.375, 1.25, 6.375], "texture": "#0"},
				"south": {"uv": [2.625, 9.75, 2.625, 11.75], "texture": "#0"},
				"west": {"uv": [1.375, 4.375, 2.625, 6.375], "texture": "#0"},
				"up": {"uv": [9.75, 10.875, 9.75, 9.625], "texture": "#0"},
				"down": {"uv": [9.875, 6.875, 9.875, 8.125], "texture": "#0"}
			}
		},
		{
			"from": [7.80958, 16, 3.53768],
			"to": [7.83458, 32, 13.53768],
			"rotation": {"angle": 22.5, "axis": "y", "origin": [7.80958, 15, 13.03768]},
			"faces": {
				"north": {"uv": [7, 9.875, 7, 11.875], "texture": "#0"},
				"east": {"uv": [2.75, 4.375, 4, 6.375], "texture": "#0"},
				"south": {"uv": [7.125, 9.875, 7.125, 11.875], "texture": "#0"},
				"west": {"uv": [4.125, 4.375, 5.375, 6.375], "texture": "#0"},
				"up": {"uv": [7.25, 11.125, 7.25, 9.875], "texture": "#0"},
				"down": {"uv": [7.375, 9.875, 7.375, 11.125], "texture": "#0"}
			}
		},
		{
			"from": [7, -2, 9.5],
			"to": [9, 27, 13.5],
			"rotation": {"angle": 0, "axis": "y", "origin": [8, -12, 8]},
			"faces": {
				"north": {"uv": [1.25, 6.5, 1.5, 10.125], "texture": "#0"},
				"east": {"uv": [0, 6.5, 0.5, 10.125], "texture": "#0"},
				"south": {"uv": [1.625, 6.5, 1.875, 10.125], "texture": "#0"},
				"west": {"uv": [0.625, 6.5, 1.125, 10.125], "texture": "#0"},
				"up": {"uv": [9.75, 1.625, 9.5, 1.125], "texture": "#0"},
				"down": {"uv": [9.75, 1.75, 9.5, 2.25], "texture": "#0"}
			}
		},
		{
			"from": [3, 7, 11.475],
			"to": [13, 11, 11.5],
			"rotation": {"angle": 0, "axis": "y", "origin": [4.5, 3, 11.5]},
			"faces": {
				"north": {"uv": [3.375, 6.5, 4.625, 7], "texture": "#0"},
				"east": {"uv": [10.125, 0.75, 10.125, 1.25], "texture": "#0"},
				"south": {"uv": [6.75, 3.875, 8, 4.375], "texture": "#0"},
				"west": {"uv": [10.125, 1.375, 10.125, 1.875], "texture": "#0"},
				"up": {"uv": [11.125, 6.125, 9.875, 6.125], "texture": "#0"},
				"down": {"uv": [11.125, 6.25, 9.875, 6.25], "texture": "#0"}
			}
		},
		{
			"from": [3, 1, 11.45],
			"to": [13, 5, 11.5],
			"rotation": {"angle": 0, "axis": "y", "origin": [4.5, 3, 11.5]},
			"faces": {
				"north": {"uv": [3.375, 6.5, 4.625, 7], "texture": "#0"},
				"east": {"uv": [10.125, 0.75, 10.125, 1.25], "texture": "#0"},
				"south": {"uv": [6.75, 3.875, 8, 4.375], "texture": "#0"},
				"west": {"uv": [10.125, 1.375, 10.125, 1.875], "texture": "#0"},
				"up": {"uv": [11.125, 6.125, 9.875, 6.125], "texture": "#0"},
				"down": {"uv": [11.125, 6.25, 9.875, 6.25], "texture": "#0"}
			}
		},
		{
			"from": [3, 8.5, 10],
			"to": [13, 8.525, 14],
			"rotation": {"angle": 0, "axis": "y", "origin": [8, -12, 8]},
			"faces": {
				"north": {"uv": [9.875, 6.375, 11.125, 6.375], "texture": "#0"},
				"east": {"uv": [8.125, 5.625, 8.625, 5.625], "texture": "#0"},
				"south": {"uv": [9.875, 6.5, 11.125, 6.5], "texture": "#0"},
				"west": {"uv": [8.75, 8.25, 9.25, 8.25], "texture": "#0"},
				"up": {"uv": [8, 5, 6.75, 4.5], "texture": "#0"},
				"down": {"uv": [8, 5.125, 6.75, 5.625], "texture": "#0"}
			}
		},
		{
			"from": [3, 2.5, 10],
			"to": [13, 2.525, 14],
			"rotation": {"angle": 0, "axis": "y", "origin": [8, -12, 8]},
			"faces": {
				"north": {"uv": [9.875, 6.375, 11.125, 6.375], "texture": "#0"},
				"east": {"uv": [8.125, 5.625, 8.625, 5.625], "texture": "#0"},
				"south": {"uv": [9.875, 6.5, 11.125, 6.5], "texture": "#0"},
				"west": {"uv": [8.75, 8.25, 9.25, 8.25], "texture": "#0"},
				"up": {"uv": [8, 5, 6.75, 4.5], "texture": "#0"},
				"down": {"uv": [8, 5.125, 6.75, 5.625], "texture": "#0"}
			}
		},
		{
			"from": [4.5, -3.7388, 9.32683],
			"to": [11.5, -0.7388, 14.32683],
			"rotation": {"angle": 0, "axis": "y", "origin": [8, -2.5, 7]},
			"faces": {
				"north": {"uv": [7.75, 6.25, 8.625, 6.625], "texture": "#0"},
				"east": {"uv": [8.75, 7.75, 9.375, 8.125], "texture": "#0"},
				"south": {"uv": [7.75, 6.75, 8.625, 7.125], "texture": "#0"},
				"west": {"uv": [8.875, 5.625, 9.5, 6], "texture": "#0"},
				"up": {"uv": [7.875, 0.625, 7, 0], "texture": "#0"},
				"down": {"uv": [7.875, 0.75, 7, 1.375], "texture": "#0"}
			}
		},
		{
			"from": [4.999, -1.03551, 14.36281],
			"to": [4.999, 2.96449, 18.36281],
			"rotation": {"angle": 22.5, "axis": "x", "origin": [7.999, 1.20329, 5.03598]},
			"faces": {
				"north": {"uv": [10, 2.375, 10, 2.875], "texture": "#0"},
				"east": {"uv": [8.75, 0.625, 9.25, 1.125], "texture": "#0"},
				"south": {"uv": [10, 3, 10, 3.5], "texture": "#0"},
				"west": {"uv": [8.75, 6.25, 9.25, 6.75], "texture": "#0"},
				"up": {"uv": [3.25, 10.5, 3.25, 10], "texture": "#0"},
				"down": {"uv": [3.375, 10, 3.375, 10.5], "texture": "#0"}
			}
		},
		{
			"from": [6.999, -1.03551, 14.36281],
			"to": [6.999, 2.96449, 18.36281],
			"rotation": {"angle": 22.5, "axis": "x", "origin": [7.999, 1.20329, 5.03598]},
			"faces": {
				"north": {"uv": [10, 2.375, 10, 2.875], "texture": "#0"},
				"east": {"uv": [8.75, 0.625, 9.25, 1.125], "texture": "#0"},
				"south": {"uv": [10, 3, 10, 3.5], "texture": "#0"},
				"west": {"uv": [8.75, 6.25, 9.25, 6.75], "texture": "#0"},
				"up": {"uv": [3.25, 10.5, 3.25, 10], "texture": "#0"},
				"down": {"uv": [3.375, 10, 3.375, 10.5], "texture": "#0"}
			}
		},
		{
			"from": [8.999, -1.03551, 14.36281],
			"to": [8.999, 2.96449, 18.36281],
			"rotation": {"angle": 22.5, "axis": "x", "origin": [7.999, 1.20329, 5.03598]},
			"faces": {
				"north": {"uv": [10, 2.375, 10, 2.875], "texture": "#0"},
				"east": {"uv": [8.75, 0.625, 9.25, 1.125], "texture": "#0"},
				"south": {"uv": [10, 3, 10, 3.5], "texture": "#0"},
				"west": {"uv": [8.75, 6.25, 9.25, 6.75], "texture": "#0"},
				"up": {"uv": [3.25, 10.5, 3.25, 10], "texture": "#0"},
				"down": {"uv": [3.375, 10, 3.375, 10.5], "texture": "#0"}
			}
		},
		{
			"from": [10.999, -1.03551, 14.36281],
			"to": [10.999, 2.96449, 18.36281],
			"rotation": {"angle": 22.5, "axis": "x", "origin": [7.999, 1.20329, 5.03598]},
			"faces": {
				"north": {"uv": [10, 2.375, 10, 2.875], "texture": "#0"},
				"east": {"uv": [8.75, 0.625, 9.25, 1.125], "texture": "#0"},
				"south": {"uv": [10, 3, 10, 3.5], "texture": "#0"},
				"west": {"uv": [8.75, 6.25, 9.25, 6.75], "texture": "#0"},
				"up": {"uv": [3.25, 10.5, 3.25, 10], "texture": "#0"},
				"down": {"uv": [3.375, 10, 3.375, 10.5], "texture": "#0"}
			}
		},
		{
			"from": [5.5, -3.49517, 7.17794],
			"to": [10.5, -1.49517, 10.17794],
			"rotation": {"angle": -22.5, "axis": "x", "origin": [8, -3.25638, 7.8511]},
			"faces": {
				"north": {"uv": [4.5, 4, 5.125, 4.25], "texture": "#0"},
				"east": {"uv": [9.5, 2.375, 9.875, 2.625], "texture": "#0"},
				"south": {"uv": [9, 7.375, 9.625, 7.625], "texture": "#0"},
				"west": {"uv": [9.5, 2.75, 9.875, 3], "texture": "#0"},
				"up": {"uv": [7.625, 9.25, 7, 8.875], "texture": "#0"},
				"down": {"uv": [9.125, 8.875, 8.5, 9.25], "texture": "#0"}
			}
		},
		{
			"from": [5.501, -8.25, 0.5],
			"to": [5.526, -4.25, 1.5],
			"rotation": {"angle": 22.5, "axis": "x", "origin": [9.501, -4.75, 3.75]},
			"faces": {
				"north": {"uv": [5, 10.125, 5, 10.625], "texture": "#0"},
				"east": {"uv": [9, 9.375, 9.125, 9.875], "texture": "#0"},
				"south": {"uv": [5.125, 10.125, 5.125, 10.625], "texture": "#0"},
				"west": {"uv": [9.625, 9, 9.75, 9.5], "texture": "#0"},
				"up": {"uv": [5.25, 4.125, 5.25, 4], "texture": "#0"},
				"down": {"uv": [5.375, 4, 5.375, 4.125], "texture": "#0"}
			}
		},
		{
			"from": [10.474, -8.25, 0.5],
			"to": [10.499, -4.25, 1.5],
			"rotation": {"angle": 22.5, "axis": "x", "origin": [6.499, -4.75, 3.75]},
			"faces": {
				"north": {"uv": [5.25, 10.125, 5.25, 10.625], "texture": "#0"},
				"east": {"uv": [9.25, 9.625, 9.375, 10.125], "texture": "#0"},
				"south": {"uv": [5.375, 10.125, 5.375, 10.625], "texture": "#0"},
				"west": {"uv": [9.5, 9.625, 9.625, 10.125], "texture": "#0"},
				"up": {"uv": [6.75, 5.875, 6.75, 5.75], "texture": "#0"},
				"down": {"uv": [6.875, 5.75, 6.875, 5.875], "texture": "#0"}
			}
		},
		{
			"from": [5.499, -8.25, 0.5],
			"to": [10.499, -8.225, 1.5],
			"rotation": {"angle": 22.5, "axis": "x", "origin": [6.499, -4.75, 3.75]},
			"faces": {
				"north": {"uv": [5.5, 10.125, 6.125, 10.125], "texture": "#0"},
				"east": {"uv": [5.25, 4.25, 5.375, 4.25], "texture": "#0"},
				"south": {"uv": [6.25, 10.125, 6.875, 10.125], "texture": "#0"},
				"west": {"uv": [6.375, 3.875, 6.5, 3.875], "texture": "#0"},
				"up": {"uv": [10, 6.75, 9.375, 6.625], "texture": "#0"},
				"down": {"uv": [10.25, 4.625, 9.625, 4.75], "texture": "#0"}
			}
		},
		{
			"from": [6.64745, -4, -0.6967],
			"to": [11.64745, 0, 4.3033],
			"rotation": {"angle": 45, "axis": "y", "origin": [7.64745, -2.5, 2.8033]},
			"faces": {
				"north": {"uv": [8, 0, 8.625, 0.5], "texture": "#0"},
				"east": {"uv": [8, 0.625, 8.625, 1.125], "texture": "#0"},
				"south": {"uv": [4.75, 8, 5.375, 8.5], "texture": "#0"},
				"west": {"uv": [8, 7.75, 8.625, 8.25], "texture": "#0"},
				"up": {"uv": [7.75, 3.625, 7.125, 3], "texture": "#0"},
				"down": {"uv": [3.875, 7.125, 3.25, 7.75], "texture": "#0"}
			}
		},
		{
			"from": [6.64745, -5, -0.6967],
			"to": [11.64745, -4, -0.6717],
			"rotation": {"angle": 45, "axis": "y", "origin": [7.64745, -2.5, 2.8033]},
			"faces": {
				"north": {"uv": [9.625, 4.875, 10.25, 5], "texture": "#0"},
				"east": {"uv": [8.5, 1.25, 8.5, 1.375], "texture": "#0"},
				"south": {"uv": [9.625, 5.625, 10.25, 5.75], "texture": "#0"},
				"west": {"uv": [7.75, 8.875, 7.75, 9], "texture": "#0"},
				"up": {"uv": [10.75, 8.125, 10.125, 8.125], "texture": "#0"},
				"down": {"uv": [10.75, 8.25, 10.125, 8.25], "texture": "#0"}
			}
		},
		{
			"from": [11.62245, -5, -0.6967],
			"to": [11.64745, -4, 4.3033],
			"rotation": {"angle": 45, "axis": "y", "origin": [7.64745, -2.5, 2.8033]},
			"faces": {
				"north": {"uv": [7.875, 8.875, 7.875, 9], "texture": "#0"},
				"east": {"uv": [9.625, 5.875, 10.25, 6], "texture": "#0"},
				"south": {"uv": [9.75, 7.5, 9.75, 7.625], "texture": "#0"},
				"west": {"uv": [9.625, 8.75, 10.25, 8.875], "texture": "#0"},
				"up": {"uv": [8, 10.75, 8, 10.125], "texture": "#0"},
				"down": {"uv": [8.125, 10.125, 8.125, 10.75], "texture": "#0"}
			}
		},
		{
			"from": [8.64745, -5, 4.2783],
			"to": [11.64745, -4, 4.3033],
			"rotation": {"angle": 45, "axis": "y", "origin": [7.64745, -2.5, 2.8033]},
			"faces": {
				"north": {"uv": [8, 1.25, 8.375, 1.375], "texture": "#0"},
				"east": {"uv": [10, 4.25, 10, 4.375], "texture": "#0"},
				"south": {"uv": [9.75, 0, 10.125, 0.125], "texture": "#0"},
				"west": {"uv": [8.25, 10.125, 8.25, 10.25], "texture": "#0"},
				"up": {"uv": [9.25, 6.125, 8.875, 6.125], "texture": "#0"},
				"down": {"uv": [10.5, 8.375, 10.125, 8.375], "texture": "#0"}
			}
		},
		{
			"from": [4.35255, -5, 4.2783],
			"to": [7.35255, -4, 4.3033],
			"rotation": {"angle": -45, "axis": "y", "origin": [8.35255, -2.5, 2.8033]},
			"faces": {
				"north": {"uv": [9.75, 0.25, 10.125, 0.375], "texture": "#0"},
				"east": {"uv": [8.375, 10.125, 8.375, 10.25], "texture": "#0"},
				"south": {"uv": [9.75, 0.5, 10.125, 0.625], "texture": "#0"},
				"west": {"uv": [10.125, 8.5, 10.125, 8.625], "texture": "#0"},
				"up": {"uv": [10.5, 9, 10.125, 9], "texture": "#0"},
				"down": {"uv": [10.5, 9.125, 10.125, 9.125], "texture": "#0"}
			}
		},
		{
			"from": [11.47028, 0, -4.57021],
			"to": [11.47028, 3, 0.42979],
			"rotation": {"angle": 22.5, "axis": "y", "origin": [14.93995, -6, 5.18805]},
			"faces": {
				"north": {"uv": [7, 1.5, 7, 1.875], "texture": "#0"},
				"east": {"uv": [3.25, 9, 3.875, 9.375], "texture": "#0"},
				"south": {"uv": [7.875, 3.375, 7.875, 3.75], "texture": "#0"},
				"west": {"uv": [9, 5.125, 9.625, 5.5], "texture": "#0"},
				"up": {"uv": [10.125, 7.25, 10.125, 6.625], "texture": "#0"},
				"down": {"uv": [10.125, 7.375, 10.125, 8], "texture": "#0"}
			}
		},
		{
			"from": [4.52972, 0, -4.57021],
			"to": [4.52972, 3, 0.42979],
			"rotation": {"angle": -22.5, "axis": "y", "origin": [1.06005, -6, 5.18805]},
			"faces": {
				"north": {"uv": [8, 3.375, 8, 3.75], "texture": "#0"},
				"east": {"uv": [9, 6.875, 9.625, 7.25], "texture": "#0"},
				"south": {"uv": [9.875, 8.25, 9.875, 8.625], "texture": "#0"},
				"west": {"uv": [4, 9.125, 4.625, 9.5], "texture": "#0"},
				"up": {"uv": [7.5, 10.75, 7.5, 10.125], "texture": "#0"},
				"down": {"uv": [7.625, 10.125, 7.625, 10.75], "texture": "#0"}
			}
		},
		{
			"from": [8.001, -4, -4.5],
			"to": [8.001, 2, -2.5],
			"rotation": {"angle": 0, "axis": "y", "origin": [4.53133, -9, 2.25825]},
			"faces": {
				"north": {"uv": [7.75, 10.125, 7.75, 10.875], "texture": "#0"},
				"east": {"uv": [7.75, 9.25, 8, 10], "texture": "#0"},
				"south": {"uv": [7.875, 10.125, 7.875, 10.875], "texture": "#0"},
				"west": {"uv": [8.125, 9.25, 8.375, 10], "texture": "#0"},
				"up": {"uv": [8.75, 7.125, 8.75, 6.875], "texture": "#0"},
				"down": {"uv": [8.875, 6.875, 8.875, 7.125], "texture": "#0"}
			}
		},
		{
			"from": [5.501, -8.25, 1.5],
			"to": [10.501, -3.25, 3.5],
			"rotation": {"angle": 22.5, "axis": "x", "origin": [9.001, -4.75, 3.75]},
			"faces": {
				"north": {"uv": [4, 7.125, 4.625, 7.75], "texture": "#0"},
				"east": {"uv": [9.25, 8.875, 9.5, 9.5], "texture": "#0"},
				"south": {"uv": [4.75, 7.25, 5.375, 7.875], "texture": "#0"},
				"west": {"uv": [9.375, 0, 9.625, 0.625], "texture": "#0"},
				"up": {"uv": [10, 1, 9.375, 0.75], "texture": "#0"},
				"down": {"uv": [2.625, 9.375, 2, 9.625], "texture": "#0"}
			}
		},
		{
			"from": [6.5, 8, 8.5],
			"to": [6.525, 23, 17.5],
			"rotation": {"angle": -22.5, "axis": "x", "origin": [6.5, 15.5, 13]},
			"faces": {
				"north": {"uv": [3.5, 10, 3.5, 11.875], "texture": "#0"},
				"east": {"uv": [4.5, 0, 5.625, 1.875], "texture": "#0"},
				"south": {"uv": [3.625, 10, 3.625, 11.875], "texture": "#0"},
				"west": {"uv": [4.5, 2, 5.625, 3.875], "texture": "#0"},
				"up": {"uv": [3.75, 11.125, 3.75, 10], "texture": "#0"},
				"down": {"uv": [3.875, 10, 3.875, 11.125], "texture": "#0"}
			}
		},
		{
			"from": [9.475, 8, 8.5],
			"to": [9.5, 23, 17.5],
			"rotation": {"angle": -22.5, "axis": "x", "origin": [9.5, 15.5, 13]},
			"faces": {
				"north": {"uv": [9, 10, 9, 11.875], "texture": "#0"},
				"east": {"uv": [5.5, 4, 6.625, 5.875], "texture": "#0"},
				"south": {"uv": [10, 9, 10, 10.875], "texture": "#0"},
				"west": {"uv": [5.75, 0, 6.875, 1.875], "texture": "#0"},
				"up": {"uv": [10, 8, 10, 6.875], "texture": "#0"},
				"down": {"uv": [9.125, 10, 9.125, 11.125], "texture": "#0"}
			}
		}
	],
	"gui_light": "front",
	"display": {
		"thirdperson_righthand": {
			"translation": [0, 11.25, 2.5],
			"scale": [0.8, 0.8, 0.8]
		},
		"thirdperson_lefthand": {
			"translation": [0, 11.25, 2.5],
			"scale": [0.8, 0.8, 0.8]
		},
		"firstperson_righthand": {
			"translation": [0, 5.25, 0],
			"scale": [0.4, 0.4, 0.4]
		},
		"firstperson_lefthand": {
			"translation": [0, 5.25, 0],
			"scale": [0.4, 0.4, 0.4]
		},
		"ground": {
			"translation": [0, 1, 0],
			"scale": [0.25, 0.25, 0.25]
		},
		"gui": {
			"rotation": [-67, 46, 68],
			"translation": [-0.25, 0.5, 0],
			"scale": [0.42, 0.42, 0.42]
		},
		"head": {
			"translation": [0, 18.75, -1.5]
		},
		"fixed": {
			"rotation": [90, -45, 90],
			"translation": [0, 0, -2],
			"scale": [0.5, 0.5, 0.5]
		}
	},
	"groups": [0, 1, 2, 3, 4, 5, 6, 7, 8, 9, 10, 11, 12, 13, 14,
		{
			"name": "group",
			"origin": [8, -12, 8],
			"children": []
		},
		{
			"name": "group",
			"origin": [8, -12, 8],
			"children": [15, 16, 17, 18]
		},
		{
			"name": "group",
			"origin": [8, -12, 11],
			"children": [19, 20, 21, 22, 23, 24]
		},
		{
			"name": "group",
			"origin": [9.35355, -6, 4.4467],
			"children": [25, 26, 27, 28, 29, 30, 31, 32, 33, 34, 35, 36]
		},
		{
			"name": "group",
			"origin": [9.5, 15.5, 13],
			"children": [37, 38]
		}
	]
}