{
	"textures": {
		"0": "item/crates/pokemon21_crate/kyogre_axe"
	},
	"elements": [
		{
			"from": [7, -6, 6],
			"to": [9, 7, 8],
			"faces": {
				"north": {"uv": [0.5, 10, 1, 13.25], "texture": "#0"},
				"east": {"uv": [0, 10, 0.5, 13.25], "texture": "#0"},
				"south": {"uv": [1.5, 10, 2, 13.25], "texture": "#0"},
				"west": {"uv": [1, 10, 1.5, 13.25], "texture": "#0"},
				"up": {"uv": [1, 10, 0.5, 9.5], "texture": "#0"},
				"down": {"uv": [1.5, 9.5, 1, 10], "texture": "#0"}
			}
		},
		{
			"from": [6.5, -7, 5.5],
			"to": [9.5, -2, 8.5],
			"faces": {
				"north": {"uv": [8.25, 5.75, 9, 7], "texture": "#0"},
				"east": {"uv": [7.5, 5.75, 8.25, 7], "texture": "#0"},
				"south": {"uv": [9.75, 5.75, 10.5, 7], "texture": "#0"},
				"west": {"uv": [9, 5.75, 9.75, 7], "texture": "#0"},
				"up": {"uv": [9, 5.75, 8.25, 5], "texture": "#0"},
				"down": {"uv": [9.75, 5, 9, 5.75], "texture": "#0"}
			}
		},
		{
			"from": [6.5, 7, 5.5],
			"to": [9.5, 11, 8.5],
			"faces": {
				"north": {"uv": [2.75, 10.25, 3.5, 11.25], "texture": "#0"},
				"east": {"uv": [2, 10.25, 2.75, 11.25], "texture": "#0"},
				"south": {"uv": [4.25, 10.25, 5, 11.25], "texture": "#0"},
				"west": {"uv": [3.5, 10.25, 4.25, 11.25], "texture": "#0"},
				"up": {"uv": [3.5, 10.25, 2.75, 9.5], "texture": "#0"},
				"down": {"uv": [4.25, 9.5, 3.5, 10.25], "texture": "#0"}
			}
		},
		{
			"from": [4, 11, 5],
			"to": [12, 20, 9],
			"faces": {
				"north": {"uv": [8.5, 8.5, 10.5, 10.75], "texture": "#0"},
				"east": {"uv": [7.5, 8.5, 8.5, 10.75], "texture": "#0"},
				"south": {"uv": [11.5, 8.5, 13.5, 10.75], "texture": "#0"},
				"west": {"uv": [10.5, 8.5, 11.5, 10.75], "texture": "#0"},
				"up": {"uv": [10.5, 8.5, 8.5, 7.5], "texture": "#0"},
				"down": {"uv": [12.5, 7.5, 10.5, 8.5], "texture": "#0"}
			}
		},
		{
			"from": [12, 13, 6],
			"to": [20, 21, 8],
			"rotation": {"angle": 0, "axis": "y", "origin": [16, 0, 0]},
			"faces": {
				"north": {"uv": [8, 3, 10, 5], "texture": "#0"},
				"east": {"uv": [7.5, 3, 8, 5], "texture": "#0"},
				"south": {"uv": [10.5, 3, 12.5, 5], "texture": "#0"},
				"west": {"uv": [10, 3, 10.5, 5], "texture": "#0"},
				"up": {"uv": [10, 3, 8, 2.5], "texture": "#0"},
				"down": {"uv": [12, 2.5, 10, 3], "texture": "#0"}
			}
		},
		{
			"from": [-4, 13, 6],
			"to": [4, 21, 8],
			"rotation": {"angle": 0, "axis": "y", "origin": [16, 0, 0]},
			"faces": {
				"north": {"uv": [8, 0.5, 10, 2.5], "texture": "#0"},
				"east": {"uv": [7.5, 0.5, 8, 2.5], "texture": "#0"},
				"south": {"uv": [10.5, 0.5, 12.5, 2.5], "texture": "#0"},
				"west": {"uv": [10, 0.5, 10.5, 2.5], "texture": "#0"},
				"up": {"uv": [10, 0.5, 8, 0], "texture": "#0"},
				"down": {"uv": [12, 0, 10, 0.5], "texture": "#0"}
			}
		},
		{
			"from": [-9, 6, 7],
			"to": [6, 25, 7],
			"faces": {
				"north": {"uv": [0, 4.75, 3.75, 9.5], "texture": "#0"},
				"east": {"uv": [0, 4.75, 0, 9.5], "texture": "#0"},
				"south": {"uv": [3.75, 4.75, 0, 9.5], "texture": "#0"},
				"west": {"uv": [3.75, 4.75, 3.75, 9.5], "texture": "#0"},
				"up": {"uv": [3.75, 4.75, 0, 4.75], "texture": "#0"},
				"down": {"uv": [7.5, 4.75, 3.75, 4.75], "texture": "#0"}
			}
		},
		{
			"from": [10, 6, 7],
			"to": [25, 25, 7],
			"rotation": {"angle": 0, "axis": "y", "origin": [16, 0, 0]},
			"faces": {
				"north": {"uv": [0, 0, 3.75, 4.75], "texture": "#0"},
				"east": {"uv": [0, 0, 0, 4.75], "texture": "#0"},
				"south": {"uv": [3.75, 0, 0, 4.75], "texture": "#0"},
				"west": {"uv": [3.75, 0, 3.75, 4.75], "texture": "#0"},
				"up": {"uv": [3.75, 0, 0, 0], "texture": "#0"},
				"down": {"uv": [7.5, 0, 3.75, 0], "texture": "#0"}
			}
		}
	],
	"gui_light": "front",
	"display": {
		"thirdperson_righthand": {
			"rotation": [-0.5, 87.25, 0],
			"translation": [0.75, 1.75, 1.25],
			"scale": [0.5, 0.5, 0.5]
		},
		"thirdperson_lefthand": {
			"rotation": [-0.5, 87.25, 0],
			"translation": [0.75, 1.75, 1.25],
			"scale": [0.5, 0.5, 0.5]
		},
		"firstperson_righthand": {
			"rotation": [-0.5, 95, 0],
			"translation": [2.25, 2.75, 1.75],
			"scale": [0.6, 0.6, 0.6]
		},
		"firstperson_lefthand": {
			"rotation": [-0.5, 95, 0],
			"translation": [2.25, 2.75, 1.75],
			"scale": [0.6, 0.6, 0.6]
		},
		"ground": {
			"translation": [0, 6.25, 0],
			"scale": [0.6, 0.6, 0.6]
		},
		"gui": {
			"rotation": [17, 25, -27],
			"translation": [-0.5, -1.25, 0],
			"scale": [0.5, 0.5, 0.5]
		}
	}
}