{
	"textures": {
		"0": "item/crates/pokemon21_crate/pikachu"
	},
	"elements": [
		{
			"from": [4.5, 7.25, 4],
			"to": [11.5, 13.75, 11],
			"rotation": {"angle": 0, "axis": "y", "origin": [0, -0.75, 1]},
			"faces": {
				"north": {"uv": [5.5, 6.25, 6.75, 7.5], "texture": "#0"},
				"east": {"uv": [8, 6.25, 6.75, 7.5], "texture": "#0"},
				"south": {"uv": [8, 6.25, 9.25, 7.5], "texture": "#0"},
				"west": {"uv": [6.75, 6.25, 8, 7.5], "texture": "#0"},
				"up": {"uv": [6.75, 6.25, 5.5, 5], "texture": "#0"},
				"down": {"uv": [6.75, 5, 5.5, 6.25], "texture": "#0"}
			}
		},
		{
			"from": [10, 12.75, 7],
			"to": [12, 18.75, 8],
			"rotation": {"angle": -22.5, "axis": "z", "origin": [10.5, 14.25, 6.5]},
			"faces": {
				"north": {"uv": [6.75, 7.75, 7.25, 9.25], "texture": "#0"},
				"east": {"uv": [6.5, 7.75, 6.75, 9.25], "texture": "#0"},
				"south": {"uv": [7.5, 7.75, 8, 9.25], "texture": "#0"},
				"west": {"uv": [7.25, 7.75, 7.5, 9.25], "texture": "#0"},
				"up": {"uv": [7.25, 7.75, 6.75, 7.5], "texture": "#0"},
				"down": {"uv": [7.75, 7.5, 7.25, 7.75], "texture": "#0"}
			}
		},
		{
			"from": [4, 12.75, 7],
			"to": [6, 18.75, 8],
			"rotation": {"angle": 45, "axis": "z", "origin": [5.5, 14.25, 6.5]},
			"faces": {
				"north": {"uv": [7.25, 7.75, 6.75, 9.25], "texture": "#0"},
				"east": {"uv": [7.5, 7.75, 7.25, 9.25], "texture": "#0"},
				"south": {"uv": [8, 7.75, 7.5, 9.25], "texture": "#0"},
				"west": {"uv": [6.75, 7.75, 6.5, 9.25], "texture": "#0"},
				"up": {"uv": [6.75, 7.75, 7.25, 7.5], "texture": "#0"},
				"down": {"uv": [7.25, 7.5, 7.75, 7.75], "texture": "#0"}
			}
		},
		{
			"from": [8.49, 12.24, 5.99],
			"to": [10.51, 17.26, 9.01],
			"rotation": {"angle": -45, "axis": "z", "origin": [3.5, 7.75, 7.5]},
			"faces": {
				"north": {"uv": [2.5, 7, 2, 8.25], "texture": "#0"},
				"east": {"uv": [2, 7, 1.25, 8.25], "texture": "#0"},
				"south": {"uv": [2, 7, 2.5, 8.25], "texture": "#0"},
				"west": {"uv": [1.25, 7, 2, 8.25], "texture": "#0"},
				"up": {"uv": [1.25, 7, 0.75, 6.25], "texture": "#0"},
				"down": {"uv": [1.25, 6.25, 0.75, 7], "texture": "#0"}
			}
		},
		{
			"from": [-0.06025, 5.68975, 5.99],
			"to": [4.95975, 7.70975, 9.01],
			"rotation": {"angle": 45, "axis": "z", "origin": [5.5, 7.75, 7.5]},
			"faces": {
				"north": {"uv": [2, 7, 2.5, 8.25], "rotation": 90, "texture": "#0"},
				"east": {"uv": [0.75, 6.25, 1.25, 7], "rotation": 270, "texture": "#0"},
				"south": {"uv": [2.5, 7, 2, 8.25], "rotation": 270, "texture": "#0"},
				"west": {"uv": [0.75, 7, 1.25, 6.25], "rotation": 270, "texture": "#0"},
				"up": {"uv": [2, 7, 1.25, 8.25], "rotation": 270, "texture": "#0"},
				"down": {"uv": [1.25, 7, 2, 8.25], "rotation": 270, "texture": "#0"}
			}
		},
		{
			"from": [5, 0.75, 5.5],
			"to": [11, 7.75, 9.5],
			"rotation": {"angle": 0, "axis": "y", "origin": [0, 0.25, 1]},
			"faces": {
				"north": {"uv": [1.25, 1.25, 3, 3.25], "texture": "#0"},
				"east": {"uv": [4.25, 1.25, 3, 3.25], "texture": "#0"},
				"south": {"uv": [4.25, 1.25, 6, 3.25], "texture": "#0"},
				"west": {"uv": [3, 1.25, 4.25, 3.25], "texture": "#0"},
				"up": {"uv": [3, 1.25, 1.25, 0], "texture": "#0"},
				"down": {"uv": [4.75, 0, 3, 1.25], "texture": "#0"}
			}
		},
		{
			"from": [8.25, -0.25, 4.5],
			"to": [10.75, 0.75, 8.5],
			"rotation": {"angle": -22.5, "axis": "x", "origin": [8, 0.25, 6]},
			"faces": {
				"north": {"uv": [1.25, 12, 1.75, 12.25], "texture": "#0"},
				"east": {"uv": [2.75, 12, 1.75, 12.25], "texture": "#0"},
				"south": {"uv": [1.75, 12, 1.25, 12.25], "texture": "#0"},
				"west": {"uv": [1.75, 12, 2.75, 12.25], "texture": "#0"},
				"up": {"uv": [1.75, 12, 1.25, 11], "texture": "#0"},
				"down": {"uv": [1.75, 11, 1.25, 12], "texture": "#0"}
			}
		},
		{
			"from": [5.25, -0.25, 4.5],
			"to": [7.75, 0.75, 8.5],
			"rotation": {"angle": -22.5, "axis": "x", "origin": [8, 0.25, 6]},
			"faces": {
				"north": {"uv": [1.75, 12, 1.25, 12.25], "texture": "#0"},
				"east": {"uv": [2.75, 12, 1.75, 12.25], "texture": "#0"},
				"south": {"uv": [1.25, 12, 1.75, 12.25], "texture": "#0"},
				"west": {"uv": [1.75, 12, 2.75, 12.25], "texture": "#0"},
				"up": {"uv": [1.25, 12, 1.75, 11], "texture": "#0"},
				"down": {"uv": [1.25, 11, 1.75, 12], "texture": "#0"}
			}
		},
		{
			"from": [3.75, 1.37132, 9.79289],
			"to": [14.75, 13.37132, 9.79289],
			"rotation": {"angle": 22.5, "axis": "x", "origin": [7, 2.25, 10]},
			"faces": {
				"north": {"uv": [4.9375, 9.6875, 7.6875, 12.6875], "texture": "#0"},
				"east": {"uv": [0, 3.25, 0, 6.25], "texture": "#0"},
				"south": {"uv": [7.6875, 9.6875, 4.9375, 12.6875], "texture": "#0"},
				"west": {"uv": [2.75, 3.25, 2.75, 6.25], "texture": "#0"},
				"up": {"uv": [2.75, 3.25, 0, 3.25], "texture": "#0"},
				"down": {"uv": [5.5, 3.25, 2.75, 3.25], "texture": "#0"}
			}
		}
	],
	"gui_light": "front",
	"display": {
		"thirdperson_righthand": {
			"rotation": [68, 0, 0],
			"translation": [0, 0.5, 2],
			"scale": [0.75, 0.75, 0.75]
		},
		"thirdperson_lefthand": {
			"rotation": [70, -376.25, -14],
			"translation": [4.5, -4.5, -1.25],
			"scale": [0.75, 0.75, 0.75]
		},
		"firstperson_righthand": {
			"rotation": [0, 130, 0],
			"translation": [9.5, 2, -5.75]
		},
		"firstperson_lefthand": {
			"rotation": [0, 126, 0],
			"translation": [8.5, 2, -5.75]
		},
		"ground": {
			"rotation": [50, 0, 0],
			"translation": [0, 1.75, 0],
			"scale": [0.6, 0.6, 0.6]
		},
		"gui": {
			"rotation": [30, -145, 0],
			"translation": [0, -0.25, 0],
			"scale": [0.8, 0.8, 0.8]
		},
		"head": {
			"translation": [0, 11.5, 0]
		}
	},
	"groups": [
		{
			"name": "group",
			"origin": [7, 2.25, 10],
			"color": 0,
			"boneType": "",
			"children": [0, 1, 2, 3, 4, 5, 6, 7, 8]
		}
	]
}