{
	"textures": {
		"0": "item/crates/pokemon21_crate/pokeball"
	},
	"elements": [
		{
			"from": [5.5, 2.25, 5],
			"to": [10.5, 4, 10],
			"rotation": {"angle": 0, "axis": "y", "origin": [0.5, 0, 0]},
			"faces": {
				"north": {"uv": [6.5, 6.5, 9, 7.5], "texture": "#0"},
				"east": {"uv": [2.5, 7, 5, 8], "texture": "#0"},
				"south": {"uv": [7, 2.5, 9.5, 3.5], "texture": "#0"},
				"west": {"uv": [7, 3.5, 9.5, 4.5], "texture": "#0"},
				"up": {"uv": [2.5, 2.5, 0, 0], "texture": "#0"},
				"down": {"uv": [2.5, 2.5, 0, 5], "texture": "#0"}
			}
		},
		{
			"from": [7.25, 3.55, 4.75],
			"to": [8.75, 5.05, 5.25],
			"rotation": {"angle": 0, "axis": "y", "origin": [2.5, 0, 0]},
			"faces": {
				"north": {"uv": [0, 8.5, 0.75, 9.25], "texture": "#0"},
				"east": {"uv": [2, 9, 2.25, 9.75], "texture": "#0"},
				"south": {"uv": [1, 8.5, 1.75, 9.25], "texture": "#0"},
				"west": {"uv": [2.5, 9, 2.75, 9.75], "texture": "#0"},
				"up": {"uv": [5.75, 4.75, 5, 4.5], "texture": "#0"},
				"down": {"uv": [5.75, 7, 5, 7.25], "texture": "#0"}
			}
		},
		{
			"from": [5.5, 4.75, 5],
			"to": [10.5, 6.5, 10],
			"rotation": {"angle": 0, "axis": "y", "origin": [0.5, 0, 0]},
			"faces": {
				"north": {"uv": [0, 7.5, 2.5, 8.5], "texture": "#0"},
				"east": {"uv": [7.5, 0, 10, 1], "texture": "#0"},
				"south": {"uv": [7.5, 1, 10, 2], "texture": "#0"},
				"west": {"uv": [5, 7.5, 7.5, 8.5], "texture": "#0"},
				"up": {"uv": [5, 2.5, 2.5, 0], "texture": "#0"},
				"down": {"uv": [5, 2.5, 2.5, 5], "texture": "#0"}
			}
		},
		{
			"from": [6, 6.5, 5.5],
			"to": [10, 7, 9.5],
			"rotation": {"angle": 0, "axis": "y", "origin": [1, 0, 0]},
			"faces": {
				"north": {"uv": [2, 8.5, 4, 8.75], "texture": "#0"},
				"east": {"uv": [4, 8.5, 6, 8.75], "texture": "#0"},
				"south": {"uv": [8.5, 4.5, 10.5, 4.75], "texture": "#0"},
				"west": {"uv": [8.5, 5, 10.5, 5.25], "texture": "#0"},
				"up": {"uv": [4.5, 7, 2.5, 5], "texture": "#0"},
				"down": {"uv": [7, 2.5, 5, 4.5], "texture": "#0"}
			}
		},
		{
			"from": [6, 1.75, 5.5],
			"to": [10, 2.25, 9.5],
			"rotation": {"angle": 0, "axis": "y", "origin": [1, 0, 0]},
			"faces": {
				"north": {"uv": [8.5, 5.5, 10.5, 5.75], "texture": "#0"},
				"east": {"uv": [6, 8.5, 8, 8.75], "texture": "#0"},
				"south": {"uv": [8.5, 6, 10.5, 6.25], "texture": "#0"},
				"west": {"uv": [8, 8.5, 10, 8.75], "texture": "#0"},
				"up": {"uv": [6.5, 7, 4.5, 5], "texture": "#0"},
				"down": {"uv": [8.5, 4.5, 6.5, 6.5], "texture": "#0"}
			}
		},
		{
			"from": [5.6, 4, 5.1],
			"to": [10.4, 4.75, 9.9],
			"rotation": {"angle": 0, "axis": "y", "origin": [0.5, 0, 0]},
			"faces": {
				"north": {"uv": [7.5, 2, 10, 2.5], "texture": "#0"},
				"east": {"uv": [7.5, 7.5, 10, 8], "texture": "#0"},
				"south": {"uv": [2.5, 8, 5, 8.5], "texture": "#0"},
				"west": {"uv": [7.5, 8, 10, 8.5], "texture": "#0"},
				"up": {"uv": [2.5, 7.5, 0, 5], "texture": "#0"},
				"down": {"uv": [7.5, 0, 5, 2.5], "texture": "#0"}
			}
		}
	],
	"gui_light": "front",
	"display": {
		"thirdperson_righthand": {
			"rotation": [40, 0, 0],
			"translation": [0, 1.5, 1.25],
			"scale": [0.8, 0.8, 0.8]
		},
		"thirdperson_lefthand": {
			"rotation": [40, 0, 0],
			"translation": [0, 1.5, 1.25],
			"scale": [0.8, 0.8, 0.8]
		},
		"firstperson_righthand": {
			"rotation": [0, 111, 0],
			"translation": [3.25, 5.25, 0]
		},
		"firstperson_lefthand": {
			"rotation": [0, 111, 0],
			"translation": [3.25, 5.25, 0]
		},
		"ground": {
			"translation": [0, 3.5, 0],
			"scale": [1.2, 1.2, 1.2]
		},
		"gui": {
			"rotation": [18, -159, 0],
			"translation": [0, 7.25, 0],
			"scale": [2, 2, 2]
		},
		"head": {
			"translation": [0, 12.75, 0]
		},
		"fixed": {
			"translation": [0, 4.5, 0],
			"scale": [1.2, 1.2, 1.2]
		}
	},
	"groups": [
		{
			"name": "group",
			"origin": [8, 8, 8],
			"children": [0, 1, 2, 3, 4, 5]
		}
	]
}