{"textures":{"0":"item/crates/newyear20_crate/chestplate_animation","particle":"item/crates/newyear20_crate/chestplate_animation"},"elements":[{"from":[0,0,0],"to":[16,0,16],"faces":{"north":{"uv":[16,0,0,0],"texture":"#0"},"east":{"uv":[16,0,0,0],"texture":"#0"},"south":{"uv":[16,0,0,0],"texture":"#0"},"west":{"uv":[16,0,0,0],"texture":"#0"},"up":{"uv":[0,0,16,16],"texture":"#0"},"down":{"uv":[0,16,16,0],"texture":"#0"}}},{"name":"newyear_chestplate_0","from":[1,0,0],"to":[2,0.5,10.5],"faces":{"north":{"uv":[2,0,1,0.5],"texture":"#0"},"east":{"uv":[1.5,0,2,10.5],"rotation":90,"texture":"#0"},"south":{"uv":[1,10,2,10.5],"texture":"#0"},"west":{"uv":[1,0,1.5,10.5],"rotation":270,"texture":"#0"},"up":{"uv":[1,0,2,10.5],"texture":"#0"},"down":{"uv":[1,10.5,2,0],"texture":"#0"}}},{"name":"newyear_chestplate_1","from":[4,0,0],"to":[5,0.5,10],"faces":{"north":{"uv":[5,0,4,0.5],"texture":"#0"},"east":{"uv":[4.5,0,5,10],"rotation":90,"texture":"#0"},"south":{"uv":[4,9.5,5,10],"texture":"#0"},"west":{"uv":[4,0,4.5,10],"rotation":270,"texture":"#0"},"up":{"uv":[4,0,5,10],"texture":"#0"},"down":{"uv":[4,10,5,0],"texture":"#0"}}},{"name":"newyear_chestplate_2","from":[11,0,0],"to":[12,0.5,10],"faces":{"north":{"uv":[12,0,11,0.5],"texture":"#0"},"east":{"uv":[11.5,0,12,10],"rotation":90,"texture":"#0"},"south":{"uv":[11,9.5,12,10],"texture":"#0"},"west":{"uv":[11,0,11.5,10],"rotation":270,"texture":"#0"},"up":{"uv":[11,0,12,10],"texture":"#0"},"down":{"uv":[11,10,12,0],"texture":"#0"}}},{"name":"newyear_chestplate_3","from":[14,0,0],"to":[15,0.5,10.5],"faces":{"north":{"uv":[15,0,14,0.5],"texture":"#0"},"east":{"uv":[14.5,0,15,10.5],"rotation":90,"texture":"#0"},"south":{"uv":[14,10,15,10.5],"texture":"#0"},"west":{"uv":[14,0,14.5,10.5],"rotation":270,"texture":"#0"},"up":{"uv":[14,0,15,10.5],"texture":"#0"},"down":{"uv":[14,10.5,15,0],"texture":"#0"}}},{"name":"newyear_chestplate_4","from":[2,0,0.5],"to":[2.5,0.5,11],"faces":{"north":{"uv":[2.5,0.5,2,1],"texture":"#0"},"east":{"uv":[2,0.5,2.5,11],"rotation":90,"texture":"#0"},"south":{"uv":[2,10.5,2.5,11],"texture":"#0"},"west":{"uv":[2,0.5,2.5,11],"rotation":270,"texture":"#0"},"up":{"uv":[2,0.5,2.5,11],"texture":"#0"},"down":{"uv":[2,11,2.5,0.5],"texture":"#0"}}},{"name":"newyear_chestplate_5","from":[5,0,0.5],"to":[5.5,0.5,14],"faces":{"north":{"uv":[5.5,0.5,5,1],"texture":"#0"},"east":{"uv":[5,0.5,5.5,14],"rotation":90,"texture":"#0"},"south":{"uv":[5,13.5,5.5,14],"texture":"#0"},"west":{"uv":[5,0.5,5.5,14],"rotation":270,"texture":"#0"},"up":{"uv":[5,0.5,5.5,14],"texture":"#0"},"down":{"uv":[5,14,5.5,0.5],"texture":"#0"}}},{"name":"newyear_chestplate_6","from":[10.5,0,0.5],"to":[11,0.5,14],"faces":{"north":{"uv":[11,0.5,10.5,1],"texture":"#0"},"east":{"uv":[10.5,0.5,11,14],"rotation":90,"texture":"#0"},"south":{"uv":[10.5,13.5,11,14],"texture":"#0"},"west":{"uv":[10.5,0.5,11,14],"rotation":270,"texture":"#0"},"up":{"uv":[10.5,0.5,11,14],"texture":"#0"},"down":{"uv":[10.5,14,11,0.5],"texture":"#0"}}},{"name":"newyear_chestplate_7","from":[13.5,0,0.5],"to":[14,0.5,11],"faces":{"north":{"uv":[14,0.5,13.5,1],"texture":"#0"},"east":{"uv":[13.5,0.5,14,11],"rotation":90,"texture":"#0"},"south":{"uv":[13.5,10.5,14,11],"texture":"#0"},"west":{"uv":[13.5,0.5,14,11],"rotation":270,"texture":"#0"},"up":{"uv":[13.5,0.5,14,11],"texture":"#0"},"down":{"uv":[13.5,11,14,0.5],"texture":"#0"}}},{"name":"newyear_chestplate_8","from":[0,0,1.5],"to":[1,0.5,4],"faces":{"north":{"uv":[1,1.5,0,2],"texture":"#0"},"east":{"uv":[0.5,1.5,1,4],"rotation":90,"texture":"#0"},"south":{"uv":[0,3.5,1,4],"texture":"#0"},"west":{"uv":[0,1.5,0.5,4],"rotation":270,"texture":"#0"},"up":{"uv":[0,1.5,1,4],"texture":"#0"},"down":{"uv":[0,4,1,1.5],"texture":"#0"}}},{"name":"newyear_chestplate_9","from":[2.5,0,1.5],"to":[3,0.5,11],"faces":{"north":{"uv":[3,1.5,2.5,2],"texture":"#0"},"east":{"uv":[2.5,1.5,3,11],"rotation":90,"texture":"#0"},"south":{"uv":[2.5,10.5,3,11],"texture":"#0"},"west":{"uv":[2.5,1.5,3,11],"rotation":270,"texture":"#0"},"up":{"uv":[2.5,1.5,3,11],"texture":"#0"},"down":{"uv":[2.5,11,3,1.5],"texture":"#0"}}},{"name":"newyear_chestplate_10","from":[5.5,0,1.5],"to":[6.5,0.5,14.5],"faces":{"north":{"uv":[6.5,1.5,5.5,2],"texture":"#0"},"east":{"uv":[6,1.5,6.5,14.5],"rotation":90,"texture":"#0"},"south":{"uv":[5.5,14,6.5,14.5],"texture":"#0"},"west":{"uv":[5.5,1.5,6,14.5],"rotation":270,"texture":"#0"},"up":{"uv":[5.5,1.5,6.5,14.5],"texture":"#0"},"down":{"uv":[5.5,14.5,6.5,1.5],"texture":"#0"}}},{"name":"newyear_chestplate_11","from":[9.5,0,1.5],"to":[10.5,0.5,14.5],"faces":{"north":{"uv":[10.5,1.5,9.5,2],"texture":"#0"},"east":{"uv":[10,1.5,10.5,14.5],"rotation":90,"texture":"#0"},"south":{"uv":[9.5,14,10.5,14.5],"texture":"#0"},"west":{"uv":[9.5,1.5,10,14.5],"rotation":270,"texture":"#0"},"up":{"uv":[9.5,1.5,10.5,14.5],"texture":"#0"},"down":{"uv":[9.5,14.5,10.5,1.5],"texture":"#0"}}},{"name":"newyear_chestplate_12","from":[13,0,1.5],"to":[13.5,0.5,11],"faces":{"north":{"uv":[13.5,1.5,13,2],"texture":"#0"},"east":{"uv":[13,1.5,13.5,11],"rotation":90,"texture":"#0"},"south":{"uv":[13,10.5,13.5,11],"texture":"#0"},"west":{"uv":[13,1.5,13.5,11],"rotation":270,"texture":"#0"},"up":{"uv":[13,1.5,13.5,11],"texture":"#0"},"down":{"uv":[13,11,13.5,1.5],"texture":"#0"}}},{"name":"newyear_chestplate_13","from":[15,0,1.5],"to":[16,0.5,4],"faces":{"north":{"uv":[16,1.5,15,2],"texture":"#0"},"east":{"uv":[15.5,1.5,16,4],"rotation":90,"texture":"#0"},"south":{"uv":[15,3.5,16,4],"texture":"#0"},"west":{"uv":[15,1.5,15.5,4],"rotation":270,"texture":"#0"},"up":{"uv":[15,1.5,16,4],"texture":"#0"},"down":{"uv":[15,4,16,1.5],"texture":"#0"}}},{"name":"newyear_chestplate_14","from":[3,0,2],"to":[4,0.5,10.5],"faces":{"north":{"uv":[4,2,3,2.5],"texture":"#0"},"east":{"uv":[3.5,2,4,10.5],"rotation":90,"texture":"#0"},"south":{"uv":[3,10,4,10.5],"texture":"#0"},"west":{"uv":[3,2,3.5,10.5],"rotation":270,"texture":"#0"},"up":{"uv":[3,2,4,10.5],"texture":"#0"},"down":{"uv":[3,10.5,4,2],"texture":"#0"}}},{"name":"newyear_chestplate_15","from":[6.5,0,2],"to":[9.5,0.5,15],"faces":{"north":{"uv":[9.5,2,6.5,2.5],"texture":"#0"},"east":{"uv":[9,2,9.5,15],"rotation":90,"texture":"#0"},"south":{"uv":[6.5,14.5,9.5,15],"texture":"#0"},"west":{"uv":[6.5,2,7,15],"rotation":270,"texture":"#0"},"up":{"uv":[6.5,2,9.5,15],"texture":"#0"},"down":{"uv":[6.5,15,9.5,2],"texture":"#0"}}},{"name":"newyear_chestplate_16","from":[12,0,2],"to":[13,0.5,10.5],"faces":{"north":{"uv":[13,2,12,2.5],"texture":"#0"},"east":{"uv":[12.5,2,13,10.5],"rotation":90,"texture":"#0"},"south":{"uv":[12,10,13,10.5],"texture":"#0"},"west":{"uv":[12,2,12.5,10.5],"rotation":270,"texture":"#0"},"up":{"uv":[12,2,13,10.5],"texture":"#0"},"down":{"uv":[12,10.5,13,2],"texture":"#0"}}},{"name":"newyear_chestplate_17","from":[0.5,0,4],"to":[1,0.5,5],"faces":{"north":{"uv":[1,4,0.5,4.5],"texture":"#0"},"east":{"uv":[0.5,4,1,5],"rotation":90,"texture":"#0"},"south":{"uv":[0.5,4.5,1,5],"texture":"#0"},"west":{"uv":[0.5,4,1,5],"rotation":270,"texture":"#0"},"up":{"uv":[0.5,4,1,5],"texture":"#0"},"down":{"uv":[0.5,5,1,4],"texture":"#0"}}},{"name":"newyear_chestplate_18","from":[15,0,4],"to":[15.5,0.5,5],"faces":{"north":{"uv":[15.5,4,15,4.5],"texture":"#0"},"east":{"uv":[15,4,15.5,5],"rotation":90,"texture":"#0"},"south":{"uv":[15,4.5,15.5,5],"texture":"#0"},"west":{"uv":[15,4,15.5,5],"rotation":270,"texture":"#0"},"up":{"uv":[15,4,15.5,5],"texture":"#0"},"down":{"uv":[15,5,15.5,4],"texture":"#0"}}},{"name":"newyear_chestplate_19","from":[0.5,0,6],"to":[1,0.5,7.5],"faces":{"north":{"uv":[1,6,0.5,6.5],"texture":"#0"},"east":{"uv":[0.5,6,1,7.5],"rotation":90,"texture":"#0"},"south":{"uv":[0.5,7,1,7.5],"texture":"#0"},"west":{"uv":[0.5,6,1,7.5],"rotation":270,"texture":"#0"},"up":{"uv":[0.5,6,1,7.5],"texture":"#0"},"down":{"uv":[0.5,7.5,1,6],"texture":"#0"}}},{"name":"newyear_chestplate_20","from":[15,0,6],"to":[15.5,0.5,7.5],"faces":{"north":{"uv":[15.5,6,15,6.5],"texture":"#0"},"east":{"uv":[15,6,15.5,7.5],"rotation":90,"texture":"#0"},"south":{"uv":[15,7,15.5,7.5],"texture":"#0"},"west":{"uv":[15,6,15.5,7.5],"rotation":270,"texture":"#0"},"up":{"uv":[15,6,15.5,7.5],"texture":"#0"},"down":{"uv":[15,7.5,15.5,6],"texture":"#0"}}},{"name":"newyear_chestplate_21","from":[0.5,0,8.5],"to":[1,0.5,10],"faces":{"north":{"uv":[1,8.5,0.5,9],"texture":"#0"},"east":{"uv":[0.5,8.5,1,10],"rotation":90,"texture":"#0"},"south":{"uv":[0.5,9.5,1,10],"texture":"#0"},"west":{"uv":[0.5,8.5,1,10],"rotation":270,"texture":"#0"},"up":{"uv":[0.5,8.5,1,10],"texture":"#0"},"down":{"uv":[0.5,10,1,8.5],"texture":"#0"}}},{"name":"newyear_chestplate_22","from":[15,0,8.5],"to":[15.5,0.5,10],"faces":{"north":{"uv":[15.5,8.5,15,9],"texture":"#0"},"east":{"uv":[15,8.5,15.5,10],"rotation":90,"texture":"#0"},"south":{"uv":[15,9.5,15.5,10],"texture":"#0"},"west":{"uv":[15,8.5,15.5,10],"rotation":270,"texture":"#0"},"up":{"uv":[15,8.5,15.5,10],"texture":"#0"},"down":{"uv":[15,10,15.5,8.5],"texture":"#0"}}},{"name":"newyear_chestplate_23","from":[4.5,0,10],"to":[5,0.5,14],"faces":{"north":{"uv":[5,10,4.5,10.5],"texture":"#0"},"east":{"uv":[4.5,10,5,14],"rotation":90,"texture":"#0"},"south":{"uv":[4.5,13.5,5,14],"texture":"#0"},"west":{"uv":[4.5,10,5,14],"rotation":270,"texture":"#0"},"up":{"uv":[4.5,10,5,14],"texture":"#0"},"down":{"uv":[4.5,14,5,10],"texture":"#0"}}},{"name":"newyear_chestplate_24","from":[11,0,10],"to":[11.5,0.5,14],"faces":{"north":{"uv":[11.5,10,11,10.5],"texture":"#0"},"east":{"uv":[11,10,11.5,14],"rotation":90,"texture":"#0"},"south":{"uv":[11,13.5,11.5,14],"texture":"#0"},"west":{"uv":[11,10,11.5,14],"rotation":270,"texture":"#0"},"up":{"uv":[11,10,11.5,14],"texture":"#0"},"down":{"uv":[11,14,11.5,10],"texture":"#0"}}},{"name":"newyear_chestplate_25","from":[1.5,0,10.5],"to":[2,0.5,11],"faces":{"north":{"uv":[2,10.5,1.5,11],"texture":"#0"},"east":{"uv":[1.5,10.5,2,11],"rotation":90,"texture":"#0"},"south":{"uv":[1.5,10.5,2,11],"texture":"#0"},"west":{"uv":[1.5,10.5,2,11],"rotation":270,"texture":"#0"},"up":{"uv":[1.5,10.5,2,11],"texture":"#0"},"down":{"uv":[1.5,11,2,10.5],"texture":"#0"}}},{"name":"newyear_chestplate_26","from":[14,0,10.5],"to":[14.5,0.5,11],"faces":{"north":{"uv":[14.5,10.5,14,11],"texture":"#0"},"east":{"uv":[14,10.5,14.5,11],"rotation":90,"texture":"#0"},"south":{"uv":[14,10.5,14.5,11],"texture":"#0"},"west":{"uv":[14,10.5,14.5,11],"rotation":270,"texture":"#0"},"up":{"uv":[14,10.5,14.5,11],"texture":"#0"},"down":{"uv":[14,11,14.5,10.5],"texture":"#0"}}},{"name":"newyear_chestplate_27","from":[4,0,11.5],"to":[4.5,0.5,14],"faces":{"north":{"uv":[4.5,11.5,4,12],"texture":"#0"},"east":{"uv":[4,11.5,4.5,14],"rotation":90,"texture":"#0"},"south":{"uv":[4,13.5,4.5,14],"texture":"#0"},"west":{"uv":[4,11.5,4.5,14],"rotation":270,"texture":"#0"},"up":{"uv":[4,11.5,4.5,14],"texture":"#0"},"down":{"uv":[4,14,4.5,11.5],"texture":"#0"}}},{"name":"newyear_chestplate_28","from":[11.5,0,11.5],"to":[12,0.5,14],"faces":{"north":{"uv":[12,11.5,11.5,12],"texture":"#0"},"east":{"uv":[11.5,11.5,12,14],"rotation":90,"texture":"#0"},"south":{"uv":[11.5,13.5,12,14],"texture":"#0"},"west":{"uv":[11.5,11.5,12,14],"rotation":270,"texture":"#0"},"up":{"uv":[11.5,11.5,12,14],"texture":"#0"},"down":{"uv":[11.5,14,12,11.5],"texture":"#0"}}}],"gui_light":"front","display":{"thirdperson_righthand":{"rotation":[90,0,90],"translation":[-5.5,-0.5,0],"scale":[0.7,0.7,0.7]},"thirdperson_lefthand":{"rotation":[90,0,90],"translation":[-5.5,-0.5,0],"scale":[0.7,0.7,0.7]},"firstperson_righthand":{"rotation":[76,0,51],"translation":[-4.5,5,7]},"firstperson_lefthand":{"rotation":[76,0,51],"translation":[-4.5,5,7]},"ground":{"translation":[0,6.5,0]},"gui":{"rotation":[90,0,0],"translation":[0,-0.5,0]}},"groups":[0,{"name":"newyear_chestplate","origin":[8,8,8],"children":[1,2,3,4,5,6,7,8,9,10,11,12,13,14,15,16,17,18,19,20,21,22,23,24,25,26,27,28,29]}]}