{"textures":{"0":"item/crates/newyear20_crate/discoball_animation"},"elements":[{"from":[6,0,15],"to":[10,1,16],"rotation":{"angle":0,"axis":"y","origin":[16,8,23]},"faces":{"north":{"uv":[7.5,2,8.5,2.25],"texture":"#0"},"east":{"uv":[8.75,4.25,9,4.5],"texture":"#0"},"south":{"uv":[7.5,2.25,8.5,2.5],"texture":"#0"},"west":{"uv":[8.75,4.5,9,4.75],"texture":"#0"},"up":{"uv":[8.5,2.75,7.5,2.5],"texture":"#0"},"down":{"uv":[8.5,2.5,7.5,2.75],"texture":"#0"}}},{"from":[6,0,0],"to":[10,1,1],"rotation":{"angle":0,"axis":"y","origin":[16,8,8]},"faces":{"north":{"uv":[7.5,3,8.5,3.25],"texture":"#0"},"east":{"uv":[8.75,4.75,9,5],"texture":"#0"},"south":{"uv":[7.5,3.25,8.5,3.5],"texture":"#0"},"west":{"uv":[8.75,5,9,5.25],"texture":"#0"},"up":{"uv":[8.5,5.75,7.5,5.5],"texture":"#0"},"down":{"uv":[8.5,5.5,7.5,5.75],"texture":"#0"}}},{"from":[4,0,1],"to":[12,1,15],"rotation":{"angle":0,"axis":"y","origin":[16,8,22]},"faces":{"north":{"uv":[7.5,0.5,9.5,0.75],"texture":"#0"},"east":{"uv":[7.5,0,11,0.25],"texture":"#0"},"south":{"uv":[7.5,0.75,9.5,1],"texture":"#0"},"west":{"uv":[7.5,0.25,11,0.5],"texture":"#0"},"up":{"uv":[7.5,9,5.5,5.5],"texture":"#0"},"down":{"uv":[7.5,5.5,5.5,9],"texture":"#0"}}},{"from":[0,0,6],"to":[1,1,10],"rotation":{"angle":0,"axis":"y","origin":[12,8,21]},"faces":{"north":{"uv":[8.75,5.25,9,5.5],"texture":"#0"},"east":{"uv":[7.5,6,8.5,6.25],"texture":"#0"},"south":{"uv":[8.75,7.5,9,7.75],"texture":"#0"},"west":{"uv":[7.5,6.25,8.5,6.5],"texture":"#0"},"up":{"uv":[7.75,7.5,7.5,6.5],"texture":"#0"},"down":{"uv":[7.75,6.5,7.5,7.5],"texture":"#0"}}},{"from":[15,0,6],"to":[16,1,10],"rotation":{"angle":0,"axis":"y","origin":[27,8,21]},"faces":{"north":{"uv":[8.75,7.75,9,8],"texture":"#0"},"east":{"uv":[7.75,4.5,8.75,4.75],"texture":"#0"},"south":{"uv":[8.75,8.25,9,8.5],"texture":"#0"},"west":{"uv":[7.75,4.75,8.75,5],"texture":"#0"},"up":{"uv":[8,7.5,7.75,6.5],"texture":"#0"},"down":{"uv":[8,6.5,7.75,7.5],"texture":"#0"}}},{"from":[12,0,4],"to":[15,1,12],"rotation":{"angle":0,"axis":"y","origin":[26,8,21]},"faces":{"north":{"uv":[8.25,8,9,8.25],"texture":"#0"},"east":{"uv":[7.5,1,9.5,1.25],"texture":"#0"},"south":{"uv":[8.5,2,9.25,2.25],"texture":"#0"},"west":{"uv":[7.5,1.25,9.5,1.5],"texture":"#0"},"up":{"uv":[6.25,5.5,5.5,3.5],"texture":"#0"},"down":{"uv":[6.25,3.5,5.5,5.5],"texture":"#0"}}},{"from":[12,0,12],"to":[14,1,14],"rotation":{"angle":0,"axis":"y","origin":[26,8,24]},"faces":{"north":{"uv":[8.5,2.75,9,3],"texture":"#0"},"east":{"uv":[8.5,3,9,3.25],"texture":"#0"},"south":{"uv":[8.5,3.25,9,3.5],"texture":"#0"},"west":{"uv":[8.5,5.5,9,5.75],"texture":"#0"},"up":{"uv":[8.25,5.5,7.75,5],"texture":"#0"},"down":{"uv":[8.25,5,7.75,5.5],"texture":"#0"}}},{"from":[2,0,12],"to":[4,1,14],"rotation":{"angle":0,"axis":"y","origin":[16,8,24]},"faces":{"north":{"uv":[8.5,5.75,9,6],"texture":"#0"},"east":{"uv":[8.5,6,9,6.25],"texture":"#0"},"south":{"uv":[8.5,6.25,9,6.5],"texture":"#0"},"west":{"uv":[8.5,6.5,9,6.75],"texture":"#0"},"up":{"uv":[8.5,7.5,8,7],"texture":"#0"},"down":{"uv":[8.5,7,8,7.5],"texture":"#0"}}},{"from":[2,0,2],"to":[4,1,4],"rotation":{"angle":0,"axis":"y","origin":[16,8,14]},"faces":{"north":{"uv":[8.5,6.75,9,7],"texture":"#0"},"east":{"uv":[8.5,7,9,7.25],"texture":"#0"},"south":{"uv":[8.5,7.25,9,7.5],"texture":"#0"},"west":{"uv":[8.25,8.75,8.75,9],"texture":"#0"},"up":{"uv":[8.75,4,8.25,3.5],"texture":"#0"},"down":{"uv":[8.75,3.5,8.25,4],"texture":"#0"}}},{"from":[12,0,2],"to":[14,1,4],"rotation":{"angle":0,"axis":"y","origin":[26,8,14]},"faces":{"north":{"uv":[8.75,8.75,9.25,9],"texture":"#0"},"east":{"uv":[8.75,3.5,9.25,3.75],"texture":"#0"},"south":{"uv":[8.75,3.75,9.25,4],"texture":"#0"},"west":{"uv":[8.75,4,9.25,4.25],"texture":"#0"},"up":{"uv":[8.75,5.5,8.25,5],"texture":"#0"},"down":{"uv":[8.75,5,8.25,5.5],"texture":"#0"}}},{"from":[1,0,4],"to":[4,1,12],"rotation":{"angle":0,"axis":"y","origin":[15,8,21]},"faces":{"north":{"uv":[8.5,2.25,9.25,2.5],"texture":"#0"},"east":{"uv":[7.5,1.5,9.5,1.75],"texture":"#0"},"south":{"uv":[8.5,2.5,9.25,2.75],"texture":"#0"},"west":{"uv":[7.5,1.75,9.5,2],"texture":"#0"},"up":{"uv":[7.75,5.5,7,3.5],"texture":"#0"},"down":{"uv":[7.75,3.5,7,5.5],"texture":"#0"}}},{"from":[-3,0.5,-3],"to":[19,0.5,19],"faces":{"north":{"uv":[0,0,5.5,0],"texture":"#0"},"east":{"uv":[0,0,5.5,0],"texture":"#0"},"south":{"uv":[0,0,5.5,0],"texture":"#0"},"west":{"uv":[0,0,5.5,0],"texture":"#0"},"up":{"uv":[5.5,5.5,0,0],"texture":"#0"},"down":{"uv":[5.5,0,0,5.5],"texture":"#0"}}}],"gui_light":"front","display":{"thirdperson_righthand":{"rotation":[90,0,0],"translation":[0,1.25,4],"scale":[0.4,0.4,0.4]},"thirdperson_lefthand":{"rotation":[90,0,0],"translation":[0,1.25,4],"scale":[0.4,0.4,0.4]},"firstperson_righthand":{"rotation":[90,0,60],"translation":[3,0,0]},"firstperson_lefthand":{"rotation":[90,0,60],"translation":[3,0,0]},"ground":{"rotation":[90,0,0],"scale":[0.4,0.4,0.4]},"gui":{"rotation":[90,-180,0],"scale":[0.8,0.8,0.8]},"fixed":{"rotation":[90,90,0],"translation":[0,0,7]}},"groups":[{"name":"main","origin":[8,8,8],"children":[0,1,2,3,4,5,6,7,8,9,10,11]}]}