{
    "providers": [
        {"type": "bitmap","file": "minecraft:custom/font/space.png","ascent": -32768,"height": -3,"chars": ["⺀"]}, 
		
		{"type": "bitmap","file": "custom/font/symbols/textbubble.png","ascent": 7,"height": 8,"chars": ["⺁"]},

		{"ascent":4,"chars":["⺂"],"file":"custom/font/portraits/warden.png","height":48,"type":"bitmap"},

		{"ascent":130,"chars":["⺃"],"file":"custom/font/guis/coinstore/coin_store_checkout_gui.png","height":256,"type":"bitmap"},
		{"ascent":130,"chars":["⺄"],"file":"custom/font/guis/coinstore/coin_store_gui.png","height":256,"type":"bitmap"},
		{"ascent":130,"chars":["⺅"],"file":"custom/font/guis/wardrobe/sub_wardrobe.png","height":256,"type":"bitmap"},
		{"ascent":130,"chars":["⺆"],"file":"custom/font/guis/wardrobe/wardrobe.png","height":256,"type":"bitmap"},

		{"ascent":4,"chars":["⺇"],"file":"custom/font/portraits/azura_grim.png","height":48,"type":"bitmap"},
		{"ascent":4,"chars":["⺈"],"file":"custom/font/portraits/bill.png","height":48,"type":"bitmap"},
		{"ascent":4,"chars":["⺉"],"file":"custom/font/portraits/bim_bam.png","height":48,"type":"bitmap"},
		{"ascent":4,"chars":["⺊"],"file":"custom/font/portraits/darkslinger.png","height":48,"type":"bitmap"},
		{"ascent":4,"chars":["⺋"],"file":"custom/font/portraits/drwhat.png","height":48,"type":"bitmap"},
		{"ascent":4,"chars":["⺌"],"file":"custom/font/portraits/frog.png","height":48,"type":"bitmap"},
		{"ascent":4,"chars":["⺍"],"file":"custom/font/portraits/ingvar.png","height":48,"type":"bitmap"},
		{"ascent":4,"chars":["⺎"],"file":"custom/font/portraits/tony.png","height":48,"type":"bitmap"},

		{"ascent":7,"chars":["⺏"],"file":"custom/font/symbols/black_background.png","height":14,"type":"bitmap"},

		{"ascent":4,"chars":["⺒"],"file":"custom/font/portraits/joe_goldburn.png","height":48,"type":"bitmap"},
		{"ascent":4,"chars":["⺓"],"file":"custom/font/portraits/jones.png","height":48,"type":"bitmap"},
		{"ascent":4,"chars":["⺔"],"file":"custom/font/portraits/karen.png","height":48,"type":"bitmap"},
		{"ascent":4,"chars":["⺕"],"file":"custom/font/portraits/octavius.png","height":48,"type":"bitmap"},
		{"ascent":4,"chars":["⺖"],"file":"custom/font/portraits/ragnar_ragnarson.png","height":48,"type":"bitmap"},
		{"ascent":4,"chars":["⺗"],"file":"custom/font/portraits/captain_short_beard.png","height":48,"type":"bitmap"},
		{"ascent":4,"chars":["⺘"],"file":"custom/font/portraits/harvey_witt.png","height":48,"type":"bitmap"},		

		{"ascent":130,"chars":["⺙"],"file":"custom/font/guis/rewards/tony.png","height":256,"type":"bitmap"},
		{"ascent":130,"chars":["⺚"],"file":"custom/font/guis/rewards/dailyrewards.png","height":256,"type":"bitmap"},
		{"ascent":130,"chars":["⺛"],"file":"custom/font/guis/shop/shop.png","height":256,"type":"bitmap"},
		{"ascent":130,"chars":["⺜"],"file":"custom/font/guis/furniture/furniture.png","height":256,"type":"bitmap"},
		{"ascent":130,"chars":["⺝"],"file":"custom/font/guis/furniture/furniture_colorpick.png","height":256,"type":"bitmap"},
		{"ascent":130,"chars":["⺞"],"file":"custom/font/guis/rewards/tony_gifts.png","height":256,"type":"bitmap"},

		{"ascent":7,"chars":["⺟"],"file":"custom/font/symbols/black_background_rounded_left.png","height":13,"type":"bitmap"},
		{"ascent":7,"chars":["⺠"],"file":"custom/font/symbols/black_background_rounded_right.png","height":13,"type":"bitmap"},

		{"ascent":7,"chars":["⺡"],"file":"custom/font/ranks/icons/vip_emblem.png","height":8,"type":"bitmap"},
		{"ascent":7,"chars":["⺢"],"file":"custom/font/ranks/icons/vipplus_emblem.png","height":8,"type":"bitmap"},
		{"ascent":7,"chars":["⺣"],"file":"custom/font/ranks/icons/mvp_emblem.png","height":8,"type":"bitmap"},
		{"ascent":7,"chars":["⺤"],"file":"custom/font/ranks/icons/mvpplus_emblem.png","height":8,"type":"bitmap"},
		{"ascent":7,"chars":["⺥"],"file":"custom/font/ranks/icons/legend_emblem.png","height":8,"type":"bitmap"},
		{"ascent":7,"chars":["⺦"],"file":"custom/font/ranks/icons/beta_emblem.png","height":8,"type":"bitmap"},
		{"ascent":7,"chars":["⺧"],"file":"custom/font/ranks/icons/staff_emblem.png","height":8,"type":"bitmap"},
		{"ascent":7,"chars":["⺨"],"file":"custom/font/ranks/icons/management_emblem.png","height":8,"type":"bitmap"},


		{"ascent":7,"chars":["⺩"],"file":"custom/font/ranks/prefixes/vip_banner.png","height":7,"type":"bitmap"},
		{"ascent":7,"chars":["⺪"],"file":"custom/font/ranks/prefixes/vipplus_banner.png","height":7,"type":"bitmap"},
		{"ascent":7,"chars":["⺫"],"file":"custom/font/ranks/prefixes/mvp_banner.png","height":7,"type":"bitmap"},
		{"ascent":7,"chars":["⺬"],"file":"custom/font/ranks/prefixes/mvpplus_banner.png","height":7,"type":"bitmap"},
		{"ascent":7,"chars":["⺭"],"file":"custom/font/ranks/prefixes/legend_banner.png","height":7,"type":"bitmap"},
		{"ascent":7,"chars":["⺮"],"file":"custom/font/ranks/prefixes/beta_banner.png","height":7,"type":"bitmap"},
		{"ascent":7,"chars":["⺯"],"file":"custom/font/ranks/prefixes/helper_banner.png","height":7,"type":"bitmap"},
		{"ascent":7,"chars":["⺰"],"file":"custom/font/ranks/prefixes/mod_banner.png","height":7,"type":"bitmap"},
		{"ascent":7,"chars":["⺱"],"file":"custom/font/ranks/prefixes/modplus_banner.png","height":7,"type":"bitmap"},
		{"ascent":7,"chars":["⺲"],"file":"custom/font/ranks/prefixes/srmod_banner.png","height":7,"type":"bitmap"},
		{"ascent":7,"chars":["⺳"],"file":"custom/font/ranks/prefixes/admin_banner.png","height":7,"type":"bitmap"},
		{"ascent":7,"chars":["⺴"],"file":"custom/font/ranks/prefixes/owner_banner.png","height":7,"type":"bitmap"},
		
		{"ascent":4,"chars":["⺵"],"file":"custom/font/portraits/tony_smiling.png","height":48,"type":"bitmap"},
		{"ascent":16,"chars":["⺶"],"file":"custom/font/symbols/banners/cosmetic.png","height":32,"type":"bitmap"},		
		{"ascent":16,"chars":["⺷"],"file":"custom/font/symbols/banners/fish.png","height":32,"type":"bitmap"},		
		{"ascent":16,"chars":["⺸"],"file":"custom/font/symbols/banners/furniture.png","height":32,"type":"bitmap"},		
		{"ascent":16,"chars":["⺹"],"file":"custom/font/symbols/banners/icecream.png","height":32,"type":"bitmap"},		
		{"ascent":16,"chars":["⺺"],"file":"custom/font/symbols/banners/potion.png","height":32,"type":"bitmap"},		
		{"ascent":16,"chars":["⺻"],"file":"custom/font/symbols/banners/quest.png","height":32,"type":"bitmap"},		
		{"ascent":16,"chars":["⺼"],"file":"custom/font/symbols/banners/shop.png","height":32,"type":"bitmap"},		
		{"ascent":7,"chars":["⺽"],"file":"custom/font/ranks/prefixes/patron_banner.png","height":7,"type":"bitmap"},
		{"ascent":7,"chars":["⺾"],"file":"custom/font/ranks/icons/patron_emblem.png","height":8,"type":"bitmap"},
		{"ascent":7,"chars":["⺿"],"file":"custom/font/guis/extra/leftclick.png","height":7,"type":"bitmap"},
		{"ascent":7,"chars":["⻀"],"file":"custom/font/guis/extra/rightclick.png","height":7,"type":"bitmap"},
		{"ascent":130,"chars":["⻁"],"file":"custom/font/guis/furniture/furniture_colorpick_main.png","height":256,"type":"bitmap"},
		{"ascent":165,"chars":["⻂"],"file":"custom/font/guis/extra/esc_screen_gui.png","height":256,"type":"bitmap"},
		{"ascent":130,"chars":["⻃"],"file":"custom/font/guis/wardrobe/wardrobe_colorpick.png","height":256,"type":"bitmap"},
		{"ascent":130,"chars":["⻄"],"file":"custom/font/guis/wardrobe/wardrobe_colorpick_main.png","height":256,"type":"bitmap"},
		{"ascent":130,"chars":["⻅"],"file":"custom/font/guis/furniture/furniture_main.png","height":256,"type":"bitmap"},

		{"ascent":130,"chars":["⻆"],"file":"custom/font/guis/shop/shop_sub.png","height":256,"type":"bitmap"},

		{"ascent":130,"chars":["⻇"],"file":"custom/font/guis/kingdom/kingdom_main.png","height":256,"type":"bitmap"},
		{"ascent":130,"chars":["⻈"],"file":"custom/font/guis/kingdom/kingdom_sub.png","height":256,"type":"bitmap"},
		{"ascent":130,"chars":["⻉"],"file":"custom/font/guis/kingdom/kingdom_permissions.png","height":256,"type":"bitmap"},
		
		{"ascent":130,"chars":["⻊"],"file":"custom/font/guis/shop/ice_cream_shop.png","height":256,"type":"bitmap"},

		{"ascent":7,"chars":["⾝"],"file":"custom/font/symbols/black_background_small.png","height":13,"type":"bitmap"},

		{"ascent":130,"chars":["⾞"],"file":"custom/font/guis/kingdom/kingdom_permissions_sub.png","height":256,"type":"bitmap"},
		{"ascent":130,"chars":["⾟"],"file":"custom/font/guis/kingdom/kingdom_levels.png","height":256,"type":"bitmap"},
		{"ascent":130,"chars":["⾠"],"file":"custom/font/guis/kingdom/kingdom_logs.png","height":256,"type":"bitmap"},

		{"ascent":130,"chars":["⾡"],"file":"custom/font/guis/extra/discord.png","height":256,"type":"bitmap"},
		{"ascent":130,"chars":["⾢"],"file":"custom/font/guis/crates/crates.png","height":256,"type":"bitmap"},
		{"ascent":130,"chars":["⾣"],"file":"custom/font/guis/extra/patron.png","height":256,"type":"bitmap"},
		{"ascent":130,"chars":["⾤"],"file":"custom/font/guis/extra/updates.png","height":256,"type":"bitmap"},

		{"ascent":16,"chars":["⾥"],"file":"custom/font/symbols/banners/discord.png","height":32,"type":"bitmap"},		
		{"ascent":4,"chars":["⾦"],"file":"custom/font/portraits/icecream.png","height":48,"type":"bitmap"},

		{"ascent":130,"chars":["⾶"],"file":"custom/font/guis/shop/fish_shop.png","height":256,"type":"bitmap"},
		{"ascent":130,"chars":["⾷"],"file":"custom/font/guis/shop/potion_shop.png","height":256,"type":"bitmap"},

		{"ascent":4,"chars":["⻞"],"file":"custom/font/portraits/greg.png","height":48,"type":"bitmap"},		
		{"ascent":130,"chars":["⻠"],"file":"custom/font/guis/kingdom/kingdom_vault.png","height":256,"type":"bitmap"},
		{"ascent":130,"chars":["⻡"],"file":"custom/font/guis/kingdom/kingdom_sub_pages.png","height":256,"type":"bitmap"},
		{"ascent":130,"chars":["⻢"],"file":"custom/font/guis/kingdom/kingdom_confirm.png","height":256,"type":"bitmap"},

		{"ascent":4,"chars":["⻣"],"file":"custom/font/portraits/wumpus.png","height":48,"type":"bitmap"},
		{"ascent":16,"chars":["⻤"],"file":"custom/font/symbols/banners/updates.png","height":32,"type":"bitmap"},		
		{"ascent":4,"chars":["⿂"],"file":"custom/font/portraits/customblocks.png","height":48,"type":"bitmap"},
		{"ascent":4,"chars":["⿃"],"file":"custom/font/portraits/charles_minefun_viii.png","height":48,"type":"bitmap"},
		{"ascent":4,"chars":["⿄"],"file":"custom/font/portraits/prof_hubble.png","height":48,"type":"bitmap"},

		{"ascent":130,"chars":["⿅"],"file":"custom/font/guis/shop/auction_house.png","height":256,"type":"bitmap"},
		{"ascent":130,"chars":["⿆"],"file":"custom/font/guis/shop/auction_house_your.png","height":256,"type":"bitmap"},
		{"ascent":130,"chars":["⿇"],"file":"custom/font/guis/shop/auction_house_stats.png","height":256,"type":"bitmap"},
		{"ascent":130,"chars":["⿈"],"file":"custom/font/guis/shop/auction_house_logs.png","height":256,"type":"bitmap"},

		{"ascent":130,"chars":["㈠"],"file":"custom/font/guis/quests/solo_quest.png","height":256,"type":"bitmap"},
		{"ascent":130,"chars":["㈡"],"file":"custom/font/guis/shop/enchantments_shop.png","height":256,"type":"bitmap"},
		{"ascent":130,"chars":["㈢"],"file":"custom/font/guis/shop/enchantments_shop_sub.png","height":256,"type":"bitmap"},
		{"ascent":130,"chars":["㈣"],"file":"custom/font/guis/shop/tinkerer.png","height":256,"type":"bitmap"},

		{"ascent":7,"chars":["㈤"],"file":"custom/font/ranks/prefixes/levels/lvl1.png","height":7,"type":"bitmap"},
		{"ascent":7,"chars":["㈥"],"file":"custom/font/ranks/prefixes/levels/lvl2.png","height":7,"type":"bitmap"},
		{"ascent":7,"chars":["㈦"],"file":"custom/font/ranks/prefixes/levels/lvl3.png","height":7,"type":"bitmap"},
		{"ascent":7,"chars":["㈧"],"file":"custom/font/ranks/prefixes/levels/lvl4.png","height":7,"type":"bitmap"},
		{"ascent":7,"chars":["㈨"],"file":"custom/font/ranks/prefixes/levels/lvl5.png","height":7,"type":"bitmap"},
		{"ascent":7,"chars":["㈩"],"file":"custom/font/ranks/prefixes/levels/lvl6.png","height":7,"type":"bitmap"},
		{"ascent":7,"chars":["㈪"],"file":"custom/font/ranks/prefixes/levels/lvl7.png","height":7,"type":"bitmap"},
		{"ascent":7,"chars":["㈫"],"file":"custom/font/ranks/prefixes/levels/lvl8.png","height":7,"type":"bitmap"},
		{"ascent":7,"chars":["㈬"],"file":"custom/font/ranks/prefixes/levels/lvl9.png","height":7,"type":"bitmap"},
		{"ascent":7,"chars":["㈭"],"file":"custom/font/ranks/prefixes/levels/lvl10.png","height":7,"type":"bitmap"},

		{"ascent":130,"chars":["㈮"],"file":"custom/font/guis/crates/cosmetics_crate.png","height":256,"type":"bitmap"},
		{"ascent":130,"chars":["㈯"],"file":"custom/font/guis/crates/daily_crate.png","height":256,"type":"bitmap"},
		{"ascent":130,"chars":["㈰"],"file":"custom/font/guis/crates/goodies_crate.png","height":256,"type":"bitmap"},
		{"ascent":130,"chars":["㈱"],"file":"custom/font/guis/crates/spawner_crate.png","height":256,"type":"bitmap"},
		{"ascent":130,"chars":["㈲"],"file":"custom/font/guis/crates/promo_crate.png","height":256,"type":"bitmap"},


		{"ascent":130,"chars":["㈳"],"file":"custom/font/guis/extra/leaderboards.png","height":256,"type":"bitmap"},

		{"ascent":130,"chars":["㈴"],"file":"custom/font/guis/crates/cosmetics_sub.png","height":256,"type":"bitmap"},
		{"ascent":130,"chars":["㈵"],"file":"custom/font/guis/crates/daily_sub.png","height":256,"type":"bitmap"},
		{"ascent":130,"chars":["㈶"],"file":"custom/font/guis/crates/goodies_sub.png","height":256,"type":"bitmap"},
		{"ascent":130,"chars":["㈷"],"file":"custom/font/guis/crates/spawner_sub.png","height":256,"type":"bitmap"},
		{"ascent":130,"chars":["㈸"],"file":"custom/font/guis/crates/promo_sub.png","height":256,"type":"bitmap"},

		{"ascent":130,"chars":["㈹"],"file":"custom/font/guis/extra/levels.png","height":256,"type":"bitmap"},
		{"ascent":130,"chars":["㈺"],"file":"custom/font/guis/shop/scrollshop.png","height":256,"type":"bitmap"},
		{"ascent":130,"chars":["㈻"],"file":"custom/font/guis/shop/alchemist.png","height":256,"type":"bitmap"},

		{"ascent":130,"chars":["㈼"],"file":"custom/font/guis/crates/cosmetics_preview.png","height":256,"type":"bitmap"},
		{"ascent":130,"chars":["㈽"],"file":"custom/font/guis/crates/daily_preview.png","height":256,"type":"bitmap"},
		{"ascent":130,"chars":["㈾"],"file":"custom/font/guis/crates/goodies_preview.png","height":256,"type":"bitmap"},
		{"ascent":130,"chars":["㈿"],"file":"custom/font/guis/crates/spawner_preview.png","height":256,"type":"bitmap"},
		{"ascent":130,"chars":["㉀"],"file":"custom/font/guis/crates/promo_preview.png","height":256,"type":"bitmap"},

		{"ascent":130,"chars":["㉁"],"file":"custom/font/guis/shop/shop_checkout.png","height":256,"type":"bitmap"},
		{"ascent":7,"chars":["㉂"],"file":"custom/font/ranks/prefixes/afk_banner.png","height":7,"type":"bitmap"},

		{"ascent":130,"chars":["㉃"],"file":"custom/font/guis/quests/quests.png","height":256,"type":"bitmap"},
		{"ascent":130,"chars":["㉄"],"file":"custom/font/guis/quests/quests_shop.png","height":256,"type":"bitmap"},

		{"ascent":130,"chars":["㉅"],"file":"custom/font/guis/shop/fish_point_shop.png","height":256,"type":"bitmap"},
		{"ascent":130,"chars":["㉆"],"file":"custom/font/guis/shop/fish_collection.png","height":256,"type":"bitmap"},
		{"ascent":130,"chars":["㉇"],"file":"custom/font/guis/shop/fish_main.png","height":256,"type":"bitmap"},

		{"ascent":130,"chars":["㉈"],"file":"custom/font/guis/shop/pvpshop.png","height":256,"type":"bitmap"},
		{"ascent":4,"chars":["㉉"],"file":"custom/font/portraits/tony_dragon.png","height":48,"type":"bitmap"},

		{"ascent":10,"chars":["㉊","㉋","㉌","㉍","㉎","㉏","㉐","㉑","㉒","㉓","㉔","㉕","㉖","㉗","㉘","㉙"],"file":"custom/font/symbols/charbackground_two.png","height":16,"type":"bitmap"},

		{"ascent":6,"chars":["㉚"],"file":"custom/font/symbols/clock.png","height":11,"type":"bitmap"},		

		{"ascent":130,"chars":["㉛"],"file":"custom/font/guis/shop/nightmarket.png","height":256,"type":"bitmap"},

		{"ascent":130,"chars":["㉜"],"file":"custom/font/guis/coinstore/coin_store_keys.png","height":256,"type":"bitmap"},
		{"ascent":130,"chars":["㉝"],"file":"custom/font/guis/coinstore/coin_store_kits.png","height":256,"type":"bitmap"},
		{"ascent":130,"chars":["㉞"],"file":"custom/font/guis/coinstore/coin_store_perks.png","height":256,"type":"bitmap"},
		{"ascent":130,"chars":["㉟"],"file":"custom/font/guis/coinstore/coin_store_ranks.png","height":256,"type":"bitmap"},
		{"ascent":130,"chars":["㉠"],"file":"custom/font/guis/coinstore/coin_store_wardrobe.png","height":256,"type":"bitmap"},
		{"ascent":130,"chars":["㉡"],"file":"custom/font/guis/coinstore/coin_store_ranks_sub.png","height":256,"type":"bitmap"},

		{"ascent":130,"chars":["㉢"],"file":"custom/font/guis/extra/reclaim.png","height":256,"type":"bitmap"},
		{"ascent":130,"chars":["㉣"],"file":"custom/font/guis/extra/ranks.png","height":256,"type":"bitmap"},
		{"ascent":4,"chars":["㉤"],"file":"custom/font/portraits/trophy.png","height":48,"type":"bitmap"},
		{"ascent":130,"chars":["㉥"],"file":"custom/font/guis/extra/selector.png","height":256,"type":"bitmap"},

		{"ascent":130,"chars":["㉦"],"file":"custom/font/guis/wiki/wikimenu.png","height":256,"type":"bitmap"},
		{"ascent":130,"chars":["㉧"],"file":"custom/font/guis/wiki/wiki3.png","height":256,"type":"bitmap"},
		{"ascent":130,"chars":["㉨"],"file":"custom/font/guis/wiki/wiki5.png","height":256,"type":"bitmap"},

		{"ascent":130,"chars":["㉩"],"file":"custom/font/guis/extra/freevip.png","height":256,"type":"bitmap"},
		
		{"ascent":130,"chars":["㉪"],"file":"custom/font/guis/shop/shop_skyblock.png","height":256,"type":"bitmap"},
		{"ascent":130,"chars":["㉫"],"file":"custom/font/guis/shop/shop_skyblock_sub.png","height":256,"type":"bitmap"},

		{"ascent":130,"chars":["㉬"],"file":"custom/font/guis/skyblock/skyblock_vault.png","height":256,"type":"bitmap"},
		{"ascent":130,"chars":["㉭"],"file":"custom/font/guis/skyblock/skyblock_confirm.png","height":256,"type":"bitmap"},
		{"ascent":130,"chars":["㉮"],"file":"custom/font/guis/skyblock/skyblock_levels.png","height":256,"type":"bitmap"},
		{"ascent":130,"chars":["㉯"],"file":"custom/font/guis/skyblock/skyblock_logs.png","height":256,"type":"bitmap"},
		{"ascent":130,"chars":["㉰"],"file":"custom/font/guis/skyblock/skyblock_main.png","height":256,"type":"bitmap"},
		{"ascent":130,"chars":["㉱"],"file":"custom/font/guis/skyblock/skyblock_permissions.png","height":256,"type":"bitmap"},
		{"ascent":130,"chars":["㉲"],"file":"custom/font/guis/skyblock/skyblock_permissions_sub.png","height":256,"type":"bitmap"},
		{"ascent":130,"chars":["㉳"],"file":"custom/font/guis/skyblock/skyblock_sub.png","height":256,"type":"bitmap"},
		{"ascent":130,"chars":["㉴"],"file":"custom/font/guis/skyblock/skyblock_sub_pages.png","height":256,"type":"bitmap"},
		{"ascent":130,"chars":["㉵"],"file":"custom/font/guis/skyblock/skyblock_generators.png","height":256,"type":"bitmap"},

		{"ascent":130,"chars":["㉶"],"file":"custom/font/guis/extra/monsterislandkit.png","height":256,"type":"bitmap"},
		{"ascent":130,"chars":["㉷"],"file":"custom/font/guis/extra/monsterforge.png","height":256,"type":"bitmap"},

		{"ascent":7,"chars":["㉸"],"file":"custom/font/symbols/emoji/meme/meme_emoji_1.png","height":8,"type":"bitmap"},
		{"ascent":7,"chars":["㉹"],"file":"custom/font/symbols/emoji/meme/meme_emoji_2.png","height":8,"type":"bitmap"},
		{"ascent":7,"chars":["㉺"],"file":"custom/font/symbols/emoji/meme/meme_emoji_3.png","height":8,"type":"bitmap"},
		{"ascent":7,"chars":["㉻"],"file":"custom/font/symbols/emoji/meme/meme_emoji_4.png","height":8,"type":"bitmap"},
		{"ascent":7,"chars":["㉼"],"file":"custom/font/symbols/emoji/meme/meme_emoji_5.png","height":8,"type":"bitmap"},
		{"ascent":7,"chars":["㉽"],"file":"custom/font/symbols/emoji/meme/meme_emoji_6.png","height":8,"type":"bitmap"},
		{"ascent":7,"chars":["㉾"],"file":"custom/font/symbols/emoji/meme/meme_emoji_7.png","height":8,"type":"bitmap"},
		{"ascent":7,"chars":["㉿"],"file":"custom/font/symbols/emoji/meme/meme_emoji_8.png","height":8,"type":"bitmap"},
		{"ascent":7,"chars":["㊀"],"file":"custom/font/symbols/emoji/meme/meme_emoji_9.png","height":8,"type":"bitmap"},
		{"ascent":7,"chars":["㊁"],"file":"custom/font/symbols/emoji/meme/meme_emoji_10.png","height":8,"type":"bitmap"},
		{"ascent":7,"chars":["㊂"],"file":"custom/font/symbols/emoji/meme/meme_emoji_11.png","height":8,"type":"bitmap"},
		{"ascent":7,"chars":["㊃"],"file":"custom/font/symbols/emoji/meme/meme_emoji_12.png","height":8,"type":"bitmap"},
		{"ascent":7,"chars":["㊄"],"file":"custom/font/symbols/emoji/meme/meme_emoji_13.png","height":8,"type":"bitmap"},
		{"ascent":7,"chars":["㊅"],"file":"custom/font/symbols/emoji/meme/meme_emoji_14.png","height":8,"type":"bitmap"},
		{"ascent":7,"chars":["㊆"],"file":"custom/font/symbols/emoji/meme/meme_emoji_15.png","height":8,"type":"bitmap"},

		{"ascent":7,"chars":["㊇"],"file":"custom/font/symbols/emoji/naruto/hashirama_senju.png","height":8,"type":"bitmap"},
		{"ascent":7,"chars":["㊈"],"file":"custom/font/symbols/emoji/naruto/hinata_hyuga.png","height":8,"type":"bitmap"},
		{"ascent":7,"chars":["㊉"],"file":"custom/font/symbols/emoji/naruto/itachi_uchiha.png","height":8,"type":"bitmap"},
		{"ascent":7,"chars":["㊊"],"file":"custom/font/symbols/emoji/naruto/jiraiya.png","height":8,"type":"bitmap"},
		{"ascent":7,"chars":["㊋"],"file":"custom/font/symbols/emoji/naruto/kakashi_hatake.png","height":8,"type":"bitmap"},
		{"ascent":7,"chars":["㊌"],"file":"custom/font/symbols/emoji/naruto/madara_uchiha.png","height":8,"type":"bitmap"},		
		{"ascent":7,"chars":["㊍"],"file":"custom/font/symbols/emoji/naruto/might_guy.png","height":8,"type":"bitmap"},
		{"ascent":7,"chars":["㊎"],"file":"custom/font/symbols/emoji/naruto/nagato.png","height":8,"type":"bitmap"},
		{"ascent":7,"chars":["㊏"],"file":"custom/font/symbols/emoji/naruto/naruto_uzumaki.png","height":8,"type":"bitmap"},
		{"ascent":7,"chars":["㊐"],"file":"custom/font/symbols/emoji/naruto/orochimaru.png","height":8,"type":"bitmap"},
		{"ascent":7,"chars":["㊑"],"file":"custom/font/symbols/emoji/naruto/sakura_haruno.png","height":8,"type":"bitmap"},
		{"ascent":7,"chars":["㊒"],"file":"custom/font/symbols/emoji/naruto/sasuke_uchiha.png","height":8,"type":"bitmap"},
		{"ascent":7,"chars":["㊓"],"file":"custom/font/symbols/emoji/naruto/shikamaru_nara.png","height":8,"type":"bitmap"},
		{"ascent":7,"chars":["㊔"],"file":"custom/font/symbols/emoji/naruto/tobi.png","height":8,"type":"bitmap"},
		{"ascent":7,"chars":["㊕"],"file":"custom/font/symbols/emoji/naruto/tsunade.png","height":8,"type":"bitmap"},

		{"ascent":7,"chars":["㊖"],"file":"custom/font/symbols/emoji/onepiece/ace.png","height":8,"type":"bitmap"},
		{"ascent":7,"chars":["㊗"],"file":"custom/font/symbols/emoji/onepiece/boa_hancock.png","height":8,"type":"bitmap"},
		{"ascent":7,"chars":["㊘"],"file":"custom/font/symbols/emoji/onepiece/brook.png","height":8,"type":"bitmap"},
		{"ascent":7,"chars":["㊙"],"file":"custom/font/symbols/emoji/onepiece/charlotte_katakuri.png","height":8,"type":"bitmap"},
		{"ascent":7,"chars":["㊚"],"file":"custom/font/symbols/emoji/onepiece/donquixote_doflamingo.png","height":8,"type":"bitmap"},
		{"ascent":7,"chars":["㊛"],"file":"custom/font/symbols/emoji/onepiece/franky.png","height":8,"type":"bitmap"},		
		{"ascent":7,"chars":["㊜"],"file":"custom/font/symbols/emoji/onepiece/monkey_d_luffy.png","height":8,"type":"bitmap"},
		{"ascent":7,"chars":["㊝"],"file":"custom/font/symbols/emoji/onepiece/nami.png","height":8,"type":"bitmap"},
		{"ascent":7,"chars":["㊞"],"file":"custom/font/symbols/emoji/onepiece/nico_robin.png","height":8,"type":"bitmap"},
		{"ascent":7,"chars":["㊟"],"file":"custom/font/symbols/emoji/onepiece/roronoa_zoro.png","height":8,"type":"bitmap"},
		{"ascent":7,"chars":["㊠"],"file":"custom/font/symbols/emoji/onepiece/sanji.png","height":8,"type":"bitmap"},
		{"ascent":7,"chars":["㊡"],"file":"custom/font/symbols/emoji/onepiece/shanks.png","height":8,"type":"bitmap"},
		{"ascent":7,"chars":["㊢"],"file":"custom/font/symbols/emoji/onepiece/tony_tony_chopper.png","height":8,"type":"bitmap"},
		{"ascent":7,"chars":["㊣"],"file":"custom/font/symbols/emoji/onepiece/trafalgar_law.png","height":8,"type":"bitmap"},
		{"ascent":7,"chars":["㊤"],"file":"custom/font/symbols/emoji/onepiece/usopp.png","height":8,"type":"bitmap"},

		{"ascent":7,"chars":["㊥"],"file":"custom/font/symbols/emoji/pride/prideflag.png","height":8,"type":"bitmap"},
		{"ascent":7,"chars":["㊦"],"file":"custom/font/ranks/prefixes/rare/pride_banner.png","height":7,"type":"bitmap"},

		{"ascent":7,"chars":["㊧"],"file":"custom/font/symbols/emoji/summer/sun.png","height":8,"type":"bitmap"},

		{"ascent":7,"chars":["㊨"],"file":"custom/font/symbols/emoji/freedom/americanflag.png","height":8,"type":"bitmap"},
		{"ascent":7,"chars":["㊩"],"file":"custom/font/ranks/prefixes/rare/freedom_banner.png","height":7,"type":"bitmap"},


		{"ascent":6,"chars":["㈀"],"file":"custom/font/symbols/compass/compass1.png","height":11,"type":"bitmap"},		
		{"ascent":6,"chars":["㈁"],"file":"custom/font/symbols/compass/compass2.png","height":11,"type":"bitmap"},		
		{"ascent":6,"chars":["㈂"],"file":"custom/font/symbols/compass/compass3.png","height":11,"type":"bitmap"},		
		{"ascent":6,"chars":["㈃"],"file":"custom/font/symbols/compass/compass4.png","height":11,"type":"bitmap"},		
		{"ascent":6,"chars":["㈄"],"file":"custom/font/symbols/compass/compass5.png","height":11,"type":"bitmap"},		
		{"ascent":6,"chars":["㈅"],"file":"custom/font/symbols/compass/compass6.png","height":11,"type":"bitmap"},		
		{"ascent":6,"chars":["㈆"],"file":"custom/font/symbols/compass/compass7.png","height":11,"type":"bitmap"},		
		{"ascent":6,"chars":["㈇"],"file":"custom/font/symbols/compass/compass8.png","height":11,"type":"bitmap"},		
		{"ascent":6,"chars":["㈈"],"file":"custom/font/symbols/compass/compass9.png","height":11,"type":"bitmap"},		
		{"ascent":6,"chars":["㈉"],"file":"custom/font/symbols/compass/compass10.png","height":11,"type":"bitmap"},		
		{"ascent":6,"chars":["㈊"],"file":"custom/font/symbols/compass/compass11.png","height":11,"type":"bitmap"},		
		{"ascent":6,"chars":["㈋"],"file":"custom/font/symbols/compass/compass12.png","height":11,"type":"bitmap"},		
		{"ascent":6,"chars":["㈌"],"file":"custom/font/symbols/compass/compass13.png","height":11,"type":"bitmap"},		
		{"ascent":6,"chars":["㈍"],"file":"custom/font/symbols/compass/compass14.png","height":11,"type":"bitmap"},		
		{"ascent":6,"chars":["㈎"],"file":"custom/font/symbols/compass/compass15.png","height":11,"type":"bitmap"},		
		{"ascent":6,"chars":["㈏"],"file":"custom/font/symbols/compass/compass16.png","height":11,"type":"bitmap"},		
		{"ascent":6,"chars":["㈐"],"file":"custom/font/symbols/compass/compass17.png","height":11,"type":"bitmap"},		
		{"ascent":6,"chars":["㈑"],"file":"custom/font/symbols/compass/compass18.png","height":11,"type":"bitmap"},		
		{"ascent":6,"chars":["㈒"],"file":"custom/font/symbols/compass/compass19.png","height":11,"type":"bitmap"},		
		{"ascent":6,"chars":["㈓"],"file":"custom/font/symbols/compass/compass20.png","height":11,"type":"bitmap"},		
		{"ascent":6,"chars":["㈔"],"file":"custom/font/symbols/compass/compass21.png","height":11,"type":"bitmap"},		
		{"ascent":6,"chars":["㈕"],"file":"custom/font/symbols/compass/compass22.png","height":11,"type":"bitmap"},		
		{"ascent":6,"chars":["㈖"],"file":"custom/font/symbols/compass/compass23.png","height":11,"type":"bitmap"},		
		{"ascent":6,"chars":["㈗"],"file":"custom/font/symbols/compass/compass24.png","height":11,"type":"bitmap"},		
		
		{"ascent":130,"chars":["㈘"],"file":"custom/font/guis/quests/npcquests.png","height":256,"type":"bitmap"},
		
		{"ascent":7,"chars":["㈙"],"file":"custom/font/ranks/prefixes/champion_banner.png","height":7,"type":"bitmap"},
		{"ascent":7,"chars":["㈚"],"file":"custom/font/ranks/prefixes/custom_banner.png","height":7,"type":"bitmap"},

		{"ascent":7,"chars":["㈛"],"file":"custom/font/ranks/prefixes/rare/bunny_banner.png","height":7,"type":"bitmap"},

		{"ascent":130,"chars":["㈜"],"file":"custom/font/guis/crates/seasonal_preview.png","height":256,"type":"bitmap"},
		{"ascent":130,"chars":["㈝"],"file":"custom/font/guis/crates/seasonal_sub.png","height":256,"type":"bitmap"},
		{"ascent":130,"chars":["㈞"],"file":"custom/font/guis/crates/seasonal_crate.png","height":256,"type":"bitmap"},

		{"ascent":130,"chars":["㈟"],"file":"custom/font/guis/crates/giveaway_sub.png","height":256,"type":"bitmap"},
		{"ascent":-14,"chars":["㌐"],"file":"custom/font/symbols/skull.png","height":10,"type":"bitmap"},

		{"ascent":7,"chars":["㌑"],"file":"custom/font/ranks/prefixes/rare/jedi_banner.png","height":7,"type":"bitmap"},
		{"ascent":7,"chars":["㌒"],"file":"custom/font/ranks/prefixes/rare/sith_banner.png","height":7,"type":"bitmap"},



		{"ascent":-14,"chars":["ꢤ"],"file":"custom/font/symbols/saphire_icon.png","height":10,"type":"bitmap"},
		{"ascent":-16,"chars":["ꢚꢛꢜꢝꢞꢟꢠꢡꢢꢣ"],"file":"custom/font/symbols/actionbar_hud.png","height":8,"type":"bitmap"},
		{"ascent":-17,"chars":["㌉"],"file":"custom/font/symbols/actionbar_hud_comma.png","height":8,"type":"bitmap"},


		{"type":"bitmap","file":"custom/font/ascii.png","ascent":4,"height":8,"chars":["","","","","","","","","","","","","","","",""]},

		{"ascent":-32768,"chars":[""],"file":"custom/ui/pixel_split.png","height":-2,"type":"bitmap"},
		{"ascent":-32768,"chars":[""],"file":"custom/ui/pixel_split.png","height":-3,"type":"bitmap"},
		{"ascent":-32768,"chars":[""],"file":"custom/ui/pixel_split.png","height":-5,"type":"bitmap"},
		{"ascent":-32768,"chars":[""],"file":"custom/ui/pixel_split.png","height":-6,"type":"bitmap"},
		{"ascent":-32768,"chars":[""],"file":"custom/ui/pixel_split.png","height":-7,"type":"bitmap"},
		{"ascent":-32768,"chars":[""],"file":"custom/ui/pixel_split.png","height":-8,"type":"bitmap"},
		{"ascent":-32768,"chars":[""],"file":"custom/ui/pixel_split.png","height":-9,"type":"bitmap"},
		{"ascent":-32768,"chars":[""],"file":"custom/ui/pixel_split.png","height":-10,"type":"bitmap"},
		{"ascent":-32768,"chars":["㇯"],"file":"custom/ui/pixel_split.png","height":-14,"type":"bitmap"},
		{"ascent":-32768,"chars":[""],"file":"custom/ui/pixel_split.png","height":-15,"type":"bitmap"},
		{"ascent":-32768,"chars":[""],"file":"custom/ui/pixel_split.png","height":-34,"type":"bitmap"},
		{"ascent":-32768,"chars":[""],"file":"custom/ui/pixel_split.png","height":-89,"type":"bitmap"},
		{"ascent":-32768,"chars":[""],"file":"custom/ui/pixel_split.png","height":-130,"type":"bitmap"},
		{"ascent":-32768,"chars":[""],"file":"custom/ui/pixel_split.png","height":-258,"type":"bitmap"},
		{"ascent":-32768,"chars":[""],"file":"custom/ui/pixel_split.png","height":-514,"type":"bitmap"},
		{"ascent":-32768,"chars":[""],"file":"custom/ui/pixel_split.png","height":-1026,"type":"bitmap"},
		{"ascent":-32770,"chars":[""],"file":"custom/ui/pixel_split.png","height":-32770,"type":"bitmap"},
		{"ascent":-32768,"chars":[""],"file":"custom/ui/pixel_split.png","height":0,"type":"bitmap"},
		{"ascent":-32768,"chars":[""],"file":"custom/ui/pixel_split.png","height":1,"type":"bitmap"},
		{"ascent":-32768,"chars":[""],"file":"custom/ui/pixel_split.png","height":2,"type":"bitmap"},
		{"ascent":-32768,"chars":[""],"file":"custom/ui/pixel_split.png","height":3,"type":"bitmap"},
		{"ascent":-32768,"chars":[""],"file":"custom/ui/pixel_split.png","height":4,"type":"bitmap"},
		{"ascent":-32768,"chars":[""],"file":"custom/ui/pixel_split.png","height":5,"type":"bitmap"},
		{"ascent":-32768,"chars":[""],"file":"custom/ui/pixel_split.png","height":6,"type":"bitmap"},
		{"ascent":-32768,"chars":[""],"file":"custom/ui/pixel_split.png","height":7,"type":"bitmap"},
		{"ascent":-32768,"chars":[""],"file":"custom/ui/pixel_split.png","height":15,"type":"bitmap"},
		{"ascent":-32768,"chars":[""],"file":"custom/ui/pixel_split.png","height":31,"type":"bitmap"},
		{"ascent":-32768,"chars":[""],"file":"custom/ui/pixel_split.png","height":63,"type":"bitmap"},
		{"ascent":-32768,"chars":[""],"file":"custom/ui/pixel_split.png","height":127,"type":"bitmap"},
		{"ascent":-32768,"chars":[""],"file":"custom/ui/pixel_split.png","height":255,"type":"bitmap"},
		{"ascent":-32768,"chars":[""],"file":"custom/ui/pixel_split.png","height":511,"type":"bitmap"},
		{"ascent":-32768,"chars":[""],"file":"custom/ui/pixel_split.png","height":1023,"type":"bitmap"},
		{"ascent":-32768,"chars":[""],"file":"custom/ui/pixel_split.png","height":32767,"type":"bitmap"},
		{"ascent":-32768,"chars":[""],"file":"custom/ui/pixel_nosplit.png","height":-3,"type":"bitmap"},
		{"ascent":-32768,"chars":[""],"file":"custom/ui/pixel_nosplit.png","height":-4,"type":"bitmap"},
		{"ascent":-32768,"chars":[""],"file":"custom/ui/pixel_nosplit.png","height":-5,"type":"bitmap"},
		{"ascent":-32768,"chars":[""],"file":"custom/ui/pixel_nosplit.png","height":-6,"type":"bitmap"},
		{"ascent":-32768,"chars":[""],"file":"custom/ui/pixel_nosplit.png","height":-7,"type":"bitmap"},
		{"ascent":-32768,"chars":[""],"file":"custom/ui/pixel_nosplit.png","height":-8,"type":"bitmap"},
		{"ascent":-32768,"chars":[""],"file":"custom/ui/pixel_nosplit.png","height":-9,"type":"bitmap"},
		{"ascent":-32768,"chars":[""],"file":"custom/ui/pixel_nosplit.png","height":-10,"type":"bitmap"},
		{"ascent":-32768,"chars":[""],"file":"custom/ui/pixel_nosplit.png","height":-16,"type":"bitmap"},
		{"ascent":-32768,"chars":[""],"file":"custom/ui/pixel_nosplit.png","height":-34,"type":"bitmap"},
		{"ascent":-32768,"chars":[""],"file":"custom/ui/pixel_nosplit.png","height":-66,"type":"bitmap"},
		{"ascent":-32768,"chars":[""],"file":"custom/ui/pixel_nosplit.png","height":-130,"type":"bitmap"},
		{"ascent":-32768,"chars":[""],"file":"custom/ui/pixel_nosplit.png","height":-258,"type":"bitmap"},
		{"ascent":-32768,"chars":[""],"file":"custom/ui/pixel_nosplit.png","height":-514,"type":"bitmap"},
		{"ascent":-32768,"chars":[""],"file":"custom/ui/pixel_nosplit.png","height":-1026,"type":"bitmap"},
		{"ascent":-32768,"chars":[""],"file":"custom/ui/pixel_nosplit.png","height":0,"type":"bitmap"},
		{"ascent":-32768,"chars":[""],"file":"custom/ui/pixel_nosplit.png","height":1,"type":"bitmap"},
		{"ascent":-32768,"chars":[""],"file":"custom/ui/pixel_nosplit.png","height":2,"type":"bitmap"},
		{"ascent":-32768,"chars":[""],"file":"custom/ui/pixel_nosplit.png","height":3,"type":"bitmap"},
		{"ascent":-32768,"chars":[""],"file":"custom/ui/pixel_nosplit.png","height":4,"type":"bitmap"},
		{"ascent":-32768,"chars":[""],"file":"custom/ui/pixel_nosplit.png","height":5,"type":"bitmap"},
		{"ascent":-32768,"chars":[""],"file":"custom/ui/pixel_nosplit.png","height":6,"type":"bitmap"},
		{"ascent":-32768,"chars":[""],"file":"custom/ui/pixel_nosplit.png","height":7,"type":"bitmap"},
		{"ascent":-32768,"chars":[""],"file":"custom/ui/pixel_nosplit.png","height":15,"type":"bitmap"},
		{"ascent":-32768,"chars":[""],"file":"custom/ui/pixel_nosplit.png","height":31,"type":"bitmap"},
		{"ascent":-32768,"chars":[""],"file":"custom/ui/pixel_nosplit.png","height":63,"type":"bitmap"},
		{"ascent":-32768,"chars":[""],"file":"custom/ui/pixel_nosplit.png","height":127,"type":"bitmap"},
		{"ascent":-32768,"chars":[""],"file":"custom/ui/pixel_nosplit.png","height":255,"type":"bitmap"},
		{"ascent":-32768,"chars":[""],"file":"custom/ui/pixel_nosplit.png","height":511,"type":"bitmap"},
		{"ascent":-32768,"chars":[""],"file":"custom/ui/pixel_nosplit.png","height":1023,"type":"bitmap"},
		{"ascent":-32768,"chars":[""],"file":"custom/ui/pixel_nosplit.png","height":32767,"type":"bitmap"},

		{"ascent":10,"chars":["⾧","⾨","⾩","⾪","⾫","⾬","⾭","⾮","⾯","⾰","⾲","⾳","⾴","⾵","⾹","⾺"],"file":"custom/font/symbols/charbackground.png","height":16,"type":"bitmap"},


		{"ascent":-32768,"chars":["⾻"],"file":"custom/ui/pixel_split.png","height":-137,"type":"bitmap"},
		{"ascent":-32768,"chars":["⾼"],"file":"custom/ui/pixel_split.png","height":-10,"type":"bitmap"},
		{"ascent":-32768,"chars":["⾾"],"file":"custom/ui/pixel_split.png","height":-143,"type":"bitmap"},
		{"ascent":-32768,"chars":["⾿"],"file":"custom/ui/pixel_split.png","height":-8,"type":"bitmap"},
		{"ascent":-32768,"chars":["⿀"],"file":"custom/ui/pixel_split.png","height":-148,"type":"bitmap"},
		{"ascent":-32768,"chars":["⿁"],"file":"custom/ui/pixel_split.png","height":-10,"type":"bitmap"},
		{"ascent":-32768,"chars":["㇣"],"file":"custom/ui/pixel_split.png","height":-153,"type":"bitmap"},
		{"ascent":-32768,"chars":["⿃"],"file":"custom/ui/pixel_split.png","height":-12,"type":"bitmap"},
		{"ascent":-32768,"chars":["⿄"],"file":"custom/ui/pixel_split.png","height":-158,"type":"bitmap"},
		{"ascent":-32768,"chars":["⿅"],"file":"custom/ui/pixel_split.png","height":-12,"type":"bitmap"},
		{"ascent":-32768,"chars":["⿆"],"file":"custom/ui/pixel_split.png","height":-164,"type":"bitmap"},
		{"ascent":-32768,"chars":["⿇"],"file":"custom/ui/pixel_split.png","height":-12,"type":"bitmap"},
		{"ascent":-32768,"chars":["⿉"],"file":"custom/ui/pixel_split.png","height":-168,"type":"bitmap"},
		{"ascent":-32768,"chars":["⿈"],"file":"custom/ui/pixel_split.png","height":-14,"type":"bitmap"},
		{"ascent":-32768,"chars":["⿊"],"file":"custom/ui/pixel_split.png","height":-175,"type":"bitmap"},
		{"ascent":-32768,"chars":["⿋"],"file":"custom/ui/pixel_split.png","height":-12,"type":"bitmap"},
		{"ascent":-32768,"chars":["⿌"],"file":"custom/ui/pixel_split.png","height":-181,"type":"bitmap"},
		{"ascent":-32768,"chars":["⿍"],"file":"custom/ui/pixel_split.png","height":-12,"type":"bitmap"},
		{"ascent":-32768,"chars":["⿎"],"file":"custom/ui/pixel_split.png","height":-186,"type":"bitmap"},
		{"ascent":-32768,"chars":["⿏"],"file":"custom/ui/pixel_split.png","height":-14,"type":"bitmap"},
		{"ascent":-32768,"chars":["⿐"],"file":"custom/ui/pixel_split.png","height":-192,"type":"bitmap"},
		{"ascent":-32768,"chars":["⿑"],"file":"custom/ui/pixel_split.png","height":-14,"type":"bitmap"},
		{"ascent":-32768,"chars":["⿒"],"file":"custom/ui/pixel_split.png","height":-199,"type":"bitmap"},
		{"ascent":-32768,"chars":["⿓"],"file":"custom/ui/pixel_split.png","height":-14,"type":"bitmap"},
		{"ascent":-32768,"chars":["⿔"],"file":"custom/ui/pixel_split.png","height":-205,"type":"bitmap"},
		{"ascent":-32768,"chars":["⿕"],"file":"custom/ui/pixel_split.png","height":-14,"type":"bitmap"},
		{"ascent":-32768,"chars":["⿖"],"file":"custom/ui/pixel_split.png","height":-211,"type":"bitmap"},
		{"ascent":-32768,"chars":["⿗"],"file":"custom/ui/pixel_split.png","height":-14,"type":"bitmap"},
		{"ascent":-32768,"chars":["⿙"],"file":"custom/ui/pixel_split.png","height":-217,"type":"bitmap"},
		{"ascent":-32768,"chars":["⿘"],"file":"custom/ui/pixel_split.png","height":-14,"type":"bitmap"},
		{"ascent":-32768,"chars":["⿛"],"file":"custom/ui/pixel_split.png","height":-223,"type":"bitmap"},
		{"ascent":-32768,"chars":["⿚"],"file":"custom/ui/pixel_split.png","height":-14,"type":"bitmap"},

		{"type":"bitmap","file":"custom/font/symbols/black_box.png","ascent":-20,"height":5000,"chars":["俗"]},
		{"type":"bitmap","file":"custom/font/symbols/black_box.png","ascent":1000,"height":5000,"chars":["俙"]},
		{"type":"bitmap","file":"custom/font/symbols/black_box.png","ascent":2970,"height":3000,"chars":["俘"]},

		{"ascent":24,"chars":["㌀㌁"],"file":"custom/font/symbols/logo.png","height":48,"type":"bitmap"},
		{"ascent":5,"chars":["㌄㌅","㌆㌇"],"file":"custom/font/symbols/logo.png","height":20,"type":"bitmap"},

		{"ascent":7,
		"chars":[
			"俚俛俜保俞",
			"俟俠信俢俣",
			"俤俥俦俧俨",
			"俩俪俫俬俭",
			"修俯俰俱俲",
			"俳俴俵俶俷"
		],
		"file":"custom/font/symbols/emotes.png","height":7,"type":"bitmap"},

		{"ascent":10,"chars":["⿟"],"file":"custom/font/symbols/charbackground_square.png","height":16,"type":"bitmap"}


		
		
	]
}