{
    "providers": [
		{"type": "bitmap", "file": "custom/cursed_entity.png", "ascent": -56, "height": 256, "chars": ["⺁"]},
		{"type": "bitmap", "file": "custom/cursed_entity2.png", "ascent": -56, "height": 128, "chars": ["⺂"]},
		{"type": "bitmap", "file": "custom/cursed_entity3.png", "ascent": 10, "height": 256, "chars": ["⺃"]},
		
		{"ascent":-32768,"chars":[""],"file":"custom/ui/pixel_split.png","height":-2,"type":"bitmap"},
		{"ascent":-32768,"chars":[""],"file":"custom/ui/pixel_split.png","height":-3,"type":"bitmap"},
		{"ascent":-32768,"chars":[""],"file":"custom/ui/pixel_split.png","height":-5,"type":"bitmap"},
		{"ascent":-32768,"chars":[""],"file":"custom/ui/pixel_split.png","height":-6,"type":"bitmap"},
		{"ascent":-32768,"chars":[""],"file":"custom/ui/pixel_split.png","height":-7,"type":"bitmap"},
		{"ascent":-32768,"chars":[""],"file":"custom/ui/pixel_split.png","height":-8,"type":"bitmap"},
		{"ascent":-32768,"chars":[""],"file":"custom/ui/pixel_split.png","height":-9,"type":"bitmap"},
		{"ascent":-32768,"chars":[""],"file":"custom/ui/pixel_split.png","height":-10,"type":"bitmap"},
		{"ascent":-32768,"chars":["㇯"],"file":"custom/ui/pixel_split.png","height":-14,"type":"bitmap"},
		{"ascent":-32768,"chars":[""],"file":"custom/ui/pixel_split.png","height":-15,"type":"bitmap"},
		{"ascent":-32768,"chars":[""],"file":"custom/ui/pixel_split.png","height":-34,"type":"bitmap"},
		{"ascent":-32768,"chars":[""],"file":"custom/ui/pixel_split.png","height":-89,"type":"bitmap"},
		{"ascent":-32768,"chars":[""],"file":"custom/ui/pixel_split.png","height":-130,"type":"bitmap"},
		{"ascent":-32768,"chars":[""],"file":"custom/ui/pixel_split.png","height":-258,"type":"bitmap"},
		{"ascent":-32768,"chars":[""],"file":"custom/ui/pixel_split.png","height":-514,"type":"bitmap"},
		{"ascent":-32768,"chars":[""],"file":"custom/ui/pixel_split.png","height":-1026,"type":"bitmap"},
		{"ascent":-32770,"chars":[""],"file":"custom/ui/pixel_split.png","height":-32770,"type":"bitmap"},
		{"ascent":-32768,"chars":[""],"file":"custom/ui/pixel_split.png","height":0,"type":"bitmap"},
		{"ascent":-32768,"chars":[""],"file":"custom/ui/pixel_split.png","height":1,"type":"bitmap"},
		{"ascent":-32768,"chars":[""],"file":"custom/ui/pixel_split.png","height":2,"type":"bitmap"},
		{"ascent":-32768,"chars":[""],"file":"custom/ui/pixel_split.png","height":3,"type":"bitmap"},
		{"ascent":-32768,"chars":[""],"file":"custom/ui/pixel_split.png","height":4,"type":"bitmap"},
		{"ascent":-32768,"chars":[""],"file":"custom/ui/pixel_split.png","height":5,"type":"bitmap"},
		{"ascent":-32768,"chars":[""],"file":"custom/ui/pixel_split.png","height":6,"type":"bitmap"},
		{"ascent":-32768,"chars":[""],"file":"custom/ui/pixel_split.png","height":7,"type":"bitmap"},
		{"ascent":-32768,"chars":[""],"file":"custom/ui/pixel_split.png","height":15,"type":"bitmap"},
		{"ascent":-32768,"chars":[""],"file":"custom/ui/pixel_split.png","height":31,"type":"bitmap"},
		{"ascent":-32768,"chars":[""],"file":"custom/ui/pixel_split.png","height":63,"type":"bitmap"},
		{"ascent":-32768,"chars":[""],"file":"custom/ui/pixel_split.png","height":127,"type":"bitmap"},
		{"ascent":-32768,"chars":[""],"file":"custom/ui/pixel_split.png","height":255,"type":"bitmap"},
		{"ascent":-32768,"chars":[""],"file":"custom/ui/pixel_split.png","height":511,"type":"bitmap"},
		{"ascent":-32768,"chars":[""],"file":"custom/ui/pixel_split.png","height":1023,"type":"bitmap"},
		{"ascent":-32768,"chars":[""],"file":"custom/ui/pixel_split.png","height":32767,"type":"bitmap"},
		{"ascent":-32768,"chars":[""],"file":"custom/ui/pixel_nosplit.png","height":-3,"type":"bitmap"},
		{"ascent":-32768,"chars":[""],"file":"custom/ui/pixel_nosplit.png","height":-4,"type":"bitmap"},
		{"ascent":-32768,"chars":[""],"file":"custom/ui/pixel_nosplit.png","height":-5,"type":"bitmap"},
		{"ascent":-32768,"chars":[""],"file":"custom/ui/pixel_nosplit.png","height":-6,"type":"bitmap"},
		{"ascent":-32768,"chars":[""],"file":"custom/ui/pixel_nosplit.png","height":-7,"type":"bitmap"},
		{"ascent":-32768,"chars":[""],"file":"custom/ui/pixel_nosplit.png","height":-8,"type":"bitmap"},
		{"ascent":-32768,"chars":[""],"file":"custom/ui/pixel_nosplit.png","height":-9,"type":"bitmap"},
		{"ascent":-32768,"chars":[""],"file":"custom/ui/pixel_nosplit.png","height":-10,"type":"bitmap"},
		{"ascent":-32768,"chars":[""],"file":"custom/ui/pixel_nosplit.png","height":-16,"type":"bitmap"},
		{"ascent":-32768,"chars":[""],"file":"custom/ui/pixel_nosplit.png","height":-34,"type":"bitmap"},
		{"ascent":-32768,"chars":[""],"file":"custom/ui/pixel_nosplit.png","height":-66,"type":"bitmap"},
		{"ascent":-32768,"chars":[""],"file":"custom/ui/pixel_nosplit.png","height":-130,"type":"bitmap"},
		{"ascent":-32768,"chars":[""],"file":"custom/ui/pixel_nosplit.png","height":-258,"type":"bitmap"},
		{"ascent":-32768,"chars":[""],"file":"custom/ui/pixel_nosplit.png","height":-514,"type":"bitmap"},
		{"ascent":-32768,"chars":[""],"file":"custom/ui/pixel_nosplit.png","height":-1026,"type":"bitmap"},
		{"ascent":-32768,"chars":[""],"file":"custom/ui/pixel_nosplit.png","height":0,"type":"bitmap"},
		{"ascent":-32768,"chars":[""],"file":"custom/ui/pixel_nosplit.png","height":1,"type":"bitmap"},
		{"ascent":-32768,"chars":[""],"file":"custom/ui/pixel_nosplit.png","height":2,"type":"bitmap"},
		{"ascent":-32768,"chars":[""],"file":"custom/ui/pixel_nosplit.png","height":3,"type":"bitmap"},
		{"ascent":-32768,"chars":[""],"file":"custom/ui/pixel_nosplit.png","height":4,"type":"bitmap"},
		{"ascent":-32768,"chars":[""],"file":"custom/ui/pixel_nosplit.png","height":5,"type":"bitmap"},
		{"ascent":-32768,"chars":[""],"file":"custom/ui/pixel_nosplit.png","height":6,"type":"bitmap"},
		{"ascent":-32768,"chars":[""],"file":"custom/ui/pixel_nosplit.png","height":7,"type":"bitmap"},
		{"ascent":-32768,"chars":[""],"file":"custom/ui/pixel_nosplit.png","height":15,"type":"bitmap"},
		{"ascent":-32768,"chars":[""],"file":"custom/ui/pixel_nosplit.png","height":31,"type":"bitmap"},
		{"ascent":-32768,"chars":[""],"file":"custom/ui/pixel_nosplit.png","height":63,"type":"bitmap"},
		{"ascent":-32768,"chars":[""],"file":"custom/ui/pixel_nosplit.png","height":127,"type":"bitmap"},
		{"ascent":-32768,"chars":[""],"file":"custom/ui/pixel_nosplit.png","height":255,"type":"bitmap"},
		{"ascent":-32768,"chars":[""],"file":"custom/ui/pixel_nosplit.png","height":511,"type":"bitmap"},
		{"ascent":-32768,"chars":[""],"file":"custom/ui/pixel_nosplit.png","height":1023,"type":"bitmap"},
		{"ascent":-32768,"chars":[""],"file":"custom/ui/pixel_nosplit.png","height":32767,"type":"bitmap"},

		{"ascent":-32768,"chars":["⾻"],"file":"custom/ui/pixel_split.png","height":-137,"type":"bitmap"},
		{"ascent":-32768,"chars":["⾼"],"file":"custom/ui/pixel_split.png","height":-10,"type":"bitmap"},
		{"ascent":-32768,"chars":["⾾"],"file":"custom/ui/pixel_split.png","height":-143,"type":"bitmap"},
		{"ascent":-32768,"chars":["⾿"],"file":"custom/ui/pixel_split.png","height":-8,"type":"bitmap"},
		{"ascent":-32768,"chars":["⿀"],"file":"custom/ui/pixel_split.png","height":-148,"type":"bitmap"},
		{"ascent":-32768,"chars":["⿁"],"file":"custom/ui/pixel_split.png","height":-10,"type":"bitmap"},
		{"ascent":-32768,"chars":["㇣"],"file":"custom/ui/pixel_split.png","height":-153,"type":"bitmap"},
		{"ascent":-32768,"chars":["⿃"],"file":"custom/ui/pixel_split.png","height":-12,"type":"bitmap"},
		{"ascent":-32768,"chars":["⿄"],"file":"custom/ui/pixel_split.png","height":-158,"type":"bitmap"},
		{"ascent":-32768,"chars":["⿅"],"file":"custom/ui/pixel_split.png","height":-12,"type":"bitmap"},
		{"ascent":-32768,"chars":["⿆"],"file":"custom/ui/pixel_split.png","height":-164,"type":"bitmap"},
		{"ascent":-32768,"chars":["⿇"],"file":"custom/ui/pixel_split.png","height":-12,"type":"bitmap"},
		{"ascent":-32768,"chars":["⿉"],"file":"custom/ui/pixel_split.png","height":-168,"type":"bitmap"},
		{"ascent":-32768,"chars":["⿈"],"file":"custom/ui/pixel_split.png","height":-14,"type":"bitmap"},
		{"ascent":-32768,"chars":["⿊"],"file":"custom/ui/pixel_split.png","height":-175,"type":"bitmap"},
		{"ascent":-32768,"chars":["⿋"],"file":"custom/ui/pixel_split.png","height":-12,"type":"bitmap"},
		{"ascent":-32768,"chars":["⿌"],"file":"custom/ui/pixel_split.png","height":-181,"type":"bitmap"},
		{"ascent":-32768,"chars":["⿍"],"file":"custom/ui/pixel_split.png","height":-12,"type":"bitmap"},
		{"ascent":-32768,"chars":["⿎"],"file":"custom/ui/pixel_split.png","height":-186,"type":"bitmap"},
		{"ascent":-32768,"chars":["⿏"],"file":"custom/ui/pixel_split.png","height":-14,"type":"bitmap"},
		{"ascent":-32768,"chars":["⿐"],"file":"custom/ui/pixel_split.png","height":-192,"type":"bitmap"},
		{"ascent":-32768,"chars":["⿑"],"file":"custom/ui/pixel_split.png","height":-14,"type":"bitmap"},
		{"ascent":-32768,"chars":["⿒"],"file":"custom/ui/pixel_split.png","height":-199,"type":"bitmap"},
		{"ascent":-32768,"chars":["⿓"],"file":"custom/ui/pixel_split.png","height":-14,"type":"bitmap"},
		{"ascent":-32768,"chars":["⿔"],"file":"custom/ui/pixel_split.png","height":-205,"type":"bitmap"},
		{"ascent":-32768,"chars":["⿕"],"file":"custom/ui/pixel_split.png","height":-14,"type":"bitmap"},
		{"ascent":-32768,"chars":["⿖"],"file":"custom/ui/pixel_split.png","height":-211,"type":"bitmap"},
		{"ascent":-32768,"chars":["⿗"],"file":"custom/ui/pixel_split.png","height":-14,"type":"bitmap"},
		{"ascent":-32768,"chars":["⿙"],"file":"custom/ui/pixel_split.png","height":-217,"type":"bitmap"},
		{"ascent":-32768,"chars":["⿘"],"file":"custom/ui/pixel_split.png","height":-14,"type":"bitmap"},
		{"ascent":-32768,"chars":["⿛"],"file":"custom/ui/pixel_split.png","height":-223,"type":"bitmap"},
		{"ascent":-32768,"chars":["⿚"],"file":"custom/ui/pixel_split.png","height":-14,"type":"bitmap"}		
		
		
    ]
}
