{"textures": {		"0": "item/crates/harrypotter21_crate/executioners_axe"},	"elements": [		{			"from": [7.5, -4, 7.5],			"to": [8.5, 14, 8.5],			"faces": {				"north": {"uv": [0, 4.25, 0.25, 8.75], "texture": "#0"},				"east": {"uv": [0.5, 4.25, 0.75, 8.75], "texture": "#0"},				"south": {"uv": [1, 4.25, 1.25, 8.75], "texture": "#0"},				"west": {"uv": [1.5, 4.25, 1.75, 8.75], "texture": "#0"},				"up": {"uv": [9.75, 1.25, 9.5, 1], "texture": "#0"},				"down": {"uv": [9.75, 1.5, 9.5, 1.75], "texture": "#0"}			}		},		{			"from": [7, -16, 7],			"to": [9, 0, 9],			"faces": {				"north": {"uv": [1.5, 0, 2, 4], "texture": "#0"},				"east": {"uv": [2.25, 0, 2.75, 4], "texture": "#0"},				"south": {"uv": [3, 0, 3.5, 4], "texture": "#0"},				"west": {"uv": [3.75, 0, 4.25, 4], "texture": "#0"},				"up": {"uv": [1.25, 9.5, 0.75, 9], "texture": "#0"},				"down": {"uv": [3.25, 9, 2.75, 9.5], "texture": "#0"}			}		},		{			"from": [6.5, -4, 6.5],			"to": [9.5, -2, 9.5],			"faces": {				"north": {"uv": [5.25, 8, 6, 8.5], "texture": "#0"},				"east": {"uv": [8, 6, 8.75, 6.5], "texture": "#0"},				"south": {"uv": [6.25, 8, 7, 8.5], "texture": "#0"},				"west": {"uv": [8, 6.75, 8.75, 7.25], "texture": "#0"},				"up": {"uv": [4.75, 7.25, 4, 6.5], "texture": "#0"},				"down": {"uv": [7.25, 5, 6.5, 5.75], "texture": "#0"}			}		},		{			"from": [6.5, -16, 6.5],			"to": [9.5, -12, 9.5],			"faces": {				"north": {"uv": [4.5, 1.5, 5.25, 2.5], "texture": "#0"},				"east": {"uv": [4.5, 2.75, 5.25, 3.75], "texture": "#0"},				"south": {"uv": [4.5, 4, 5.25, 5], "texture": "#0"},				"west": {"uv": [4.5, 5.25, 5.25, 6.25], "texture": "#0"},				"up": {"uv": [7.25, 6.75, 6.5, 6], "texture": "#0"},				"down": {"uv": [7.75, 0, 7, 0.75], "texture": "#0"}			}		},		{			"from": [14.06074, 15.67867, 7.5],			"to": [15.06074, 20.67867, 8.5],			"rotation": {"angle": -22.5, "axis": "z", "origin": [6.56074, 31.33087, 0]},			"faces": {				"north": {"uv": [7.25, 8, 7.5, 9.25], "texture": "#0"},				"east": {"uv": [8, 7.5, 8.25, 8.75], "texture": "#0"},				"south": {"uv": [8.25, 1, 8.5, 2.25], "texture": "#0"},				"west": {"uv": [8.25, 2.5, 8.5, 3.75], "texture": "#0"},				"up": {"uv": [9.75, 2.25, 9.5, 2], "texture": "#0"},				"down": {"uv": [9.75, 2.5, 9.5, 2.75], "texture": "#0"}			}		},		{			"from": [13.56074, 17.67867, 7],			"to": [15.56074, 19.67867, 9],			"rotation": {"angle": -22.5, "axis": "z", "origin": [6.56074, 31.33087, 0]},			"faces": {				"north": {"uv": [8.75, 0, 9.25, 0.5], "texture": "#0"},				"east": {"uv": [8.75, 0.75, 9.25, 1.25], "texture": "#0"},				"south": {"uv": [8.75, 1.5, 9.25, 2], "texture": "#0"},				"west": {"uv": [8.75, 2.25, 9.25, 2.75], "texture": "#0"},				"up": {"uv": [9.25, 3.5, 8.75, 3], "texture": "#0"},				"down": {"uv": [9.25, 4.5, 8.75, 5], "texture": "#0"}			}		},		{			"from": [9.3373, 18.23671, 7.5],			"to": [10.3373, 27.23671, 8.5],			"rotation": {"angle": 0, "axis": "z", "origin": [9.8373, 20.73671, 8]},			"faces": {				"north": {"uv": [6.5, 0, 6.75, 2.25], "texture": "#0"},				"east": {"uv": [6.5, 2.5, 6.75, 4.75], "texture": "#0"},				"south": {"uv": [3, 6.5, 3.25, 8.75], "texture": "#0"},				"west": {"uv": [3.5, 6.5, 3.75, 8.75], "texture": "#0"},				"up": {"uv": [9.75, 3.25, 9.5, 3], "texture": "#0"},				"down": {"uv": [9.75, 3.5, 9.5, 3.75], "texture": "#0"}			}		},		{			"from": [9.5873, 20.73671, 7.75],			"to": [11.5873, 21.73671, 7.75],			"rotation": {"angle": -45, "axis": "z", "origin": [9.8373, 20.73671, 8]},			"faces": {				"north": {"uv": [9.5, 0, 10, 0.25], "texture": "#0"},				"east": {"uv": [7, 9.75, 7, 10], "texture": "#0"},				"south": {"uv": [9.5, 0.5, 10, 0.75], "texture": "#0"},				"west": {"uv": [8.5, 9.75, 8.5, 10], "texture": "#0"},				"up": {"uv": [10.25, 8.5, 9.75, 8.5], "texture": "#0"},				"down": {"uv": [9.25, 9.75, 8.75, 9.75], "texture": "#0"}			}		},		{			"from": [8.8373, 23.73671, 7],			"to": [10.8373, 26.73671, 9],			"rotation": {"angle": 0, "axis": "z", "origin": [9.8373, 20.73671, 8]},			"faces": {				"north": {"uv": [7, 3.5, 7.5, 4.25], "texture": "#0"},				"east": {"uv": [6.5, 7, 7, 7.75], "texture": "#0"},				"south": {"uv": [7.25, 7, 7.75, 7.75], "texture": "#0"},				"west": {"uv": [4, 7.5, 4.5, 8.25], "texture": "#0"},				"up": {"uv": [2.5, 9, 2, 8.5], "texture": "#0"},				"down": {"uv": [4.5, 8.5, 4, 9], "texture": "#0"}			}		},		{			"from": [5.8373, 24.48671, 7.5],			"to": [11.8373, 26.48671, 8.5],			"rotation": {"angle": 0, "axis": "z", "origin": [9.8373, 20.73671, 8]},			"faces": {				"north": {"uv": [4.5, 0, 6, 0.5], "texture": "#0"},				"east": {"uv": [7.75, 9, 8, 9.5], "texture": "#0"},				"south": {"uv": [4.5, 0.75, 6, 1.25], "texture": "#0"},				"west": {"uv": [8.25, 9, 8.5, 9.5], "texture": "#0"},				"up": {"uv": [8.5, 4.75, 7, 4.5], "texture": "#0"},				"down": {"uv": [6.25, 7.5, 4.75, 7.75], "texture": "#0"}			}		},		{			"from": [5.8373, 16.48671, 7.5],			"to": [9.8373, 17.48671, 8.5],			"rotation": {"angle": 0, "axis": "z", "origin": [9.8373, 20.73671, 8]},			"faces": {				"north": {"uv": [8.25, 4, 9.25, 4.25], "texture": "#0"},				"east": {"uv": [9.5, 4, 9.75, 4.25], "texture": "#0"},				"south": {"uv": [8.5, 7.5, 9.5, 7.75], "texture": "#0"},				"west": {"uv": [9.5, 4.5, 9.75, 4.75], "texture": "#0"},				"up": {"uv": [9.5, 8.25, 8.5, 8], "texture": "#0"},				"down": {"uv": [9.5, 8.5, 8.5, 8.75], "texture": "#0"}			}		},		{			"from": [3.8373, 14.48671, 7.5],			"to": [5.8373, 30.48671, 8.5],			"rotation": {"angle": 0, "axis": "z", "origin": [9.8373, 20.73671, 8]},			"faces": {				"north": {"uv": [0, 0, 0.5, 4], "texture": "#0"},				"east": {"uv": [2, 4.25, 2.25, 8.25], "texture": "#0"},				"south": {"uv": [0.75, 0, 1.25, 4], "texture": "#0"},				"west": {"uv": [2.5, 4.25, 2.75, 8.25], "texture": "#0"},				"up": {"uv": [9.5, 7.25, 9, 7], "texture": "#0"},				"down": {"uv": [9.25, 9, 8.75, 9.25], "texture": "#0"}			}		},		{			"from": [2.8373, 18.48671, 7.5],			"to": [3.8373, 29.48671, 8.5],			"rotation": {"angle": 0, "axis": "z", "origin": [9.8373, 20.73671, 8]},			"faces": {				"north": {"uv": [5.5, 1.5, 5.75, 4.25], "texture": "#0"},				"east": {"uv": [5.5, 4.5, 5.75, 7.25], "texture": "#0"},				"south": {"uv": [6, 1.5, 6.25, 4.25], "texture": "#0"},				"west": {"uv": [6, 4.5, 6.25, 7.25], "texture": "#0"},				"up": {"uv": [9.75, 5.25, 9.5, 5], "texture": "#0"},				"down": {"uv": [5.5, 9.5, 5.25, 9.75], "texture": "#0"}			}		},		{			"from": [1.8373, 21.48671, 7.5],			"to": [2.8373, 27.48671, 8.5],			"rotation": {"angle": 0, "axis": "z", "origin": [9.8373, 20.73671, 8]},			"faces": {				"north": {"uv": [7.5, 5, 7.75, 6.5], "texture": "#0"},				"east": {"uv": [7.75, 1, 8, 2.5], "texture": "#0"},				"south": {"uv": [7.75, 2.75, 8, 4.25], "texture": "#0"},				"west": {"uv": [4.75, 8, 5, 9.5], "texture": "#0"},				"up": {"uv": [9.75, 5.75, 9.5, 5.5], "texture": "#0"},				"down": {"uv": [6, 9.5, 5.75, 9.75], "texture": "#0"}			}		},		{			"from": [5.8373, 27.98671, 7.525],			"to": [6.8373, 30.98671, 8.475],			"rotation": {"angle": -22.5, "axis": "z", "origin": [6.3373, 30.48671, 8]},			"faces": {				"north": {"uv": [5, 6.5, 5.25, 7.25], "texture": "#0"},				"east": {"uv": [6.75, 8.75, 7, 9.5], "texture": "#0"},				"south": {"uv": [1.5, 9, 1.75, 9.75], "texture": "#0"},				"west": {"uv": [3.5, 9, 3.75, 9.75], "texture": "#0"},				"up": {"uv": [6.5, 9.75, 6.25, 9.5], "texture": "#0"},				"down": {"uv": [7.5, 9.5, 7.25, 9.75], "texture": "#0"}			}		},		{			"from": [5.5873, 30.73671, 8],			"to": [8.5873, 31.73671, 8],			"rotation": {"angle": 0, "axis": "z", "origin": [9.8373, 20.73671, 8]},			"faces": {				"north": {"uv": [9, 6, 9.75, 6.25], "texture": "#0"},				"east": {"uv": [6.25, 0, 6.25, 0.25], "texture": "#0"},				"south": {"uv": [9, 6.5, 9.75, 6.75], "texture": "#0"},				"west": {"uv": [6.25, 0.5, 6.25, 0.75], "texture": "#0"},				"up": {"uv": [9.5, 9.5, 8.75, 9.5], "texture": "#0"},				"down": {"uv": [10.25, 9, 9.5, 9], "texture": "#0"}			}		},		{			"from": [3.89282, 29.20075, 8],			"to": [5.89282, 31.20075, 8],			"rotation": {"angle": 22.5, "axis": "z", "origin": [4.39282, 30.70075, 8]},			"faces": {				"north": {"uv": [5.25, 8.75, 5.75, 9.25], "texture": "#0"},				"east": {"uv": [7.75, 8, 7.75, 8.5], "texture": "#0"},				"south": {"uv": [8.75, 5.25, 9.25, 5.75], "texture": "#0"},				"west": {"uv": [0, 9.75, 0, 10.25], "texture": "#0"},				"up": {"uv": [9.25, 3.75, 8.75, 3.75], "texture": "#0"},				"down": {"uv": [10, 9.25, 9.5, 9.25], "texture": "#0"}			}		},		{			"from": [2.53243, 28.05713, 8],			"to": [4.53243, 30.05713, 8],			"rotation": {"angle": 45, "axis": "z", "origin": [3.03243, 29.55713, 8]},			"faces": {				"north": {"uv": [6, 8.75, 6.5, 9.25], "texture": "#0"},				"east": {"uv": [0.25, 9.75, 0.25, 10.25], "texture": "#0"},				"south": {"uv": [0, 9, 0.5, 9.5], "texture": "#0"},				"west": {"uv": [0.5, 9.75, 0.5, 10.25], "texture": "#0"},				"up": {"uv": [1.25, 9.75, 0.75, 9.75], "texture": "#0"},				"down": {"uv": [2.5, 9.75, 2, 9.75], "texture": "#0"}			}		},		{			"from": [1.71324, 25.47997, 8],			"to": [3.71324, 29.47997, 8],			"rotation": {"angle": -22.5, "axis": "z", "origin": [2.21324, 27.97997, 8]},			"faces": {				"north": {"uv": [7, 1, 7.5, 2], "texture": "#0"},				"east": {"uv": [2.75, 9.75, 2.75, 10.75], "texture": "#0"},				"south": {"uv": [7, 2.25, 7.5, 3.25], "texture": "#0"},				"west": {"uv": [3, 9.75, 3, 10.75], "texture": "#0"},				"up": {"uv": [4.5, 9.75, 4, 9.75], "texture": "#0"},				"down": {"uv": [10.25, 7, 9.75, 7], "texture": "#0"}			}		},		{			"from": [11.66301, 17.22239, 8],			"to": [13.66301, 25.22239, 8],			"rotation": {"angle": 22.5, "axis": "z", "origin": [12.16301, -3.27761, 8]},			"faces": {				"north": {"uv": [3, 4.25, 3.5, 6.25], "texture": "#0"},				"east": {"uv": [5, 9.75, 5, 11.75], "texture": "#0"},				"south": {"uv": [3.75, 4.25, 4.25, 6.25], "texture": "#0"},				"west": {"uv": [6.75, 9.75, 6.75, 11.75], "texture": "#0"},				"up": {"uv": [8.25, 9.75, 7.75, 9.75], "texture": "#0"},				"down": {"uv": [10.25, 7.75, 9.75, 7.75], "texture": "#0"}			}		},		{			"from": [3.95382, 13.98595, 8],			"to": [5.95382, 14.98595, 8],			"rotation": {"angle": 22.5, "axis": "z", "origin": [4.70382, 14.73595, 8]},			"faces": {				"north": {"uv": [2, 9.25, 2.5, 9.5], "texture": "#0"},				"east": {"uv": [6.25, 1, 6.25, 1.25], "texture": "#0"},				"south": {"uv": [4, 9.25, 4.5, 9.5], "texture": "#0"},				"west": {"uv": [2.75, 8.5, 2.75, 8.75], "texture": "#0"},				"up": {"uv": [10.25, 8, 9.75, 8], "texture": "#0"},				"down": {"uv": [10.25, 8.25, 9.75, 8.25], "texture": "#0"}			}		},		{			"from": [0.79459, 22.86162, 8],			"to": [2.79459, 25.86162, 8],			"rotation": {"angle": 0, "axis": "z", "origin": [1.29459, 24.36162, 8]},			"faces": {				"north": {"uv": [8, 0, 8.5, 0.75], "texture": "#0"},				"east": {"uv": [3.25, 9.75, 3.25, 10.5], "texture": "#0"},				"south": {"uv": [8, 5, 8.5, 5.75], "texture": "#0"},				"west": {"uv": [4.75, 9.75, 4.75, 10.5], "texture": "#0"},				"up": {"uv": [10.25, 7.25, 9.75, 7.25], "texture": "#0"},				"down": {"uv": [10.25, 7.5, 9.75, 7.5], "texture": "#0"}			}		}	],	"gui_light": "front",	"display": {		"thirdperson_righthand": {			"rotation": [0, -90, 0],			"translation": [0, 9, 1.75],			"scale": [0.7, 0.7, 0.7]		},		"thirdperson_lefthand": {			"rotation": [0, 90, 0],			"translation": [0, 9, 1.75],			"scale": [0.7, 0.7, 0.7]		},		"firstperson_righthand": {			"rotation": [-9, -90, 0],			"translation": [4.25, 2.75, 0],			"scale": [0.55, 0.55, 0.55]		},		"firstperson_lefthand": {			"rotation": [-9, 90, 0],			"translation": [4.25, 2.75, 0],			"scale": [0.55, 0.55, 0.55]		},		"ground": {			"rotation": [0, 0, -45],			"translation": [0, 0.5, 0],			"scale": [0.3, 0.3, 0.3]		},		"gui": {			"rotation": [6, 18, -45],			"translation": [1.5, 2, 0],			"scale": [0.55, 0.55, 0.55]		},		"head": {			"rotation": [0, 0, -50],			"translation": [5, -12, 4]		},		"fixed": {			"rotation": [0, 0, -135],			"translation": [0.25, 0, -0.5],			"scale": [0.5, -0.5, 0.5]		}	}}