{
	"textures": {
		"0": "item/crates/harrypotter21_crate/golden_snitch"
	},
	"elements": [
		{
			"from": [4.5, -3.5, 4.5],
			"to": [11.5, 3.5, 11.5],
			"faces": {
				"north": {"uv": [0, 3, 1.75, 4.75], "texture": "#0"},
				"east": {"uv": [2, 3, 3.75, 4.75], "texture": "#0"},
				"south": {"uv": [4, 3, 5.75, 4.75], "texture": "#0"},
				"west": {"uv": [0, 5, 1.75, 6.75], "texture": "#0"},
				"up": {"uv": [3.75, 6.75, 2, 5], "texture": "#0"},
				"down": {"uv": [5.75, 5, 4, 6.75], "texture": "#0"}
			}
		},
		{
			"from": [-6.5988, 4.51014, 7.5],
			"to": [4.4012, 5.51014, 8.5],
			"rotation": {"angle": -22.5, "axis": "z", "origin": [-5.8488, 1.76014, 0]},
			"faces": {
				"north": {"uv": [0, 7, 2.75, 7.25], "texture": "#0"},
				"east": {"uv": [5.5, 2.5, 5.75, 2.75], "texture": "#0"},
				"south": {"uv": [3, 7, 5.75, 7.25], "texture": "#0"},
				"west": {"uv": [7.5, 8.25, 7.75, 8.5], "texture": "#0"},
				"up": {"uv": [10, 0.25, 7.25, 0], "texture": "#0"},
				"down": {"uv": [10, 0.5, 7.25, 0.75], "texture": "#0"}
			}
		},
		{
			"from": [-6.5988, 5.51014, 8.25],
			"to": [3.4012, 10.51014, 8.25],
			"rotation": {"angle": -22.5, "axis": "z", "origin": [-5.8488, 1.76014, 0]},
			"faces": {
				"north": {"uv": [0, 0, 2.5, 1.25], "texture": "#0"},
				"east": {"uv": [4.5, 8, 4.5, 9.25], "texture": "#0"},
				"south": {"uv": [0, 1.5, 2.5, 2.75], "texture": "#0"},
				"west": {"uv": [8.5, 7, 8.5, 8.25], "texture": "#0"},
				"up": {"uv": [10.25, 4.75, 7.75, 4.75], "texture": "#0"},
				"down": {"uv": [11, 8.5, 8.5, 8.5], "texture": "#0"}
			}
		},
		{
			"from": [-10.43172, 13.64112, 8.275],
			"to": [-4.43172, 17.64112, 8.275],
			"rotation": {"angle": -45, "axis": "z", "origin": [-14.68172, 9.89112, 0.025]},
			"faces": {
				"north": {"uv": [5.5, 0, 7, 1], "texture": "#0"},
				"east": {"uv": [7.25, 8.5, 7.25, 9.5], "texture": "#0"},
				"south": {"uv": [5.5, 1.25, 7, 2.25], "texture": "#0"},
				"west": {"uv": [8.75, 2.5, 8.75, 3.5], "texture": "#0"},
				"up": {"uv": [10.25, 3.75, 8.75, 3.75], "texture": "#0"},
				"down": {"uv": [10.25, 4, 8.75, 4], "texture": "#0"}
			}
		},
		{
			"from": [-10.43172, 12.64112, 7.525],
			"to": [-4.43172, 13.64112, 8.475],
			"rotation": {"angle": -45, "axis": "z", "origin": [-14.68172, 9.89112, 0]},
			"faces": {
				"north": {"uv": [3, 7.5, 4.5, 7.75], "texture": "#0"},
				"east": {"uv": [0, 8.5, 0.25, 8.75], "texture": "#0"},
				"south": {"uv": [7.5, 5, 9, 5.25], "texture": "#0"},
				"west": {"uv": [0.5, 8.5, 0.75, 8.75], "texture": "#0"},
				"up": {"uv": [9, 5.75, 7.5, 5.5], "texture": "#0"},
				"down": {"uv": [9, 6, 7.5, 6.25], "texture": "#0"}
			}
		},
		{
			"from": [-12.44514, 6.99784, 8.3],
			"to": [-10.44514, 12.99784, 8.3],
			"rotation": {"angle": 22.5, "axis": "z", "origin": [-16.19514, 17.24784, 0.025]},
			"faces": {
				"north": {"uv": [6, 5, 6.5, 6.5], "texture": "#0"},
				"east": {"uv": [7.5, 8.75, 7.5, 10.25], "texture": "#0"},
				"south": {"uv": [6.75, 5, 7.25, 6.5], "texture": "#0"},
				"west": {"uv": [7.75, 8.75, 7.75, 10.25], "texture": "#0"},
				"up": {"uv": [9.25, 7, 8.75, 7], "texture": "#0"},
				"down": {"uv": [9.25, 7.25, 8.75, 7.25], "texture": "#0"}
			}
		},
		{
			"from": [-13.44514, 6.99784, 7.55],
			"to": [-12.44514, 12.99784, 8.45],
			"rotation": {"angle": 22.5, "axis": "z", "origin": [-16.19514, 17.24784, 0]},
			"faces": {
				"north": {"uv": [4.75, 7.5, 5, 9], "texture": "#0"},
				"east": {"uv": [5.25, 7.5, 5.5, 9], "texture": "#0"},
				"south": {"uv": [7.5, 6.5, 7.75, 8], "texture": "#0"},
				"west": {"uv": [7.75, 2.5, 8, 4], "texture": "#0"},
				"up": {"uv": [1.25, 8.75, 1, 8.5], "texture": "#0"},
				"down": {"uv": [1.75, 8.5, 1.5, 8.75], "texture": "#0"}
			}
		},
		{
			"from": [11.5988, 4.51014, 7.5],
			"to": [22.5988, 5.51014, 8.5],
			"rotation": {"angle": 22.5, "axis": "z", "origin": [21.8488, 1.76014, 0]},
			"faces": {
				"north": {"uv": [2.75, 7, 0, 7.25], "texture": "#0"},
				"east": {"uv": [7.75, 8.25, 7.5, 8.5], "texture": "#0"},
				"south": {"uv": [5.75, 7, 3, 7.25], "texture": "#0"},
				"west": {"uv": [5.75, 2.5, 5.5, 2.75], "texture": "#0"},
				"up": {"uv": [7.25, 0.25, 10, 0], "texture": "#0"},
				"down": {"uv": [7.25, 0.5, 10, 0.75], "texture": "#0"}
			}
		},
		{
			"from": [12.5988, 5.51014, 8.25],
			"to": [22.5988, 10.51014, 8.25],
			"rotation": {"angle": 22.5, "axis": "z", "origin": [21.8488, 1.76014, 0]},
			"faces": {
				"north": {"uv": [2.5, 0, 0, 1.25], "texture": "#0"},
				"east": {"uv": [8.5, 7, 8.5, 8.25], "texture": "#0"},
				"south": {"uv": [2.5, 1.5, 0, 2.75], "texture": "#0"},
				"west": {"uv": [4.5, 8, 4.5, 9.25], "texture": "#0"},
				"up": {"uv": [7.75, 4.75, 10.25, 4.75], "texture": "#0"},
				"down": {"uv": [8.5, 8.5, 11, 8.5], "texture": "#0"}
			}
		},
		{
			"from": [20.43172, 13.64112, 8.275],
			"to": [26.43172, 17.64112, 8.275],
			"rotation": {"angle": 45, "axis": "z", "origin": [30.68172, 9.89112, 0.025]},
			"faces": {
				"north": {"uv": [7, 0, 5.5, 1], "texture": "#0"},
				"east": {"uv": [8.75, 2.5, 8.75, 3.5], "texture": "#0"},
				"south": {"uv": [7, 1.25, 5.5, 2.25], "texture": "#0"},
				"west": {"uv": [7.25, 8.5, 7.25, 9.5], "texture": "#0"},
				"up": {"uv": [8.75, 3.75, 10.25, 3.75], "texture": "#0"},
				"down": {"uv": [8.75, 4, 10.25, 4], "texture": "#0"}
			}
		},
		{
			"from": [20.43172, 12.64112, 7.525],
			"to": [26.43172, 13.64112, 8.475],
			"rotation": {"angle": 45, "axis": "z", "origin": [30.68172, 9.89112, 0]},
			"faces": {
				"north": {"uv": [4.5, 7.5, 3, 7.75], "texture": "#0"},
				"east": {"uv": [0.75, 8.5, 0.5, 8.75], "texture": "#0"},
				"south": {"uv": [9, 5, 7.5, 5.25], "texture": "#0"},
				"west": {"uv": [0.25, 8.5, 0, 8.75], "texture": "#0"},
				"up": {"uv": [7.5, 5.75, 9, 5.5], "texture": "#0"},
				"down": {"uv": [7.5, 6, 9, 6.25], "texture": "#0"}
			}
		},
		{
			"from": [26.44514, 6.99784, 8.3],
			"to": [28.44514, 12.99784, 8.3],
			"rotation": {"angle": -22.5, "axis": "z", "origin": [32.19514, 17.24784, 0.025]},
			"faces": {
				"north": {"uv": [6.5, 5, 6, 6.5], "texture": "#0"},
				"east": {"uv": [7.75, 8.75, 7.75, 10.25], "texture": "#0"},
				"south": {"uv": [7.25, 5, 6.75, 6.5], "texture": "#0"},
				"west": {"uv": [7.5, 8.75, 7.5, 10.25], "texture": "#0"},
				"up": {"uv": [8.75, 7, 9.25, 7], "texture": "#0"},
				"down": {"uv": [8.75, 7.25, 9.25, 7.25], "texture": "#0"}
			}
		},
		{
			"from": [28.44514, 6.99784, 7.55],
			"to": [29.44514, 12.99784, 8.45],
			"rotation": {"angle": -22.5, "axis": "z", "origin": [32.19514, 17.24784, 0]},
			"faces": {
				"north": {"uv": [5, 7.5, 4.75, 9], "texture": "#0"},
				"east": {"uv": [8, 2.5, 7.75, 4], "texture": "#0"},
				"south": {"uv": [7.75, 6.5, 7.5, 8], "texture": "#0"},
				"west": {"uv": [5.5, 7.5, 5.25, 9], "texture": "#0"},
				"up": {"uv": [1, 8.75, 1.25, 8.5], "texture": "#0"},
				"down": {"uv": [1.5, 8.5, 1.75, 8.75], "texture": "#0"}
			}
		}
	],
	"gui_light": "front",
	"display": {
		"thirdperson_righthand": {
			"rotation": [56, -9, -40],
			"translation": [4.5, -3.75, -1.75],
			"scale": [0.3, 0.3, 0.3]
		},
		"thirdperson_lefthand": {
			"rotation": [56, -9, -40],
			"translation": [4.5, -3.75, -1.75],
			"scale": [0.3, 0.3, 0.3]
		},
		"firstperson_righthand": {
			"rotation": [-20, 16, 13],
			"translation": [0, 3.25, 0],
			"scale": [0.3, 0.3, 0.3]
		},
		"firstperson_lefthand": {
			"rotation": [-20, 16, 13],
			"translation": [0, 3.25, 0],
			"scale": [0.3, 0.3, 0.3]
		},
		"ground": {
			"scale": [0.3, 0.3, 0.3]
		},
		"gui": {
			"rotation": [30, 45, 0],
			"translation": [0, -0.5, 0],
			"scale": [0.5, 0.5, 0.5]
		},
		"head": {
			"translation": [0, 12.5, -3],
			"scale": [0.55, 0.55, 0.55]
		},
		"fixed": {
			"translation": [0, 0, -1.5],
			"scale": [0.5, 0.5, 0.5]
		}
	},
	"groups": [
		0,
		{
			"name": "group",
			"origin": [-16.19514, 17.24784, 0],
			"color": 0,
			"boneType": "",
			"children": [1, 2, 3, 4, 5, 6]
		},
		{
			"name": "group",
			"origin": [-16.19514, 17.24784, 0],
			"color": 0,
			"boneType": "",
			"children": [7, 8, 9, 10, 11, 12]
		}
	]
}