{"textures": {		"0": "item/crates/harrypotter21_crate/gordic_sword"},	"elements": [		{			"from": [7.5, 27, 7.5],			"to": [8.5, 31, 8.5],			"rotation": {"angle": 0, "axis": "y", "origin": [0, 36, 0]},			"faces": {				"north": {"uv": [5, 4, 5.125, 4.5], "texture": "#0"},				"east": {"uv": [6.25, 6, 6.375, 6.5], "texture": "#0"},				"south": {"uv": [5.75, 6.375, 5.875, 6.875], "texture": "#0"},				"west": {"uv": [6, 6.375, 6.125, 6.875], "texture": "#0"},				"up": {"uv": [5.125, 4.75, 5, 4.625], "texture": "#0"},				"down": {"uv": [3.375, 6.75, 3.25, 6.875], "texture": "#0"}			}		},		{			"from": [7, 23, 7.5],			"to": [9, 27, 8.5],			"rotation": {"angle": 0, "axis": "y", "origin": [0, 36, 0]},			"faces": {				"north": {"uv": [5.5, 0, 5.75, 0.5], "texture": "#0"},				"east": {"uv": [6.5, 1.875, 6.625, 2.375], "texture": "#0"},				"south": {"uv": [5.625, 3.875, 5.875, 4.375], "texture": "#0"},				"west": {"uv": [6.5, 2.5, 6.625, 3], "texture": "#0"},				"up": {"uv": [6.875, 5.5, 6.625, 5.375], "texture": "#0"},				"down": {"uv": [6.5, 6.625, 6.25, 6.75], "texture": "#0"}			}		},		{			"from": [6.5, 16, 7.5],			"to": [9.5, 23, 8.5],			"rotation": {"angle": 0, "axis": "y", "origin": [0, 36, 0]},			"faces": {				"north": {"uv": [4.75, 4.875, 5.125, 5.75], "texture": "#0"},				"east": {"uv": [5.875, 2.625, 6, 3.5], "texture": "#0"},				"south": {"uv": [5, 0, 5.375, 0.875], "texture": "#0"},				"west": {"uv": [2.75, 5.875, 2.875, 6.75], "texture": "#0"},				"up": {"uv": [6.875, 6.5, 6.5, 6.375], "texture": "#0"},				"down": {"uv": [7, 0.625, 6.625, 0.75], "texture": "#0"}			}		},		{			"from": [6.5, -5, 7],			"to": [9.5, -2, 9],			"rotation": {"angle": 0, "axis": "y", "origin": [0, 1, 0]},			"faces": {				"north": {"uv": [4.25, 5.375, 4.625, 5.75], "texture": "#0"},				"east": {"uv": [6.125, 2.625, 6.375, 3], "texture": "#0"},				"south": {"uv": [5.25, 5.375, 5.625, 5.75], "texture": "#0"},				"west": {"uv": [6.125, 3.125, 6.375, 3.5], "texture": "#0"},				"up": {"uv": [6.5, 5.625, 6.125, 5.375], "texture": "#0"},				"down": {"uv": [6.625, 0, 6.25, 0.25], "texture": "#0"}			}		},		{			"from": [7, -2, 7],			"to": [9, 1, 9],			"rotation": {"angle": 0, "axis": "y", "origin": [0, 1, 0]},			"faces": {				"north": {"uv": [3, 6.25, 3.25, 6.625], "texture": "#0"},				"east": {"uv": [3.375, 6.25, 3.625, 6.625], "texture": "#0"},				"south": {"uv": [4.25, 6.25, 4.5, 6.625], "texture": "#0"},				"west": {"uv": [6.25, 4.375, 6.5, 4.75], "texture": "#0"},				"up": {"uv": [6.75, 4.25, 6.5, 4], "texture": "#0"},				"down": {"uv": [6.75, 6, 6.5, 6.25], "texture": "#0"}			}		},		{			"from": [7.5, 1, 7],			"to": [8.5, 4, 9],			"rotation": {"angle": 0, "axis": "y", "origin": [0, 1, 0]},			"faces": {				"north": {"uv": [5, 6.625, 5.125, 7], "texture": "#0"},				"east": {"uv": [4.625, 6.25, 4.875, 6.625], "texture": "#0"},				"south": {"uv": [5.25, 6.625, 5.375, 7], "texture": "#0"},				"west": {"uv": [6.25, 4.875, 6.5, 5.25], "texture": "#0"},				"up": {"uv": [6.875, 2.875, 6.75, 2.625], "texture": "#0"},				"down": {"uv": [3.125, 6.75, 3, 7], "texture": "#0"}			}		},		{			"from": [6, -6, 7.5],			"to": [10, 16, 8.5],			"rotation": {"angle": 0, "axis": "y", "origin": [0, -11, 0]},			"faces": {				"north": {"uv": [0, 4.875, 0.5, 7.625], "texture": "#0"},				"east": {"uv": [2.25, 4.875, 2.375, 7.625], "texture": "#0"},				"south": {"uv": [0.625, 4.875, 1.125, 7.625], "texture": "#0"},				"west": {"uv": [2.5, 4.875, 2.625, 7.625], "texture": "#0"},				"up": {"uv": [6.625, 5.875, 6.125, 5.75], "texture": "#0"},				"down": {"uv": [6.75, 0.375, 6.25, 0.5], "texture": "#0"}			}		},		{			"from": [3.5, -6, 7.975],			"to": [12.5, 32, 8],			"rotation": {"angle": 0, "axis": "y", "origin": [0, 0, -0.025]},			"faces": {				"north": {"uv": [0, 0, 1.125, 4.75], "texture": "#0"},				"east": {"uv": [1.25, 4.875, 1.375, 9.625], "texture": "#0"},				"south": {"uv": [1.25, 0, 2.375, 4.75], "texture": "#0"},				"west": {"uv": [1.5, 4.875, 1.625, 9.625], "texture": "#0"},				"up": {"uv": [6.5, 1.5, 5.375, 1.375], "texture": "#0"},				"down": {"uv": [6.5, 1.625, 5.375, 1.75], "texture": "#0"}			}		},		{			"from": [7.9875, -6, 3.4875],			"to": [8.0125, 32, 12.4875],			"rotation": {"angle": 0, "axis": "y", "origin": [8, 13, 7.9875]},			"faces": {				"north": {"uv": [1.75, 4.875, 1.875, 9.625], "texture": "#0"},				"east": {"uv": [2.5, 0, 3.625, 4.75], "texture": "#0"},				"south": {"uv": [2, 4.875, 2.125, 9.625], "texture": "#0"},				"west": {"uv": [3.75, 0, 4.875, 4.75], "texture": "#0"},				"up": {"uv": [3.875, 6.5, 3.75, 5.375], "texture": "#0"},				"down": {"uv": [4.125, 5.375, 4, 6.5], "texture": "#0"}			}		},		{			"from": [7, -14, 7],			"to": [9, -7, 9],			"faces": {				"north": {"uv": [5, 1, 5.25, 1.875], "texture": "#0"},				"east": {"uv": [5, 2, 5.25, 2.875], "texture": "#0"},				"south": {"uv": [5, 3, 5.25, 3.875], "texture": "#0"},				"west": {"uv": [5.25, 4, 5.5, 4.875], "texture": "#0"},				"up": {"uv": [5.25, 6.5, 5, 6.25], "texture": "#0"},				"down": {"uv": [5.625, 6.25, 5.375, 6.5], "texture": "#0"}			}		},		{			"from": [4.5, -7, 6.5],			"to": [11.5, -5, 9.5],			"rotation": {"angle": 0, "axis": "y", "origin": [0, 1, 0]},			"faces": {				"north": {"uv": [5.25, 5, 6.125, 5.25], "texture": "#0"},				"east": {"uv": [3, 5.875, 3.375, 6.125], "texture": "#0"},				"south": {"uv": [5.375, 1, 6.25, 1.25], "texture": "#0"},				"west": {"uv": [4.25, 5.875, 4.625, 6.125], "texture": "#0"},				"up": {"uv": [3.625, 5.25, 2.75, 4.875], "texture": "#0"},				"down": {"uv": [4.625, 4.875, 3.75, 5.25], "texture": "#0"}			}		},		{			"from": [6.5, -15.5, 6],			"to": [8.5, -13.5, 10],			"rotation": {"angle": -45, "axis": "z", "origin": [8, -15, 8.5]},			"faces": {				"north": {"uv": [6.375, 1, 6.625, 1.25], "texture": "#0"},				"east": {"uv": [5.5, 0.625, 6, 0.875], "texture": "#0"},				"south": {"uv": [6.5, 3.125, 6.75, 3.375], "texture": "#0"},				"west": {"uv": [5.625, 4.5, 6.125, 4.75], "texture": "#0"},				"up": {"uv": [6, 5.875, 5.75, 5.375], "texture": "#0"},				"down": {"uv": [6.125, 0, 5.875, 0.5], "texture": "#0"}			}		},		{			"from": [6, -16, 6.5],			"to": [9, -13, 9.5],			"rotation": {"angle": -45, "axis": "z", "origin": [8, -15, 8]},			"faces": {				"north": {"uv": [5.375, 1.875, 5.75, 2.25], "texture": "#0"},				"east": {"uv": [5.375, 2.375, 5.75, 2.75], "texture": "#0"},				"south": {"uv": [2.75, 5.375, 3.125, 5.75], "texture": "#0"},				"west": {"uv": [5.375, 2.875, 5.75, 3.25], "texture": "#0"},				"up": {"uv": [3.625, 5.75, 3.25, 5.375], "texture": "#0"},				"down": {"uv": [5.75, 3.375, 5.375, 3.75], "texture": "#0"}			}		},		{			"from": [10.85089, -7.26327, 7],			"to": [13.85089, -6.26327, 9],			"rotation": {"angle": -22.5, "axis": "z", "origin": [14.35089, -7.26327, 8]},			"faces": {				"north": {"uv": [6.625, 1.375, 7, 1.5], "texture": "#0"},				"east": {"uv": [6.625, 6.625, 6.875, 6.75], "texture": "#0"},				"south": {"uv": [6.625, 1.625, 7, 1.75], "texture": "#0"},				"west": {"uv": [6.75, 0, 7, 0.125], "texture": "#0"},				"up": {"uv": [5.125, 6.125, 4.75, 5.875], "texture": "#0"},				"down": {"uv": [5.625, 5.875, 5.25, 6.125], "texture": "#0"}			}		},		{			"from": [1.14911, -7.26327, 7],			"to": [5.14911, -6.26327, 9],			"rotation": {"angle": 22.5, "axis": "z", "origin": [1.64911, -7.26327, 8]},			"faces": {				"north": {"uv": [6.5, 3.5, 7, 3.625], "texture": "#0"},				"east": {"uv": [6.75, 0.875, 7, 1], "texture": "#0"},				"south": {"uv": [6.5, 3.75, 7, 3.875], "texture": "#0"},				"west": {"uv": [6.75, 1.125, 7, 1.25], "texture": "#0"},				"up": {"uv": [6.375, 2.125, 5.875, 1.875], "texture": "#0"},				"down": {"uv": [6.375, 2.25, 5.875, 2.5], "texture": "#0"}			}		},		{			"from": [13.85089, -8.01327, 6.5],			"to": [14.85089, -6.01327, 9.5],			"rotation": {"angle": -22.5, "axis": "z", "origin": [14.35089, -7.26327, 8]},			"faces": {				"north": {"uv": [3.5, 5.875, 3.625, 6.125], "texture": "#0"},				"east": {"uv": [6, 3.625, 6.375, 3.875], "texture": "#0"},				"south": {"uv": [5.5, 6.625, 5.625, 6.875], "texture": "#0"},				"west": {"uv": [6, 4, 6.375, 4.25], "texture": "#0"},				"up": {"uv": [3.875, 7, 3.75, 6.625], "texture": "#0"},				"down": {"uv": [4.125, 6.625, 4, 7], "texture": "#0"}			}		},		{			"from": [1.12411, -8.01327, 6.5],			"to": [2.12411, -6.01327, 9.5],			"rotation": {"angle": 22.5, "axis": "z", "origin": [1.64911, -7.26327, 8]},			"faces": {				"north": {"uv": [6.75, 1.875, 6.875, 2.125], "texture": "#0"},				"east": {"uv": [5.75, 6, 6.125, 6.25], "texture": "#0"},				"south": {"uv": [6.75, 2.25, 6.875, 2.5], "texture": "#0"},				"west": {"uv": [6.125, 0.625, 6.5, 0.875], "texture": "#0"},				"up": {"uv": [6.75, 4.75, 6.625, 4.375], "texture": "#0"},				"down": {"uv": [6.75, 4.875, 6.625, 5.25], "texture": "#0"}			}		}	],	"gui_light": "front",	"display": {		"thirdperson_righthand": {			"rotation": [0, -90, 0],			"translation": [0, 10.75, 1.5],			"scale": [0.7, 0.7, 0.7]		},		"thirdperson_lefthand": {			"rotation": [0, 90, 0],			"translation": [0, 10.75, 1.5],			"scale": [0.7, 0.7, 0.7]		},		"firstperson_righthand": {			"rotation": [-11, -83, 0],			"translation": [2.75, 5.5, 0],			"scale": [0.4, 0.4, 0.4]		},		"firstperson_lefthand": {			"rotation": [-11, -83, 0],			"translation": [2.75, 5.5, 0],			"scale": [0.4, 0.4, 0.4]		},		"ground": {			"rotation": [41, 0, 0],			"translation": [0, 1, 0],			"scale": [0.3, 0.3, 0.3]		},		"gui": {			"rotation": [-1, -19, -45],			"translation": [1.5, 2, 0],			"scale": [-0.55, 0.55, 0.55]		},		"head": {			"rotation": [0, 0, -146],			"translation": [-1.75, -14.25, 4.25]		},		"fixed": {			"rotation": [0, 0, 45],			"translation": [0, 0, -0.5],			"scale": [0.55, 0.55, 0.55]		}	},	"groups": [0, 1, 2, 3, 4, 5, 6, 7, 8,		{			"name": "group",			"origin": [1.64911, -7.26327, 8],			"children": [9, 10, 11, 12, 13, 14, 15, 16]		}	]}