{"textures": {		"layer0": "manamodels:entity/hedwig"	},	"elements": [		{			"name": "head_0",			"from": [6.2, 7.82357, 6.04663],			"to": [9.8, 11.42357, 9.64663],			"rotation": {"angle": 0, "axis": "z", "origin": [8, 8, 8]},			"faces": {				"north": {"uv": [4, 0.875, 4.75, 1.625], "texture": "#layer0", "tintindex": 0},				"east": {"uv": [4, 1.75, 4.75, 2.5], "texture": "#layer0", "tintindex": 0},				"south": {"uv": [0, 4.125, 0.75, 4.875], "texture": "#layer0", "tintindex": 0},				"west": {"uv": [0.875, 4.125, 1.625, 4.875], "texture": "#layer0", "tintindex": 0},				"up": {"uv": [4.875, 3.375, 4.125, 2.625], "texture": "#layer0", "tintindex": 0},				"down": {"uv": [4.25, 3.5, 5, 4.25], "texture": "#layer0", "tintindex": 0}			}		},		{			"name": "head_1",			"from": [7.7, 8.27357, 5.89663],			"to": [8.3, 9.47357, 7.09663],			"rotation": {"angle": 45, "axis": "x", "origin": [8, 8.87357, 6.04663]},			"faces": {				"north": {"uv": [7.375, 0, 7.5, 0.25], "texture": "#layer0", "tintindex": 0},				"east": {"uv": [5.875, 0.5, 6.125, 0.75], "texture": "#layer0", "tintindex": 0},				"south": {"uv": [0.25, 7.375, 0.375, 7.625], "texture": "#layer0", "tintindex": 0},				"west": {"uv": [3.75, 6.625, 4, 6.875], "texture": "#layer0", "tintindex": 0},				"up": {"uv": [1.375, 7.625, 1.25, 7.375], "texture": "#layer0", "tintindex": 0},				"down": {"uv": [1.5, 7.375, 1.625, 7.625], "texture": "#layer0", "tintindex": 0}			}		},		{			"name": "head_2",			"from": [7.7, 7.94364, 5.27527],			"to": [8.3, 8.54364, 5.87527],			"rotation": {"angle": 22.5, "axis": "x", "origin": [8, 7.94364, 5.42527]},			"faces": {				"north": {"uv": [3.875, 5.625, 4, 5.75], "texture": "#layer0", "tintindex": 0},				"east": {"uv": [1.25, 5.875, 1.375, 6], "texture": "#layer0", "tintindex": 0},				"south": {"uv": [5.375, 5.875, 5.5, 6], "texture": "#layer0", "tintindex": 0},				"west": {"uv": [7.5, 0.75, 7.625, 0.875], "texture": "#layer0", "tintindex": 0},				"up": {"uv": [3.75, 7.625, 3.625, 7.5], "texture": "#layer0", "tintindex": 0},				"down": {"uv": [3.875, 7.5, 4, 7.625], "texture": "#layer0", "tintindex": 0}			}		}	],	"gui_light": "front",	"display": {		"gui": {			"rotation": [35, 225, 0],			"translation": [0, -3.25, 0],			"scale": [2.5, 2.5, 2.5]		},		"head": {			"translation": [0, -6.4, 0],			"scale": [3.8095, 3.8095, 3.8095]		}	}}