{
	"textures": {
		"0": "item/crates/harrypotter21_crate/magical_eye"
	},
	"elements": [
		{
			"from": [5.74863, 2.71017, 1.5],
			"to": [17.74863, 4.71017, 2.5],
			"rotation": {"angle": 22.5, "axis": "z", "origin": [-0.25137, -0.28983, 0]},
			"faces": {
				"north": {"uv": [3, 0, 9, 1], "texture": "#0"},
				"east": {"uv": [7, 13, 7.5, 14], "texture": "#0"},
				"south": {"uv": [3, 1.5, 9, 2.5], "texture": "#0"},
				"west": {"uv": [8, 13, 8.5, 14], "texture": "#0"},
				"up": {"uv": [6, 9.5, 0, 9], "texture": "#0"},
				"down": {"uv": [12.5, 9, 6.5, 9.5], "texture": "#0"}
			}
		},
		{
			"from": [16.74863, 2.71017, 2.5],
			"to": [17.74863, 4.71017, 13.5],
			"rotation": {"angle": 22.5, "axis": "z", "origin": [-0.25137, -0.28983, 0]},
			"faces": {
				"north": {"uv": [6, 14, 6.5, 15], "texture": "#0"},
				"east": {"uv": [0, 7.5, 5.5, 8.5], "texture": "#0"},
				"south": {"uv": [14, 9, 14.5, 10], "texture": "#0"},
				"west": {"uv": [6, 7.5, 11.5, 8.5], "texture": "#0"},
				"up": {"uv": [2.5, 15.5, 2, 10], "texture": "#0"},
				"down": {"uv": [3.5, 10, 3, 15.5], "texture": "#0"}
			}
		},
		{
			"from": [5.74863, 2.71017, 13.5],
			"to": [17.74863, 4.71017, 14.5],
			"rotation": {"angle": 22.5, "axis": "z", "origin": [-0.25137, -0.28983, 0]},
			"faces": {
				"north": {"uv": [3, 3, 9, 4], "texture": "#0"},
				"east": {"uv": [11, 13, 11.5, 14], "texture": "#0"},
				"south": {"uv": [3, 4.5, 9, 5.5], "texture": "#0"},
				"west": {"uv": [13, 11.5, 13.5, 12.5], "texture": "#0"},
				"up": {"uv": [15.5, 0.5, 9.5, 0], "texture": "#0"},
				"down": {"uv": [15.5, 1, 9.5, 1.5], "texture": "#0"}
			}
		},
		{
			"from": [-2, 6, 1.5],
			"to": [2, 8, 2.5],
			"rotation": {"angle": -22.5, "axis": "z", "origin": [0, 0, 0]},
			"faces": {
				"north": {"uv": [5.5, 11.5, 7.5, 12.5], "texture": "#0"},
				"east": {"uv": [9, 13, 9.5, 14], "texture": "#0"},
				"south": {"uv": [8, 11.5, 10, 12.5], "texture": "#0"},
				"west": {"uv": [10, 13, 10.5, 14], "texture": "#0"},
				"up": {"uv": [14, 6.5, 12, 6], "texture": "#0"},
				"down": {"uv": [14, 7, 12, 7.5], "texture": "#0"}
			}
		},
		{
			"from": [-2, 6, 13.5],
			"to": [2, 8, 14.5],
			"rotation": {"angle": -22.5, "axis": "z", "origin": [0, 0, 0]},
			"faces": {
				"north": {"uv": [11.5, 10, 13.5, 11], "texture": "#0"},
				"east": {"uv": [12, 13, 12.5, 14], "texture": "#0"},
				"south": {"uv": [10.5, 11.5, 12.5, 12.5], "texture": "#0"},
				"west": {"uv": [13, 13, 13.5, 14], "texture": "#0"},
				"up": {"uv": [14, 8.5, 12, 8], "texture": "#0"},
				"down": {"uv": [15, 2, 13, 2.5], "texture": "#0"}
			}
		},
		{
			"from": [-2, 6, 2.5],
			"to": [-1, 8, 13.5],
			"rotation": {"angle": -22.5, "axis": "z", "origin": [0, 0, 0]},
			"faces": {
				"north": {"uv": [14, 3, 14.5, 4], "texture": "#0"},
				"east": {"uv": [0, 6, 5.5, 7], "texture": "#0"},
				"south": {"uv": [5, 14, 5.5, 15], "texture": "#0"},
				"west": {"uv": [6, 6, 11.5, 7], "texture": "#0"},
				"up": {"uv": [0.5, 15.5, 0, 10], "texture": "#0"},
				"down": {"uv": [1.5, 10, 1, 15.5], "texture": "#0"}
			}
		},
		{
			"from": [2.5, 3.5, 1],
			"to": [7.5, 8.5, 3],
			"rotation": {"angle": -22.5, "axis": "z", "origin": [5, 6, 1.5]},
			"faces": {
				"north": {"uv": [0, 0, 2.5, 2.5], "texture": "#0"},
				"east": {"uv": [9.5, 2, 10.5, 4.5], "texture": "#0"},
				"south": {"uv": [0, 3, 2.5, 5.5], "texture": "#0"},
				"west": {"uv": [4, 10, 5, 12.5], "texture": "#0"},
				"up": {"uv": [8, 11, 5.5, 10], "texture": "#0"},
				"down": {"uv": [11, 10, 8.5, 11], "texture": "#0"}
			}
		},
		{
			"from": [3.5, 4.5, 0.5],
			"to": [6.5, 7.5, 1.5],
			"rotation": {"angle": 45, "axis": "z", "origin": [5, 6, 1.5]},
			"faces": {
				"north": {"uv": [11, 2, 12.5, 3.5], "texture": "#0"},
				"east": {"uv": [13, 3, 13.5, 4.5], "texture": "#0"},
				"south": {"uv": [11, 4, 12.5, 5.5], "texture": "#0"},
				"west": {"uv": [4, 13, 4.5, 14.5], "texture": "#0"},
				"up": {"uv": [6.5, 13.5, 5, 13], "texture": "#0"},
				"down": {"uv": [14.5, 5, 13, 5.5], "texture": "#0"}
			}
		},
		{
			"from": [4.425, 5.2, 0.475],
			"to": [6.425, 7.2, 0.475],
			"rotation": {"angle": 45, "axis": "z", "origin": [5, 6, 1.5]},
			"faces": {
				"north": {"uv": [14.5, 10, 16, 11.5], "texture": "#0"},
				"east": {"uv": [13, 3, 13.5, 4.5], "texture": "#0"},
				"south": {"uv": [7, 14.5, 7.5, 15], "texture": "#0"},
				"west": {"uv": [4, 13, 4.5, 14.5], "texture": "#0"},
				"up": {"uv": [6.5, 13.5, 5, 13], "texture": "#0"},
				"down": {"uv": [14.5, 5, 13, 5.5], "texture": "#0"}
			}
		},
		{
			"from": [4.95, 5.7, 0.45],
			"to": [5.95, 6.7, 0.45],
			"rotation": {"angle": 45, "axis": "z", "origin": [5, 6, 1.5]},
			"faces": {
				"north": {"uv": [15.5, 13.5, 16, 14], "texture": "#0"},
				"east": {"uv": [13, 3, 13.5, 4.5], "texture": "#0"},
				"south": {"uv": [7, 14.5, 7.5, 15], "texture": "#0"},
				"west": {"uv": [4, 13, 4.5, 14.5], "texture": "#0"},
				"up": {"uv": [6.5, 13.5, 5, 13], "texture": "#0"},
				"down": {"uv": [14.5, 5, 13, 5.5], "texture": "#0"}
			}
		}
	],
	"gui_light": "front",
	"display": {
		"thirdperson_righthand": {
			"rotation": [90, 0, 0],
			"translation": [0, -2, 2.5],
			"scale": [0.35, 0.35, 0.35]
		},
		"thirdperson_lefthand": {
			"rotation": [90, 0, 0],
			"translation": [0, -2, 2.5],
			"scale": [0.35, 0.35, 0.35]
		},
		"firstperson_righthand": {
			"rotation": [-72, 123, 77],
			"translation": [3.5, 1.75, 0],
			"scale": [0.5, 0.5, 0.5]
		},
		"firstperson_lefthand": {
			"rotation": [-72, 123, 77],
			"translation": [3.5, 1.75, 0],
			"scale": [0.5, 0.5, 0.5]
		},
		"ground": {
			"scale": [0.7, 0.7, 0.7]
		},
		"gui": {
			"rotation": [30, -145, 0],
			"scale": [0.8, 0.8, 0.8]
		},
		"head": {
			"translation": [0.25, 0.5, 0],
			"scale": [1.12, 1.12, 1.12]
		},
		"fixed": {
			"translation": [0, 0, 3]
		}
	}
}