{
	"textures": {
		"0": "item/crates/harrypotter21_crate/triwizard_cup"
	},
	"elements": [
		{
			"from": [4.5, 0.025, 4.5],
			"to": [11.5, 1.025, 11.5],
			"rotation": {"angle": 45, "axis": "y", "origin": [8, 0.5, 8]},
			"faces": {
				"north": {"uv": [0, 4, 0.875, 4.125], "texture": "#0"},
				"east": {"uv": [4.875, 2.125, 5.75, 2.25], "texture": "#0"},
				"south": {"uv": [2.375, 5, 3.25, 5.125], "texture": "#0"},
				"west": {"uv": [3.375, 5, 4.25, 5.125], "texture": "#0"},
				"up": {"uv": [2.25, 0.875, 1.375, 0], "texture": "#0"},
				"down": {"uv": [2.25, 1, 1.375, 1.875], "texture": "#0"}
			}
		},
		{
			"from": [3, 0.225, 3],
			"to": [13, 0.25, 13],
			"faces": {
				"north": {"uv": [4.25, 4.125, 5.5, 4.125], "texture": "#0"},
				"east": {"uv": [6.375, 7, 7.625, 7], "texture": "#0"},
				"south": {"uv": [7, 6.5, 8.25, 6.5], "texture": "#0"},
				"west": {"uv": [7, 6.625, 8.25, 6.625], "texture": "#0"},
				"up": {"uv": [1.25, 1.25, 0, 0], "texture": "#0"},
				"down": {"uv": [1.25, 1.375, 0, 2.625], "texture": "#0"}
			}
		},
		{
			"from": [6.5, 2, 6.5],
			"to": [9.5, 5, 9.5],
			"faces": {
				"north": {"uv": [4.375, 0, 4.75, 0.375], "texture": "#0"},
				"east": {"uv": [4.375, 1.375, 4.75, 1.75], "texture": "#0"},
				"south": {"uv": [4.375, 1.875, 4.75, 2.25], "texture": "#0"},
				"west": {"uv": [0.25, 4.5, 0.625, 4.875], "texture": "#0"},
				"up": {"uv": [1.125, 4.875, 0.75, 4.5], "texture": "#0"},
				"down": {"uv": [2.75, 4.5, 2.375, 4.875], "texture": "#0"}
			}
		},
		{
			"from": [5.5, 1, 5.5],
			"to": [10.5, 2, 10.5],
			"faces": {
				"north": {"uv": [5.125, 2.625, 5.75, 2.75], "texture": "#0"},
				"east": {"uv": [5.5, 0.25, 6.125, 0.375], "texture": "#0"},
				"south": {"uv": [5.5, 1.375, 6.125, 1.5], "texture": "#0"},
				"west": {"uv": [5.5, 1.625, 6.125, 1.75], "texture": "#0"},
				"up": {"uv": [4, 3.5, 3.375, 2.875], "texture": "#0"},
				"down": {"uv": [4.125, 0.625, 3.5, 1.25], "texture": "#0"}
			}
		},
		{
			"from": [7, 5, 7],
			"to": [9, 8, 9],
			"faces": {
				"north": {"uv": [3.875, 5.25, 4.125, 5.625], "texture": "#0"},
				"east": {"uv": [5.25, 4.5, 5.5, 4.875], "texture": "#0"},
				"south": {"uv": [5.25, 5, 5.5, 5.375], "texture": "#0"},
				"west": {"uv": [0.25, 5.375, 0.5, 5.75], "texture": "#0"},
				"up": {"uv": [5.375, 5.75, 5.125, 5.5], "texture": "#0"},
				"down": {"uv": [5.75, 5.5, 5.5, 5.75], "texture": "#0"}
			}
		},
		{
			"from": [6.5, 8, 6.5],
			"to": [9.5, 9, 9.5],
			"faces": {
				"north": {"uv": [6, 3.125, 6.375, 3.25], "texture": "#0"},
				"east": {"uv": [5.875, 6, 6.25, 6.125], "texture": "#0"},
				"south": {"uv": [6.125, 0.5, 6.5, 0.625], "texture": "#0"},
				"west": {"uv": [6.125, 0.75, 6.5, 0.875], "texture": "#0"},
				"up": {"uv": [3.25, 4.875, 2.875, 4.5], "texture": "#0"},
				"down": {"uv": [3.75, 4.5, 3.375, 4.875], "texture": "#0"}
			}
		},
		{
			"from": [4.5, 11, 4.5],
			"to": [11.5, 15, 11.5],
			"rotation": {"angle": -45, "axis": "y", "origin": [8, 11.5, 8]},
			"faces": {
				"north": {"uv": [2.375, 2.875, 3.25, 3.375], "texture": "#0"},
				"east": {"uv": [1.125, 3, 2, 3.5], "texture": "#0"},
				"south": {"uv": [0, 3.375, 0.875, 3.875], "texture": "#0"},
				"west": {"uv": [3.375, 0, 4.25, 0.5], "texture": "#0"},
				"up": {"uv": [2.25, 2.875, 1.375, 2], "texture": "#0"},
				"down": {"uv": [3.25, 0, 2.375, 0.875], "texture": "#0"}
			}
		},
		{
			"from": [6, 9, 6],
			"to": [10, 11, 10],
			"rotation": {"angle": -45, "axis": "y", "origin": [8, 11.5, 8]},
			"faces": {
				"north": {"uv": [4.875, 0.25, 5.375, 0.5], "texture": "#0"},
				"east": {"uv": [4.875, 1.375, 5.375, 1.625], "texture": "#0"},
				"south": {"uv": [4.875, 1.75, 5.375, 2], "texture": "#0"},
				"west": {"uv": [0.25, 5, 0.75, 5.25], "texture": "#0"},
				"up": {"uv": [3.5, 4.125, 3, 3.625], "texture": "#0"},
				"down": {"uv": [4.125, 3.625, 3.625, 4.125], "texture": "#0"}
			}
		},
		{
			"from": [4, 15, 11],
			"to": [12, 19, 12],
			"rotation": {"angle": -45, "axis": "y", "origin": [8, 11.5, 8]},
			"faces": {
				"north": {"uv": [2.375, 1, 3.375, 1.5], "texture": "#0"},
				"east": {"uv": [5.625, 4.125, 5.75, 4.625], "texture": "#0"},
				"south": {"uv": [2.375, 1.625, 3.375, 2.125], "texture": "#0"},
				"west": {"uv": [5.625, 4.75, 5.75, 5.25], "texture": "#0"},
				"up": {"uv": [5.375, 2.5, 4.375, 2.375], "texture": "#0"},
				"down": {"uv": [4.875, 4.5, 3.875, 4.625], "texture": "#0"}
			}
		},
		{
			"from": [11, 15, 5],
			"to": [12, 19, 11],
			"rotation": {"angle": -45, "axis": "y", "origin": [8, 11.5, 8]},
			"faces": {
				"north": {"uv": [3.875, 5.75, 4, 6.25], "texture": "#0"},
				"east": {"uv": [3.5, 1.375, 4.25, 1.875], "texture": "#0"},
				"south": {"uv": [4.125, 5.75, 4.25, 6.25], "texture": "#0"},
				"west": {"uv": [3.5, 2, 4.25, 2.5], "texture": "#0"},
				"up": {"uv": [0.75, 6.125, 0.625, 5.375], "texture": "#0"},
				"down": {"uv": [1.25, 5.5, 1.125, 6.25], "texture": "#0"}
			}
		},
		{
			"from": [4, 15, 5],
			"to": [5, 19, 11],
			"rotation": {"angle": -45, "axis": "y", "origin": [8, 11.5, 8]},
			"faces": {
				"north": {"uv": [0.25, 5.875, 0.375, 6.375], "texture": "#0"},
				"east": {"uv": [2.125, 3.5, 2.875, 4], "texture": "#0"},
				"south": {"uv": [5.875, 0.5, 6, 1], "texture": "#0"},
				"west": {"uv": [1, 3.625, 1.75, 4.125], "texture": "#0"},
				"up": {"uv": [1.5, 6.25, 1.375, 5.5], "texture": "#0"},
				"down": {"uv": [5, 5.5, 4.875, 6.25], "texture": "#0"}
			}
		},
		{
			"from": [4, 15, 4],
			"to": [12, 19, 5],
			"rotation": {"angle": -45, "axis": "y", "origin": [8, 11.5, 8]},
			"faces": {
				"north": {"uv": [2.375, 2.25, 3.375, 2.75], "texture": "#0"},
				"east": {"uv": [2.125, 5.75, 2.25, 6.25], "texture": "#0"},
				"south": {"uv": [0, 2.75, 1, 3.25], "texture": "#0"},
				"west": {"uv": [5.75, 2.875, 5.875, 3.375], "texture": "#0"},
				"up": {"uv": [4.875, 4.875, 3.875, 4.75], "texture": "#0"},
				"down": {"uv": [5.875, 0, 4.875, 0.125], "texture": "#0"}
			}
		},
		{
			"from": [7.5, 0, 2],
			"to": [8.5, 1, 14],
			"rotation": {"angle": 22.5, "axis": "y", "origin": [8, 0.5, 8]},
			"faces": {
				"north": {"uv": [6.5, 5.375, 6.625, 5.5], "texture": "#0"},
				"east": {"uv": [0, 4.25, 1.5, 4.375], "texture": "#0"},
				"south": {"uv": [5.5, 6.5, 5.625, 6.625], "texture": "#0"},
				"west": {"uv": [4.25, 0.625, 5.75, 0.75], "texture": "#0"},
				"up": {"uv": [2, 5.125, 1.875, 3.625], "texture": "#0"},
				"down": {"uv": [2.25, 4.125, 2.125, 5.625], "texture": "#0"}
			}
		},
		{
			"from": [2, 0, 7.5],
			"to": [14, 1, 8.5],
			"rotation": {"angle": 22.5, "axis": "y", "origin": [8, 0.5, 8]},
			"faces": {
				"north": {"uv": [0, 4.25, 1.5, 4.375], "texture": "#0"},
				"east": {"uv": [5.5, 6.5, 5.625, 6.625], "texture": "#0"},
				"south": {"uv": [4.25, 0.625, 5.75, 0.75], "texture": "#0"},
				"west": {"uv": [6.5, 5.375, 6.625, 5.5], "texture": "#0"},
				"up": {"uv": [2, 5.125, 1.875, 3.625], "rotation": 270, "texture": "#0"},
				"down": {"uv": [2.25, 4.125, 2.125, 5.625], "rotation": 90, "texture": "#0"}
			}
		},
		{
			"from": [2, 0, 7.5],
			"to": [14, 1, 8.5],
			"rotation": {"angle": -22.5, "axis": "y", "origin": [8, 0.5, 8]},
			"faces": {
				"north": {"uv": [0, 4.25, 1.5, 4.375], "texture": "#0"},
				"east": {"uv": [5.5, 6.5, 5.625, 6.625], "texture": "#0"},
				"south": {"uv": [4.25, 0.625, 5.75, 0.75], "texture": "#0"},
				"west": {"uv": [6.5, 5.375, 6.625, 5.5], "texture": "#0"},
				"up": {"uv": [2, 5.125, 1.875, 3.625], "rotation": 270, "texture": "#0"},
				"down": {"uv": [2.25, 4.125, 2.125, 5.625], "rotation": 90, "texture": "#0"}
			}
		},
		{
			"from": [7.5, 0, 2],
			"to": [8.5, 1, 14],
			"rotation": {"angle": -22.5, "axis": "y", "origin": [8, 0.5, 8]},
			"faces": {
				"north": {"uv": [5.5, 6.5, 5.625, 6.625], "texture": "#0"},
				"east": {"uv": [4.25, 0.625, 5.75, 0.75], "texture": "#0"},
				"south": {"uv": [6.5, 5.375, 6.625, 5.5], "texture": "#0"},
				"west": {"uv": [0, 4.25, 1.5, 4.375], "texture": "#0"},
				"up": {"uv": [2, 5.125, 1.875, 3.625], "rotation": 180, "texture": "#0"},
				"down": {"uv": [2.25, 4.125, 2.125, 5.625], "rotation": 180, "texture": "#0"}
			}
		},
		{
			"from": [6, 12, 7.5],
			"to": [7, 19, 8.5],
			"rotation": {"angle": -45, "axis": "z", "origin": [8, 6.5, 8.5]},
			"faces": {
				"north": {"uv": [1.25, 4.5, 1.375, 5.375], "texture": "#0"},
				"east": {"uv": [0.875, 5, 1, 5.875], "texture": "#0"},
				"south": {"uv": [4.375, 5, 4.5, 5.875], "texture": "#0"},
				"west": {"uv": [5, 4.5, 5.125, 5.375], "texture": "#0"},
				"up": {"uv": [6.625, 6.625, 6.5, 6.5], "texture": "#0"},
				"down": {"uv": [6.75, 0.25, 6.625, 0.375], "texture": "#0"}
			}
		},
		{
			"from": [10.65475, 16.53864, 7.525],
			"to": [11.65475, 18.53864, 8.475],
			"rotation": {"angle": -22.5, "axis": "z", "origin": [12.65475, 5.03864, 8.5]},
			"faces": {
				"north": {"uv": [2.125, 3, 2.25, 3.25], "texture": "#0"},
				"east": {"uv": [4.625, 6, 4.75, 6.25], "texture": "#0"},
				"south": {"uv": [0, 6.125, 0.125, 6.375], "texture": "#0"},
				"west": {"uv": [6.125, 3.875, 6.25, 4.125], "texture": "#0"},
				"up": {"uv": [6.75, 0.625, 6.625, 0.5], "texture": "#0"},
				"down": {"uv": [0.875, 6.625, 0.75, 6.75], "texture": "#0"}
			}
		},
		{
			"from": [20.75468, 16.47299, 7.55],
			"to": [21.75468, 17.47299, 8.45],
			"rotation": {"angle": 22.5, "axis": "z", "origin": [15.75468, 4.97299, 8.5]},
			"faces": {
				"north": {"uv": [6.625, 0.75, 6.75, 0.875], "texture": "#0"},
				"east": {"uv": [1, 6.625, 1.125, 6.75], "texture": "#0"},
				"south": {"uv": [1.25, 6.625, 1.375, 6.75], "texture": "#0"},
				"west": {"uv": [6.625, 1.25, 6.75, 1.375], "texture": "#0"},
				"up": {"uv": [6.75, 1.625, 6.625, 1.5], "texture": "#0"},
				"down": {"uv": [1.875, 6.625, 1.75, 6.75], "texture": "#0"}
			}
		},
		{
			"from": [13.00468, 9.47299, 7.5],
			"to": [14.00468, 13.47299, 8.5],
			"rotation": {"angle": 22.5, "axis": "z", "origin": [15.75468, 4.97299, 8.5]},
			"faces": {
				"north": {"uv": [1.625, 5.875, 1.75, 6.375], "texture": "#0"},
				"east": {"uv": [5.875, 1.875, 6, 2.375], "texture": "#0"},
				"south": {"uv": [5.875, 3.5, 6, 4], "texture": "#0"},
				"west": {"uv": [5.875, 4.125, 6, 4.625], "texture": "#0"},
				"up": {"uv": [6.875, 4.125, 6.75, 4], "texture": "#0"},
				"down": {"uv": [6.875, 4.25, 6.75, 4.375], "texture": "#0"}
			}
		},
		{
			"from": [26.57507, 15.11478, 7.575],
			"to": [27.57507, 16.11478, 8.425],
			"rotation": {"angle": 45, "axis": "z", "origin": [17.57507, 3.61478, 8.5]},
			"faces": {
				"north": {"uv": [6.625, 1.75, 6.75, 1.875], "texture": "#0"},
				"east": {"uv": [6.625, 2, 6.75, 2.125], "texture": "#0"},
				"south": {"uv": [2.375, 6.625, 2.5, 6.75], "texture": "#0"},
				"west": {"uv": [2.625, 6.625, 2.75, 6.75], "texture": "#0"},
				"up": {"uv": [6.75, 2.875, 6.625, 2.75], "texture": "#0"},
				"down": {"uv": [6.75, 3.25, 6.625, 3.375], "texture": "#0"}
			}
		},
		{
			"from": [8.57435, 15.18951, 7.6],
			"to": [9.57435, 16.18951, 8.4],
			"rotation": {"angle": -22.5, "axis": "z", "origin": [21.07435, 2.18951, 8.5]},
			"faces": {
				"north": {"uv": [3.5, 6.625, 3.625, 6.75], "texture": "#0"},
				"east": {"uv": [6.625, 3.5, 6.75, 3.625], "texture": "#0"},
				"south": {"uv": [3.75, 6.625, 3.875, 6.75], "texture": "#0"},
				"west": {"uv": [4, 6.625, 4.125, 6.75], "texture": "#0"},
				"up": {"uv": [4.375, 6.75, 4.25, 6.625], "texture": "#0"},
				"down": {"uv": [4.625, 6.625, 4.5, 6.75], "texture": "#0"}
			}
		},
		{
			"from": [12.88343, 18.90737, 7.625],
			"to": [14.88343, 19.90737, 8.375],
			"rotation": {"angle": 0, "axis": "z", "origin": [18.38343, 5.90737, 8.5]},
			"faces": {
				"north": {"uv": [5.5, 1.875, 5.75, 2], "texture": "#0"},
				"east": {"uv": [4.75, 6.625, 4.875, 6.75], "texture": "#0"},
				"south": {"uv": [5.5, 2.375, 5.75, 2.5], "texture": "#0"},
				"west": {"uv": [6.625, 6.25, 6.75, 6.375], "texture": "#0"},
				"up": {"uv": [6.375, 4.375, 6.125, 4.25], "texture": "#0"},
				"down": {"uv": [6.375, 4.5, 6.125, 4.625], "texture": "#0"}
			}
		},
		{
			"from": [0.66591, 20.24011, 7.5],
			"to": [2.66591, 21.24011, 8.5],
			"rotation": {"angle": -45, "axis": "z", "origin": [6.16591, 7.24011, 8.5]},
			"faces": {
				"north": {"uv": [6.125, 4.75, 6.375, 4.875], "texture": "#0"},
				"east": {"uv": [6.75, 1, 6.875, 1.125], "texture": "#0"},
				"south": {"uv": [6.125, 5, 6.375, 5.125], "texture": "#0"},
				"west": {"uv": [2, 6.75, 2.125, 6.875], "texture": "#0"},
				"up": {"uv": [6.375, 5.375, 6.125, 5.25], "texture": "#0"},
				"down": {"uv": [6.375, 5.5, 6.125, 5.625], "texture": "#0"}
			}
		},
		{
			"from": [0.66591, 17.57463, 7.5],
			"to": [2.66591, 18.57463, 8.5],
			"rotation": {"angle": 45, "axis": "z", "origin": [6.16591, 30.57463, 8.5]},
			"faces": {
				"north": {"uv": [6.125, 5.75, 6.375, 5.875], "texture": "#0"},
				"east": {"uv": [6.75, 2.25, 6.875, 2.375], "texture": "#0"},
				"south": {"uv": [6.25, 0.25, 6.5, 0.375], "texture": "#0"},
				"west": {"uv": [6.75, 2.5, 6.875, 2.625], "texture": "#0"},
				"up": {"uv": [0.75, 6.375, 0.5, 6.25], "texture": "#0"},
				"down": {"uv": [6.5, 1.375, 6.25, 1.5], "texture": "#0"}
			}
		},
		{
			"from": [-0.33409, 20.24011, 8],
			"to": [0.66591, 21.24011, 8],
			"rotation": {"angle": -45, "axis": "z", "origin": [6.16591, 7.24011, 8.5]},
			"faces": {
				"north": {"uv": [2.875, 6.75, 3, 6.875], "texture": "#0"},
				"east": {"uv": [3.375, 0.625, 3.375, 0.75], "texture": "#0"},
				"south": {"uv": [6.75, 3.75, 6.875, 3.875], "texture": "#0"},
				"west": {"uv": [1, 3.375, 1, 3.5], "texture": "#0"},
				"up": {"uv": [2.25, 3.375, 2.125, 3.375], "texture": "#0"},
				"down": {"uv": [3.125, 3.5, 3, 3.5], "texture": "#0"}
			}
		},
		{
			"from": [4.66591, 20.24011, 8],
			"to": [7.66591, 21.24011, 8],
			"rotation": {"angle": -22.5, "axis": "z", "origin": [6.16591, 7.24011, 8.5]},
			"faces": {
				"north": {"uv": [5.875, 1.125, 6.25, 1.25], "texture": "#0"},
				"east": {"uv": [1.5, 4.5, 1.5, 4.625], "texture": "#0"},
				"south": {"uv": [6, 0, 6.375, 0.125], "texture": "#0"},
				"west": {"uv": [1.5, 4.75, 1.5, 4.875], "texture": "#0"},
				"up": {"uv": [2.75, 4.125, 2.375, 4.125], "texture": "#0"},
				"down": {"uv": [4.75, 0.5, 4.375, 0.5], "texture": "#0"}
			}
		},
		{
			"from": [9, 12, 7.5],
			"to": [10, 19, 8.5],
			"rotation": {"angle": 45, "axis": "z", "origin": [8, 6.5, 8.5]},
			"faces": {
				"north": {"uv": [1.375, 4.5, 1.25, 5.375], "texture": "#0"},
				"east": {"uv": [5.125, 4.5, 5, 5.375], "texture": "#0"},
				"south": {"uv": [4.5, 5, 4.375, 5.875], "texture": "#0"},
				"west": {"uv": [1, 5, 0.875, 5.875], "texture": "#0"},
				"up": {"uv": [6.5, 6.625, 6.625, 6.5], "texture": "#0"},
				"down": {"uv": [6.625, 0.25, 6.75, 0.375], "texture": "#0"}
			}
		},
		{
			"from": [4.34525, 16.53864, 7.525],
			"to": [5.34525, 18.53864, 8.475],
			"rotation": {"angle": 22.5, "axis": "z", "origin": [3.34525, 5.03864, 8.5]},
			"faces": {
				"north": {"uv": [2.25, 3, 2.125, 3.25], "texture": "#0"},
				"east": {"uv": [6.25, 3.875, 6.125, 4.125], "texture": "#0"},
				"south": {"uv": [0.125, 6.125, 0, 6.375], "texture": "#0"},
				"west": {"uv": [4.75, 6, 4.625, 6.25], "texture": "#0"},
				"up": {"uv": [6.625, 0.625, 6.75, 0.5], "texture": "#0"},
				"down": {"uv": [0.75, 6.625, 0.875, 6.75], "texture": "#0"}
			}
		},
		{
			"from": [-5.75468, 16.47299, 7.55],
			"to": [-4.75468, 17.47299, 8.45],
			"rotation": {"angle": -22.5, "axis": "z", "origin": [0.24532, 4.97299, 8.5]},
			"faces": {
				"north": {"uv": [6.75, 0.75, 6.625, 0.875], "texture": "#0"},
				"east": {"uv": [6.75, 1.25, 6.625, 1.375], "texture": "#0"},
				"south": {"uv": [1.375, 6.625, 1.25, 6.75], "texture": "#0"},
				"west": {"uv": [1.125, 6.625, 1, 6.75], "texture": "#0"},
				"up": {"uv": [6.625, 1.625, 6.75, 1.5], "texture": "#0"},
				"down": {"uv": [1.75, 6.625, 1.875, 6.75], "texture": "#0"}
			}
		},
		{
			"from": [1.99532, 9.47299, 7.5],
			"to": [2.99532, 13.47299, 8.5],
			"rotation": {"angle": -22.5, "axis": "z", "origin": [0.24532, 4.97299, 8.5]},
			"faces": {
				"north": {"uv": [1.75, 5.875, 1.625, 6.375], "texture": "#0"},
				"east": {"uv": [6, 4.125, 5.875, 4.625], "texture": "#0"},
				"south": {"uv": [6, 3.5, 5.875, 4], "texture": "#0"},
				"west": {"uv": [6, 1.875, 5.875, 2.375], "texture": "#0"},
				"up": {"uv": [6.75, 4.125, 6.875, 4], "texture": "#0"},
				"down": {"uv": [6.75, 4.25, 6.875, 4.375], "texture": "#0"}
			}
		},
		{
			"from": [-11.57507, 15.11478, 7.575],
			"to": [-10.57507, 16.11478, 8.425],
			"rotation": {"angle": -45, "axis": "z", "origin": [-1.57507, 3.61478, 8.5]},
			"faces": {
				"north": {"uv": [6.75, 1.75, 6.625, 1.875], "texture": "#0"},
				"east": {"uv": [2.75, 6.625, 2.625, 6.75], "texture": "#0"},
				"south": {"uv": [2.5, 6.625, 2.375, 6.75], "texture": "#0"},
				"west": {"uv": [6.75, 2, 6.625, 2.125], "texture": "#0"},
				"up": {"uv": [6.625, 2.875, 6.75, 2.75], "texture": "#0"},
				"down": {"uv": [6.625, 3.25, 6.75, 3.375], "texture": "#0"}
			}
		},
		{
			"from": [6.42565, 15.18951, 7.6],
			"to": [7.42565, 16.18951, 8.4],
			"rotation": {"angle": 22.5, "axis": "z", "origin": [-5.07435, 2.18951, 8.5]},
			"faces": {
				"north": {"uv": [3.625, 6.625, 3.5, 6.75], "texture": "#0"},
				"east": {"uv": [4.125, 6.625, 4, 6.75], "texture": "#0"},
				"south": {"uv": [3.875, 6.625, 3.75, 6.75], "texture": "#0"},
				"west": {"uv": [6.75, 3.5, 6.625, 3.625], "texture": "#0"},
				"up": {"uv": [4.25, 6.75, 4.375, 6.625], "texture": "#0"},
				"down": {"uv": [4.5, 6.625, 4.625, 6.75], "texture": "#0"}
			}
		},
		{
			"from": [1.11657, 18.90737, 7.625],
			"to": [3.11657, 19.90737, 8.375],
			"rotation": {"angle": 0, "axis": "z", "origin": [-2.38343, 5.90737, 8.5]},
			"faces": {
				"north": {"uv": [5.75, 1.875, 5.5, 2], "texture": "#0"},
				"east": {"uv": [6.75, 6.25, 6.625, 6.375], "texture": "#0"},
				"south": {"uv": [5.75, 2.375, 5.5, 2.5], "texture": "#0"},
				"west": {"uv": [4.875, 6.625, 4.75, 6.75], "texture": "#0"},
				"up": {"uv": [6.125, 4.375, 6.375, 4.25], "texture": "#0"},
				"down": {"uv": [6.125, 4.5, 6.375, 4.625], "texture": "#0"}
			}
		},
		{
			"from": [13.33409, 20.24011, 7.5],
			"to": [15.33409, 21.24011, 8.5],
			"rotation": {"angle": 45, "axis": "z", "origin": [9.83409, 7.24011, 8.5]},
			"faces": {
				"north": {"uv": [6.375, 4.75, 6.125, 4.875], "texture": "#0"},
				"east": {"uv": [2.125, 6.75, 2, 6.875], "texture": "#0"},
				"south": {"uv": [6.375, 5, 6.125, 5.125], "texture": "#0"},
				"west": {"uv": [6.875, 1, 6.75, 1.125], "texture": "#0"},
				"up": {"uv": [6.125, 5.375, 6.375, 5.25], "texture": "#0"},
				"down": {"uv": [6.125, 5.5, 6.375, 5.625], "texture": "#0"}
			}
		},
		{
			"from": [13.33409, 17.57463, 7.5],
			"to": [15.33409, 18.57463, 8.5],
			"rotation": {"angle": -45, "axis": "z", "origin": [9.83409, 30.57463, 8.5]},
			"faces": {
				"north": {"uv": [6.375, 5.75, 6.125, 5.875], "texture": "#0"},
				"east": {"uv": [6.875, 2.5, 6.75, 2.625], "texture": "#0"},
				"south": {"uv": [6.5, 0.25, 6.25, 0.375], "texture": "#0"},
				"west": {"uv": [6.875, 2.25, 6.75, 2.375], "texture": "#0"},
				"up": {"uv": [0.5, 6.375, 0.75, 6.25], "texture": "#0"},
				"down": {"uv": [6.25, 1.375, 6.5, 1.5], "texture": "#0"}
			}
		},
		{
			"from": [15.33409, 20.24011, 8],
			"to": [16.33409, 21.24011, 8],
			"rotation": {"angle": 45, "axis": "z", "origin": [9.83409, 7.24011, 8.5]},
			"faces": {
				"north": {"uv": [3, 6.75, 2.875, 6.875], "texture": "#0"},
				"east": {"uv": [1, 3.375, 1, 3.5], "texture": "#0"},
				"south": {"uv": [6.875, 3.75, 6.75, 3.875], "texture": "#0"},
				"west": {"uv": [3.375, 0.625, 3.375, 0.75], "texture": "#0"},
				"up": {"uv": [2.125, 3.375, 2.25, 3.375], "texture": "#0"},
				"down": {"uv": [3, 3.5, 3.125, 3.5], "texture": "#0"}
			}
		},
		{
			"from": [8.33409, 20.24011, 8],
			"to": [11.33409, 21.24011, 8],
			"rotation": {"angle": 22.5, "axis": "z", "origin": [9.83409, 7.24011, 8.5]},
			"faces": {
				"north": {"uv": [6.25, 1.125, 5.875, 1.25], "texture": "#0"},
				"east": {"uv": [1.5, 4.75, 1.5, 4.875], "texture": "#0"},
				"south": {"uv": [6.375, 0, 6, 0.125], "texture": "#0"},
				"west": {"uv": [1.5, 4.5, 1.5, 4.625], "texture": "#0"},
				"up": {"uv": [2.375, 4.125, 2.75, 4.125], "texture": "#0"},
				"down": {"uv": [4.375, 0.5, 4.75, 0.5], "texture": "#0"}
			}
		},
		{
			"from": [7.5, 12, 6.5],
			"to": [8.5, 19, 7.5],
			"rotation": {"angle": 45, "axis": "x", "origin": [8.5, 6.5, 8.5]},
			"faces": {
				"north": {"uv": [5.125, 4.5, 5, 5.375], "texture": "#0"},
				"east": {"uv": [4.5, 5, 4.375, 5.875], "texture": "#0"},
				"south": {"uv": [1, 5, 0.875, 5.875], "texture": "#0"},
				"west": {"uv": [1.375, 4.5, 1.25, 5.375], "texture": "#0"},
				"up": {"uv": [6.5, 6.625, 6.625, 6.5], "rotation": 270, "texture": "#0"},
				"down": {"uv": [6.625, 0.25, 6.75, 0.375], "rotation": 90, "texture": "#0"}
			}
		},
		{
			"from": [7.525, 16.53864, 11.15475],
			"to": [8.475, 18.53864, 12.15475],
			"rotation": {"angle": 22.5, "axis": "x", "origin": [8.5, 5.03864, 13.15475]},
			"faces": {
				"north": {"uv": [6.25, 3.875, 6.125, 4.125], "texture": "#0"},
				"east": {"uv": [0.125, 6.125, 0, 6.375], "texture": "#0"},
				"south": {"uv": [4.75, 6, 4.625, 6.25], "texture": "#0"},
				"west": {"uv": [2.25, 3, 2.125, 3.25], "texture": "#0"},
				"up": {"uv": [6.625, 0.625, 6.75, 0.5], "rotation": 270, "texture": "#0"},
				"down": {"uv": [0.75, 6.625, 0.875, 6.75], "rotation": 90, "texture": "#0"}
			}
		},
		{
			"from": [7.55, 16.47299, 21.25468],
			"to": [8.45, 17.47299, 22.25468],
			"rotation": {"angle": -22.5, "axis": "x", "origin": [8.5, 4.97299, 16.25468]},
			"faces": {
				"north": {"uv": [6.75, 1.25, 6.625, 1.375], "texture": "#0"},
				"east": {"uv": [1.375, 6.625, 1.25, 6.75], "texture": "#0"},
				"south": {"uv": [1.125, 6.625, 1, 6.75], "texture": "#0"},
				"west": {"uv": [6.75, 0.75, 6.625, 0.875], "texture": "#0"},
				"up": {"uv": [6.625, 1.625, 6.75, 1.5], "rotation": 270, "texture": "#0"},
				"down": {"uv": [1.75, 6.625, 1.875, 6.75], "rotation": 90, "texture": "#0"}
			}
		},
		{
			"from": [7.5, 9.47299, 13.50468],
			"to": [8.5, 13.47299, 14.50468],
			"rotation": {"angle": -22.5, "axis": "x", "origin": [8.5, 4.97299, 16.25468]},
			"faces": {
				"north": {"uv": [6, 4.125, 5.875, 4.625], "texture": "#0"},
				"east": {"uv": [6, 3.5, 5.875, 4], "texture": "#0"},
				"south": {"uv": [6, 1.875, 5.875, 2.375], "texture": "#0"},
				"west": {"uv": [1.75, 5.875, 1.625, 6.375], "texture": "#0"},
				"up": {"uv": [6.75, 4.125, 6.875, 4], "rotation": 270, "texture": "#0"},
				"down": {"uv": [6.75, 4.25, 6.875, 4.375], "rotation": 90, "texture": "#0"}
			}
		},
		{
			"from": [7.575, 15.11478, 27.07507],
			"to": [8.425, 16.11478, 28.07507],
			"rotation": {"angle": -45, "axis": "x", "origin": [8.5, 3.61478, 18.07507]},
			"faces": {
				"north": {"uv": [2.75, 6.625, 2.625, 6.75], "texture": "#0"},
				"east": {"uv": [2.5, 6.625, 2.375, 6.75], "texture": "#0"},
				"south": {"uv": [6.75, 2, 6.625, 2.125], "texture": "#0"},
				"west": {"uv": [6.75, 1.75, 6.625, 1.875], "texture": "#0"},
				"up": {"uv": [6.625, 2.875, 6.75, 2.75], "rotation": 270, "texture": "#0"},
				"down": {"uv": [6.625, 3.25, 6.75, 3.375], "rotation": 90, "texture": "#0"}
			}
		},
		{
			"from": [7.6, 15.18951, 9.07435],
			"to": [8.4, 16.18951, 10.07435],
			"rotation": {"angle": 22.5, "axis": "x", "origin": [8.5, 2.18951, 21.57435]},
			"faces": {
				"north": {"uv": [4.125, 6.625, 4, 6.75], "texture": "#0"},
				"east": {"uv": [3.875, 6.625, 3.75, 6.75], "texture": "#0"},
				"south": {"uv": [6.75, 3.5, 6.625, 3.625], "texture": "#0"},
				"west": {"uv": [3.625, 6.625, 3.5, 6.75], "texture": "#0"},
				"up": {"uv": [4.25, 6.75, 4.375, 6.625], "rotation": 270, "texture": "#0"},
				"down": {"uv": [4.5, 6.625, 4.625, 6.75], "rotation": 90, "texture": "#0"}
			}
		},
		{
			"from": [7.625, 18.90737, 13.38343],
			"to": [8.375, 19.90737, 15.38343],
			"rotation": {"angle": 0, "axis": "z", "origin": [8.5, 5.90737, 18.88343]},
			"faces": {
				"north": {"uv": [6.75, 6.25, 6.625, 6.375], "texture": "#0"},
				"east": {"uv": [5.75, 2.375, 5.5, 2.5], "texture": "#0"},
				"south": {"uv": [4.875, 6.625, 4.75, 6.75], "texture": "#0"},
				"west": {"uv": [5.75, 1.875, 5.5, 2], "texture": "#0"},
				"up": {"uv": [6.125, 4.375, 6.375, 4.25], "rotation": 270, "texture": "#0"},
				"down": {"uv": [6.125, 4.5, 6.375, 4.625], "rotation": 90, "texture": "#0"}
			}
		},
		{
			"from": [7.5, 20.24011, 1.16591],
			"to": [8.5, 21.24011, 3.16591],
			"rotation": {"angle": 45, "axis": "x", "origin": [8.5, 7.24011, 6.66591]},
			"faces": {
				"north": {"uv": [2.125, 6.75, 2, 6.875], "texture": "#0"},
				"east": {"uv": [6.375, 5, 6.125, 5.125], "texture": "#0"},
				"south": {"uv": [6.875, 1, 6.75, 1.125], "texture": "#0"},
				"west": {"uv": [6.375, 4.75, 6.125, 4.875], "texture": "#0"},
				"up": {"uv": [6.125, 5.375, 6.375, 5.25], "rotation": 270, "texture": "#0"},
				"down": {"uv": [6.125, 5.5, 6.375, 5.625], "rotation": 90, "texture": "#0"}
			}
		},
		{
			"from": [7.5, 17.57463, 1.16591],
			"to": [8.5, 18.57463, 3.16591],
			"rotation": {"angle": -45, "axis": "x", "origin": [8.5, 30.57463, 6.66591]},
			"faces": {
				"north": {"uv": [6.875, 2.5, 6.75, 2.625], "texture": "#0"},
				"east": {"uv": [6.5, 0.25, 6.25, 0.375], "texture": "#0"},
				"south": {"uv": [6.875, 2.25, 6.75, 2.375], "texture": "#0"},
				"west": {"uv": [6.375, 5.75, 6.125, 5.875], "texture": "#0"},
				"up": {"uv": [0.5, 6.375, 0.75, 6.25], "rotation": 270, "texture": "#0"},
				"down": {"uv": [6.25, 1.375, 6.5, 1.5], "rotation": 90, "texture": "#0"}
			}
		},
		{
			"from": [8, 20.24011, 0.16591],
			"to": [8, 21.24011, 1.16591],
			"rotation": {"angle": 45, "axis": "x", "origin": [8.5, 7.24011, 6.66591]},
			"faces": {
				"north": {"uv": [1, 3.375, 1, 3.5], "texture": "#0"},
				"east": {"uv": [6.875, 3.75, 6.75, 3.875], "texture": "#0"},
				"south": {"uv": [3.375, 0.625, 3.375, 0.75], "texture": "#0"},
				"west": {"uv": [3, 6.75, 2.875, 6.875], "texture": "#0"},
				"up": {"uv": [2.125, 3.375, 2.25, 3.375], "rotation": 270, "texture": "#0"},
				"down": {"uv": [3, 3.5, 3.125, 3.5], "rotation": 90, "texture": "#0"}
			}
		},
		{
			"from": [8, 20.24011, 5.16591],
			"to": [8, 21.24011, 8.16591],
			"rotation": {"angle": 22.5, "axis": "x", "origin": [8.5, 7.24011, 6.66591]},
			"faces": {
				"north": {"uv": [1.5, 4.75, 1.5, 4.875], "texture": "#0"},
				"east": {"uv": [6.375, 0, 6, 0.125], "texture": "#0"},
				"south": {"uv": [1.5, 4.5, 1.5, 4.625], "texture": "#0"},
				"west": {"uv": [6.25, 1.125, 5.875, 1.25], "texture": "#0"},
				"up": {"uv": [2.375, 4.125, 2.75, 4.125], "rotation": 270, "texture": "#0"},
				"down": {"uv": [4.375, 0.5, 4.75, 0.5], "rotation": 90, "texture": "#0"}
			}
		}
	],
	"gui_light": "front",
	"display": {
		"thirdperson_righthand": {
			"translation": [0, -0.25, 1.75],
			"scale": [0.7, 0.7, 0.7]
		},
		"thirdperson_lefthand": {
			"translation": [0, -0.25, 1.75],
			"scale": [0.7, 0.7, 0.7]
		},
		"firstperson_righthand": {
			"scale": [0.5, 0.5, 0.5]
		},
		"firstperson_lefthand": {
			"scale": [0.5, 0.5, 0.5]
		},
		"ground": {
			"scale": [0.35, 0.35, 0.35]
		},
		"gui": {
			"rotation": [30, -145, 0],
			"translation": [0.25, -1, 0],
			"scale": [0.65, 0.65, 0.65]
		},
		"head": {
			"translation": [0, 14.25, 0]
		},
		"fixed": {
			"translation": [0, -2.75, -5.75]
		}
	},
	"groups": [
		0,
		1,
		2,
		3,
		4,
		5,
		6,
		7,
		8,
		9,
		10,
		11,
		12,
		13,
		14,
		15,
		{
			"name": "group",
			"origin": [6.16591, 7.24011, 8.5],
			"color": 0,
			"boneType": "",
			"children": [16, 17, 18, 19, 20, 21, 22, 23, 24, 25, 26]
		},
		{
			"name": "group",
			"origin": [6.16591, 7.24011, 8.5],
			"color": 0,
			"boneType": "",
			"children": [27, 28, 29, 30, 31, 32, 33, 34, 35, 36, 37]
		},
		{
			"name": "group",
			"origin": [6.16591, 7.24011, 8.5],
			"color": 0,
			"boneType": "",
			"children": [38, 39, 40, 41, 42, 43, 44, 45, 46, 47, 48]
		}
	]
}