{
	"textures": {
		"0": "item/crates/legendary/legendary_axe_anim"
	},
	"elements": [
		{
			"from": [7.5, -16, 7.5],
			"to": [8.5, 28, 8.5],
			"faces": {
				"north": {"uv": [1.5, 2.625, 1.625, 8.125], "texture": "#0"},
				"east": {"uv": [1.75, 2.625, 1.875, 8.125], "texture": "#0"},
				"south": {"uv": [2, 2.625, 2.125, 8.125], "texture": "#0"},
				"west": {"uv": [2.25, 2.625, 2.375, 8.125], "texture": "#0"},
				"up": {"uv": [4.375, 1.125, 4.25, 1], "texture": "#0"},
				"down": {"uv": [4, 4.375, 3.875, 4.5], "texture": "#0"}
			}
		},
		{
			"from": [7.5, -10.5, 5.25],
			"to": [8.5, -6.5, 6.25],
			"rotation": {"angle": 22.5, "axis": "x", "origin": [7, -11.5, 6]},
			"faces": {
				"north": {"uv": [4.75, 5.25, 4.875, 5.75], "texture": "#0"},
				"east": {"uv": [5.375, 3.625, 5.5, 4.125], "texture": "#0"},
				"south": {"uv": [5.375, 4.25, 5.5, 4.75], "texture": "#0"},
				"west": {"uv": [5, 5.375, 5.125, 5.875], "texture": "#0"},
				"up": {"uv": [5.125, 6.375, 5, 6.25], "texture": "#0"},
				"down": {"uv": [5.375, 6.25, 5.25, 6.375], "texture": "#0"}
			}
		},
		{
			"from": [7.5, 12, 5.25],
			"to": [8.5, 15, 6.25],
			"rotation": {"angle": 22.5, "axis": "x", "origin": [7, 10, 6]},
			"faces": {
				"north": {"uv": [6, 0.625, 6.125, 1], "texture": "#0"},
				"east": {"uv": [6, 1.5, 6.125, 1.875], "texture": "#0"},
				"south": {"uv": [6, 2, 6.125, 2.375], "texture": "#0"},
				"west": {"uv": [2.5, 6, 2.625, 6.375], "texture": "#0"},
				"up": {"uv": [6.5, 3.75, 6.375, 3.625], "texture": "#0"},
				"down": {"uv": [6.5, 3.875, 6.375, 4], "texture": "#0"}
			}
		},
		{
			"from": [7.5, 10, 9.75],
			"to": [8.5, 14, 10.75],
			"rotation": {"angle": -22.5, "axis": "x", "origin": [7, 9, 10]},
			"faces": {
				"north": {"uv": [5.625, 3.625, 5.75, 4.125], "texture": "#0"},
				"east": {"uv": [5.625, 4.25, 5.75, 4.75], "texture": "#0"},
				"south": {"uv": [5.75, 0.5, 5.875, 1], "texture": "#0"},
				"west": {"uv": [5.75, 1.875, 5.875, 2.375], "texture": "#0"},
				"up": {"uv": [6.5, 4.25, 6.375, 4.125], "texture": "#0"},
				"down": {"uv": [6.5, 4.375, 6.375, 4.5], "texture": "#0"}
			}
		},
		{
			"from": [7.5, -8, 2],
			"to": [8.5, -6, 4],
			"rotation": {"angle": 45, "axis": "x", "origin": [7, -12, 6]},
			"faces": {
				"north": {"uv": [6.125, 2.5, 6.25, 2.75], "texture": "#0"},
				"east": {"uv": [5.5, 1.125, 5.75, 1.375], "texture": "#0"},
				"south": {"uv": [2.75, 6.125, 2.875, 6.375], "texture": "#0"},
				"west": {"uv": [5.5, 2.875, 5.75, 3.125], "texture": "#0"},
				"up": {"uv": [6.25, 3.875, 6.125, 3.625], "texture": "#0"},
				"down": {"uv": [6.25, 4, 6.125, 4.25], "texture": "#0"}
			}
		},
		{
			"from": [7.5, -8, 12],
			"to": [8.5, -6, 14],
			"rotation": {"angle": -45, "axis": "x", "origin": [7, -12, 10]},
			"faces": {
				"north": {"uv": [6.125, 4.375, 6.25, 4.625], "texture": "#0"},
				"east": {"uv": [5.5, 3.25, 5.75, 3.5], "texture": "#0"},
				"south": {"uv": [6.125, 4.75, 6.25, 5], "texture": "#0"},
				"west": {"uv": [5.5, 5.375, 5.75, 5.625], "texture": "#0"},
				"up": {"uv": [6.25, 5.375, 6.125, 5.125], "texture": "#0"},
				"down": {"uv": [5.625, 6.125, 5.5, 6.375], "texture": "#0"}
			}
		},
		{
			"from": [7.5, 15, 2],
			"to": [8.5, 17, 4],
			"rotation": {"angle": 45, "axis": "x", "origin": [7, 11, 6]},
			"faces": {
				"north": {"uv": [6.25, 2.875, 6.375, 3.125], "texture": "#0"},
				"east": {"uv": [5.5, 5.75, 5.75, 6], "texture": "#0"},
				"south": {"uv": [3, 6.25, 3.125, 6.5], "texture": "#0"},
				"west": {"uv": [5.875, 1.125, 6.125, 1.375], "texture": "#0"},
				"up": {"uv": [3.375, 6.5, 3.25, 6.25], "texture": "#0"},
				"down": {"uv": [6.375, 3.25, 6.25, 3.5], "texture": "#0"}
			}
		},
		{
			"from": [7.5, 15, 12],
			"to": [8.5, 17, 14],
			"rotation": {"angle": -45, "axis": "x", "origin": [7, 11, 10]},
			"faces": {
				"north": {"uv": [6.25, 0.75, 6.375, 1], "texture": "#0"},
				"east": {"uv": [5.75, 2.5, 6, 2.75], "texture": "#0"},
				"south": {"uv": [6.25, 1.125, 6.375, 1.375], "texture": "#0"},
				"west": {"uv": [5.75, 4.875, 6, 5.125], "texture": "#0"},
				"up": {"uv": [6.375, 1.75, 6.25, 1.5], "texture": "#0"},
				"down": {"uv": [6.375, 1.875, 6.25, 2.125], "texture": "#0"}
			}
		},
		{
			"from": [7.5, -4.75, 2],
			"to": [8.5, -2.75, 4],
			"rotation": {"angle": 45, "axis": "x", "origin": [7, -9, 6]},
			"faces": {
				"north": {"uv": [6.125, 5.5, 6.25, 5.75], "texture": "#0"},
				"east": {"uv": [2.5, 5.625, 2.75, 5.875], "texture": "#0"},
				"south": {"uv": [6.125, 5.875, 6.25, 6.125], "texture": "#0"},
				"west": {"uv": [3.125, 5.625, 3.375, 5.875], "texture": "#0"},
				"up": {"uv": [6.375, 0.25, 6.25, 0], "texture": "#0"},
				"down": {"uv": [6.375, 0.375, 6.25, 0.625], "texture": "#0"}
			}
		},
		{
			"from": [7.5, -10.5, 9.75],
			"to": [8.5, -6.5, 10.75],
			"rotation": {"angle": -22.5, "axis": "x", "origin": [7, -11.5, 10]},
			"faces": {
				"north": {"uv": [5.25, 5.375, 5.375, 5.875], "texture": "#0"},
				"east": {"uv": [5.5, 0.5, 5.625, 1], "texture": "#0"},
				"south": {"uv": [5.5, 2.25, 5.625, 2.75], "texture": "#0"},
				"west": {"uv": [2.875, 5.5, 3, 6], "texture": "#0"},
				"up": {"uv": [6.25, 6.375, 6.125, 6.25], "texture": "#0"},
				"down": {"uv": [6.5, 2.5, 6.375, 2.625], "texture": "#0"}
			}
		},
		{
			"from": [7, -14, 7],
			"to": [9, 21, 9],
			"faces": {
				"north": {"uv": [0, 2.625, 0.25, 7], "texture": "#0"},
				"east": {"uv": [0.375, 2.625, 0.625, 7], "texture": "#0"},
				"south": {"uv": [0.75, 2.625, 1, 7], "texture": "#0"},
				"west": {"uv": [1.125, 2.625, 1.375, 7], "texture": "#0"},
				"up": {"uv": [4.125, 2, 3.875, 1.75], "texture": "#0"},
				"down": {"uv": [5.625, 1.875, 5.375, 2.125], "texture": "#0"}
			}
		},
		{
			"from": [6.5, -12, 6.5],
			"to": [9.5, -11, 9.5],
			"rotation": {"angle": 0, "axis": "y", "origin": [0.5, 0, 0.5]},
			"faces": {
				"north": {"uv": [3.125, 6, 3.5, 6.125], "texture": "#0"},
				"east": {"uv": [3.625, 6, 4, 6.125], "texture": "#0"},
				"south": {"uv": [4.125, 6, 4.5, 6.125], "texture": "#0"},
				"west": {"uv": [5, 6, 5.375, 6.125], "texture": "#0"},
				"up": {"uv": [3.625, 2.5, 3.25, 2.125], "texture": "#0"},
				"down": {"uv": [4.625, 3, 4.25, 3.375], "texture": "#0"}
			}
		},
		{
			"from": [7, 24.5, 7],
			"to": [9, 25.5, 9],
			"rotation": {"angle": 0, "axis": "y", "origin": [1, 36.5, 0]},
			"faces": {
				"north": {"uv": [5.375, 4.875, 5.625, 5], "texture": "#0"},
				"east": {"uv": [6.25, 2.25, 6.5, 2.375], "texture": "#0"},
				"south": {"uv": [3.5, 6.25, 3.75, 6.375], "texture": "#0"},
				"west": {"uv": [3.875, 6.25, 4.125, 6.375], "texture": "#0"},
				"up": {"uv": [6.125, 3.125, 5.875, 2.875], "texture": "#0"},
				"down": {"uv": [6.125, 3.25, 5.875, 3.5], "texture": "#0"}
			}
		},
		{
			"from": [7, 21, 6],
			"to": [9, 24, 10],
			"rotation": {"angle": 0, "axis": "y", "origin": [1, 34, 0]},
			"faces": {
				"north": {"uv": [4.75, 4.125, 5, 4.5], "texture": "#0"},
				"east": {"uv": [3.875, 1.25, 4.375, 1.625], "texture": "#0"},
				"south": {"uv": [4.875, 1.625, 5.125, 2], "texture": "#0"},
				"west": {"uv": [4.125, 3.625, 4.625, 4], "texture": "#0"},
				"up": {"uv": [2.75, 5, 2.5, 4.5], "texture": "#0"},
				"down": {"uv": [4.875, 2.25, 4.625, 2.75], "texture": "#0"}
			}
		},
		{
			"from": [7.025, 21.97487, 8.35355],
			"to": [8.975, 24.97487, 12.35355],
			"rotation": {"angle": -45, "axis": "x", "origin": [8, 23.47487, 10.35355]},
			"faces": {
				"north": {"uv": [5, 2.125, 5.25, 2.5], "texture": "#0"},
				"east": {"uv": [4.125, 4.125, 4.625, 4.5], "texture": "#0"},
				"south": {"uv": [5, 4.625, 5.25, 5], "texture": "#0"},
				"west": {"uv": [4.25, 0, 4.75, 0.375], "texture": "#0"},
				"up": {"uv": [4.125, 5.125, 3.875, 4.625], "texture": "#0"},
				"down": {"uv": [4.5, 4.625, 4.25, 5.125], "texture": "#0"}
			}
		},
		{
			"from": [7.05, 23.82843, 9.82843],
			"to": [8.95, 28.82843, 12.82843],
			"rotation": {"angle": 0, "axis": "x", "origin": [8, 25.82843, 11.32843]},
			"faces": {
				"north": {"uv": [4.25, 2.25, 4.5, 2.875], "texture": "#0"},
				"east": {"uv": [3.125, 3.625, 3.5, 4.25], "texture": "#0"},
				"south": {"uv": [3.125, 4.375, 3.375, 5], "texture": "#0"},
				"west": {"uv": [3.625, 3.625, 4, 4.25], "texture": "#0"},
				"up": {"uv": [5.375, 1, 5.125, 0.625], "texture": "#0"},
				"down": {"uv": [5.375, 1.125, 5.125, 1.5], "texture": "#0"}
			}
		},
		{
			"from": [7.025, 21.97487, 3.64645],
			"to": [8.975, 24.97487, 7.64645],
			"rotation": {"angle": 45, "axis": "x", "origin": [8, 23.47487, 5.64645]},
			"faces": {
				"north": {"uv": [3.125, 5.125, 3.375, 5.5], "texture": "#0"},
				"east": {"uv": [4.25, 0.5, 4.75, 0.875], "texture": "#0"},
				"south": {"uv": [5.125, 3.125, 5.375, 3.5], "texture": "#0"},
				"west": {"uv": [4.25, 1.75, 4.75, 2.125], "texture": "#0"},
				"up": {"uv": [5, 4, 4.75, 3.5], "texture": "#0"},
				"down": {"uv": [5.125, 0, 4.875, 0.5], "texture": "#0"}
			}
		},
		{
			"from": [7.55, 18.97487, 1.64645],
			"to": [8.45, 22.97487, 8.64645],
			"rotation": {"angle": 45, "axis": "x", "origin": [8, 23.47487, 5.64645]},
			"faces": {
				"north": {"uv": [4.75, 5.875, 4.875, 6.375], "texture": "#0"},
				"east": {"uv": [3.25, 0, 4.125, 0.5], "texture": "#0"},
				"south": {"uv": [5.875, 5.25, 6, 5.75], "texture": "#0"},
				"west": {"uv": [3.25, 0.625, 4.125, 1.125], "texture": "#0"},
				"up": {"uv": [3, 5.375, 2.875, 4.5], "texture": "#0"},
				"down": {"uv": [5, 0.625, 4.875, 1.5], "texture": "#0"}
			}
		},
		{
			"from": [7.525, 23.12132, -0.36396],
			"to": [8.475, 29.12132, 3.63604],
			"rotation": {"angle": 0, "axis": "x", "origin": [8, 26.12132, 4.13604]},
			"faces": {
				"north": {"uv": [3.5, 5.125, 3.625, 5.875], "texture": "#0"},
				"east": {"uv": [3.25, 1.25, 3.75, 2], "texture": "#0"},
				"south": {"uv": [5.125, 3.625, 5.25, 4.375], "texture": "#0"},
				"west": {"uv": [2.5, 3.625, 3, 4.375], "texture": "#0"},
				"up": {"uv": [6, 6.375, 5.875, 5.875], "texture": "#0"},
				"down": {"uv": [6.125, 0, 6, 0.5], "texture": "#0"}
			}
		},
		{
			"from": [7.975, 9.12132, -6.36396],
			"to": [7.975, 32, 5.63604],
			"rotation": {"angle": 0, "axis": "x", "origin": [8, 26.12132, 4.13604]},
			"faces": {
				"north": {"uv": [2.5, 6.5, 2.5, 9], "texture": "#0"},
				"east": {"uv": [12.25, 2.75, 10.75, 5.625], "texture": "#0"},
				"south": {"uv": [2.625, 6.5, 2.625, 9], "texture": "#0"},
				"west": {"uv": [10.75, 2.75, 12.25, 5.625], "texture": "#0"},
				"up": {"uv": [2.75, 8, 2.75, 6.5], "texture": "#0"},
				"down": {"uv": [2.875, 6.5, 2.875, 8], "texture": "#0"}
			}
		},
		{
			"from": [7.05, 23.82843, 3.17157],
			"to": [8.95, 28.82843, 6.17157],
			"rotation": {"angle": 0, "axis": "x", "origin": [8, 25.82843, 4.67157]},
			"faces": {
				"north": {"uv": [3.5, 4.375, 3.75, 5], "texture": "#0"},
				"east": {"uv": [3.75, 2.125, 4.125, 2.75], "texture": "#0"},
				"south": {"uv": [4.5, 1, 4.75, 1.625], "texture": "#0"},
				"west": {"uv": [3.75, 2.875, 4.125, 3.5], "texture": "#0"},
				"up": {"uv": [2.75, 5.5, 2.5, 5.125], "texture": "#0"},
				"down": {"uv": [5.375, 2.625, 5.125, 3], "texture": "#0"}
			}
		},
		{
			"from": [7.5, 24.82843, 12.82843],
			"to": [8.5, 28.82843, 14.82843],
			"rotation": {"angle": 0, "axis": "x", "origin": [7.5, 25.82843, 14.32843]},
			"faces": {
				"north": {"uv": [5.875, 3.625, 6, 4.125], "texture": "#0"},
				"east": {"uv": [4.625, 4.625, 4.875, 5.125], "texture": "#0"},
				"south": {"uv": [5.875, 4.25, 6, 4.75], "texture": "#0"},
				"west": {"uv": [4.75, 2.875, 5, 3.375], "texture": "#0"},
				"up": {"uv": [4.375, 6.5, 4.25, 6.25], "texture": "#0"},
				"down": {"uv": [4.625, 6.25, 4.5, 6.5], "texture": "#0"}
			}
		},
		{
			"from": [8, 21.82843, 12.32843],
			"to": [8, 28.82843, 16.32843],
			"rotation": {"angle": 0, "axis": "x", "origin": [7, 25.82843, 15.82843]},
			"faces": {
				"north": {"uv": [5.75, 6.125, 5.75, 7], "texture": "#0"},
				"east": {"uv": [2.5, 2.625, 3, 3.5], "texture": "#0"},
				"south": {"uv": [6.375, 5.625, 6.375, 6.5], "texture": "#0"},
				"west": {"uv": [3.125, 2.625, 3.625, 3.5], "texture": "#0"},
				"up": {"uv": [6.5, 0.5, 6.5, 0], "texture": "#0"},
				"down": {"uv": [6.5, 0.625, 6.5, 1.125], "texture": "#0"}
			}
		},
		{
			"from": [7.5, 28.57843, 8.82843],
			"to": [8.5, 29.57843, 13.82843],
			"rotation": {"angle": 0, "axis": "x", "origin": [7.5, 26.57843, 11.32843]},
			"faces": {
				"north": {"uv": [6.375, 4.625, 6.5, 4.75], "texture": "#0"},
				"east": {"uv": [5, 5.125, 5.625, 5.25], "texture": "#0"},
				"south": {"uv": [6.375, 4.875, 6.5, 5], "texture": "#0"},
				"west": {"uv": [5.25, 0, 5.875, 0.125], "texture": "#0"},
				"up": {"uv": [3.875, 5.875, 3.75, 5.25], "texture": "#0"},
				"down": {"uv": [4.125, 5.25, 4, 5.875], "texture": "#0"}
			}
		},
		{
			"from": [7.5, 28.57843, 2.17157],
			"to": [8.5, 29.57843, 7.17157],
			"rotation": {"angle": 0, "axis": "x", "origin": [7.5, 26.57843, 4.67157]},
			"faces": {
				"north": {"uv": [6.375, 5.125, 6.5, 5.25], "texture": "#0"},
				"east": {"uv": [5.25, 0.25, 5.875, 0.375], "texture": "#0"},
				"south": {"uv": [6.375, 5.375, 6.5, 5.5], "texture": "#0"},
				"west": {"uv": [5.25, 1.625, 5.875, 1.75], "texture": "#0"},
				"up": {"uv": [4.375, 5.875, 4.25, 5.25], "texture": "#0"},
				"down": {"uv": [4.625, 5.25, 4.5, 5.875], "texture": "#0"}
			}
		}
	],
	"gui_light": "front",
	"display": {
		"thirdperson_righthand": {
			"translation": [0, 2.5, 1.75],
			"scale": [0.7, 0.7, 0.7]
		},
		"thirdperson_lefthand": {
			"translation": [0, 2.5, 1.75],
			"scale": [0.7, 0.7, 0.7]
		},
		"firstperson_righthand": {
			"translation": [0, 2, 0],
			"scale": [0.58, 0.58, 0.58]
		},
		"firstperson_lefthand": {
			"translation": [0, 2, 0],
			"scale": [0.58, 0.58, 0.58]
		},
		"ground": {
			"rotation": [54, -31, 0],
			"scale": [0.25, 0.25, 0.25]
		},
		"gui": {
			"rotation": [78, -132, 71],
			"translation": [0, 0.75, 0],
			"scale": [0.5, 0.5, -0.5]
		},
		"head": {
			"rotation": [-83, -104, 27],
			"translation": [-13, 3.5, 8.25]
		},
		"fixed": {
			"rotation": [90, -45, 90],
			"translation": [0.5, -1, -1],
			"scale": [0.5, 0.5, 0.5]
		}
	}
}