{
	"textures": {
		"0": "item/crates/legendary/legendary_helmet_anim",
		"1": "item/crates/legendary/legendary_helmet_flameanim"
	},
	"elements": [
		{
			"from": [3.5, 4.5, 3.5],
			"to": [12.5, 8.5, 12.5],
			"faces": {
				"north": {"uv": [4, 0, 6.25, 1], "texture": "#0"},
				"east": {"uv": [4, 1.25, 6.25, 2.25], "texture": "#0"},
				"south": {"uv": [4, 2.5, 6.25, 3.5], "texture": "#0"},
				"west": {"uv": [4, 3.75, 6.25, 4.75], "texture": "#0"},
				"up": {"uv": [2.25, 2.25, 0, 0], "texture": "#0"},
				"down": {"uv": [2.25, 2.5, 0, 4.75], "texture": "#0"}
			}
		},
		{
			"from": [11.5, 2.5, 5.5],
			"to": [12.5, 3.5, 10.5],
			"faces": {
				"north": {"uv": [2.5, 12.75, 2.75, 13], "texture": "#0"},
				"east": {"uv": [2.5, 4.5, 3.75, 4.75], "texture": "#0"},
				"south": {"uv": [12.75, 4, 13, 4.25], "texture": "#0"},
				"west": {"uv": [11, 6.25, 12.25, 6.5], "texture": "#0"},
				"up": {"uv": [11, 12.25, 10.75, 11], "texture": "#0"},
				"down": {"uv": [11.5, 7.5, 11.25, 8.75], "texture": "#0"}
			}
		},
		{
			"from": [11.5, 3.5, 8.5],
			"to": [12.5, 4.5, 12.5],
			"rotation": {"angle": 0, "axis": "y", "origin": [0, 1, 2]},
			"faces": {
				"north": {"uv": [13, 0.5, 13.25, 0.75], "texture": "#0"},
				"east": {"uv": [11.75, 9, 12.75, 9.25], "texture": "#0"},
				"south": {"uv": [1, 13, 1.25, 13.25], "texture": "#0"},
				"west": {"uv": [11.75, 9.5, 12.75, 9.75], "texture": "#0"},
				"up": {"uv": [12, 12, 11.75, 11], "texture": "#0"},
				"down": {"uv": [12.25, 0, 12, 1], "texture": "#0"}
			}
		},
		{
			"from": [12.575, -3.1627, 5.48671],
			"to": [12.575, 12.8373, 21.48671],
			"rotation": {"angle": -22.5, "axis": "x", "origin": [12.575, 6.8373, 14.73671]},
			"faces": {
				"north": {"uv": [2.75, 13.25, 2.75, 14], "rotation": 180, "texture": "#0"},
				"east": {"uv": [0, 0, 16, 16], "rotation": 180, "texture": "#1"},
				"south": {"uv": [2.5, 13.25, 2.5, 14], "rotation": 180, "texture": "#0"},
				"west": {"uv": [16, 0, 0, 16], "rotation": 180, "texture": "#1"},
				"up": {"uv": [3.25, 13.25, 3.25, 16], "texture": "#0"},
				"down": {"uv": [3, 16, 3, 13.25], "texture": "#0"}
			}
		},
		{
			"from": [3.425, -3.1627, 5.48671],
			"to": [3.425, 12.8373, 21.48671],
			"rotation": {"angle": -22.5, "axis": "x", "origin": [3.425, 6.8373, 14.73671]},
			"faces": {
				"north": {"uv": [2.75, 13.25, 2.75, 14], "rotation": 180, "texture": "#0"},
				"east": {"uv": [0, 0, 16, 16], "rotation": 180, "texture": "#1"},
				"south": {"uv": [2.5, 13.25, 2.5, 14], "rotation": 180, "texture": "#0"},
				"west": {"uv": [16, 0, 0, 16], "rotation": 180, "texture": "#1"},
				"up": {"uv": [3.25, 13.25, 3.25, 16], "texture": "#0"},
				"down": {"uv": [3, 16, 3, 13.25], "texture": "#0"}
			}
		},
		{
			"from": [3.5, 2.5, 5.5],
			"to": [4.5, 3.5, 10.5],
			"rotation": {"angle": 0, "axis": "y", "origin": [16, 0, 0]},
			"faces": {
				"north": {"uv": [13, 3.25, 13.25, 3.5], "texture": "#0"},
				"east": {"uv": [11.25, 4, 12.5, 4.25], "texture": "#0"},
				"south": {"uv": [4.5, 13, 4.75, 13.25], "texture": "#0"},
				"west": {"uv": [11.25, 4.5, 12.5, 4.75], "texture": "#0"},
				"up": {"uv": [4.75, 12.75, 4.5, 11.5], "texture": "#0"},
				"down": {"uv": [5.25, 11.5, 5, 12.75], "texture": "#0"}
			}
		},
		{
			"from": [3.5, 3.5, 8.5],
			"to": [4.5, 4.5, 12.5],
			"rotation": {"angle": 0, "axis": "y", "origin": [16, 1, 2]},
			"faces": {
				"north": {"uv": [13, 2.25, 13.25, 2.5], "texture": "#0"},
				"east": {"uv": [11.75, 10, 12.75, 10.25], "texture": "#0"},
				"south": {"uv": [13, 2.75, 13.25, 3], "texture": "#0"},
				"west": {"uv": [12, 1.25, 13, 1.5], "texture": "#0"},
				"up": {"uv": [12.25, 3.5, 12, 2.5], "texture": "#0"},
				"down": {"uv": [8.25, 12, 8, 13], "texture": "#0"}
			}
		},
		{
			"from": [3.5, 3.5, 3.5],
			"to": [12.5, 4.5, 4.5],
			"rotation": {"angle": 0, "axis": "y", "origin": [0, 1, -3]},
			"faces": {
				"north": {"uv": [10, 5, 12.25, 5.25], "texture": "#0"},
				"east": {"uv": [1.5, 13, 1.75, 13.25], "texture": "#0"},
				"south": {"uv": [10.75, 10.5, 13, 10.75], "texture": "#0"},
				"west": {"uv": [2, 13, 2.25, 13.25], "texture": "#0"},
				"up": {"uv": [2.25, 11.25, 0, 11], "texture": "#0"},
				"down": {"uv": [6.75, 11, 4.5, 11.25], "texture": "#0"}
			}
		},
		{
			"from": [3.5, 0.5, 3.5],
			"to": [12.5, 2.5, 7.5],
			"faces": {
				"north": {"uv": [8.25, 7, 10.5, 7.5], "texture": "#0"},
				"east": {"uv": [8.25, 10.75, 9.25, 11.25], "texture": "#0"},
				"south": {"uv": [8.5, 7.75, 10.75, 8.25], "texture": "#0"},
				"west": {"uv": [11, 5.5, 12, 6], "texture": "#0"},
				"up": {"uv": [2.25, 6, 0, 5], "texture": "#0"},
				"down": {"uv": [4.75, 5, 2.5, 6], "texture": "#0"}
			}
		},
		{
			"from": [4, 2.5, 3.75],
			"to": [12, 4.5, 8.75],
			"rotation": {"angle": 0, "axis": "y", "origin": [0, -1, 0.225]},
			"faces": {
				"north": {"uv": [10, 2.5, 11.75, 3], "texture": "#0"},
				"east": {"uv": [10.75, 1.75, 12, 2.25], "texture": "#0"},
				"south": {"uv": [10, 3.25, 11.75, 3.75], "texture": "#0"},
				"west": {"uv": [10.75, 6.75, 12, 7.25], "texture": "#0"},
				"up": {"uv": [6.75, 6.25, 5, 5], "texture": "#0"},
				"down": {"uv": [1.75, 6.25, 0, 7.5], "texture": "#0"}
			}
		},
		{
			"from": [10.5, 6.5, 13.5],
			"to": [11.5, 7.5, 14.5],
			"rotation": {"angle": 0, "axis": "y", "origin": [0, 0, -2]},
			"faces": {
				"north": {"uv": [12.5, 0.75, 12.75, 1], "texture": "#0"},
				"east": {"uv": [12.5, 5, 12.75, 5.25], "texture": "#0"},
				"south": {"uv": [10.5, 12.5, 10.75, 12.75], "texture": "#0"},
				"west": {"uv": [11, 12.5, 11.25, 12.75], "texture": "#0"},
				"up": {"uv": [12.5, 12.75, 12.25, 12.5], "texture": "#0"},
				"down": {"uv": [13, 1.75, 12.75, 2], "texture": "#0"}
			}
		},
		{
			"from": [10.5, 5.5, 12.5],
			"to": [11.5, 7.5, 13.5],
			"rotation": {"angle": 0, "axis": "y", "origin": [0, 0, -1]},
			"faces": {
				"north": {"uv": [10, 12.25, 10.25, 12.75], "texture": "#0"},
				"east": {"uv": [12.25, 11, 12.5, 11.5], "texture": "#0"},
				"south": {"uv": [11.75, 12.25, 12, 12.75], "texture": "#0"},
				"west": {"uv": [12.25, 11.75, 12.5, 12.25], "texture": "#0"},
				"up": {"uv": [13, 4.75, 12.75, 4.5], "texture": "#0"},
				"down": {"uv": [5.75, 12.75, 5.5, 13], "texture": "#0"}
			}
		},
		{
			"from": [4.5, 6.5, 13.5],
			"to": [5.5, 7.5, 14.5],
			"rotation": {"angle": 0, "axis": "y", "origin": [16, 0, -2]},
			"faces": {
				"north": {"uv": [12.75, 11.5, 13, 11.75], "texture": "#0"},
				"east": {"uv": [12.75, 12, 13, 12.25], "texture": "#0"},
				"south": {"uv": [12.75, 12.5, 13, 12.75], "texture": "#0"},
				"west": {"uv": [0, 13, 0.25, 13.25], "texture": "#0"},
				"up": {"uv": [13.25, 0.25, 13, 0], "texture": "#0"},
				"down": {"uv": [0.75, 13, 0.5, 13.25], "texture": "#0"}
			}
		},
		{
			"from": [4.5, 5.5, 12.5],
			"to": [5.5, 7.5, 13.5],
			"rotation": {"angle": 0, "axis": "y", "origin": [16, 0, -1]},
			"faces": {
				"north": {"uv": [3.5, 12.5, 3.75, 13], "texture": "#0"},
				"east": {"uv": [4, 12.5, 4.25, 13], "texture": "#0"},
				"south": {"uv": [12.5, 6, 12.75, 6.5], "texture": "#0"},
				"west": {"uv": [9.5, 12.5, 9.75, 13], "texture": "#0"},
				"up": {"uv": [9.25, 13, 9, 12.75], "texture": "#0"},
				"down": {"uv": [13, 11, 12.75, 11.25], "texture": "#0"}
			}
		},
		{
			"from": [5.5, 3.88375, 7.40191],
			"to": [10.5, 7.88375, 15.40191],
			"rotation": {"angle": -22.5, "axis": "x", "origin": [0, -1.61625, 3.90191]},
			"faces": {
				"north": {"uv": [8.25, 5.75, 9.5, 6.75], "texture": "#0"},
				"east": {"uv": [6.5, 3, 8.5, 4], "texture": "#0"},
				"south": {"uv": [8.5, 4.25, 9.75, 5.25], "texture": "#0"},
				"west": {"uv": [5, 6.5, 7, 7.5], "texture": "#0"},
				"up": {"uv": [3.75, 2, 2.5, 0], "texture": "#0"},
				"down": {"uv": [3.75, 2.25, 2.5, 4.25], "texture": "#0"}
			}
		},
		{
			"from": [7.5, 5.88375, 15.40191],
			"to": [8.5, 7.88375, 17.40191],
			"rotation": {"angle": -22.5, "axis": "x", "origin": [0, -1.61625, 3.90191]},
			"faces": {
				"north": {"uv": [6.5, 4.25, 6.75, 4.75], "texture": "#0"},
				"east": {"uv": [5.5, 11.5, 6, 12], "texture": "#0"},
				"south": {"uv": [8.5, 12, 8.75, 12.5], "texture": "#0"},
				"west": {"uv": [6.25, 11.5, 6.75, 12], "texture": "#0"},
				"up": {"uv": [9.25, 12.5, 9, 12], "texture": "#0"},
				"down": {"uv": [12.5, 1.75, 12.25, 2.25], "texture": "#0"}
			}
		},
		{
			"from": [7.5, 6.88375, 17.40191],
			"to": [8.5, 7.88375, 19.40191],
			"rotation": {"angle": -22.5, "axis": "x", "origin": [0, -1.61625, 3.90191]},
			"faces": {
				"north": {"uv": [4.5, 7.25, 4.75, 7.5], "texture": "#0"},
				"east": {"uv": [5.5, 12.25, 6, 12.5], "texture": "#0"},
				"south": {"uv": [9.5, 2.5, 9.75, 2.75], "texture": "#0"},
				"west": {"uv": [12.25, 5.5, 12.75, 5.75], "texture": "#0"},
				"up": {"uv": [6.5, 12.75, 6.25, 12.25], "texture": "#0"},
				"down": {"uv": [12.5, 6.75, 12.25, 7.25], "texture": "#0"}
			}
		},
		{
			"from": [3.85355, 3, 3.76041],
			"to": [7.85355, 6, 7.76041],
			"rotation": {"angle": -45, "axis": "y", "origin": [8.35355, 3, 7.76041]},
			"faces": {
				"north": {"uv": [10, 4, 11, 4.75], "texture": "#0"},
				"east": {"uv": [5.75, 10, 6.75, 10.75], "texture": "#0"},
				"south": {"uv": [7, 10, 8, 10.75], "texture": "#0"},
				"west": {"uv": [10, 9.5, 11, 10.25], "texture": "#0"},
				"up": {"uv": [9.5, 9.5, 8.5, 8.5], "texture": "#0"},
				"down": {"uv": [3, 8.75, 2, 9.75], "texture": "#0"}
			}
		},
		{
			"from": [3.85355, 2, 4.01041],
			"to": [7.85355, 3, 8.01041],
			"rotation": {"angle": -45, "axis": "y", "origin": [8.35355, 3, 8.01041]},
			"faces": {
				"north": {"uv": [8, 11.5, 9, 11.75], "texture": "#0"},
				"east": {"uv": [11.75, 7.5, 12.75, 7.75], "texture": "#0"},
				"south": {"uv": [11.75, 8, 12.75, 8.25], "texture": "#0"},
				"west": {"uv": [11.75, 8.5, 12.75, 8.75], "texture": "#0"},
				"up": {"uv": [5.5, 10.75, 4.5, 9.75], "texture": "#0"},
				"down": {"uv": [10.75, 5.5, 9.75, 6.5], "texture": "#0"}
			}
		},
		{
			"from": [3.85355, -1.025, 3.76041],
			"to": [8.85355, 1.975, 8.76041],
			"rotation": {"angle": -45, "axis": "y", "origin": [8.35355, 3, 7.76041]},
			"faces": {
				"north": {"uv": [8.5, 9.75, 9.75, 10.5], "texture": "#0"},
				"east": {"uv": [9.75, 8.5, 11, 9.25], "texture": "#0"},
				"south": {"uv": [0, 10, 1.25, 10.75], "texture": "#0"},
				"west": {"uv": [1.5, 10, 2.75, 10.75], "texture": "#0"},
				"up": {"uv": [8.25, 5.5, 7, 4.25], "texture": "#0"},
				"down": {"uv": [3.25, 7.25, 2, 8.5], "texture": "#0"}
			}
		},
		{
			"from": [12.60895, 10.92389, 0.82122],
			"to": [13.60895, 15.92389, 1.82122],
			"rotation": {"angle": 22.5, "axis": "x", "origin": [16.10895, 5.92389, 2.32122]},
			"faces": {
				"north": {"uv": [11.25, 9, 11.5, 10.25], "texture": "#0"},
				"east": {"uv": [11.25, 11, 11.5, 12.25], "texture": "#0"},
				"south": {"uv": [0, 11.5, 0.25, 12.75], "texture": "#0"},
				"west": {"uv": [11.5, 0, 11.75, 1.25], "texture": "#0"},
				"up": {"uv": [7, 13, 6.75, 12.75], "texture": "#0"},
				"down": {"uv": [13, 6.75, 12.75, 7], "texture": "#0"}
			}
		},
		{
			"from": [13.10895, 10.92389, -1.17878],
			"to": [13.10895, 18.92389, 1.82122],
			"rotation": {"angle": 22.5, "axis": "x", "origin": [16.10895, 5.92389, 2.32122]},
			"faces": {
				"north": {"uv": [6.5, 13, 6.5, 15], "texture": "#0"},
				"east": {"uv": [3.5, 7.25, 4.25, 9.25], "texture": "#0"},
				"south": {"uv": [13, 7.25, 13, 9.25], "texture": "#0"},
				"west": {"uv": [7.25, 5.75, 8, 7.75], "texture": "#0"},
				"up": {"uv": [13, 10.25, 13, 9.5], "texture": "#0"},
				"down": {"uv": [10, 13, 10, 13.75], "texture": "#0"}
			}
		},
		{
			"from": [12.5, 5.5, 1.5],
			"to": [12.5, 12.5, 4.5],
			"rotation": {"angle": -22.5, "axis": "y", "origin": [15, 6.5, 5]},
			"faces": {
				"north": {"uv": [5.25, 13, 5.25, 14.75], "texture": "#0"},
				"east": {"uv": [4.5, 7.75, 5.25, 9.5], "texture": "#0"},
				"south": {"uv": [6.25, 13, 6.25, 14.75], "texture": "#0"},
				"west": {"uv": [5.5, 7.75, 6.25, 9.5], "texture": "#0"},
				"up": {"uv": [11, 8.25, 11, 7.5], "texture": "#0"},
				"down": {"uv": [13, 5, 13, 5.75], "texture": "#0"}
			}
		},
		{
			"from": [12, 5.5, 2.5],
			"to": [13, 11.5, 4.5],
			"rotation": {"angle": -22.5, "axis": "y", "origin": [15, 6.5, 5]},
			"faces": {
				"north": {"uv": [9.5, 10.75, 9.75, 12.25], "texture": "#0"},
				"east": {"uv": [10, 10.5, 10.5, 12], "texture": "#0"},
				"south": {"uv": [2.5, 11, 2.75, 12.5], "texture": "#0"},
				"west": {"uv": [10.75, 0, 11.25, 1.5], "texture": "#0"},
				"up": {"uv": [12.75, 0.5, 12.5, 0], "texture": "#0"},
				"down": {"uv": [12.75, 2.5, 12.5, 3], "texture": "#0"}
			}
		},
		{
			"from": [12.5, 4.5, 2.5],
			"to": [12.5, 8.5, 6.5],
			"rotation": {"angle": -22.5, "axis": "y", "origin": [15, 6.5, 5]},
			"faces": {
				"north": {"uv": [11.5, 12.5, 11.5, 13.5], "texture": "#0"},
				"east": {"uv": [8.75, 3, 9.75, 4], "texture": "#0"},
				"south": {"uv": [6, 12.75, 6, 13.75], "texture": "#0"},
				"west": {"uv": [9.5, 0, 10.5, 1], "texture": "#0"},
				"up": {"uv": [7.75, 13.75, 7.75, 12.75], "texture": "#0"},
				"down": {"uv": [5, 13, 5, 14], "texture": "#0"}
			}
		},
		{
			"from": [2.39105, 10.92389, 0.82122],
			"to": [3.39105, 15.92389, 1.82122],
			"rotation": {"angle": 22.5, "axis": "x", "origin": [-0.10895, 5.92389, 2.32122]},
			"faces": {
				"north": {"uv": [0.5, 11.5, 0.75, 12.75], "texture": "#0"},
				"east": {"uv": [1, 11.5, 1.25, 12.75], "texture": "#0"},
				"south": {"uv": [1.5, 11.5, 1.75, 12.75], "texture": "#0"},
				"west": {"uv": [2, 11.5, 2.25, 12.75], "texture": "#0"},
				"up": {"uv": [7.5, 13, 7.25, 12.75], "texture": "#0"},
				"down": {"uv": [8.75, 12.75, 8.5, 13], "texture": "#0"}
			}
		},
		{
			"from": [2.89105, 10.92389, -1.17878],
			"to": [2.89105, 18.92389, 1.82122],
			"rotation": {"angle": 22.5, "axis": "x", "origin": [-0.10895, 5.92389, 2.32122]},
			"faces": {
				"north": {"uv": [12.5, 13, 12.5, 15], "texture": "#0"},
				"east": {"uv": [0, 7.75, 0.75, 9.75], "texture": "#0"},
				"south": {"uv": [12.75, 13, 12.75, 15], "texture": "#0"},
				"west": {"uv": [1, 7.75, 1.75, 9.75], "texture": "#0"},
				"up": {"uv": [13, 13.75, 13, 13], "texture": "#0"},
				"down": {"uv": [13.25, 1, 13.25, 1.75], "texture": "#0"}
			}
		},
		{
			"from": [3.5, 5.5, 1.5],
			"to": [3.5, 12.5, 4.5],
			"rotation": {"angle": 22.5, "axis": "y", "origin": [1, 6.5, 5]},
			"faces": {
				"north": {"uv": [11.25, 13, 11.25, 14.75], "texture": "#0"},
				"east": {"uv": [6.5, 8, 7.25, 9.75], "texture": "#0"},
				"south": {"uv": [11.75, 13, 11.75, 14.75], "texture": "#0"},
				"west": {"uv": [7.5, 8, 8.25, 9.75], "texture": "#0"},
				"up": {"uv": [12, 13.75, 12, 13], "texture": "#0"},
				"down": {"uv": [12.25, 13, 12.25, 13.75], "texture": "#0"}
			}
		},
		{
			"from": [3, 5.5, 2.5],
			"to": [4, 11.5, 4.5],
			"rotation": {"angle": 22.5, "axis": "y", "origin": [1, 6.5, 5]},
			"faces": {
				"north": {"uv": [7, 11, 7.25, 12.5], "texture": "#0"},
				"east": {"uv": [3, 10.75, 3.5, 12.25], "texture": "#0"},
				"south": {"uv": [7.5, 11, 7.75, 12.5], "texture": "#0"},
				"west": {"uv": [3.75, 10.75, 4.25, 12.25], "texture": "#0"},
				"up": {"uv": [3.25, 13, 3, 12.5], "texture": "#0"},
				"down": {"uv": [12.75, 3.25, 12.5, 3.75], "texture": "#0"}
			}
		},
		{
			"from": [3.5, 4.5, 2.5],
			"to": [3.5, 8.5, 6.5],
			"rotation": {"angle": 22.5, "axis": "y", "origin": [1, 6.5, 5]},
			"faces": {
				"north": {"uv": [10.25, 13, 10.25, 14], "texture": "#0"},
				"east": {"uv": [9.5, 1.25, 10.5, 2.25], "texture": "#0"},
				"south": {"uv": [10.5, 13, 10.5, 14], "texture": "#0"},
				"west": {"uv": [3.25, 9.5, 4.25, 10.5], "texture": "#0"},
				"up": {"uv": [10.75, 14, 10.75, 13], "texture": "#0"},
				"down": {"uv": [11, 13, 11, 14], "texture": "#0"}
			}
		}
	],
	"gui_light": "front",
	"display": {
		"thirdperson_righthand": {
			"translation": [-1.5, 1, 0],
			"scale": [0.5, 0.5, 0.5]
		},
		"thirdperson_lefthand": {
			"translation": [-1.5, 1, 0],
			"scale": [0.5, 0.5, 0.5]
		},
		"firstperson_righthand": {
			"rotation": [-26, 33, 0],
			"translation": [0, 3.75, 0],
			"scale": [0.5, 0.5, 0.5]
		},
		"firstperson_lefthand": {
			"rotation": [-26, 33, 0],
			"translation": [0, 3.75, 0],
			"scale": [0.5, 0.5, 0.5]
		},
		"ground": {
			"scale": [0.25, 0.25, 0.25]
		},
		"gui": {
			"rotation": [33, -106, 24],
			"translation": [1.25, 0, 0],
			"scale": [0.8, 0.8, 0.8]
		},
		"head": {
			"translation": [0, 6.5, 0.25],
			"scale": [1.81, 1.81, 1.81]
		},
		"fixed": {
			"translation": [0, 0, -2.25]
		}
	}
}