{
	"textures": {
		"0": "item/crates/frost22_crate/planet_ani"
	},
	"elements": [
		{
			"from": [-0.5, 14, -1.5],
			"to": [16.5, 14, 15.5],
			"rotation": {"angle": -45, "axis": "z", "origin": [8, 14, 7]},
			"faces": {
				"north": {"uv": [0, 0, 4.25, 0], "texture": "#0"},
				"east": {"uv": [0, 0, 4.25, 0], "texture": "#0"},
				"south": {"uv": [0, 0, 4.25, 0], "texture": "#0"},
				"west": {"uv": [0, 0, 4.25, 0], "texture": "#0"},
				"up": {"uv": [4.25, 4.25, 0, 0], "texture": "#0"},
				"down": {"uv": [4.25, 0, 0, 4.25], "texture": "#0"}
			}
		},
		{
			"from": [-0.5, 14, -1.5],
			"to": [16.5, 14, 15.5],
			"rotation": {"angle": 45, "axis": "z", "origin": [8, 14, 7]},
			"faces": {
				"north": {"uv": [4.25, 0, 0, 0], "texture": "#0"},
				"east": {"uv": [4.25, 0, 0, 0], "texture": "#0"},
				"south": {"uv": [4.25, 0, 0, 0], "texture": "#0"},
				"west": {"uv": [4.25, 0, 0, 0], "texture": "#0"},
				"up": {"uv": [0, 4.25, 4.25, 0], "texture": "#0"},
				"down": {"uv": [0, 0, 4.25, 4.25], "texture": "#0"}
			}
		},
		{
			"from": [3.5, 10, 2.5],
			"to": [12.5, 18, 11.5],
			"rotation": {"angle": 0, "axis": "y", "origin": [1, 0, 0]},
			"faces": {
				"north": {"uv": [2.25, 8.5, 4.5, 10.5], "texture": "#0"},
				"east": {"uv": [8.5, 2.25, 10.75, 4.25], "texture": "#0"},
				"south": {"uv": [8.5, 4.25, 10.75, 6.25], "texture": "#0"},
				"west": {"uv": [4.5, 8.5, 6.75, 10.5], "texture": "#0"},
				"up": {"uv": [2.25, 10.75, 0, 8.5], "texture": "#0"},
				"down": {"uv": [10.75, 0, 8.5, 2.25], "texture": "#0"}
			}
		},
		{
			"from": [7, -5, 6],
			"to": [9, 10, 8],
			"rotation": {"angle": 0, "axis": "z", "origin": [8, -6, 6]},
			"faces": {
				"north": {"uv": [8.5, 6.25, 9, 10], "texture": "#0"},
				"east": {"uv": [6.75, 8.5, 7.25, 12.25], "texture": "#0"},
				"south": {"uv": [7.25, 8.5, 7.75, 12.25], "texture": "#0"},
				"west": {"uv": [7.75, 8.5, 8.25, 12.25], "texture": "#0"},
				"up": {"uv": [10.25, 10.25, 9.75, 9.75], "texture": "#0"},
				"down": {"uv": [10.5, 6.25, 10, 6.75], "texture": "#0"}
			}
		},
		{
			"from": [6.9, 3, 5.9],
			"to": [9.1, 4, 8.1],
			"rotation": {"angle": 0, "axis": "z", "origin": [8, -6, 6]},
			"faces": {
				"north": {"uv": [10.25, 10.25, 10.75, 10.5], "texture": "#0"},
				"east": {"uv": [2.25, 10.5, 2.75, 10.75], "texture": "#0"},
				"south": {"uv": [2.75, 10.5, 3.25, 10.75], "texture": "#0"},
				"west": {"uv": [3.25, 10.5, 3.75, 10.75], "texture": "#0"},
				"up": {"uv": [10.5, 7.25, 10, 6.75], "texture": "#0"},
				"down": {"uv": [10.5, 7.25, 10, 7.75], "texture": "#0"}
			}
		},
		{
			"from": [6.9, 1, 5.9],
			"to": [9.1, 2, 8.1],
			"rotation": {"angle": 0, "axis": "z", "origin": [8, -6, 6]},
			"faces": {
				"north": {"uv": [3.75, 10.5, 4.25, 10.75], "texture": "#0"},
				"east": {"uv": [4.25, 10.5, 4.75, 10.75], "texture": "#0"},
				"south": {"uv": [4.75, 10.5, 5.25, 10.75], "texture": "#0"},
				"west": {"uv": [5.25, 10.5, 5.75, 10.75], "texture": "#0"},
				"up": {"uv": [10.5, 8.25, 10, 7.75], "texture": "#0"},
				"down": {"uv": [8.75, 10, 8.25, 10.5], "texture": "#0"}
			}
		},
		{
			"from": [6.9, -1, 5.9],
			"to": [9.1, 0, 8.1],
			"rotation": {"angle": 0, "axis": "z", "origin": [8, -6, 6]},
			"faces": {
				"north": {"uv": [5.75, 10.5, 6.25, 10.75], "texture": "#0"},
				"east": {"uv": [6.25, 10.5, 6.75, 10.75], "texture": "#0"},
				"south": {"uv": [10.5, 6.25, 11, 6.5], "texture": "#0"},
				"west": {"uv": [10.5, 6.5, 11, 6.75], "texture": "#0"},
				"up": {"uv": [9.25, 10.75, 8.75, 10.25], "texture": "#0"},
				"down": {"uv": [9.75, 10.25, 9.25, 10.75], "texture": "#0"}
			}
		},
		{
			"from": [6.9, -3, 5.9],
			"to": [9.1, -2, 8.1],
			"rotation": {"angle": 0, "axis": "z", "origin": [8, -6, 6]},
			"faces": {
				"north": {"uv": [10.5, 6.75, 11, 7], "texture": "#0"},
				"east": {"uv": [10.5, 7, 11, 7.25], "texture": "#0"},
				"south": {"uv": [10.5, 7.25, 11, 7.5], "texture": "#0"},
				"west": {"uv": [10.5, 7.5, 11, 7.75], "texture": "#0"},
				"up": {"uv": [10.25, 10.75, 9.75, 10.25], "texture": "#0"},
				"down": {"uv": [10.75, 9.75, 10.25, 10.25], "texture": "#0"}
			}
		},
		{
			"from": [6, -8, 5.5],
			"to": [10, -4, 8.5],
			"rotation": {"angle": 45, "axis": "z", "origin": [8, -6, 6]},
			"faces": {
				"north": {"uv": [9, 6.25, 10, 7.25], "texture": "#0"},
				"east": {"uv": [9, 8.25, 9.75, 9.25], "texture": "#0"},
				"south": {"uv": [10, 6.25, 9, 7.25], "texture": "#0"},
				"west": {"uv": [9, 9.25, 9.75, 10.25], "texture": "#0"},
				"up": {"uv": [10.75, 9, 9.75, 8.25], "texture": "#0"},
				"down": {"uv": [10.75, 9, 9.75, 9.75], "texture": "#0"}
			}
		}
	],
	"gui_light": "front",
	"display": {
		"thirdperson_righthand": {
			"translation": [0, 6.5, 3]
		},
		"thirdperson_lefthand": {
			"translation": [0, 6.5, 3]
		},
		"firstperson_righthand": {
			"translation": [6, 3.25, -8.5]
		},
		"gui": {
			"rotation": [25, 33, 26],
			"translation": [0, 1.25, 0]
		},
		"head": {
			"translation": [0, 0, 2.25]
		}
	},
	"groups": [
		{
			"name": "group",
			"origin": [-2, 0, 0],
			"color": 0,
			"boneType": "",
			"children": [0, 1, 2, 3, 4, 5, 6, 7, 8]
		}
	]
}