{
	"textures": {
		"0": "item/crates/frost22_crate/shovel"
	},
	"elements": [
		{
			"from": [8, 13.25, 4],
			"to": [8, 24.25, 12],
			"faces": {
				"north": {"uv": [0, 0, 0, 2.75], "texture": "#0"},
				"east": {"uv": [13.25, 7, 15.25, 9.75], "texture": "#0"},
				"south": {"uv": [0, 0, 0, 2.75], "texture": "#0"},
				"west": {"uv": [15.25, 7, 13.25, 9.75], "texture": "#0"},
				"up": {"uv": [0, 0, 0, 2], "texture": "#0"},
				"down": {"uv": [0, 0, 0, 2], "texture": "#0"}
			}
		},
		{
			"from": [7, -11, 7],
			"to": [9, 8, 9],
			"rotation": {"angle": 0, "axis": "y", "origin": [16, 0, 0]},
			"faces": {
				"north": {"uv": [2, 0, 2.5, 4.75], "texture": "#0"},
				"east": {"uv": [0, 2.5, 0.5, 7.25], "texture": "#0"},
				"south": {"uv": [2.5, 0, 3, 4.75], "texture": "#0"},
				"west": {"uv": [0.5, 2.5, 1, 7.25], "texture": "#0"},
				"up": {"uv": [6.75, 8.75, 6.25, 8.25], "texture": "#0"},
				"down": {"uv": [7.25, 8.25, 6.75, 8.75], "texture": "#0"}
			}
		},
		{
			"from": [7.5, 9, 7],
			"to": [8.5, 17, 9],
			"rotation": {"angle": 0, "axis": "y", "origin": [16, 0, 0]},
			"faces": {
				"north": {"uv": [9.875, 2, 10.125, 3.875], "texture": "#0"},
				"east": {"uv": [10.25, 0, 10.75, 1.875], "texture": "#0"},
				"south": {"uv": [9.875, 0, 10.125, 1.875], "texture": "#0"},
				"west": {"uv": [10.25, 0, 10.75, 1.875], "texture": "#0"},
				"up": {"uv": [7.5, 8.75, 7.25, 8.25], "texture": "#0"},
				"down": {"uv": [8.25, 8.25, 7.75, 8.75], "texture": "#0"}
			}
		},
		{
			"from": [6.9, -8, 6.9],
			"to": [9.1, -7, 9.1],
			"rotation": {"angle": 0, "axis": "y", "origin": [16, -10.5, 0]},
			"faces": {
				"north": {"uv": [9, 1.5, 9.5, 1.75], "texture": "#0"},
				"east": {"uv": [9, 1.75, 9.5, 2], "texture": "#0"},
				"south": {"uv": [2.5, 9, 3, 9.25], "texture": "#0"},
				"west": {"uv": [9, 2.5, 9.5, 2.75], "texture": "#0"},
				"up": {"uv": [9, 2, 8.5, 1.5], "texture": "#0"},
				"down": {"uv": [3, 8.5, 2.5, 9], "texture": "#0"}
			}
		},
		{
			"from": [6.9, -6, 6.9],
			"to": [9.1, -5, 9.1],
			"rotation": {"angle": 0, "axis": "y", "origin": [16, -8.5, 0]},
			"faces": {
				"north": {"uv": [9, 2.75, 9.5, 3], "texture": "#0"},
				"east": {"uv": [9, 3, 9.5, 3.25], "texture": "#0"},
				"south": {"uv": [9, 3.75, 9.5, 4], "texture": "#0"},
				"west": {"uv": [9, 4, 9.5, 4.25], "texture": "#0"},
				"up": {"uv": [9, 4.25, 8.5, 3.75], "texture": "#0"},
				"down": {"uv": [9, 4.25, 8.5, 4.75], "texture": "#0"}
			}
		},
		{
			"from": [6.9, -2, 6.9],
			"to": [9.1, -1, 9.1],
			"rotation": {"angle": 0, "axis": "y", "origin": [16, -4.5, 0]},
			"faces": {
				"north": {"uv": [9, 4.25, 9.5, 4.5], "texture": "#0"},
				"east": {"uv": [9, 4.5, 9.5, 4.75], "texture": "#0"},
				"south": {"uv": [9, 5.25, 9.5, 5.5], "texture": "#0"},
				"west": {"uv": [9, 5.5, 9.5, 5.75], "texture": "#0"},
				"up": {"uv": [9, 7, 8.5, 6.5], "texture": "#0"},
				"down": {"uv": [9, 7, 8.5, 7.5], "texture": "#0"}
			}
		},
		{
			"from": [6.9, 0, 6.9],
			"to": [9.1, 1, 9.1],
			"rotation": {"angle": 0, "axis": "y", "origin": [16, -2.5, 0]},
			"faces": {
				"north": {"uv": [9, 5.75, 9.5, 6], "texture": "#0"},
				"east": {"uv": [9, 6, 9.5, 6.25], "texture": "#0"},
				"south": {"uv": [9, 6.25, 9.5, 6.5], "texture": "#0"},
				"west": {"uv": [9, 6.5, 9.5, 6.75], "texture": "#0"},
				"up": {"uv": [9, 8, 8.5, 7.5], "texture": "#0"},
				"down": {"uv": [0.5, 8.75, 0, 9.25], "texture": "#0"}
			}
		},
		{
			"from": [6.9, -4, 6.9],
			"to": [9.1, -3, 9.1],
			"rotation": {"angle": 0, "axis": "y", "origin": [16, -6.5, 0]},
			"faces": {
				"north": {"uv": [9, 6.75, 9.5, 7], "texture": "#0"},
				"east": {"uv": [9, 7, 9.5, 7.25], "texture": "#0"},
				"south": {"uv": [9, 7.25, 9.5, 7.5], "texture": "#0"},
				"west": {"uv": [9, 7.5, 9.5, 7.75], "texture": "#0"},
				"up": {"uv": [1, 9.25, 0.5, 8.75], "texture": "#0"},
				"down": {"uv": [1.5, 8.75, 1, 9.25], "texture": "#0"}
			}
		},
		{
			"from": [3.18629, 3, -1.5],
			"to": [6.18629, 5, 1.5],
			"rotation": {"angle": 45, "axis": "y", "origin": [16, 5, 0]},
			"faces": {
				"north": {"uv": [6.5, 7.75, 7.25, 8.25], "texture": "#0"},
				"east": {"uv": [7.75, 6.75, 8.5, 7.25], "texture": "#0"},
				"south": {"uv": [7.25, 7.75, 8, 8.25], "texture": "#0"},
				"west": {"uv": [7.75, 7.25, 8.5, 7.75], "texture": "#0"},
				"up": {"uv": [4.75, 7, 4, 6.25], "texture": "#0"},
				"down": {"uv": [5.5, 6.25, 4.75, 7], "texture": "#0"}
			}
		},
		{
			"from": [3.18629, 0, -1.5],
			"to": [6.18629, 3, -1.5],
			"rotation": {"angle": 45, "axis": "y", "origin": [16, 5, 0]},
			"faces": {
				"north": {"uv": [6.5, 0, 7.25, 0.75], "texture": "#0"},
				"east": {"uv": [0, 0, 0, 0.75], "texture": "#0"},
				"south": {"uv": [7.25, 0, 6.5, 0.75], "texture": "#0"},
				"west": {"uv": [0, 0, 0, 0.75], "texture": "#0"},
				"up": {"uv": [0.75, 0, 0, 0], "texture": "#0"},
				"down": {"uv": [0.75, 0, 0, 0], "texture": "#0"}
			}
		},
		{
			"from": [6.18629, 0, -1.5],
			"to": [6.18629, 3, 1.5],
			"rotation": {"angle": 45, "axis": "y", "origin": [16, 5, 0]},
			"faces": {
				"north": {"uv": [0, 0, 0, 0.75], "texture": "#0"},
				"east": {"uv": [6.5, 1.5, 7.25, 2.25], "texture": "#0"},
				"south": {"uv": [0, 0, 0, 0.75], "texture": "#0"},
				"west": {"uv": [7.25, 1.5, 6.5, 2.25], "texture": "#0"},
				"up": {"uv": [0, 0.75, 0, 0], "texture": "#0"},
				"down": {"uv": [0, 0, 0, 0.75], "texture": "#0"}
			}
		},
		{
			"from": [3.18629, 0, -1.5],
			"to": [3.18629, 3, 1.5],
			"rotation": {"angle": 45, "axis": "y", "origin": [16, 5, 0]},
			"faces": {
				"north": {"uv": [0, 0, 0, 0.75], "texture": "#0"},
				"east": {"uv": [7.25, 5.5, 6.5, 6.25], "texture": "#0"},
				"south": {"uv": [0, 0, 0, 0.75], "texture": "#0"},
				"west": {"uv": [6.5, 5.5, 7.25, 6.25], "texture": "#0"},
				"up": {"uv": [0, 0.75, 0, 0], "texture": "#0"},
				"down": {"uv": [0, 0, 0, 0.75], "texture": "#0"}
			}
		},
		{
			"from": [3.18629, 0, 1.5],
			"to": [6.18629, 3, 1.5],
			"rotation": {"angle": 45, "axis": "y", "origin": [16, 5, 0]},
			"faces": {
				"north": {"uv": [7.75, 2.25, 7, 3], "texture": "#0"},
				"east": {"uv": [0, 0, 0, 0.75], "texture": "#0"},
				"south": {"uv": [7, 2.25, 7.75, 3], "texture": "#0"},
				"west": {"uv": [0, 0, 0, 0.75], "texture": "#0"},
				"up": {"uv": [0.75, 0, 0, 0], "texture": "#0"},
				"down": {"uv": [0.75, 0, 0, 0], "texture": "#0"}
			}
		},
		{
			"from": [6, 7.64124, 1.64124],
			"to": [10, 12.64124, 6.64124],
			"rotation": {"angle": -45, "axis": "x", "origin": [8, 14, 8]},
			"faces": {
				"north": {"uv": [1, 2.5, 2, 3.75], "texture": "#0"},
				"east": {"uv": [4.25, 0.75, 5.5, 2], "texture": "#0"},
				"south": {"uv": [1, 3.75, 2, 5], "texture": "#0"},
				"west": {"uv": [4.25, 2, 5.5, 3.25], "texture": "#0"},
				"up": {"uv": [3, 6, 2, 4.75], "texture": "#0"},
				"down": {"uv": [4, 4.75, 3, 6], "texture": "#0"}
			}
		},
		{
			"from": [7, 9.15711, 4.19289],
			"to": [9, 12.15711, 7.19289],
			"rotation": {"angle": -45, "axis": "x", "origin": [8, 9, 8]},
			"faces": {
				"north": {"uv": [8.5, 0, 8, 0.75], "texture": "#0"},
				"east": {"uv": [7.75, 3, 7, 3.75], "texture": "#0"},
				"south": {"uv": [0.5, 8, 0, 8.75], "texture": "#0"},
				"west": {"uv": [4.75, 7, 4, 7.75], "texture": "#0"},
				"up": {"uv": [1, 8, 0.5, 8.75], "texture": "#0"},
				"down": {"uv": [8.5, 1.5, 8, 0.75], "texture": "#0"}
			}
		},
		{
			"from": [7, 9.15711, 8.80711],
			"to": [9, 12.15711, 11.80711],
			"rotation": {"angle": 45, "axis": "x", "origin": [8, 9, 8]},
			"faces": {
				"north": {"uv": [0, 8, 0.5, 8.75], "texture": "#0"},
				"east": {"uv": [7, 3, 7.75, 3.75], "texture": "#0"},
				"south": {"uv": [8, 0, 8.5, 0.75], "texture": "#0"},
				"west": {"uv": [4, 7, 4.75, 7.75], "texture": "#0"},
				"up": {"uv": [1, 8.75, 0.5, 8], "texture": "#0"},
				"down": {"uv": [8.5, 0.75, 8, 1.5], "texture": "#0"}
			}
		},
		{
			"from": [6.5, -5.46447, -11.46447],
			"to": [9.5, -2.46447, -8.46447],
			"rotation": {"angle": -45, "axis": "x", "origin": [8, 14, 8]},
			"faces": {
				"north": {"uv": [4.75, 7, 5.5, 7.75], "texture": "#0"},
				"east": {"uv": [6.5, 7, 7.25, 7.75], "texture": "#0"},
				"south": {"uv": [0, 7.25, 0.75, 8], "texture": "#0"},
				"west": {"uv": [7.25, 0, 8, 0.75], "texture": "#0"},
				"up": {"uv": [1.5, 8, 0.75, 7.25], "texture": "#0"},
				"down": {"uv": [8, 0.75, 7.25, 1.5], "texture": "#0"}
			}
		},
		{
			"from": [7.75, -13.13678, 9.3667],
			"to": [8.25, -10.13678, 11.3667],
			"rotation": {"angle": -22.5, "axis": "x", "origin": [8, -13, 8]},
			"faces": {
				"north": {"uv": [9, 7.75, 9.125, 8.5], "texture": "#0"},
				"east": {"uv": [1, 8, 1.5, 8.75], "texture": "#0"},
				"south": {"uv": [9, 8.5, 9.125, 9.25], "texture": "#0"},
				"west": {"uv": [8, 1.5, 8.5, 2.25], "texture": "#0"},
				"up": {"uv": [0.375, 9.75, 0.25, 9.25], "texture": "#0"},
				"down": {"uv": [0.625, 9.25, 0.5, 9.75], "texture": "#0"}
			}
		},
		{
			"from": [7.75, -13.13678, 4.6333],
			"to": [8.25, -10.13678, 6.6333],
			"rotation": {"angle": 22.5, "axis": "x", "origin": [8, -13, 8]},
			"faces": {
				"north": {"uv": [8.75, 9, 8.875, 9.75], "texture": "#0"},
				"east": {"uv": [3, 8, 3.5, 8.75], "texture": "#0"},
				"south": {"uv": [0, 9.25, 0.125, 10], "texture": "#0"},
				"west": {"uv": [8, 3.75, 8.5, 4.5], "texture": "#0"},
				"up": {"uv": [9.375, 1, 9.25, 0.5], "texture": "#0"},
				"down": {"uv": [0.875, 9.25, 0.75, 9.75], "texture": "#0"}
			}
		},
		{
			"from": [7.5, -6.46447, -12.46447],
			"to": [8.5, -3.46447, -9.46447],
			"rotation": {"angle": -45, "axis": "x", "origin": [8, 14, 8]},
			"faces": {
				"north": {"uv": [8.75, 5.25, 9, 6], "texture": "#0"},
				"east": {"uv": [7.25, 1.5, 8, 2.25], "texture": "#0"},
				"south": {"uv": [5.75, 8.75, 6, 9.5], "texture": "#0"},
				"west": {"uv": [3, 7.25, 3.75, 8], "texture": "#0"},
				"up": {"uv": [6.25, 9.5, 6, 8.75], "texture": "#0"},
				"down": {"uv": [6.5, 8.75, 6.25, 9.5], "texture": "#0"}
			}
		}
	],
	"gui_light": "front",
	"display": {
		"thirdperson_righthand": {
			"translation": [0, 7.25, 1.25],
			"scale": [0.8, 0.8, 0.8]
		},
		"thirdperson_lefthand": {
			"translation": [0, 7.25, 1.25],
			"scale": [0.8, 0.8, 0.8]
		},
		"firstperson_righthand": {
			"rotation": [-13, 10, 0],
			"translation": [13, 0, -10]
		},
		"firstperson_lefthand": {
			"rotation": [-13, 10, 0],
			"translation": [13, 0, -10]
		},
		"ground": {
			"rotation": [0, 0, 78],
			"translation": [-2.75, 0, 0],
			"scale": [0.6, 0.6, 0.6]
		},
		"gui": {
			"rotation": [68, -46, 77],
			"translation": [-1.25, 1.5, 0],
			"scale": [0.6, 0.6, 0.6]
		},
		"fixed": {
			"rotation": [0, -90, 0],
			"translation": [0, 0, -2.25]
		}
	},
	"groups": [
		{
			"name": "bone",
			"origin": [8, -1, 0],
			"rotation": [0, 90, 0],
			"color": 0,
			"boneType": "",
			"children": [
				0,
				{
					"name": "group2",
					"origin": [7.32373, 16.79684, 7.32373],
					"rotation": [0, -90, 0],
					"color": 0,
					"boneType": "",
					"children": []
				},
				{
					"name": "group",
					"origin": [8, -1, 0],
					"color": 0,
					"boneType": "",
					"children": [1, 2, 3, 4, 5, 6, 7, 8, 9, 10, 11, 12, 13, 14, 15, 16, 17, 18, 19]
				}
			]
		}
	]
}