{
	"textures": {
		"0": "item/crates/frost22_crate/sword"
	},
	"elements": [
		{
			"from": [8.51647, -13.74765, 7.8],
			"to": [10.11647, -11.34765, 8.2],
			"rotation": {"angle": 22.5, "axis": "z", "origin": [9.68, -12.56, 8]},
			"faces": {
				"north": {"uv": [9.25, 10.5, 9.75, 11.25], "texture": "#0"},
				"east": {"uv": [4.25, 12, 4.375, 12.75], "texture": "#0"},
				"south": {"uv": [10.75, 6, 11.25, 6.75], "texture": "#0"},
				"west": {"uv": [12, 4.25, 12.125, 5], "texture": "#0"},
				"up": {"uv": [6.25, 12.125, 5.75, 12], "texture": "#0"},
				"down": {"uv": [12.5, 5.75, 12, 5.875], "texture": "#0"}
			}
		},
		{
			"from": [7.2, -12.8, 7.2],
			"to": [8.8, -2.4, 8.8],
			"rotation": {"angle": 0, "axis": "y", "origin": [7.2, -5.6, 1.6]},
			"faces": {
				"north": {"uv": [0.5, 8.25, 1, 11.5], "texture": "#0"},
				"east": {"uv": [1, 8.25, 1.5, 11.5], "texture": "#0"},
				"south": {"uv": [1.5, 8.25, 2, 11.5], "texture": "#0"},
				"west": {"uv": [2, 8.25, 2.5, 11.5], "texture": "#0"},
				"up": {"uv": [6, 11.75, 5.5, 11.25], "texture": "#0"},
				"down": {"uv": [6.5, 11.25, 6, 11.75], "texture": "#0"}
			}
		},
		{
			"from": [6.8, -2.4, 6.8],
			"to": [9.2, -0.8, 9.2],
			"rotation": {"angle": -45, "axis": "y", "origin": [8, -1.6, 8]},
			"faces": {
				"north": {"uv": [6.75, 10.75, 7.5, 11.25], "texture": "#0"},
				"east": {"uv": [10.75, 6.75, 11.5, 7.25], "texture": "#0"},
				"south": {"uv": [10.75, 7.25, 11.5, 7.75], "texture": "#0"},
				"west": {"uv": [10.75, 7.75, 11.5, 8.25], "texture": "#0"},
				"up": {"uv": [10.5, 1.75, 9.75, 1], "texture": "#0"},
				"down": {"uv": [10.5, 1.75, 9.75, 2.5], "texture": "#0"}
			}
		},
		{
			"from": [3.2, -12.8, 6.8],
			"to": [5.6, -10.4, 9.2],
			"rotation": {"angle": 45, "axis": "z", "origin": [8, -8, 1.6]},
			"faces": {
				"north": {"uv": [9.75, 2.5, 10.5, 3.25], "texture": "#0"},
				"east": {"uv": [9.75, 3.25, 10.5, 4], "texture": "#0"},
				"south": {"uv": [9.75, 4, 10.5, 4.75], "texture": "#0"},
				"west": {"uv": [5, 9.75, 5.75, 10.5], "texture": "#0"},
				"up": {"uv": [9, 10.5, 8.25, 9.75], "texture": "#0"},
				"down": {"uv": [10.5, 8.5, 9.75, 9.25], "texture": "#0"}
			}
		},
		{
			"from": [2.4, -13.6, 7.6],
			"to": [4.8, -11.2, 8.4],
			"rotation": {"angle": 45, "axis": "z", "origin": [8, -8, 1.6]},
			"faces": {
				"north": {"uv": [9, 9.75, 9.75, 10.5], "texture": "#0"},
				"east": {"uv": [7.25, 8.25, 7.5, 9], "texture": "#0"},
				"south": {"uv": [9.75, 9.25, 10.5, 10], "texture": "#0"},
				"west": {"uv": [7.25, 10, 7.5, 10.75], "texture": "#0"},
				"up": {"uv": [11.5, 8.5, 10.75, 8.25], "texture": "#0"},
				"down": {"uv": [11.75, 9.75, 11, 10], "texture": "#0"}
			}
		},
		{
			"from": [5.88353, -13.74765, 7.8],
			"to": [7.48353, -11.34765, 8.2],
			"rotation": {"angle": -22.5, "axis": "z", "origin": [6.32, -12.56, 8]},
			"faces": {
				"north": {"uv": [9.75, 10.75, 10.25, 11.5], "texture": "#0"},
				"east": {"uv": [4.5, 12, 4.625, 12.75], "texture": "#0"},
				"south": {"uv": [11, 0, 11.5, 0.75], "texture": "#0"},
				"west": {"uv": [4.75, 12, 4.875, 12.75], "texture": "#0"},
				"up": {"uv": [6.75, 12.125, 6.25, 12], "texture": "#0"},
				"down": {"uv": [12.5, 6.5, 12, 6.625], "texture": "#0"}
			}
		},
		{
			"from": [7.12, -3.2, 7.12],
			"to": [8.88, -2.4, 8.88],
			"rotation": {"angle": 0, "axis": "y", "origin": [7.2, 4, 1.6]},
			"faces": {
				"north": {"uv": [9.25, 8.5, 9.75, 8.75], "texture": "#0"},
				"east": {"uv": [9.75, 4.75, 10.25, 5], "texture": "#0"},
				"south": {"uv": [5.75, 9.75, 6.25, 10], "texture": "#0"},
				"west": {"uv": [10.5, 4.5, 11, 4.75], "texture": "#0"},
				"up": {"uv": [11.75, 6.5, 11.25, 6], "texture": "#0"},
				"down": {"uv": [7, 11.25, 6.5, 11.75], "texture": "#0"}
			}
		},
		{
			"from": [7.12, -4.8, 7.12],
			"to": [8.88, -4, 8.88],
			"rotation": {"angle": 0, "axis": "y", "origin": [7.2, 4, 1.6]},
			"faces": {
				"north": {"uv": [11, 5.25, 11.5, 5.5], "texture": "#0"},
				"east": {"uv": [5.5, 11.75, 6, 12], "texture": "#0"},
				"south": {"uv": [6, 11.75, 6.5, 12], "texture": "#0"},
				"west": {"uv": [11.75, 6, 12.25, 6.25], "texture": "#0"},
				"up": {"uv": [7.5, 11.75, 7, 11.25], "texture": "#0"},
				"down": {"uv": [9.75, 11.25, 9.25, 11.75], "texture": "#0"}
			}
		},
		{
			"from": [7.12, -6.4, 7.12],
			"to": [8.88, -5.6, 8.88],
			"rotation": {"angle": 0, "axis": "y", "origin": [7.2, 4, 1.6]},
			"faces": {
				"north": {"uv": [11.75, 6.25, 12.25, 6.5], "texture": "#0"},
				"east": {"uv": [6.5, 11.75, 7, 12], "texture": "#0"},
				"south": {"uv": [7, 11.75, 7.5, 12], "texture": "#0"},
				"west": {"uv": [7.5, 11.75, 8, 12], "texture": "#0"},
				"up": {"uv": [11.75, 11.5, 11.25, 11], "texture": "#0"},
				"down": {"uv": [12, 0, 11.5, 0.5], "texture": "#0"}
			}
		},
		{
			"from": [7.12, -8, 7.12],
			"to": [8.88, -7.2, 8.88],
			"rotation": {"angle": 0, "axis": "y", "origin": [7.2, 4, 1.6]},
			"faces": {
				"north": {"uv": [9.25, 11.75, 9.75, 12], "texture": "#0"},
				"east": {"uv": [11.75, 9.75, 12.25, 10], "texture": "#0"},
				"south": {"uv": [11.75, 10, 12.25, 10.25], "texture": "#0"},
				"west": {"uv": [10.25, 11.75, 10.75, 12], "texture": "#0"},
				"up": {"uv": [1, 12, 0.5, 11.5], "texture": "#0"},
				"down": {"uv": [1.5, 11.5, 1, 12], "texture": "#0"}
			}
		},
		{
			"from": [7.12, -11.2, 7.12],
			"to": [8.88, -10.4, 8.88],
			"rotation": {"angle": 0, "axis": "y", "origin": [7.2, 4, 1.6]},
			"faces": {
				"north": {"uv": [11.75, 10.25, 12.25, 10.5], "texture": "#0"},
				"east": {"uv": [11.75, 10.5, 12.25, 10.75], "texture": "#0"},
				"south": {"uv": [10.75, 11.75, 11.25, 12], "texture": "#0"},
				"west": {"uv": [11.75, 11, 12.25, 11.25], "texture": "#0"},
				"up": {"uv": [2, 12, 1.5, 11.5], "texture": "#0"},
				"down": {"uv": [2.5, 11.5, 2, 12], "texture": "#0"}
			}
		},
		{
			"from": [7.12, -9.6, 7.12],
			"to": [8.88, -8.8, 8.88],
			"rotation": {"angle": 0, "axis": "y", "origin": [7.2, 4, 1.6]},
			"faces": {
				"north": {"uv": [11.75, 11.25, 12.25, 11.5], "texture": "#0"},
				"east": {"uv": [11.75, 11.5, 12.25, 11.75], "texture": "#0"},
				"south": {"uv": [11.75, 11.75, 12.25, 12], "texture": "#0"},
				"west": {"uv": [12, 0, 12.5, 0.25], "texture": "#0"},
				"up": {"uv": [12, 4.5, 11.5, 4], "texture": "#0"},
				"down": {"uv": [12, 4.5, 11.5, 5], "texture": "#0"}
			}
		},
		{
			"from": [7.6, -1.6, 6],
			"to": [10.8, 1.6, 10],
			"rotation": {"angle": 45, "axis": "z", "origin": [8, -1.2, 8]},
			"faces": {
				"north": {"uv": [8.25, 7.75, 9.25, 8.75], "texture": "#0"},
				"east": {"uv": [5, 8.25, 6.25, 9.25], "texture": "#0"},
				"south": {"uv": [8.75, 0, 9.75, 1], "texture": "#0"},
				"west": {"uv": [8.25, 5.5, 9.5, 6.5], "texture": "#0"},
				"up": {"uv": [7.25, 9.5, 6.25, 8.25], "texture": "#0"},
				"down": {"uv": [9.25, 6.5, 8.25, 7.75], "texture": "#0"}
			}
		},
		{
			"from": [4, -1.6, 7.2],
			"to": [8.8, 0, 8.8],
			"rotation": {"angle": -22.5, "axis": "z", "origin": [7.2, 0, 7.2]},
			"faces": {
				"north": {"uv": [8.75, 5, 10.25, 5.5], "texture": "#0"},
				"east": {"uv": [5, 11.5, 5.5, 12], "texture": "#0"},
				"south": {"uv": [8.25, 8.75, 9.75, 9.25], "texture": "#0"},
				"west": {"uv": [11.5, 5, 12, 5.5], "texture": "#0"},
				"up": {"uv": [10.75, 7, 9.25, 6.5], "texture": "#0"},
				"down": {"uv": [10.75, 7, 9.25, 7.5], "texture": "#0"}
			}
		},
		{
			"from": [1.97542, 1.35642, 7.4],
			"to": [5.97542, 2.95642, 8.6],
			"rotation": {"angle": 45, "axis": "z", "origin": [7.2, 0, 7.2]},
			"faces": {
				"north": {"uv": [5, 9.25, 6.25, 9.75], "texture": "#0"},
				"east": {"uv": [11.5, 8.5, 11.875, 9], "texture": "#0"},
				"south": {"uv": [9.5, 5.5, 10.75, 6], "texture": "#0"},
				"west": {"uv": [11.5, 9, 11.875, 9.5], "texture": "#0"},
				"up": {"uv": [3.75, 11.125, 2.5, 10.75], "texture": "#0"},
				"down": {"uv": [5, 10.75, 3.75, 11.125], "texture": "#0"}
			}
		},
		{
			"from": [2.548, -4.34123, 7.6],
			"to": [4.148, -1.94123, 8.4],
			"rotation": {"angle": 22.5, "axis": "z", "origin": [2.54, -2.74, 8.4]},
			"faces": {
				"north": {"uv": [11, 4.5, 11.5, 5.25], "texture": "#0"},
				"east": {"uv": [9, 11.5, 9.25, 12.25], "texture": "#0"},
				"south": {"uv": [7.5, 11, 8, 11.75], "texture": "#0"},
				"west": {"uv": [9.75, 11.5, 10, 12.25], "texture": "#0"},
				"up": {"uv": [12.5, 0.5, 12, 0.25], "texture": "#0"},
				"down": {"uv": [1, 12, 0.5, 12.25], "texture": "#0"}
			}
		},
		{
			"from": [4.8, -1.6, 7.6],
			"to": [7.2, 0.8, 8.4],
			"rotation": {"angle": 22.5, "axis": "z", "origin": [8, -1.6, 8]},
			"faces": {
				"north": {"uv": [2.5, 10, 3.25, 10.75], "texture": "#0"},
				"east": {"uv": [10, 11.5, 10.25, 12.25], "texture": "#0"},
				"south": {"uv": [3.25, 10, 4, 10.75], "texture": "#0"},
				"west": {"uv": [11.5, 10, 11.75, 10.75], "texture": "#0"},
				"up": {"uv": [12.25, 0.75, 11.5, 0.5], "texture": "#0"},
				"down": {"uv": [12.25, 9.5, 11.5, 9.75], "texture": "#0"}
			}
		},
		{
			"from": [8.8, -1.6, 7.6],
			"to": [11.2, 0.8, 8.4],
			"rotation": {"angle": -22.5, "axis": "z", "origin": [8, -1.6, 8]},
			"faces": {
				"north": {"uv": [5.75, 10, 6.5, 10.75], "texture": "#0"},
				"east": {"uv": [11.25, 11.5, 11.5, 12.25], "texture": "#0"},
				"south": {"uv": [6.5, 10, 7.25, 10.75], "texture": "#0"},
				"west": {"uv": [11.5, 11.5, 11.75, 12.25], "texture": "#0"},
				"up": {"uv": [12.25, 11, 11.5, 10.75], "texture": "#0"},
				"down": {"uv": [12.5, 0.75, 11.75, 1], "texture": "#0"}
			}
		},
		{
			"from": [7.2, -1.6, 7.2],
			"to": [12, 0, 8.8],
			"rotation": {"angle": 22.5, "axis": "z", "origin": [8.8, 0, 7.2]},
			"faces": {
				"north": {"uv": [9.25, 7.5, 10.75, 8], "texture": "#0"},
				"east": {"uv": [11.5, 6.5, 12, 7], "texture": "#0"},
				"south": {"uv": [9.25, 8, 10.75, 8.5], "texture": "#0"},
				"west": {"uv": [11.5, 7, 12, 7.5], "texture": "#0"},
				"up": {"uv": [9.75, 9.75, 8.25, 9.25], "texture": "#0"},
				"down": {"uv": [4, 9.5, 2.5, 10], "texture": "#0"}
			}
		},
		{
			"from": [10.02458, 1.35642, 7.4],
			"to": [14.02458, 2.95642, 8.6],
			"rotation": {"angle": -45, "axis": "z", "origin": [8.8, 0, 7.2]},
			"faces": {
				"north": {"uv": [9.5, 6, 10.75, 6.5], "texture": "#0"},
				"east": {"uv": [11.75, 1, 12.125, 1.5], "texture": "#0"},
				"south": {"uv": [6.25, 9.5, 7.5, 10], "texture": "#0"},
				"west": {"uv": [11.75, 1.5, 12.125, 2], "texture": "#0"},
				"up": {"uv": [6.75, 11.125, 5.5, 10.75], "texture": "#0"},
				"down": {"uv": [12, 5.5, 10.75, 5.875], "texture": "#0"}
			}
		},
		{
			"from": [11.852, -4.34123, 7.6],
			"to": [13.452, -1.94123, 8.4],
			"rotation": {"angle": -22.5, "axis": "z", "origin": [13.46, -2.74, 8.4]},
			"faces": {
				"north": {"uv": [11, 9, 11.5, 9.75], "texture": "#0"},
				"east": {"uv": [11.75, 2, 12, 2.75], "texture": "#0"},
				"south": {"uv": [10.25, 11, 10.75, 11.75], "texture": "#0"},
				"west": {"uv": [3.5, 11.75, 3.75, 12.5], "texture": "#0"},
				"up": {"uv": [1.5, 12.25, 1, 12], "texture": "#0"},
				"down": {"uv": [2, 12, 1.5, 12.25], "texture": "#0"}
			}
		},
		{
			"from": [11.75195, -0.37748, 7.6],
			"to": [13.35195, 1.22252, 8.4],
			"rotation": {"angle": 0, "axis": "y", "origin": [8.8, 0, 7.2]},
			"faces": {
				"north": {"uv": [11.5, 7.5, 12, 8], "texture": "#0"},
				"east": {"uv": [7.25, 9, 7.5, 9.5], "texture": "#0"},
				"south": {"uv": [8, 11.5, 8.5, 12], "texture": "#0"},
				"west": {"uv": [8, 11, 8.25, 11.5], "texture": "#0"},
				"up": {"uv": [2.5, 12.25, 2, 12], "texture": "#0"},
				"down": {"uv": [12.5, 2, 12, 2.25], "texture": "#0"}
			}
		},
		{
			"from": [8.43137, 0.58274, 7.6],
			"to": [10.03137, 2.98274, 8.4],
			"rotation": {"angle": -45, "axis": "z", "origin": [8.8, 0, 7.2]},
			"faces": {
				"north": {"uv": [2.5, 11.25, 3, 12], "texture": "#0"},
				"east": {"uv": [3.75, 11.75, 4, 12.5], "texture": "#0"},
				"south": {"uv": [3, 11.25, 3.5, 12], "texture": "#0"},
				"west": {"uv": [4, 11.75, 4.25, 12.5], "texture": "#0"},
				"up": {"uv": [12.5, 2.5, 12, 2.25], "texture": "#0"},
				"down": {"uv": [3, 12, 2.5, 12.25], "texture": "#0"}
			}
		},
		{
			"from": [4.21726, -1.23137, 7.6],
			"to": [6.61726, 0.36863, 8.4],
			"rotation": {"angle": -45, "axis": "z", "origin": [7.2, 0, 7.2]},
			"faces": {
				"north": {"uv": [11.25, 3, 12, 3.5], "texture": "#0"},
				"east": {"uv": [3, 12, 3.25, 12.5], "texture": "#0"},
				"south": {"uv": [3.5, 11.25, 4.25, 11.75], "texture": "#0"},
				"west": {"uv": [12, 3, 12.25, 3.5], "texture": "#0"},
				"up": {"uv": [12.5, 3, 11.75, 2.75], "texture": "#0"},
				"down": {"uv": [5, 11.75, 4.25, 12], "texture": "#0"}
			}
		},
		{
			"from": [2.64805, -0.37748, 7.6],
			"to": [4.24805, 1.22252, 8.4],
			"rotation": {"angle": 0, "axis": "y", "origin": [7.2, 0, 7.2]},
			"faces": {
				"north": {"uv": [11.5, 8, 12, 8.5], "texture": "#0"},
				"east": {"uv": [3.25, 12, 3.5, 12.5], "texture": "#0"},
				"south": {"uv": [8.5, 11.5, 9, 12], "texture": "#0"},
				"west": {"uv": [12, 3.5, 12.25, 4], "texture": "#0"},
				"up": {"uv": [12.5, 2.75, 12, 2.5], "texture": "#0"},
				"down": {"uv": [12.5, 4, 12, 4.25], "texture": "#0"}
			}
		},
		{
			"from": [9.2, 0, 6.8],
			"to": [11.6, 2.4, 9.2],
			"rotation": {"angle": 45, "axis": "z", "origin": [8, -1.2, 8]},
			"faces": {
				"north": {"uv": [9.75, 10, 10.5, 10.75], "texture": "#0"},
				"east": {"uv": [10.25, 4.75, 11, 5.5], "texture": "#0"},
				"south": {"uv": [10.5, 1, 11.25, 1.75], "texture": "#0"},
				"west": {"uv": [10.5, 1.75, 11.25, 2.5], "texture": "#0"},
				"up": {"uv": [11.25, 3.25, 10.5, 2.5], "texture": "#0"},
				"down": {"uv": [11.25, 3.25, 10.5, 4], "texture": "#0"}
			}
		},
		{
			"from": [6.8, 2.64, 7.2],
			"to": [9.2, 20.24, 8.8],
			"rotation": {"angle": 0, "axis": "y", "origin": [6.8, 3.04, 1.6]},
			"faces": {
				"north": {"uv": [7.5, 0, 8.25, 5.5], "texture": "#0"},
				"east": {"uv": [0, 8.25, 0.5, 13.75], "texture": "#0"},
				"south": {"uv": [8.25, 0, 7.5, 5.5], "texture": "#0"},
				"west": {"uv": [8.25, 0, 8.75, 5.5], "texture": "#0"},
				"up": {"uv": [12, 4, 11.25, 3.5], "texture": "#0"},
				"down": {"uv": [5, 11.25, 4.25, 11.75], "texture": "#0"}
			}
		},
		{
			"from": [13.2, 3.84, 7.22],
			"to": [16.4, 7.04, 8.78],
			"rotation": {"angle": 45, "axis": "z", "origin": [8, -1.36, 8]},
			"faces": {
				"north": {"uv": [8.75, 1, 9.75, 2], "texture": "#0"},
				"east": {"uv": [5, 10.5, 5.5, 11.5], "texture": "#0"},
				"south": {"uv": [9.75, 1, 8.75, 2], "texture": "#0"},
				"west": {"uv": [8.25, 10.5, 8.75, 11.5], "texture": "#0"},
				"up": {"uv": [11.5, 4.5, 10.5, 4], "texture": "#0"},
				"down": {"uv": [11.5, 8.5, 10.5, 9], "texture": "#0"}
			}
		},
		{
			"from": [10.8, 1.6, 7.22],
			"to": [14.8, 5.6, 8.78],
			"rotation": {"angle": 45, "axis": "z", "origin": [8, -1.2, 8]},
			"faces": {
				"north": {"uv": [2.5, 8.25, 3.75, 9.5], "texture": "#0"},
				"east": {"uv": [4, 9.5, 4.5, 10.75], "texture": "#0"},
				"south": {"uv": [3.75, 8.25, 2.5, 9.5], "texture": "#0"},
				"west": {"uv": [4.5, 9.5, 5, 10.75], "texture": "#0"},
				"up": {"uv": [11, 0.5, 9.75, 0], "texture": "#0"},
				"down": {"uv": [11, 0.5, 9.75, 1], "texture": "#0"}
			}
		},
		{
			"from": [8.8, 20, 7.22],
			"to": [12, 23.2, 8.78],
			"rotation": {"angle": -45, "axis": "z", "origin": [8, 24, 8]},
			"faces": {
				"north": {"uv": [8.75, 3, 9.75, 4], "texture": "#0"},
				"east": {"uv": [8.75, 10.5, 9.25, 11.5], "texture": "#0"},
				"south": {"uv": [9.75, 3, 8.75, 4], "texture": "#0"},
				"west": {"uv": [10.5, 9, 11, 10], "texture": "#0"},
				"up": {"uv": [11.5, 10.5, 10.5, 10], "texture": "#0"},
				"down": {"uv": [11.5, 10.5, 10.5, 11], "texture": "#0"}
			}
		},
		{
			"from": [2, 0.8, 8],
			"to": [14, 27.2, 8],
			"rotation": {"angle": 0, "axis": "y", "origin": [6.8, 2.4, 1.6]},
			"faces": {
				"north": {"uv": [0, 0, 3.75, 8.25], "texture": "#0"},
				"east": {"uv": [0, 0, 0, 8.25], "texture": "#0"},
				"south": {"uv": [3.75, 0, 0, 8.25], "texture": "#0"},
				"west": {"uv": [0, 0, 0, 8.25], "texture": "#0"},
				"up": {"uv": [3.75, 0, 0, 0], "texture": "#0"},
				"down": {"uv": [3.75, 0, 0, 0], "texture": "#0"}
			}
		}
	],
	"gui_light": "front",
	"display": {
		"thirdperson_righthand": {
			"rotation": [0, 90, 0],
			"translation": [0, 12.75, 1.5]
		},
		"thirdperson_lefthand": {
			"rotation": [0, 90, 0],
			"translation": [0, 12.75, 1.5]
		},
		"firstperson_righthand": {
			"rotation": [0, -78, 5],
			"translation": [12.5, 5.5, -12]
		},
		"firstperson_lefthand": {
			"rotation": [0, -78, 5],
			"translation": [12.5, 5.5, -12]
		},
		"ground": {
			"rotation": [74, 0, 0],
			"translation": [0, 3, 1.25],
			"scale": [0.6, 0.6, 0.6]
		},
		"gui": {
			"rotation": [-20, 14, 43],
			"translation": [-1.25, 1.5, 0],
			"scale": [0.6, 0.6, 0.6]
		},
		"head": {
			"rotation": [5, 0, 142],
			"translation": [1.5, -18, 5.75],
			"scale": [1.4, 1.4, 1.4]
		},
		"fixed": {
			"translation": [0, 2.75, -2.75]
		}
	},
	"groups": [
		{
			"name": "main",
			"origin": [8, 8, 0],
			"color": 0,
			"boneType": "",
			"children": [
				{
					"name": "group",
					"origin": [6.32, -3.76, 0],
					"color": 0,
					"boneType": "",
					"children": [0, 1, 2, 3, 4, 5, 6, 7, 8, 9, 10, 11]
				},
				{
					"name": "group",
					"origin": [8, -1.2, 0],
					"color": 0,
					"boneType": "",
					"children": [12, 13, 14, 15, 16, 17, 18, 19, 20, 21, 22, 23, 24, 25, 26, 27, 28, 29, 30]
				}
			]
		}
	]
}