{
	"ambientocclusion": false,
	"textures": {
		"0": "item/crates/halloween21_crate/carnage_arms"
	},
	"elements": [
		{
			"from": [3, 0, 9],
			"to": [5, 5, 12],
			"rotation": {"angle": -45, "axis": "x", "origin": [3, 4.5, 8.5]},
			"faces": {
				"north": {"uv": [3.875, 4.625, 4.125, 5.25], "texture": "#0"},
				"east": {"uv": [1.875, 4.625, 2.25, 5.25], "texture": "#0"},
				"south": {"uv": [4.75, 1.625, 5, 2.25], "texture": "#0"},
				"west": {"uv": [2.375, 4.625, 2.75, 5.25], "texture": "#0"},
				"up": {"uv": [5.25, 3.375, 5, 3], "texture": "#0"},
				"down": {"uv": [3.375, 5, 3.125, 5.375], "texture": "#0"}
			}
		},
		{
			"from": [3.5, -4.25, 12],
			"to": [5.5, 3.75, 15],
			"rotation": {"angle": -45, "axis": "z", "origin": [3, 4.5, 8.5]},
			"faces": {
				"north": {"uv": [0.375, 4.625, 0.625, 5.625], "texture": "#0"},
				"east": {"uv": [4.25, 1.25, 4.625, 2.25], "texture": "#0"},
				"south": {"uv": [0.75, 4.625, 1, 5.625], "texture": "#0"},
				"west": {"uv": [4.5, 2.375, 4.875, 3.375], "texture": "#0"},
				"up": {"uv": [3.75, 5.375, 3.5, 5], "texture": "#0"},
				"down": {"uv": [5.375, 1.625, 5.125, 2], "texture": "#0"}
			}
		},
		{
			"from": [-3.5, -5, -0.25],
			"to": [-1.5, -2, 7.75],
			"rotation": {"angle": -45, "axis": "x", "origin": [3, 4.5, 8.5]},
			"faces": {
				"north": {"uv": [4.875, 5.125, 5.125, 5.5], "texture": "#0"},
				"east": {"uv": [4.5, 3.5, 5.5, 3.875], "texture": "#0"},
				"south": {"uv": [5.25, 4.5, 5.5, 4.875], "texture": "#0"},
				"west": {"uv": [4.5, 4, 5.5, 4.375], "texture": "#0"},
				"up": {"uv": [1.375, 5.625, 1.125, 4.625], "texture": "#0"},
				"down": {"uv": [1.75, 4.625, 1.5, 5.625], "texture": "#0"}
			}
		},
		{
			"from": [-4.5, -9, 3.75],
			"to": [-2.5, -5, 14.75],
			"rotation": {"angle": 22.5, "axis": "x", "origin": [3, 4.5, 8.5]},
			"faces": {
				"north": {"uv": [4.875, 4.5, 5.125, 5], "texture": "#0"},
				"east": {"uv": [4.25, 0, 5.625, 0.5], "texture": "#0"},
				"south": {"uv": [5, 2.375, 5.25, 2.875], "texture": "#0"},
				"west": {"uv": [4.25, 0.625, 5.625, 1.125], "texture": "#0"},
				"up": {"uv": [4.75, 5.875, 4.5, 4.5], "texture": "#0"},
				"down": {"uv": [0.25, 4.625, 0, 6], "texture": "#0"}
			}
		},
		{
			"from": [-4, -2.23494, -5.67824],
			"to": [-3, -0.23494, 1.32176],
			"rotation": {"angle": 45, "axis": "x", "origin": [-3.5, -2.23494, -2.67824]},
			"faces": {
				"north": {"uv": [4.25, 2.375, 4.375, 2.625], "texture": "#0"},
				"east": {"uv": [2.875, 4.625, 3.75, 4.875], "texture": "#0"},
				"south": {"uv": [4.25, 2.75, 4.375, 3], "texture": "#0"},
				"west": {"uv": [4.75, 1.25, 5.625, 1.5], "texture": "#0"},
				"up": {"uv": [4.375, 5.5, 4.25, 4.625], "texture": "#0"},
				"down": {"uv": [3, 5, 2.875, 5.875], "texture": "#0"}
			}
		},
		{
			"from": [-3.501, -11.84065, -2.05908],
			"to": [-3.501, -1.84065, 14.94092],
			"rotation": {"angle": 45, "axis": "x", "origin": [3.499, 4.65935, 6.69092]},
			"faces": {
				"north": {"uv": [5.25, 5, 5.25, 6.25], "texture": "#0"},
				"east": {"uv": [0, 3.25, 2.125, 4.5], "texture": "#0"},
				"south": {"uv": [1.875, 5.375, 1.875, 6.625], "texture": "#0"},
				"west": {"uv": [2.25, 3.25, 4.375, 4.5], "texture": "#0"},
				"up": {"uv": [2, 7.5, 2, 5.375], "texture": "#0"},
				"down": {"uv": [2.125, 5.375, 2.125, 7.5], "texture": "#0"}
			}
		},
		{
			"name": "back",
			"from": [-5.65756, -5, 15.65615],
			"to": [10.34244, 20, 15.65615],
			"rotation": {"angle": 45, "axis": "y", "origin": [2.34244, 7.5, 15.65615]},
			"faces": {
				"north": {"uv": [0, 0, 2, 3.125], "texture": "#0"},
				"east": {"uv": [2.25, 5.375, 2.25, 8.5], "texture": "#0"},
				"south": {"uv": [2.125, 0, 4.125, 3.125], "texture": "#0"},
				"west": {"uv": [2.375, 5.375, 2.375, 8.5], "texture": "#0"},
				"up": {"uv": [7.125, 2.125, 5.125, 2.125], "texture": "#0"},
				"down": {"uv": [7.125, 2.25, 5.125, 2.25], "texture": "#0"}
			}
		},
		{
			"name": "back",
			"from": [15.09259, -5, 22.87797],
			"to": [31.09259, 20, 22.87797],
			"rotation": {"angle": -45, "axis": "y", "origin": [27.09259, -5, 7.87797]},
			"faces": {
				"north": {"uv": [2, 0, 0, 3.125], "texture": "#0"},
				"east": {"uv": [2.375, 5.375, 2.375, 8.5], "texture": "#0"},
				"south": {"uv": [4.125, 0, 2.125, 3.125], "texture": "#0"},
				"west": {"uv": [2.25, 5.375, 2.25, 8.5], "texture": "#0"},
				"up": {"uv": [5.125, 2.125, 7.125, 2.125], "texture": "#0"},
				"down": {"uv": [5.125, 2.25, 7.125, 2.25], "texture": "#0"}
			}
		},
		{
			"from": [11, 0, 9],
			"to": [13, 5, 12],
			"rotation": {"angle": -45, "axis": "x", "origin": [13, 4.5, 8.5]},
			"faces": {
				"north": {"uv": [4.125, 4.625, 3.875, 5.25], "texture": "#0"},
				"east": {"uv": [2.75, 4.625, 2.375, 5.25], "texture": "#0"},
				"south": {"uv": [5, 1.625, 4.75, 2.25], "texture": "#0"},
				"west": {"uv": [2.25, 4.625, 1.875, 5.25], "texture": "#0"},
				"up": {"uv": [5, 3.375, 5.25, 3], "texture": "#0"},
				"down": {"uv": [3.125, 5, 3.375, 5.375], "texture": "#0"}
			}
		},
		{
			"from": [10.5, -4.25, 12],
			"to": [12.5, 3.75, 15],
			"rotation": {"angle": 45, "axis": "z", "origin": [13, 4.5, 8.5]},
			"faces": {
				"north": {"uv": [0.625, 4.625, 0.375, 5.625], "texture": "#0"},
				"east": {"uv": [4.875, 2.375, 4.5, 3.375], "texture": "#0"},
				"south": {"uv": [1, 4.625, 0.75, 5.625], "texture": "#0"},
				"west": {"uv": [4.625, 1.25, 4.25, 2.25], "texture": "#0"},
				"up": {"uv": [3.5, 5.375, 3.75, 5], "texture": "#0"},
				"down": {"uv": [5.125, 1.625, 5.375, 2], "texture": "#0"}
			}
		},
		{
			"from": [17.5, -5, -0.25],
			"to": [19.5, -2, 7.75],
			"rotation": {"angle": -45, "axis": "x", "origin": [13, 4.5, 8.5]},
			"faces": {
				"north": {"uv": [5.125, 5.125, 4.875, 5.5], "texture": "#0"},
				"east": {"uv": [5.5, 4, 4.5, 4.375], "texture": "#0"},
				"south": {"uv": [5.5, 4.5, 5.25, 4.875], "texture": "#0"},
				"west": {"uv": [5.5, 3.5, 4.5, 3.875], "texture": "#0"},
				"up": {"uv": [1.125, 5.625, 1.375, 4.625], "texture": "#0"},
				"down": {"uv": [1.5, 4.625, 1.75, 5.625], "texture": "#0"}
			}
		},
		{
			"from": [18.5, -9, 3.75],
			"to": [20.5, -5, 14.75],
			"rotation": {"angle": 22.5, "axis": "x", "origin": [13, 4.5, 8.5]},
			"faces": {
				"north": {"uv": [5.125, 4.5, 4.875, 5], "texture": "#0"},
				"east": {"uv": [5.625, 0.625, 4.25, 1.125], "texture": "#0"},
				"south": {"uv": [5.25, 2.375, 5, 2.875], "texture": "#0"},
				"west": {"uv": [5.625, 0, 4.25, 0.5], "texture": "#0"},
				"up": {"uv": [4.5, 5.875, 4.75, 4.5], "texture": "#0"},
				"down": {"uv": [0, 4.625, 0.25, 6], "texture": "#0"}
			}
		},
		{
			"from": [19, -2.23494, -5.67824],
			"to": [20, -0.23494, 1.32176],
			"rotation": {"angle": 45, "axis": "x", "origin": [19.5, -2.23494, -2.67824]},
			"faces": {
				"north": {"uv": [4.375, 2.375, 4.25, 2.625], "texture": "#0"},
				"east": {"uv": [5.625, 1.25, 4.75, 1.5], "texture": "#0"},
				"south": {"uv": [4.375, 2.75, 4.25, 3], "texture": "#0"},
				"west": {"uv": [3.75, 4.625, 2.875, 4.875], "texture": "#0"},
				"up": {"uv": [4.25, 5.5, 4.375, 4.625], "texture": "#0"},
				"down": {"uv": [2.875, 5, 3, 5.875], "texture": "#0"}
			}
		},
		{
			"from": [19.501, -11.84065, -2.05908],
			"to": [19.501, -1.84065, 14.94092],
			"rotation": {"angle": 45, "axis": "x", "origin": [12.501, 4.65935, 6.69092]},
			"faces": {
				"north": {"uv": [5.25, 5, 5.25, 6.25], "texture": "#0"},
				"east": {"uv": [4.375, 3.25, 2.25, 4.5], "texture": "#0"},
				"south": {"uv": [1.875, 5.375, 1.875, 6.625], "texture": "#0"},
				"west": {"uv": [2.125, 3.25, 0, 4.5], "texture": "#0"},
				"up": {"uv": [2, 7.5, 2, 5.375], "texture": "#0"},
				"down": {"uv": [2.125, 5.375, 2.125, 7.5], "texture": "#0"}
			}
		}
	],
	"gui_light": "front",
	"display": {
		"thirdperson_righthand": {
			"translation": [0, 0, -0.5],
			"scale": [0.25, 0.25, 0.25]
		},
		"thirdperson_lefthand": {
			"translation": [0, 0, -0.5],
			"scale": [0.25, 0.25, 0.25]
		},
		"firstperson_righthand": {
			"translation": [0, 2, 1],
			"scale": [0.25, 0.25, 0.25]
		},
		"firstperson_lefthand": {
			"translation": [0, 2, 1],
			"scale": [0.25, 0.25, 0.25]
		},
		"ground": {
			"scale": [0.2, 0.2, 0.2]
		},
		"gui": {
			"rotation": [30, -145, 0],
			"translation": [0, 2, 0],
			"scale": [0.45, 0.45, 0.45]
		},
		"head": {
			"translation": [0, -67.5, 0.25],
			"scale": [1.75, 1.75, 1.75]
		},
		"fixed": {
			"rotation": [-34, 0, 0],
			"translation": [0, 0, -4],
			"scale": [0.5, 0.5, 0.5]
		}
	},
	"groups": [
		{
			"name": "group",
			"origin": [-11.09259, 0, 7.87797],
			"color": 0,
			"children": [0, 1, 2, 3, 4, 5, 6, 7]
		},
		{
			"name": "group",
			"origin": [-11.09259, 0, 7.87797],
			"color": 0,
			"children": [8, 9, 10, 11, 12, 13]
		}
	]
}