{
	"textures": {
		"layer0": "manamodels:entity/casperpet"
	},
	"elements": [
		{
			"name": "head_0",
			"from": [7.7, 9.05, 5.3],
			"to": [8.3, 9.65, 5.9],
			"rotation": {"angle": 0, "axis": "z", "origin": [8, 8, 8]},
			"faces": {
				"north": {"uv": [14.5, 0.5, 14.75, 0.75], "texture": "#layer0", "tintindex": 0},
				"east": {"uv": [14.5, 1.25, 14.75, 1.5], "texture": "#layer0", "tintindex": 0},
				"south": {"uv": [14.5, 2.25, 14.75, 2.5], "texture": "#layer0", "tintindex": 0},
				"west": {"uv": [14.5, 3.75, 14.75, 4], "texture": "#layer0", "tintindex": 0},
				"up": {"uv": [14.5, 5, 14.75, 5.25], "texture": "#layer0", "tintindex": 0},
				"down": {"uv": [14.5, 6, 14.25, 6.25], "texture": "#layer0", "tintindex": 0}
			}
		},
		{
			"name": "head_1",
			"from": [5.6, 10.4, 5.75],
			"to": [10.4, 12.8, 10.55],
			"rotation": {"angle": 0, "axis": "z", "origin": [8, 8, 8]},
			"faces": {
				"north": {"uv": [0, 8.25, 2, 9.25], "texture": "#layer0", "tintindex": 0},
				"east": {"uv": [8.25, 3, 10.25, 4], "texture": "#layer0", "tintindex": 0},
				"south": {"uv": [8.25, 4.25, 10.25, 5.25], "texture": "#layer0", "tintindex": 0},
				"west": {"uv": [2.25, 8.5, 4.25, 9.5], "texture": "#layer0", "tintindex": 0},
				"up": {"uv": [2, 2, 0, 0], "texture": "#layer0", "tintindex": 0},
				"down": {"uv": [0, 2.25, 2, 4.25], "texture": "#layer0", "tintindex": 0}
			}
		},
		{
			"name": "head_2",
			"from": [6.5, 8, 5.9],
			"to": [9.5, 9.8, 9.5],
			"rotation": {"angle": 0, "axis": "z", "origin": [8, 8, 8]},
			"faces": {
				"north": {"uv": [6.75, 3, 8, 3.75], "texture": "#layer0", "tintindex": 0},
				"east": {"uv": [2, 9.75, 3.5, 10.5], "texture": "#layer0", "tintindex": 0},
				"south": {"uv": [10.5, 3, 11.75, 3.75], "texture": "#layer0", "tintindex": 0},
				"west": {"uv": [10, 8, 11.5, 8.75], "texture": "#layer0", "tintindex": 0},
				"up": {"uv": [8.25, 10, 7, 8.5], "texture": "#layer0", "tintindex": 0},
				"down": {"uv": [8.5, 8.5, 9.75, 10], "texture": "#layer0", "tintindex": 0}
			}
		},
		{
			"name": "head_3",
			"from": [8.6, 8.3, 5.6],
			"to": [9.8, 9.5, 6.8],
			"rotation": {"angle": 0, "axis": "z", "origin": [8, 8, 8]},
			"faces": {
				"north": {"uv": [11.5, 1, 12, 1.5], "texture": "#layer0", "tintindex": 0},
				"east": {"uv": [12.25, 11.25, 12.75, 11.75], "texture": "#layer0", "tintindex": 0},
				"south": {"uv": [12.25, 12, 12.75, 12.5], "texture": "#layer0", "tintindex": 0},
				"west": {"uv": [12.5, 0, 13, 0.5], "texture": "#layer0", "tintindex": 0},
				"up": {"uv": [13, 5.25, 12.5, 4.75], "texture": "#layer0", "tintindex": 0},
				"down": {"uv": [12.5, 5.5, 13, 6], "texture": "#layer0", "tintindex": 0}
			}
		},
		{
			"name": "head_4",
			"from": [5.9, 9.8, 5.9],
			"to": [10.1, 13.4, 10.1],
			"rotation": {"angle": 0, "axis": "z", "origin": [8, 8, 8]},
			"faces": {
				"north": {"uv": [5, 6, 6.75, 7.5], "texture": "#layer0", "tintindex": 0},
				"east": {"uv": [6.25, 4, 8, 5.5], "texture": "#layer0", "tintindex": 0},
				"south": {"uv": [0, 6.5, 1.75, 8], "texture": "#layer0", "tintindex": 0},
				"west": {"uv": [6.75, 0, 8.5, 1.5], "texture": "#layer0", "tintindex": 0},
				"up": {"uv": [6, 5.75, 4.25, 4], "texture": "#layer0", "tintindex": 0},
				"down": {"uv": [0, 4.5, 1.75, 6.25], "texture": "#layer0", "tintindex": 0}
			}
		},
		{
			"name": "head_5",
			"from": [6.2, 8.3, 5.6],
			"to": [7.4, 9.5, 6.8],
			"rotation": {"angle": 0, "axis": "z", "origin": [8, 8, 8]},
			"faces": {
				"north": {"uv": [12.5, 6.25, 13, 6.75], "texture": "#layer0", "tintindex": 0},
				"east": {"uv": [1.5, 12.75, 2, 13.25], "texture": "#layer0", "tintindex": 0},
				"south": {"uv": [2.25, 12.75, 2.75, 13.25], "texture": "#layer0", "tintindex": 0},
				"west": {"uv": [3, 12.75, 3.5, 13.25], "texture": "#layer0", "tintindex": 0},
				"up": {"uv": [13.25, 7.5, 12.75, 7], "texture": "#layer0", "tintindex": 0},
				"down": {"uv": [12.75, 7.75, 13.25, 8.25], "texture": "#layer0", "tintindex": 0}
			}
		}
	],
	"gui_light": "front",
	"display": {
		"gui": {
			"rotation": [35, 225, 0],
			"translation": [0, -4.75, 0],
			"scale": [2, 2, 2]
		},
		"head": {
			"translation": [0, -6.4, 0],
			"scale": [3.8095, 3.8095, 3.8095]
		}
	}
}