{
	"textures": {
		"0": "item/crates/halloween21_crate/frontman_mask"
	},
	"elements": [
		{
			"from": [4, 1.5, 4],
			"to": [12, 6.5, 5],
			"rotation": {"angle": 0, "axis": "y", "origin": [0, -0.5, 0]},
			"faces": {
				"north": {"uv": [0, 0, 2, 1.25], "texture": "#0"},
				"east": {"uv": [2, 4, 2.25, 5.25], "texture": "#0"},
				"south": {"uv": [0, 1.5, 2, 2.75], "texture": "#0"},
				"west": {"uv": [2.5, 4, 2.75, 5.25], "texture": "#0"},
				"up": {"uv": [4.25, 1.75, 2.25, 1.5], "texture": "#0"},
				"down": {"uv": [4.25, 2, 2.25, 2.25], "texture": "#0"}
			}
		},
		{
			"from": [4, 3.5, 5],
			"to": [4, 4.5, 12],
			"rotation": {"angle": 0, "axis": "y", "origin": [0, -0.5, 0]},
			"faces": {
				"north": {"uv": [0, 6.25, 0, 6.5], "texture": "#0"},
				"east": {"uv": [2.25, 3, 4, 3.25], "texture": "#0"},
				"south": {"uv": [0.25, 6.25, 0.25, 6.5], "texture": "#0"},
				"west": {"uv": [0, 3.5, 1.75, 3.75], "texture": "#0"},
				"up": {"uv": [0.5, 8, 0.5, 6.25], "texture": "#0"},
				"down": {"uv": [0.75, 6.25, 0.75, 8], "texture": "#0"}
			}
		},
		{
			"from": [12, 3.5, 5],
			"to": [12, 4.5, 12],
			"rotation": {"angle": 0, "axis": "y", "origin": [0, -0.5, 0]},
			"faces": {
				"north": {"uv": [1, 6.25, 1, 6.5], "texture": "#0"},
				"east": {"uv": [2, 3.5, 3.75, 3.75], "texture": "#0"},
				"south": {"uv": [6.25, 1, 6.25, 1.25], "texture": "#0"},
				"west": {"uv": [0, 4, 1.75, 4.25], "texture": "#0"},
				"up": {"uv": [1.25, 8, 1.25, 6.25], "texture": "#0"},
				"down": {"uv": [1.5, 6.25, 1.5, 8], "texture": "#0"}
			}
		},
		{
			"from": [4, 3.5, 12],
			"to": [12, 4.5, 12],
			"rotation": {"angle": 0, "axis": "y", "origin": [0, -0.5, 0]},
			"faces": {
				"north": {"uv": [2.25, 2.5, 4.25, 2.75], "texture": "#0"},
				"east": {"uv": [6.25, 1.5, 6.25, 1.75], "texture": "#0"},
				"south": {"uv": [0, 3, 2, 3.25], "texture": "#0"},
				"west": {"uv": [6.25, 2, 6.25, 2.25], "texture": "#0"},
				"up": {"uv": [8.25, 2.5, 6.25, 2.5], "texture": "#0"},
				"down": {"uv": [8.25, 2.75, 6.25, 2.75], "texture": "#0"}
			}
		},
		{
			"from": [5, -0.5, 4],
			"to": [11, 1.5, 5],
			"rotation": {"angle": 0, "axis": "y", "origin": [0, -4.5, 0]},
			"faces": {
				"north": {"uv": [2.25, 0, 3.75, 0.5], "texture": "#0"},
				"east": {"uv": [2.75, 5.75, 3, 6.25], "texture": "#0"},
				"south": {"uv": [2.25, 0.75, 3.75, 1.25], "texture": "#0"},
				"west": {"uv": [3.25, 5.75, 3.5, 6.25], "texture": "#0"},
				"up": {"uv": [5.5, 0.25, 4, 0], "texture": "#0"},
				"down": {"uv": [5.5, 0.5, 4, 0.75], "texture": "#0"}
			}
		},
		{
			"from": [7, -1.425, 3.75],
			"to": [9, -0.425, 5.75],
			"rotation": {"angle": -22.5, "axis": "x", "origin": [8, -1.5, 4.25]},
			"faces": {
				"north": {"uv": [0, 5, 0.5, 5.25], "texture": "#0"},
				"east": {"uv": [0.75, 5, 1.25, 5.25], "texture": "#0"},
				"south": {"uv": [5, 1, 5.5, 1.25], "texture": "#0"},
				"west": {"uv": [5, 4.5, 5.5, 4.75], "texture": "#0"},
				"up": {"uv": [3.5, 4.5, 3, 4], "texture": "#0"},
				"down": {"uv": [4.5, 3.5, 4, 4], "texture": "#0"}
			}
		},
		{
			"from": [7.5, 2.25, 3.5],
			"to": [8.5, 4.25, 4.5],
			"rotation": {"angle": 22.5, "axis": "x", "origin": [8, 3.25, 4]},
			"faces": {
				"north": {"uv": [1.5, 5, 1.75, 5.5], "texture": "#0"},
				"east": {"uv": [4.5, 5.25, 4.75, 5.75], "texture": "#0"},
				"south": {"uv": [0, 5.5, 0.25, 6], "texture": "#0"},
				"west": {"uv": [0.5, 5.5, 0.75, 6], "texture": "#0"},
				"up": {"uv": [6, 4.75, 5.75, 4.5], "texture": "#0"},
				"down": {"uv": [6, 5, 5.75, 5.25], "texture": "#0"}
			}
		},
		{
			"from": [8.5, 2.75, 3.5],
			"to": [11.5, 3.75, 4.5],
			"rotation": {"angle": -22.5, "axis": "x", "origin": [8, 3.25, 4]},
			"faces": {
				"north": {"uv": [1, 4.5, 1.75, 4.75], "texture": "#0"},
				"east": {"uv": [4.25, 6, 4.5, 6.25], "texture": "#0"},
				"south": {"uv": [4.5, 1.5, 5.25, 1.75], "texture": "#0"},
				"west": {"uv": [4.75, 6, 5, 6.25], "texture": "#0"},
				"up": {"uv": [5.25, 2.25, 4.5, 2], "texture": "#0"},
				"down": {"uv": [5.25, 2.5, 4.5, 2.75], "texture": "#0"}
			}
		},
		{
			"from": [4.5, 2.75, 3.5],
			"to": [7.5, 3.75, 4.5],
			"rotation": {"angle": -22.5, "axis": "x", "origin": [8, 3.25, 4]},
			"faces": {
				"north": {"uv": [3, 4.75, 3.75, 5], "texture": "#0"},
				"east": {"uv": [5.25, 6, 5.5, 6.25], "texture": "#0"},
				"south": {"uv": [4.75, 3.5, 5.5, 3.75], "texture": "#0"},
				"west": {"uv": [5.75, 6, 6, 6.25], "texture": "#0"},
				"up": {"uv": [4.75, 5, 4, 4.75], "texture": "#0"},
				"down": {"uv": [5.5, 4, 4.75, 4.25], "texture": "#0"}
			}
		},
		{
			"from": [9, 4.25, 3.5],
			"to": [11, 5.25, 4.5],
			"rotation": {"angle": 0, "axis": "y", "origin": [1, 4.75, 0]},
			"faces": {
				"north": {"uv": [5.5, 1.5, 6, 1.75], "texture": "#0"},
				"east": {"uv": [5.75, 5.5, 6, 5.75], "texture": "#0"},
				"south": {"uv": [2, 5.5, 2.5, 5.75], "texture": "#0"},
				"west": {"uv": [1.75, 6, 2, 6.25], "texture": "#0"},
				"up": {"uv": [6, 2.25, 5.5, 2], "texture": "#0"},
				"down": {"uv": [6, 2.5, 5.5, 2.75], "texture": "#0"}
			}
		},
		{
			"from": [5, 4.25, 3.5],
			"to": [7, 5.25, 4.5],
			"rotation": {"angle": 0, "axis": "y", "origin": [-2, 4.75, 0]},
			"faces": {
				"north": {"uv": [5, 5.5, 5.5, 5.75], "texture": "#0"},
				"east": {"uv": [2.25, 6, 2.5, 6.25], "texture": "#0"},
				"south": {"uv": [5.75, 0, 6.25, 0.25], "texture": "#0"},
				"west": {"uv": [6, 3, 6.25, 3.25], "texture": "#0"},
				"up": {"uv": [6.25, 0.75, 5.75, 0.5], "texture": "#0"},
				"down": {"uv": [1.5, 5.75, 1, 6], "texture": "#0"}
			}
		},
		{
			"from": [7, -0.25, 3.5],
			"to": [9, 0.75, 4.5],
			"rotation": {"angle": -45, "axis": "x", "origin": [8, 0.25, 4]},
			"faces": {
				"north": {"uv": [5, 5, 5.5, 5.25], "texture": "#0"},
				"east": {"uv": [5.75, 1, 6, 1.25], "texture": "#0"},
				"south": {"uv": [3, 5.25, 3.5, 5.5], "texture": "#0"},
				"west": {"uv": [5.75, 3.5, 6, 3.75], "texture": "#0"},
				"up": {"uv": [5.75, 3.25, 5.25, 3], "texture": "#0"},
				"down": {"uv": [4.25, 5.25, 3.75, 5.5], "texture": "#0"}
			}
		},
		{
			"from": [6.5, 0.5, 3.5],
			"to": [9.5, 1.5, 4.5],
			"rotation": {"angle": -45, "axis": "x", "origin": [7.5, 1, 4]},
			"faces": {
				"north": {"uv": [4, 1, 4.75, 1.25], "texture": "#0"},
				"east": {"uv": [3.75, 5.75, 4, 6], "texture": "#0"},
				"south": {"uv": [4.25, 3, 5, 3.25], "texture": "#0"},
				"west": {"uv": [5.75, 4, 6, 4.25], "texture": "#0"},
				"up": {"uv": [4.5, 4.5, 3.75, 4.25], "texture": "#0"},
				"down": {"uv": [0.75, 4.5, 0, 4.75], "texture": "#0"}
			}
		}
	],
	"gui_light": "front",
	"display": {
		"thirdperson_righthand": {
			"translation": [-1, 0, 0],
			"scale": [0.5, 0.5, 0.5]
		},
		"thirdperson_lefthand": {
			"translation": [-1, 0, 0],
			"scale": [0.5, 0.5, 0.5]
		},
		"firstperson_righthand": {
			"translation": [0, 4.5, 0]
		},
		"firstperson_lefthand": {
			"translation": [0, 4.5, 0]
		},
		"ground": {
			"translation": [0, 2.75, 0],
			"scale": [0.7, 0.7, 0.7]
		},
		"gui": {
			"rotation": [30, -145, 0],
			"translation": [0, 7.75, 0],
			"scale": [1.5, 1.5, 1.5]
		},
		"head": {
			"translation": [0, 9.75, -0.5],
			"scale": [1.9, 1.9, 1.9]
		},
		"fixed": {
			"translation": [0, 9.75, 6.5],
			"scale": [2, 2, 2]
		}
	}
}