{
	"textures": {
		"0": "item/crates/halloween21_crate/pumpkin_pickaxe"
	},
	"elements": [
		{
			"from": [7, -5, 7],
			"to": [9, 3, 9],
			"rotation": {"angle": 0, "axis": "y", "origin": [0, 8, 0]},
			"faces": {
				"north": {"uv": [2.625, 4.875, 2.875, 5.875], "texture": "#0"},
				"east": {"uv": [4.875, 3.875, 5.125, 4.875], "texture": "#0"},
				"south": {"uv": [5, 0, 5.25, 1], "texture": "#0"},
				"west": {"uv": [1.125, 5, 1.375, 6], "texture": "#0"},
				"up": {"uv": [6, 4.375, 5.75, 4.125], "texture": "#0"},
				"down": {"uv": [6.125, 0, 5.875, 0.25], "texture": "#0"}
			}
		},
		{
			"from": [7, 9, 7],
			"to": [9, 18, 9],
			"rotation": {"angle": 22.5, "axis": "x", "origin": [0, 8, 0]},
			"faces": {
				"north": {"uv": [3.75, 4.625, 4, 5.75], "texture": "#0"},
				"east": {"uv": [4.125, 4.625, 4.375, 5.75], "texture": "#0"},
				"south": {"uv": [4.5, 4.625, 4.75, 5.75], "texture": "#0"},
				"west": {"uv": [2.25, 4.875, 2.5, 6], "texture": "#0"},
				"up": {"uv": [0.75, 6.125, 0.5, 5.875], "texture": "#0"},
				"down": {"uv": [3.25, 5.875, 3, 6.125], "texture": "#0"}
			}
		},
		{
			"from": [8, 11.29359, 0.88338],
			"to": [8, 27.29359, 21.88338],
			"rotation": {"angle": -45, "axis": "x", "origin": [8, 17.79359, 11.63338]},
			"faces": {
				"north": {"uv": [3.5, 5.875, 3.5, 7.875], "rotation": 180, "texture": "#0"},
				"east": {"uv": [0, 0, 2, 2.625], "rotation": 270, "texture": "#0"},
				"south": {"uv": [3.375, 7.875, 3.375, 5.875], "texture": "#0"},
				"west": {"uv": [2.125, 0, 4.125, 2.625], "rotation": 90, "texture": "#0"},
				"up": {"uv": [1, 5.75, 1, 8.375], "rotation": 180, "texture": "#0"},
				"down": {"uv": [0.875, 5.875, 0.875, 8.5], "texture": "#0"}
			}
		},
		{
			"from": [6, -9, 6],
			"to": [10, -5, 10],
			"rotation": {"angle": 0, "axis": "y", "origin": [0, 8, 0]},
			"faces": {
				"north": {"uv": [5, 1.125, 5.5, 1.625], "texture": "#0"},
				"east": {"uv": [1.5, 5, 2, 5.5], "texture": "#0"},
				"south": {"uv": [5, 1.75, 5.5, 2.25], "texture": "#0"},
				"west": {"uv": [5, 2.375, 5.5, 2.875], "texture": "#0"},
				"up": {"uv": [5.5, 3.5, 5, 3], "texture": "#0"},
				"down": {"uv": [5.375, 5, 4.875, 5.5], "texture": "#0"}
			}
		},
		{
			"from": [6.5, 3, 6.5],
			"to": [9.5, 7, 9.5],
			"rotation": {"angle": 0, "axis": "y", "origin": [0, 8, 0]},
			"faces": {
				"north": {"uv": [0.5, 5.25, 0.875, 5.75], "texture": "#0"},
				"east": {"uv": [5.25, 4.125, 5.625, 4.625], "texture": "#0"},
				"south": {"uv": [5.375, 0, 5.75, 0.5], "texture": "#0"},
				"west": {"uv": [5.5, 4.75, 5.875, 5.25], "texture": "#0"},
				"up": {"uv": [6, 1.75, 5.625, 1.375], "texture": "#0"},
				"down": {"uv": [1.875, 5.625, 1.5, 6], "texture": "#0"}
			}
		},
		{
			"from": [6.5, 17, 2],
			"to": [9.5, 22, 9],
			"rotation": {"angle": 0, "axis": "x", "origin": [0, 8, 0]},
			"faces": {
				"north": {"uv": [3, 5.125, 3.375, 5.75], "texture": "#0"},
				"east": {"uv": [3.875, 3.875, 4.75, 4.5], "texture": "#0"},
				"south": {"uv": [0, 5.25, 0.375, 5.875], "texture": "#0"},
				"west": {"uv": [2.25, 4.125, 3.125, 4.75], "texture": "#0"},
				"up": {"uv": [3.625, 5, 3.25, 4.125], "texture": "#0"},
				"down": {"uv": [4.625, 0, 4.25, 0.875], "texture": "#0"}
			}
		},
		{
			"from": [7, 18.683, 2.43369],
			"to": [9, 22.683, 7.43369],
			"rotation": {"angle": -22.5, "axis": "x", "origin": [0, 8.683, 6.43369]},
			"faces": {
				"north": {"uv": [5.625, 1.875, 5.875, 2.375], "texture": "#0"},
				"east": {"uv": [4.25, 1, 4.875, 1.5], "texture": "#0"},
				"south": {"uv": [5.625, 2.5, 5.875, 3], "texture": "#0"},
				"west": {"uv": [4.25, 1.625, 4.875, 2.125], "texture": "#0"},
				"up": {"uv": [5.75, 6, 5.5, 5.375], "texture": "#0"},
				"down": {"uv": [5.875, 0.625, 5.625, 1.25], "texture": "#0"}
			}
		},
		{
			"from": [7.5, 20.47998, 2.57299],
			"to": [8.5, 23.47998, 7.57299],
			"rotation": {"angle": -45, "axis": "x", "origin": [0, 9.47998, 6.57299]},
			"faces": {
				"north": {"uv": [5.375, 0.625, 5.5, 1], "texture": "#0"},
				"east": {"uv": [4.25, 2.25, 4.875, 2.625], "texture": "#0"},
				"south": {"uv": [2, 5.625, 2.125, 6], "texture": "#0"},
				"west": {"uv": [5.25, 3.625, 5.875, 4], "texture": "#0"},
				"up": {"uv": [4.875, 0.625, 4.75, 0], "texture": "#0"},
				"down": {"uv": [3.625, 5.125, 3.5, 5.75], "texture": "#0"}
			}
		},
		{
			"from": [8, 21.47998, -0.42701],
			"to": [8, 23.47998, 2.57299],
			"rotation": {"angle": -45, "axis": "x", "origin": [0, 9.47998, 6.57299]},
			"faces": {
				"north": {"uv": [3.75, 4.125, 3.75, 4.375], "texture": "#0"},
				"east": {"uv": [5.625, 3.125, 6, 3.375], "texture": "#0"},
				"south": {"uv": [2.125, 5, 2.125, 5.25], "texture": "#0"},
				"west": {"uv": [4.875, 5.625, 5.25, 5.875], "texture": "#0"},
				"up": {"uv": [1, 5.625, 1, 5.25], "texture": "#0"},
				"down": {"uv": [5.375, 5.625, 5.375, 6], "texture": "#0"}
			}
		},
		{
			"from": [4, 15, 7],
			"to": [12, 23, 17],
			"rotation": {"angle": 22.5, "axis": "x", "origin": [8, 20, 9]},
			"faces": {
				"north": {"uv": [1.125, 3.875, 2.125, 4.875], "texture": "#0"},
				"east": {"uv": [0, 2.75, 1.25, 3.75], "texture": "#0"},
				"south": {"uv": [3.875, 2.75, 4.875, 3.75], "texture": "#0"},
				"west": {"uv": [1.375, 2.75, 2.625, 3.75], "texture": "#0"},
				"up": {"uv": [3.75, 4, 2.75, 2.75], "texture": "#0"},
				"down": {"uv": [1, 3.875, 0, 5.125], "texture": "#0"}
			}
		}
	],
	"gui_light": "front",
	"display": {
		"thirdperson_righthand": {
			"translation": [0, 4.75, 1.5],
			"scale": [0.7, 0.7, 0.7]
		},
		"thirdperson_lefthand": {
			"translation": [0, 4.75, 1.5],
			"scale": [0.7, 0.7, 0.7]
		},
		"firstperson_righthand": {
			"translation": [0, 1.5, 0],
			"scale": [0.5, 0.5, 0.5]
		},
		"firstperson_lefthand": {
			"translation": [0, 1.5, 0],
			"scale": [0.5, 0.5, 0.5]
		},
		"ground": {
			"rotation": [45, 0, 0],
			"scale": [0.25, 0.25, 0.25]
		},
		"gui": {
			"rotation": [59, 45, 116],
			"translation": [0, 1, 0],
			"scale": [0.6, -0.6, 0.6]
		},
		"head": {
			"translation": [0, 0.5, -0.25]
		},
		"fixed": {
			"rotation": [90, -45, 90],
			"translation": [0.5, -0.75, -1],
			"scale": [0.65, 0.65, 0.65]
		}
	}
}