{
	"textures": {
		"0": "item/crates/halloween21_crate/pumpkin_king"
	},
	"elements": [
		{
			"from": [2.5, 0, 3.5],
			"to": [13.5, 9, 12.5],
			"faces": {
				"north": {"uv": [0, 0, 2.75, 2.25], "texture": "#0"},
				"east": {"uv": [0, 5, 2.25, 7.25], "texture": "#0"},
				"south": {"uv": [0, 2.5, 2.75, 4.75], "texture": "#0"},
				"west": {"uv": [2.5, 5, 4.75, 7.25], "texture": "#0"},
				"up": {"uv": [5.75, 2.25, 3, 0], "texture": "#0"},
				"down": {"uv": [5.75, 2.5, 3, 4.75], "texture": "#0"}
			}
		},
		{
			"from": [6.5, 8.5, 7],
			"to": [8.5, 11.5, 9],
			"rotation": {"angle": 22.5, "axis": "z", "origin": [7.5, 10, 8]},
			"faces": {
				"north": {"uv": [0, 7.5, 0.5, 8.25], "texture": "#0"},
				"east": {"uv": [0.75, 7.5, 1.25, 8.25], "texture": "#0"},
				"south": {"uv": [1.5, 7.5, 2, 8.25], "texture": "#0"},
				"west": {"uv": [2.25, 7.5, 2.75, 8.25], "texture": "#0"},
				"up": {"uv": [6.5, 8.25, 6, 7.75], "texture": "#0"},
				"down": {"uv": [7.25, 7.75, 6.75, 8.25], "texture": "#0"}
			}
		},
		{
			"from": [4.58135, 11.41865, 7.75],
			"to": [7.58135, 12.41865, 8.75],
			"rotation": {"angle": -22.5, "axis": "z", "origin": [6.08135, 11.41865, 8]},
			"faces": {
				"north": {"uv": [8.25, 5, 9, 5.25], "texture": "#0"},
				"east": {"uv": [7.75, 9, 8, 9.25], "texture": "#0"},
				"south": {"uv": [8.25, 5.5, 9, 5.75], "texture": "#0"},
				"west": {"uv": [9, 8, 9.25, 8.25], "texture": "#0"},
				"up": {"uv": [9, 6.25, 8.25, 6], "texture": "#0"},
				"down": {"uv": [9, 6.5, 8.25, 6.75], "texture": "#0"}
			}
		},
		{
			"from": [2, 6.75, 3],
			"to": [14, 9.75, 4],
			"rotation": {"angle": 0, "axis": "y", "origin": [6.93507, 10.92857, 6.16721]},
			"faces": {
				"north": {"uv": [5, 5, 8, 5.75], "texture": "#0"},
				"east": {"uv": [4.5, 7.5, 4.75, 8.25], "texture": "#0"},
				"south": {"uv": [6, 0, 9, 0.75], "texture": "#0"},
				"west": {"uv": [7.5, 7.75, 7.75, 8.5], "texture": "#0"},
				"up": {"uv": [8, 6.25, 5, 6], "texture": "#0"},
				"down": {"uv": [8, 6.5, 5, 6.75], "texture": "#0"}
			}
		},
		{
			"from": [2, 6.75, 12],
			"to": [14, 9.75, 13],
			"rotation": {"angle": 0, "axis": "y", "origin": [6.93507, 10.92857, 9.83279]},
			"faces": {
				"north": {"uv": [9, 0, 6, 0.75], "texture": "#0"},
				"east": {"uv": [4.75, 7.5, 4.5, 8.25], "texture": "#0"},
				"south": {"uv": [8, 5, 5, 5.75], "texture": "#0"},
				"west": {"uv": [7.75, 7.75, 7.5, 8.5], "texture": "#0"},
				"up": {"uv": [8, 6, 5, 6.25], "texture": "#0"},
				"down": {"uv": [8, 6.75, 5, 6.5], "texture": "#0"}
			}
		},
		{
			"from": [6.5, 9.75, 2.5],
			"to": [9.5, 11.75, 3.5],
			"rotation": {"angle": 0, "axis": "y", "origin": [6.93507, 10.92857, 5.66721]},
			"faces": {
				"north": {"uv": [6, 7, 6.75, 7.5], "texture": "#0"},
				"east": {"uv": [0, 8.5, 0.25, 9], "texture": "#0"},
				"south": {"uv": [7, 7, 7.75, 7.5], "texture": "#0"},
				"west": {"uv": [0.5, 8.5, 0.75, 9], "texture": "#0"},
				"up": {"uv": [8.75, 7.25, 8, 7], "texture": "#0"},
				"down": {"uv": [8.75, 7.5, 8, 7.75], "texture": "#0"}
			}
		},
		{
			"from": [7.5, 11.5, 1.75],
			"to": [8.5, 14.5, 2.75],
			"rotation": {"angle": -22.5, "axis": "x", "origin": [8, 13.25, 2.75]},
			"faces": {
				"north": {"uv": [8, 8, 8.25, 8.75], "texture": "#0"},
				"east": {"uv": [3, 8.25, 3.25, 9], "texture": "#0"},
				"south": {"uv": [8.25, 3, 8.5, 3.75], "texture": "#0"},
				"west": {"uv": [3.5, 8.25, 3.75, 9], "texture": "#0"},
				"up": {"uv": [4.75, 8.75, 4.5, 8.5], "texture": "#0"},
				"down": {"uv": [7, 8.5, 6.75, 8.75], "texture": "#0"}
			}
		},
		{
			"from": [4.48593, 13.55875, 1],
			"to": [5.48593, 14.55875, 2],
			"rotation": {"angle": -45, "axis": "z", "origin": [6.93507, 10.60357, 4.41721]},
			"faces": {
				"north": {"uv": [8.5, 8, 8.75, 8.25], "texture": "#0"},
				"east": {"uv": [8.5, 8.5, 8.75, 8.75], "texture": "#0"},
				"south": {"uv": [8.75, 3, 9, 3.25], "texture": "#0"},
				"west": {"uv": [8.75, 3.5, 9, 3.75], "texture": "#0"},
				"up": {"uv": [9, 4.25, 8.75, 4], "texture": "#0"},
				"down": {"uv": [9, 4.5, 8.75, 4.75], "texture": "#0"}
			}
		},
		{
			"from": [4.48593, 11.63375, 13.75],
			"to": [5.48593, 12.63375, 14.75],
			"rotation": {"angle": -45, "axis": "z", "origin": [6.93507, 8.67857, 11.33279]},
			"faces": {
				"north": {"uv": [9, 3, 8.75, 3.25], "texture": "#0"},
				"east": {"uv": [8.75, 8.5, 8.5, 8.75], "texture": "#0"},
				"south": {"uv": [8.75, 8, 8.5, 8.25], "texture": "#0"},
				"west": {"uv": [9, 3.5, 8.75, 3.75], "texture": "#0"},
				"up": {"uv": [9, 4, 8.75, 4.25], "texture": "#0"},
				"down": {"uv": [9, 4.75, 8.75, 4.5], "texture": "#0"}
			}
		},
		{
			"from": [7.5, 9.75, 13.25],
			"to": [8.5, 12.75, 14.25],
			"rotation": {"angle": 22.5, "axis": "x", "origin": [8, 12, 13.25]},
			"faces": {
				"north": {"uv": [8.5, 3, 8.25, 3.75], "texture": "#0"},
				"east": {"uv": [3.25, 8.25, 3, 9], "texture": "#0"},
				"south": {"uv": [8.25, 8, 8, 8.75], "texture": "#0"},
				"west": {"uv": [3.75, 8.25, 3.5, 9], "texture": "#0"},
				"up": {"uv": [4.75, 8.5, 4.5, 8.75], "texture": "#0"},
				"down": {"uv": [7, 8.75, 6.75, 8.5], "texture": "#0"}
			}
		},
		{
			"from": [6.5, 8.5, 12.5],
			"to": [9.5, 10.5, 13.5],
			"rotation": {"angle": 0, "axis": "y", "origin": [6.93507, 9.67857, 10.33279]},
			"faces": {
				"north": {"uv": [7.75, 7, 7, 7.5], "texture": "#0"},
				"east": {"uv": [0.25, 8.5, 0, 9], "texture": "#0"},
				"south": {"uv": [6.75, 7, 6, 7.5], "texture": "#0"},
				"west": {"uv": [0.75, 8.5, 0.5, 9], "texture": "#0"},
				"up": {"uv": [8.75, 7, 8, 7.25], "texture": "#0"},
				"down": {"uv": [8.75, 7.75, 8, 7.5], "texture": "#0"}
			}
		},
		{
			"from": [1.5, 9, 6.5],
			"to": [2.5, 11, 9.5],
			"rotation": {"angle": 0, "axis": "y", "origin": [4.66721, 10.17857, 6.93507]},
			"faces": {
				"north": {"uv": [0.75, 8.5, 0.5, 9], "texture": "#0"},
				"east": {"uv": [7.75, 7, 7, 7.5], "texture": "#0"},
				"south": {"uv": [0.25, 8.5, 0, 9], "texture": "#0"},
				"west": {"uv": [6.75, 7, 6, 7.5], "texture": "#0"},
				"up": {"uv": [8.75, 7, 8, 7.25], "rotation": 90, "texture": "#0"},
				"down": {"uv": [8.75, 7.75, 8, 7.5], "rotation": 270, "texture": "#0"}
			}
		},
		{
			"from": [0, 12.63375, 4.48593],
			"to": [1, 13.63375, 5.48593],
			"rotation": {"angle": 45, "axis": "x", "origin": [4.41721, 9.67857, 6.93507]},
			"faces": {
				"north": {"uv": [9, 3.5, 8.75, 3.75], "texture": "#0"},
				"east": {"uv": [9, 3, 8.75, 3.25], "texture": "#0"},
				"south": {"uv": [8.75, 8.5, 8.5, 8.75], "texture": "#0"},
				"west": {"uv": [8.75, 8, 8.5, 8.25], "texture": "#0"},
				"up": {"uv": [9, 4, 8.75, 4.25], "rotation": 90, "texture": "#0"},
				"down": {"uv": [9, 4.75, 8.75, 4.5], "rotation": 270, "texture": "#0"}
			}
		},
		{
			"from": [0.75, 10.75, 7.5],
			"to": [1.75, 13.75, 8.5],
			"rotation": {"angle": 22.5, "axis": "z", "origin": [1.75, 12.5, 8]},
			"faces": {
				"north": {"uv": [3.75, 8.25, 3.5, 9], "texture": "#0"},
				"east": {"uv": [8.5, 3, 8.25, 3.75], "texture": "#0"},
				"south": {"uv": [3.25, 8.25, 3, 9], "texture": "#0"},
				"west": {"uv": [8.25, 8, 8, 8.75], "texture": "#0"},
				"up": {"uv": [4.75, 8.5, 4.5, 8.75], "rotation": 90, "texture": "#0"},
				"down": {"uv": [7, 8.75, 6.75, 8.5], "rotation": 270, "texture": "#0"}
			}
		},
		{
			"from": [13.5, 9, 6.5],
			"to": [14.5, 11, 9.5],
			"rotation": {"angle": 0, "axis": "y", "origin": [11.33279, 10.17857, 6.93507]},
			"faces": {
				"north": {"uv": [0.5, 8.5, 0.75, 9], "texture": "#0"},
				"east": {"uv": [6, 7, 6.75, 7.5], "texture": "#0"},
				"south": {"uv": [0, 8.5, 0.25, 9], "texture": "#0"},
				"west": {"uv": [7, 7, 7.75, 7.5], "texture": "#0"},
				"up": {"uv": [8.75, 7.25, 8, 7], "rotation": 90, "texture": "#0"},
				"down": {"uv": [8.75, 7.5, 8, 7.75], "rotation": 270, "texture": "#0"}
			}
		},
		{
			"from": [14.25, 10.75, 7.5],
			"to": [15.25, 13.75, 8.5],
			"rotation": {"angle": -22.5, "axis": "z", "origin": [14.25, 12.5, 8]},
			"faces": {
				"north": {"uv": [3.5, 8.25, 3.75, 9], "texture": "#0"},
				"east": {"uv": [8, 8, 8.25, 8.75], "texture": "#0"},
				"south": {"uv": [3, 8.25, 3.25, 9], "texture": "#0"},
				"west": {"uv": [8.25, 3, 8.5, 3.75], "texture": "#0"},
				"up": {"uv": [4.75, 8.75, 4.5, 8.5], "rotation": 90, "texture": "#0"},
				"down": {"uv": [7, 8.5, 6.75, 8.75], "rotation": 270, "texture": "#0"}
			}
		},
		{
			"from": [15, 12.63375, 4.48593],
			"to": [16, 13.63375, 5.48593],
			"rotation": {"angle": 45, "axis": "x", "origin": [11.58279, 9.67857, 6.93507]},
			"faces": {
				"north": {"uv": [8.75, 3.5, 9, 3.75], "texture": "#0"},
				"east": {"uv": [8.5, 8, 8.75, 8.25], "texture": "#0"},
				"south": {"uv": [8.5, 8.5, 8.75, 8.75], "texture": "#0"},
				"west": {"uv": [8.75, 3, 9, 3.25], "texture": "#0"},
				"up": {"uv": [9, 4.25, 8.75, 4], "rotation": 90, "texture": "#0"},
				"down": {"uv": [9, 4.5, 8.75, 4.75], "rotation": 270, "texture": "#0"}
			}
		},
		{
			"from": [2, 6.75, 4],
			"to": [3, 9.75, 12],
			"rotation": {"angle": 0, "axis": "y", "origin": [6.93507, 10.92857, 6.16721]},
			"faces": {
				"north": {"uv": [4, 8.25, 4.25, 9], "texture": "#0"},
				"east": {"uv": [6, 3, 8, 3.75], "texture": "#0"},
				"south": {"uv": [8.25, 4, 8.5, 4.75], "texture": "#0"},
				"west": {"uv": [6, 4, 8, 4.75], "texture": "#0"},
				"up": {"uv": [5.25, 9, 5, 7], "texture": "#0"},
				"down": {"uv": [5.75, 7, 5.5, 9], "texture": "#0"}
			}
		},
		{
			"from": [13, 6.75, 4],
			"to": [14, 9.75, 12],
			"rotation": {"angle": 0, "axis": "y", "origin": [9.06493, 10.92857, 6.16721]},
			"faces": {
				"north": {"uv": [4.25, 8.25, 4, 9], "texture": "#0"},
				"east": {"uv": [8, 4, 6, 4.75], "texture": "#0"},
				"south": {"uv": [8.5, 4, 8.25, 4.75], "texture": "#0"},
				"west": {"uv": [8, 3, 6, 3.75], "texture": "#0"},
				"up": {"uv": [5, 9, 5.25, 7], "texture": "#0"},
				"down": {"uv": [5.5, 7, 5.75, 9], "texture": "#0"}
			}
		},
		{
			"from": [4.68501, 9.75, 1.39514],
			"to": [6.68501, 11.75, 2.39514],
			"rotation": {"angle": 45, "axis": "y", "origin": [6.93507, 10.92857, 6.16721]},
			"faces": {
				"north": {"uv": [3, 7.5, 3.5, 8], "texture": "#0"},
				"east": {"uv": [1, 8.5, 1.25, 9], "texture": "#0"},
				"south": {"uv": [3.75, 7.5, 4.25, 8], "texture": "#0"},
				"west": {"uv": [1.5, 8.5, 1.75, 9], "texture": "#0"},
				"up": {"uv": [2.5, 8.75, 2, 8.5], "texture": "#0"},
				"down": {"uv": [6.5, 8.5, 6, 8.75], "texture": "#0"}
			}
		},
		{
			"from": [5.18501, 11.75, 1.39514],
			"to": [6.18501, 12.75, 2.39514],
			"rotation": {"angle": 45, "axis": "y", "origin": [6.93507, 10.92857, 6.16721]},
			"faces": {
				"north": {"uv": [7.25, 8.75, 7.5, 9], "texture": "#0"},
				"east": {"uv": [9, 1, 9.25, 1.25], "texture": "#0"},
				"south": {"uv": [9, 1.5, 9.25, 1.75], "texture": "#0"},
				"west": {"uv": [2, 9, 2.25, 9.25], "texture": "#0"},
				"up": {"uv": [9.25, 2.25, 9, 2], "texture": "#0"},
				"down": {"uv": [2.75, 9, 2.5, 9.25], "texture": "#0"}
			}
		},
		{
			"from": [2.53033, 12.75, 3.53033],
			"to": [3.53033, 13.75, 4.53033],
			"rotation": {"angle": 0, "axis": "y", "origin": [6.93507, 10.92857, 6.16721]},
			"faces": {
				"north": {"uv": [9, 2.5, 9.25, 2.75], "texture": "#0"},
				"east": {"uv": [4.5, 9, 4.75, 9.25], "texture": "#0"},
				"south": {"uv": [6, 9, 6.25, 9.25], "texture": "#0"},
				"west": {"uv": [6.5, 9, 6.75, 9.25], "texture": "#0"},
				"up": {"uv": [9.25, 7.25, 9, 7], "texture": "#0"},
				"down": {"uv": [9.25, 7.5, 9, 7.75], "texture": "#0"}
			}
		},
		{
			"from": [9.31499, 9.75, 1.39514],
			"to": [11.31499, 11.75, 2.39514],
			"rotation": {"angle": -45, "axis": "y", "origin": [9.06493, 10.92857, 6.16721]},
			"faces": {
				"north": {"uv": [3.5, 7.5, 3, 8], "texture": "#0"},
				"east": {"uv": [1.75, 8.5, 1.5, 9], "texture": "#0"},
				"south": {"uv": [4.25, 7.5, 3.75, 8], "texture": "#0"},
				"west": {"uv": [1.25, 8.5, 1, 9], "texture": "#0"},
				"up": {"uv": [2, 8.75, 2.5, 8.5], "texture": "#0"},
				"down": {"uv": [6, 8.5, 6.5, 8.75], "texture": "#0"}
			}
		},
		{
			"from": [12.46967, 12.75, 3.53033],
			"to": [13.46967, 13.75, 4.53033],
			"rotation": {"angle": 0, "axis": "y", "origin": [9.06493, 10.92857, 6.16721]},
			"faces": {
				"north": {"uv": [9.25, 2.5, 9, 2.75], "texture": "#0"},
				"east": {"uv": [6.75, 9, 6.5, 9.25], "texture": "#0"},
				"south": {"uv": [6.25, 9, 6, 9.25], "texture": "#0"},
				"west": {"uv": [4.75, 9, 4.5, 9.25], "texture": "#0"},
				"up": {"uv": [9, 7.25, 9.25, 7], "texture": "#0"},
				"down": {"uv": [9, 7.5, 9.25, 7.75], "texture": "#0"}
			}
		},
		{
			"from": [9.81499, 11.75, 1.39514],
			"to": [10.81499, 12.75, 2.39514],
			"rotation": {"angle": -45, "axis": "y", "origin": [9.06493, 10.92857, 6.16721]},
			"faces": {
				"north": {"uv": [7.5, 8.75, 7.25, 9], "texture": "#0"},
				"east": {"uv": [2.25, 9, 2, 9.25], "texture": "#0"},
				"south": {"uv": [9.25, 1.5, 9, 1.75], "texture": "#0"},
				"west": {"uv": [9.25, 1, 9, 1.25], "texture": "#0"},
				"up": {"uv": [9, 2.25, 9.25, 2], "texture": "#0"},
				"down": {"uv": [2.5, 9, 2.75, 9.25], "texture": "#0"}
			}
		},
		{
			"from": [4.93501, 8.75, 13.35486],
			"to": [6.93501, 10.75, 14.35486],
			"rotation": {"angle": -45, "axis": "y", "origin": [7.18507, 9.92857, 9.58279]},
			"faces": {
				"north": {"uv": [4.25, 7.5, 3.75, 8], "texture": "#0"},
				"east": {"uv": [1.25, 8.5, 1, 9], "texture": "#0"},
				"south": {"uv": [3.5, 7.5, 3, 8], "texture": "#0"},
				"west": {"uv": [1.75, 8.5, 1.5, 9], "texture": "#0"},
				"up": {"uv": [2.5, 8.5, 2, 8.75], "texture": "#0"},
				"down": {"uv": [6.5, 8.75, 6, 8.5], "texture": "#0"}
			}
		},
		{
			"from": [2.78033, 11.75, 11.21967],
			"to": [3.78033, 12.75, 12.21967],
			"rotation": {"angle": 0, "axis": "y", "origin": [7.18507, 9.92857, 9.58279]},
			"faces": {
				"north": {"uv": [6.25, 9, 6, 9.25], "texture": "#0"},
				"east": {"uv": [4.75, 9, 4.5, 9.25], "texture": "#0"},
				"south": {"uv": [9.25, 2.5, 9, 2.75], "texture": "#0"},
				"west": {"uv": [6.75, 9, 6.5, 9.25], "texture": "#0"},
				"up": {"uv": [9.25, 7, 9, 7.25], "texture": "#0"},
				"down": {"uv": [9.25, 7.75, 9, 7.5], "texture": "#0"}
			}
		},
		{
			"from": [5.43501, 10.75, 13.35486],
			"to": [6.43501, 11.75, 14.35486],
			"rotation": {"angle": -45, "axis": "y", "origin": [7.18507, 9.92857, 9.58279]},
			"faces": {
				"north": {"uv": [9.25, 1.5, 9, 1.75], "texture": "#0"},
				"east": {"uv": [9.25, 1, 9, 1.25], "texture": "#0"},
				"south": {"uv": [7.5, 8.75, 7.25, 9], "texture": "#0"},
				"west": {"uv": [2.25, 9, 2, 9.25], "texture": "#0"},
				"up": {"uv": [9.25, 2, 9, 2.25], "texture": "#0"},
				"down": {"uv": [2.75, 9.25, 2.5, 9], "texture": "#0"}
			}
		},
		{
			"from": [12.21967, 11.75, 11.21967],
			"to": [13.21967, 12.75, 12.21967],
			"rotation": {"angle": 0, "axis": "y", "origin": [8.81493, 9.92857, 9.58279]},
			"faces": {
				"north": {"uv": [6, 9, 6.25, 9.25], "texture": "#0"},
				"east": {"uv": [6.5, 9, 6.75, 9.25], "texture": "#0"},
				"south": {"uv": [9, 2.5, 9.25, 2.75], "texture": "#0"},
				"west": {"uv": [4.5, 9, 4.75, 9.25], "texture": "#0"},
				"up": {"uv": [9, 7, 9.25, 7.25], "texture": "#0"},
				"down": {"uv": [9, 7.75, 9.25, 7.5], "texture": "#0"}
			}
		},
		{
			"from": [9.56499, 10.75, 13.35486],
			"to": [10.56499, 11.75, 14.35486],
			"rotation": {"angle": 45, "axis": "y", "origin": [8.81493, 9.92857, 9.58279]},
			"faces": {
				"north": {"uv": [9, 1.5, 9.25, 1.75], "texture": "#0"},
				"east": {"uv": [2, 9, 2.25, 9.25], "texture": "#0"},
				"south": {"uv": [7.25, 8.75, 7.5, 9], "texture": "#0"},
				"west": {"uv": [9, 1, 9.25, 1.25], "texture": "#0"},
				"up": {"uv": [9, 2, 9.25, 2.25], "texture": "#0"},
				"down": {"uv": [2.5, 9.25, 2.75, 9], "texture": "#0"}
			}
		},
		{
			"from": [9.06499, 8.75, 13.35486],
			"to": [11.06499, 10.75, 14.35486],
			"rotation": {"angle": 45, "axis": "y", "origin": [8.81493, 9.92857, 9.58279]},
			"faces": {
				"north": {"uv": [3.75, 7.5, 4.25, 8], "texture": "#0"},
				"east": {"uv": [1.5, 8.5, 1.75, 9], "texture": "#0"},
				"south": {"uv": [3, 7.5, 3.5, 8], "texture": "#0"},
				"west": {"uv": [1, 8.5, 1.25, 9], "texture": "#0"},
				"up": {"uv": [2, 8.5, 2.5, 8.75], "texture": "#0"},
				"down": {"uv": [6, 8.75, 6.5, 8.5], "texture": "#0"}
			}
		},
		{
			"from": [2.5, 9.75, 3.5],
			"to": [13.5, 12.75, 3.5],
			"rotation": {"angle": 0, "axis": "y", "origin": [6.93507, 10.92857, 6.16721]},
			"faces": {
				"north": {"uv": [6, 1, 8.75, 1.75], "texture": "#0"},
				"east": {"uv": [7, 9, 7, 9.75], "texture": "#0"},
				"south": {"uv": [6, 2, 8.75, 2.75], "texture": "#0"},
				"west": {"uv": [8.25, 9, 8.25, 9.75], "texture": "#0"},
				"up": {"uv": [11.25, 9, 8.5, 9], "texture": "#0"},
				"down": {"uv": [11.75, 8.5, 9, 8.5], "texture": "#0"}
			}
		},
		{
			"from": [2.5, 9.25, 12.5],
			"to": [13.5, 12.25, 12.5],
			"rotation": {"angle": 0, "axis": "y", "origin": [6.93507, 10.42857, 9.83279]},
			"faces": {
				"north": {"uv": [8.75, 2, 6, 2.75], "texture": "#0"},
				"east": {"uv": [7, 9, 7, 9.75], "texture": "#0"},
				"south": {"uv": [8.75, 1, 6, 1.75], "texture": "#0"},
				"west": {"uv": [8.25, 9, 8.25, 9.75], "texture": "#0"},
				"up": {"uv": [11.25, 9, 8.5, 9], "texture": "#0"},
				"down": {"uv": [11.75, 8.5, 9, 8.5], "texture": "#0"}
			}
		},
		{
			"from": [2.501, 9.75, 3.5],
			"to": [2.501, 12.75, 12.5],
			"rotation": {"angle": 0, "axis": "y", "origin": [5.16821, 10.92857, 8.06493]},
			"faces": {
				"north": {"uv": [7, 9, 7, 9.75], "texture": "#0"},
				"east": {"uv": [9.5, 6.5, 11.75, 7.25], "texture": "#0"},
				"south": {"uv": [8.25, 9, 8.25, 9.75], "texture": "#0"},
				"west": {"uv": [9.5, 7.5, 11.75, 8.25], "texture": "#0"},
				"up": {"uv": [11.25, 9, 8.5, 9], "rotation": 270, "texture": "#0"},
				"down": {"uv": [11.75, 8.5, 9, 8.5], "rotation": 90, "texture": "#0"}
			}
		},
		{
			"from": [13.499, 9.75, 3.5],
			"to": [13.499, 12.75, 12.5],
			"rotation": {"angle": 0, "axis": "y", "origin": [10.83179, 10.92857, 8.06493]},
			"faces": {
				"north": {"uv": [7, 9, 7, 9.75], "texture": "#0"},
				"east": {"uv": [11.75, 7.5, 9.5, 8.25], "texture": "#0"},
				"south": {"uv": [8.25, 9, 8.25, 9.75], "texture": "#0"},
				"west": {"uv": [11.75, 6.5, 9.5, 7.25], "texture": "#0"},
				"up": {"uv": [11.25, 9, 8.5, 9], "rotation": 270, "texture": "#0"},
				"down": {"uv": [11.75, 8.5, 9, 8.5], "rotation": 90, "texture": "#0"}
			}
		}
	],
	"gui_light": "front",
	"display": {
		"thirdperson_righthand": {
			"translation": [-2, 0, 0],
			"scale": [0.4, 0.4, 0.4]
		},
		"thirdperson_lefthand": {
			"translation": [-2, 0, 0],
			"scale": [0.4, 0.4, 0.4]
		},
		"firstperson_righthand": {
			"translation": [0, 2.25, 1],
			"scale": [0.4, 0.4, 0.4]
		},
		"firstperson_lefthand": {
			"translation": [0, 2.25, 1],
			"scale": [0.4, 0.4, 0.4]
		},
		"ground": {
			"translation": [0, 3, 0],
			"scale": [0.7, 0.7, 0.7]
		},
		"gui": {
			"rotation": [30, -145, 0],
			"translation": [0.5, 1.5, 0],
			"scale": [0.85, 0.85, 0.85]
		},
		"head": {
			"translation": [0, 6.75, 0],
			"scale": [1.66, 1.66, 1.66]
		},
		"fixed": {
			"translation": [0, 1.25, -3.5]
		}
	},
	"groups": [
		0,
		1,
		2,
		{
			"name": "group",
			"origin": [16, 0, 0],
			"color": 0,
			"boneType": "",
			"children": [3, 4, 5, 6, 7, 8, 9, 10, 11, 12, 13, 14, 15, 16, 17, 18, 19, 20, 21, 22, 23, 24, 25, 26, 27, 28, 29, 30, 31, 32, 33, 34]
		}
	]
}