{
	"textures": {
		"0": "item/crates/halloween21_crate/reaper_cloak"
	},
	"elements": [
		{
			"from": [0, 2, 10],
			"to": [16, 24, 10],
			"rotation": {"angle": 0, "axis": "y", "origin": [0, 0, -2]},
			"faces": {
				"north": {"uv": [0, 0, 2, 2.75], "texture": "#0"},
				"east": {"uv": [4.25, 5.875, 4.25, 8.625], "texture": "#0"},
				"south": {"uv": [2.125, 0, 4.125, 2.75], "texture": "#0"},
				"west": {"uv": [4.375, 5.875, 4.375, 8.625], "texture": "#0"},
				"up": {"uv": [8.25, 3, 6.25, 3], "texture": "#0"},
				"down": {"uv": [8.25, 3.125, 6.25, 3.125], "texture": "#0"}
			}
		},
		{
			"from": [0, 24, 6],
			"to": [16, 24, 10],
			"rotation": {"angle": 0, "axis": "y", "origin": [0, 0, -2]},
			"faces": {
				"north": {"uv": [6.25, 5, 8.25, 5], "texture": "#0"},
				"east": {"uv": [6.25, 5.125, 6.75, 5.125], "texture": "#0"},
				"south": {"uv": [6.25, 5.25, 8.25, 5.25], "texture": "#0"},
				"west": {"uv": [6.25, 5.375, 6.75, 5.375], "texture": "#0"},
				"up": {"uv": [2, 6.25, 0, 5.75], "texture": "#0"},
				"down": {"uv": [4.125, 5.75, 2.125, 6.25], "texture": "#0"}
			}
		},
		{
			"from": [-4, 1.7654, 5.18044],
			"to": [20, 1.7654, 10.18044],
			"rotation": {"angle": 22.5, "axis": "x", "origin": [0, -10.2346, 8.18044]},
			"faces": {
				"north": {"uv": [6.25, 3.5, 9.25, 3.5], "texture": "#0"},
				"east": {"uv": [6.25, 3.625, 6.875, 3.625], "texture": "#0"},
				"south": {"uv": [6.25, 3.75, 9.25, 3.75], "texture": "#0"},
				"west": {"uv": [6.25, 3.875, 6.875, 3.875], "texture": "#0"},
				"up": {"uv": [7.25, 0.625, 4.25, 0], "texture": "#0"},
				"down": {"uv": [7.25, 0.75, 4.25, 1.375], "texture": "#0"}
			}
		},
		{
			"from": [-4, 1.7654, 5.81956],
			"to": [20, 1.7654, 10.81956],
			"rotation": {"angle": -22.5, "axis": "x", "origin": [0, -10.2346, 7.81956]},
			"faces": {
				"north": {"uv": [6.25, 4, 9.25, 4], "texture": "#0"},
				"east": {"uv": [6.25, 4.125, 6.875, 4.125], "texture": "#0"},
				"south": {"uv": [6.25, 4.25, 9.25, 4.25], "texture": "#0"},
				"west": {"uv": [6.25, 4.375, 6.875, 4.375], "texture": "#0"},
				"up": {"uv": [7.25, 2.125, 4.25, 1.5], "texture": "#0"},
				"down": {"uv": [7.25, 2.25, 4.25, 2.875], "texture": "#0"}
			}
		},
		{
			"from": [0, 2, 6],
			"to": [16, 24, 6],
			"rotation": {"angle": 0, "axis": "y", "origin": [0, 0, -2]},
			"faces": {
				"north": {"uv": [0, 2.875, 2, 5.625], "texture": "#0"},
				"east": {"uv": [4.5, 5.875, 4.5, 8.625], "texture": "#0"},
				"south": {"uv": [2.125, 2.875, 4.125, 5.625], "texture": "#0"},
				"west": {"uv": [4.625, 5.875, 4.625, 8.625], "texture": "#0"},
				"up": {"uv": [8.25, 3.25, 6.25, 3.25], "texture": "#0"},
				"down": {"uv": [8.25, 3.375, 6.25, 3.375], "texture": "#0"}
			}
		},
		{
			"from": [0, 2, 6],
			"to": [0, 24, 10],
			"rotation": {"angle": 0, "axis": "y", "origin": [0, 0, -2]},
			"faces": {
				"north": {"uv": [4.75, 5.875, 4.75, 8.625], "texture": "#0"},
				"east": {"uv": [4.25, 3, 4.75, 5.75], "texture": "#0"},
				"south": {"uv": [4.875, 5.875, 4.875, 8.625], "texture": "#0"},
				"west": {"uv": [4.875, 3, 5.375, 5.75], "texture": "#0"},
				"up": {"uv": [5, 6.375, 5, 5.875], "texture": "#0"},
				"down": {"uv": [5.125, 5.875, 5.125, 6.375], "texture": "#0"}
			}
		},
		{
			"from": [-2.85445, -8.78138, 1],
			"to": [2.14555, -8.78138, 15],
			"rotation": {"angle": 22.5, "axis": "z", "origin": [-26.02756, -8.78138, -2]},
			"faces": {
				"north": {"uv": [6.25, 4.5, 6.875, 4.5], "texture": "#0"},
				"east": {"uv": [6.25, 4.625, 8, 4.625], "texture": "#0"},
				"south": {"uv": [6.25, 4.75, 6.875, 4.75], "texture": "#0"},
				"west": {"uv": [6.25, 4.875, 8, 4.875], "texture": "#0"},
				"up": {"uv": [6.125, 4.75, 5.5, 3], "texture": "#0"},
				"down": {"uv": [6.125, 4.875, 5.5, 6.625], "texture": "#0"}
			}
		},
		{
			"from": [16, 2, 6],
			"to": [16, 24, 10],
			"rotation": {"angle": 0, "axis": "y", "origin": [16, 0, -2]},
			"faces": {
				"north": {"uv": [4.75, 5.875, 4.75, 8.625], "texture": "#0"},
				"east": {"uv": [5.375, 3, 4.875, 5.75], "texture": "#0"},
				"south": {"uv": [4.875, 5.875, 4.875, 8.625], "texture": "#0"},
				"west": {"uv": [4.75, 3, 4.25, 5.75], "texture": "#0"},
				"up": {"uv": [5, 6.375, 5, 5.875], "texture": "#0"},
				"down": {"uv": [5.125, 5.875, 5.125, 6.375], "texture": "#0"}
			}
		},
		{
			"from": [13.85445, -8.78138, 1],
			"to": [18.85445, -8.78138, 15],
			"rotation": {"angle": -22.5, "axis": "z", "origin": [42.02756, -8.78138, -2]},
			"faces": {
				"north": {"uv": [6.875, 4.5, 6.25, 4.5], "texture": "#0"},
				"east": {"uv": [8, 4.875, 6.25, 4.875], "texture": "#0"},
				"south": {"uv": [6.875, 4.75, 6.25, 4.75], "texture": "#0"},
				"west": {"uv": [8, 4.625, 6.25, 4.625], "texture": "#0"},
				"up": {"uv": [5.5, 4.75, 6.125, 3], "texture": "#0"},
				"down": {"uv": [5.5, 4.875, 6.125, 6.625], "texture": "#0"}
			}
		}
	],
	"gui_light": "front",
	"display": {
		"thirdperson_righthand": {
			"translation": [-2, 0, 1.5],
			"scale": [0.2, 0.2, 0.2]
		},
		"thirdperson_lefthand": {
			"translation": [-2, 0, 1.5],
			"scale": [0.2, 0.2, 0.2]
		},
		"firstperson_righthand": {
			"scale": [0.3, 0.3, 0.3]
		},
		"firstperson_lefthand": {
			"scale": [0.3, 0.3, 0.3]
		},
		"ground": {
			"scale": [0.25, 0.25, 0.25]
		},
		"gui": {
			"rotation": [30, -145, 0],
			"translation": [0, -1.5, 0],
			"scale": [0.55, 0.55, 0.55]
		},
		"head": {
			"translation": [0, -59.5, 0],
			"scale": [2, 2, 2.46]
		},
		"fixed": {
			"translation": [0, -3.5, -1.5],
			"scale": [0.7, 0.7, 0.7]
		}
	}
}