{
	"textures": {
		"0": "item/crates/halloween21_crate/reaper_hoodie"
	},
	"elements": [
		{
			"name": "head",
			"from": [3, -1, 12],
			"to": [13, 8, 12],
			"faces": {
				"north": {"uv": [12.5, 0.25, 15, 2.5], "texture": "#0"},
				"east": {"uv": [4, 9.25, 4, 11.5], "texture": "#0"},
				"south": {"uv": [0, 2.5, 2.5, 4.75], "texture": "#0"},
				"west": {"uv": [1.5, 10.5, 1.5, 12.75], "texture": "#0"},
				"up": {"uv": [13, 2.5, 10.5, 2.5], "texture": "#0"},
				"down": {"uv": [13, 2.75, 10.5, 2.75], "texture": "#0"}
			}
		},
		{
			"name": "head",
			"from": [3, -1, 11.975],
			"to": [13, 8, 11.975],
			"faces": {
				"north": {"uv": [0, 0, 2.5, 2.25], "texture": "#0"},
				"east": {"uv": [4, 9.25, 4, 11.5], "texture": "#0"},
				"south": {"uv": [12.5, 5.5, 15, 7.75], "texture": "#0"},
				"west": {"uv": [1.5, 10.5, 1.5, 12.75], "texture": "#0"},
				"up": {"uv": [13, 2.5, 10.5, 2.5], "texture": "#0"},
				"down": {"uv": [13, 2.75, 10.5, 2.75], "texture": "#0"}
			}
		},
		{
			"from": [7.5, 1.78249, 17.3033],
			"to": [8.5, 5.78249, 18.3033],
			"rotation": {"angle": -22.5, "axis": "x", "origin": [8, 3.78249, 17.8033]},
			"faces": {
				"north": {"uv": [5.5, 9, 5.75, 10], "texture": "#0"},
				"east": {"uv": [2, 9.25, 2.25, 10.25], "texture": "#0"},
				"south": {"uv": [2.5, 9.25, 2.75, 10.25], "texture": "#0"},
				"west": {"uv": [3.5, 9.25, 3.75, 10.25], "texture": "#0"},
				"up": {"uv": [10.5, 2.25, 10.25, 2], "texture": "#0"},
				"down": {"uv": [10, 10.25, 9.75, 10.5], "texture": "#0"}
			}
		},
		{
			"from": [7, 9, 17],
			"to": [9, 11, 20],
			"rotation": {"angle": 45, "axis": "x", "origin": [8, 10.5, 12.5]},
			"faces": {
				"north": {"uv": [4.25, 6, 4.75, 6.5], "texture": "#0"},
				"east": {"uv": [1.75, 5, 2.5, 5.5], "texture": "#0"},
				"south": {"uv": [9.25, 7, 9.75, 7.5], "texture": "#0"},
				"west": {"uv": [5.25, 2.75, 6, 3.25], "texture": "#0"},
				"up": {"uv": [7.5, 8.75, 7, 8], "texture": "#0"},
				"down": {"uv": [8.75, 0, 8.25, 0.75], "texture": "#0"}
			}
		},
		{
			"from": [6.5, 7, 9],
			"to": [9.5, 11, 17],
			"rotation": {"angle": 22.5, "axis": "x", "origin": [8, 10.5, 12.5]},
			"faces": {
				"north": {"uv": [2, 8, 2.75, 9], "texture": "#0"},
				"east": {"uv": [2.75, 3.5, 4.75, 4.5], "texture": "#0"},
				"south": {"uv": [8, 5.5, 8.75, 6.5], "texture": "#0"},
				"west": {"uv": [2.75, 4.75, 4.75, 5.75], "texture": "#0"},
				"up": {"uv": [7.5, 4.75, 6.75, 2.75], "texture": "#0"},
				"down": {"uv": [5, 6.75, 4.25, 8.75], "texture": "#0"}
			}
		},
		{
			"from": [5.5, 8.2961, 3.4588],
			"to": [10.5, 13.2961, 9.4588],
			"rotation": {"angle": -22.5, "axis": "x", "origin": [8, 12.7961, 11.9588]},
			"faces": {
				"north": {"uv": [0, 6.5, 1.25, 7.75], "texture": "#0"},
				"east": {"uv": [0, 5, 1.5, 6.25], "texture": "#0"},
				"south": {"uv": [6.5, 5, 7.75, 6.25], "texture": "#0"},
				"west": {"uv": [5, 3.5, 6.5, 4.75], "texture": "#0"},
				"up": {"uv": [6.25, 6.5, 5, 5], "texture": "#0"},
				"down": {"uv": [6.5, 0, 5.25, 1.5], "texture": "#0"}
			}
		},
		{
			"from": [4.5, 4.2961, 4.4588],
			"to": [11.5, 7.2961, 6.4588],
			"rotation": {"angle": 22.5, "axis": "x", "origin": [8, 12.7961, 11.9588]},
			"faces": {
				"north": {"uv": [1.5, 7, 3.25, 7.75], "texture": "#0"},
				"east": {"uv": [8.5, 6.75, 9, 7.5], "texture": "#0"},
				"south": {"uv": [7.75, 1.5, 9.5, 2.25], "texture": "#0"},
				"west": {"uv": [8.5, 7.75, 9, 8.5], "texture": "#0"},
				"up": {"uv": [9.5, 4.5, 7.75, 4], "texture": "#0"},
				"down": {"uv": [9.75, 4.75, 8, 5.25], "texture": "#0"}
			}
		},
		{
			"from": [7, -3, 3],
			"to": [9, -1, 4],
			"rotation": {"angle": 45, "axis": "z", "origin": [8, -2, 3.5]},
			"faces": {
				"north": {"uv": [0, 9.5, 0.5, 10], "texture": "#0"},
				"east": {"uv": [6.25, 2.75, 6.5, 3.25], "texture": "#0"},
				"south": {"uv": [0.75, 9.5, 1.25, 10], "texture": "#0"},
				"west": {"uv": [10, 8, 10.25, 8.5], "texture": "#0"},
				"up": {"uv": [9.5, 10.25, 9, 10], "texture": "#0"},
				"down": {"uv": [0.5, 10.25, 0, 10.5], "texture": "#0"}
			}
		},
		{
			"from": [3.5, 3.2961, 5.4588],
			"to": [5.5, 6.2961, 6.4588],
			"rotation": {"angle": 22.5, "axis": "x", "origin": [8, 12.7961, 11.9588]},
			"faces": {
				"north": {"uv": [9, 0, 9.5, 0.75], "texture": "#0"},
				"east": {"uv": [9.75, 1.5, 10, 2.25], "texture": "#0"},
				"south": {"uv": [4.75, 9, 5.25, 9.75], "texture": "#0"},
				"west": {"uv": [7, 9.75, 7.25, 10.5], "texture": "#0"},
				"up": {"uv": [1.25, 10.5, 0.75, 10.25], "texture": "#0"},
				"down": {"uv": [10.75, 1.5, 10.25, 1.75], "texture": "#0"}
			}
		},
		{
			"from": [5.5, 5.2961, 3.2088],
			"to": [6.5, 8.2961, 12.2088],
			"rotation": {"angle": -22.5, "axis": "z", "origin": [8, 12.7961, 11.9588]},
			"faces": {
				"north": {"uv": [6, 9.25, 6.25, 10], "texture": "#0"},
				"east": {"uv": [5.25, 1.75, 7.5, 2.5], "texture": "#0"},
				"south": {"uv": [1.5, 9.5, 1.75, 10.25], "texture": "#0"},
				"west": {"uv": [1.75, 6, 4, 6.75], "texture": "#0"},
				"up": {"uv": [6.75, 10.25, 6.5, 8], "texture": "#0"},
				"down": {"uv": [8.25, 6.75, 8, 9], "texture": "#0"}
			}
		},
		{
			"from": [6.5, 0.2961, 3.2088],
			"to": [7.5, 6.2961, 12.2088],
			"rotation": {"angle": -22.5, "axis": "z", "origin": [8, 12.7961, 11.9588]},
			"faces": {
				"north": {"uv": [8.5, 8.75, 8.75, 10.25], "texture": "#0"},
				"east": {"uv": [2.75, 0, 5, 1.5], "texture": "#0"},
				"south": {"uv": [4.25, 9, 4.5, 10.5], "texture": "#0"},
				"west": {"uv": [2.75, 1.75, 5, 3.25], "texture": "#0"},
				"up": {"uv": [6.25, 9, 6, 6.75], "texture": "#0"},
				"down": {"uv": [3.25, 8, 3, 10.25], "texture": "#0"}
			}
		},
		{
			"from": [6.5, 0.2961, 12.2088],
			"to": [7.5, 2.2961, 13.2088],
			"rotation": {"angle": -22.5, "axis": "z", "origin": [8, 12.7961, 12.9588]},
			"faces": {
				"north": {"uv": [5.5, 10.25, 5.75, 10.75], "texture": "#0"},
				"east": {"uv": [6, 10.25, 6.25, 10.75], "texture": "#0"},
				"south": {"uv": [7.5, 10.25, 7.75, 10.75], "texture": "#0"},
				"west": {"uv": [8, 10.25, 8.25, 10.75], "texture": "#0"},
				"up": {"uv": [10.75, 0.75, 10.5, 0.5], "texture": "#0"},
				"down": {"uv": [10.75, 1, 10.5, 1.25], "texture": "#0"}
			}
		},
		{
			"from": [4.7951, 5.97849, 3.4588],
			"to": [9.7951, 6.97849, 8.4588],
			"rotation": {"angle": -45, "axis": "z", "origin": [-1.7049, 7.47849, 11.9588]},
			"faces": {
				"north": {"uv": [8.25, 1, 9.5, 1.25], "texture": "#0"},
				"east": {"uv": [9, 5.5, 10.25, 5.75], "texture": "#0"},
				"south": {"uv": [9, 6, 10.25, 6.25], "texture": "#0"},
				"west": {"uv": [9, 8.75, 10.25, 9], "texture": "#0"},
				"up": {"uv": [7.75, 7.75, 6.5, 6.5], "texture": "#0"},
				"down": {"uv": [8, 0, 6.75, 1.25], "texture": "#0"}
			}
		},
		{
			"from": [6.43498, 0.65936, 3.4588],
			"to": [8.43498, 1.65936, 5.4588],
			"rotation": {"angle": -22.5, "axis": "z", "origin": [-0.06502, 2.15936, 11.9588]},
			"faces": {
				"north": {"uv": [10, 3.5, 10.5, 3.75], "texture": "#0"},
				"east": {"uv": [4.75, 10, 5.25, 10.25], "texture": "#0"},
				"south": {"uv": [10, 7, 10.5, 7.25], "texture": "#0"},
				"west": {"uv": [10, 7.5, 10.5, 7.75], "texture": "#0"},
				"up": {"uv": [9.75, 8.25, 9.25, 7.75], "texture": "#0"},
				"down": {"uv": [9.5, 9.25, 9, 9.75], "texture": "#0"}
			}
		},
		{
			"from": [4.7951, 5.97849, 8.4588],
			"to": [7.7951, 6.97849, 13.4588],
			"rotation": {"angle": -45, "axis": "z", "origin": [-1.7049, 7.47849, 11.9588]},
			"faces": {
				"north": {"uv": [9.75, 4, 10.5, 4.25], "texture": "#0"},
				"east": {"uv": [9.25, 6.5, 10.5, 6.75], "texture": "#0"},
				"south": {"uv": [7.5, 9.75, 8.25, 10], "texture": "#0"},
				"west": {"uv": [7, 9.25, 8.25, 9.5], "texture": "#0"},
				"up": {"uv": [0.75, 9.25, 0, 8], "texture": "#0"},
				"down": {"uv": [1.75, 8, 1, 9.25], "texture": "#0"}
			}
		},
		{
			"from": [7.7951, 5.97849, 8.4588],
			"to": [8.7951, 6.97849, 11.4588],
			"rotation": {"angle": -45, "axis": "z", "origin": [-1.7049, 7.47849, 11.9588]},
			"faces": {
				"north": {"uv": [10.25, 10.25, 10.5, 10.5], "texture": "#0"},
				"east": {"uv": [9.75, 9.25, 10.5, 9.5], "texture": "#0"},
				"south": {"uv": [10.5, 0, 10.75, 0.25], "texture": "#0"},
				"west": {"uv": [9.75, 9.75, 10.5, 10], "texture": "#0"},
				"up": {"uv": [10.25, 3.25, 10, 2.5], "texture": "#0"},
				"down": {"uv": [10.25, 4.5, 10, 5.25], "texture": "#0"}
			}
		},
		{
			"from": [6.5, 6.2961, 4.2088],
			"to": [8.5, 8.2961, 12.2088],
			"rotation": {"angle": -22.5, "axis": "z", "origin": [8, 12.7961, 11.9588]},
			"faces": {
				"north": {"uv": [9.75, 0, 10.25, 0.5], "texture": "#0"},
				"east": {"uv": [7.75, 2.5, 9.75, 3], "texture": "#0"},
				"south": {"uv": [9.75, 0.75, 10.25, 1.25], "texture": "#0"},
				"west": {"uv": [7.75, 3.25, 9.75, 3.75], "texture": "#0"},
				"up": {"uv": [5.75, 8.75, 5.25, 6.75], "texture": "#0"},
				"down": {"uv": [4, 7, 3.5, 9], "texture": "#0"}
			}
		},
		{
			"from": [10.5, 3.2961, 5.4588],
			"to": [12.5, 6.2961, 6.4588],
			"rotation": {"angle": 22.5, "axis": "x", "origin": [8, 12.7961, 11.9588]},
			"faces": {
				"north": {"uv": [9.5, 0, 9, 0.75], "texture": "#0"},
				"east": {"uv": [7.25, 9.75, 7, 10.5], "texture": "#0"},
				"south": {"uv": [5.25, 9, 4.75, 9.75], "texture": "#0"},
				"west": {"uv": [10, 1.5, 9.75, 2.25], "texture": "#0"},
				"up": {"uv": [0.75, 10.5, 1.25, 10.25], "texture": "#0"},
				"down": {"uv": [10.25, 1.5, 10.75, 1.75], "texture": "#0"}
			}
		},
		{
			"from": [9.5, 5.2961, 3.2088],
			"to": [10.5, 8.2961, 12.2088],
			"rotation": {"angle": 22.5, "axis": "z", "origin": [8, 12.7961, 11.9588]},
			"faces": {
				"north": {"uv": [6.25, 9.25, 6, 10], "texture": "#0"},
				"east": {"uv": [4, 6, 1.75, 6.75], "texture": "#0"},
				"south": {"uv": [1.75, 9.5, 1.5, 10.25], "texture": "#0"},
				"west": {"uv": [7.5, 1.75, 5.25, 2.5], "texture": "#0"},
				"up": {"uv": [6.5, 10.25, 6.75, 8], "texture": "#0"},
				"down": {"uv": [8, 6.75, 8.25, 9], "texture": "#0"}
			}
		},
		{
			"from": [8.5, 0.2961, 3.2088],
			"to": [9.5, 6.2961, 12.2088],
			"rotation": {"angle": 22.5, "axis": "z", "origin": [8, 12.7961, 11.9588]},
			"faces": {
				"north": {"uv": [8.75, 8.75, 8.5, 10.25], "texture": "#0"},
				"east": {"uv": [5, 1.75, 2.75, 3.25], "texture": "#0"},
				"south": {"uv": [4.5, 9, 4.25, 10.5], "texture": "#0"},
				"west": {"uv": [5, 0, 2.75, 1.5], "texture": "#0"},
				"up": {"uv": [6, 9, 6.25, 6.75], "texture": "#0"},
				"down": {"uv": [3, 8, 3.25, 10.25], "texture": "#0"}
			}
		},
		{
			"from": [8.5, 0.2961, 12.2088],
			"to": [9.5, 2.2961, 13.2088],
			"rotation": {"angle": 22.5, "axis": "z", "origin": [8, 12.7961, 12.9588]},
			"faces": {
				"north": {"uv": [5.75, 10.25, 5.5, 10.75], "texture": "#0"},
				"east": {"uv": [8.25, 10.25, 8, 10.75], "texture": "#0"},
				"south": {"uv": [7.75, 10.25, 7.5, 10.75], "texture": "#0"},
				"west": {"uv": [6.25, 10.25, 6, 10.75], "texture": "#0"},
				"up": {"uv": [10.5, 0.75, 10.75, 0.5], "texture": "#0"},
				"down": {"uv": [10.5, 1, 10.75, 1.25], "texture": "#0"}
			}
		},
		{
			"from": [6.2049, 5.97849, 3.4588],
			"to": [11.2049, 6.97849, 8.4588],
			"rotation": {"angle": 45, "axis": "z", "origin": [17.7049, 7.47849, 11.9588]},
			"faces": {
				"north": {"uv": [9.5, 1, 8.25, 1.25], "texture": "#0"},
				"east": {"uv": [10.25, 8.75, 9, 9], "texture": "#0"},
				"south": {"uv": [10.25, 6, 9, 6.25], "texture": "#0"},
				"west": {"uv": [10.25, 5.5, 9, 5.75], "texture": "#0"},
				"up": {"uv": [6.5, 7.75, 7.75, 6.5], "texture": "#0"},
				"down": {"uv": [6.75, 0, 8, 1.25], "texture": "#0"}
			}
		},
		{
			"from": [7.56502, 0.65936, 3.4588],
			"to": [9.56502, 1.65936, 5.4588],
			"rotation": {"angle": 22.5, "axis": "z", "origin": [16.06502, 2.15936, 11.9588]},
			"faces": {
				"north": {"uv": [10.5, 3.5, 10, 3.75], "texture": "#0"},
				"east": {"uv": [10.5, 7.5, 10, 7.75], "texture": "#0"},
				"south": {"uv": [10.5, 7, 10, 7.25], "texture": "#0"},
				"west": {"uv": [5.25, 10, 4.75, 10.25], "texture": "#0"},
				"up": {"uv": [9.25, 8.25, 9.75, 7.75], "texture": "#0"},
				"down": {"uv": [9, 9.25, 9.5, 9.75], "texture": "#0"}
			}
		},
		{
			"from": [8.2049, 5.97849, 8.4588],
			"to": [11.2049, 6.97849, 13.4588],
			"rotation": {"angle": 45, "axis": "z", "origin": [17.7049, 7.47849, 11.9588]},
			"faces": {
				"north": {"uv": [10.5, 4, 9.75, 4.25], "texture": "#0"},
				"east": {"uv": [8.25, 9.25, 7, 9.5], "texture": "#0"},
				"south": {"uv": [8.25, 9.75, 7.5, 10], "texture": "#0"},
				"west": {"uv": [10.5, 6.5, 9.25, 6.75], "texture": "#0"},
				"up": {"uv": [0, 9.25, 0.75, 8], "texture": "#0"},
				"down": {"uv": [1, 8, 1.75, 9.25], "texture": "#0"}
			}
		},
		{
			"from": [7.2049, 5.97849, 8.4588],
			"to": [8.2049, 6.97849, 11.4588],
			"rotation": {"angle": 45, "axis": "z", "origin": [17.7049, 7.47849, 11.9588]},
			"faces": {
				"north": {"uv": [10.5, 10.25, 10.25, 10.5], "texture": "#0"},
				"east": {"uv": [10.5, 9.75, 9.75, 10], "texture": "#0"},
				"south": {"uv": [10.75, 0, 10.5, 0.25], "texture": "#0"},
				"west": {"uv": [10.5, 9.25, 9.75, 9.5], "texture": "#0"},
				"up": {"uv": [10, 3.25, 10.25, 2.5], "texture": "#0"},
				"down": {"uv": [10, 4.5, 10.25, 5.25], "texture": "#0"}
			}
		},
		{
			"from": [7.5, 6.2961, 4.2088],
			"to": [9.5, 8.2961, 12.2088],
			"rotation": {"angle": 22.5, "axis": "z", "origin": [8, 12.7961, 11.9588]},
			"faces": {
				"north": {"uv": [10.25, 0, 9.75, 0.5], "texture": "#0"},
				"east": {"uv": [9.75, 3.25, 7.75, 3.75], "texture": "#0"},
				"south": {"uv": [10.25, 0.75, 9.75, 1.25], "texture": "#0"},
				"west": {"uv": [9.75, 2.5, 7.75, 3], "texture": "#0"},
				"up": {"uv": [5.25, 8.75, 5.75, 6.75], "texture": "#0"},
				"down": {"uv": [3.5, 7, 4, 9], "texture": "#0"}
			}
		}
	],
	"gui_light": "front",
	"display": {
		"thirdperson_righthand": {
			"rotation": [0, -1, 0],
			"translation": [-1.5, 1.25, 0],
			"scale": [0.5, 0.5, 0.5]
		},
		"thirdperson_lefthand": {
			"translation": [-1.5, 1.25, 0],
			"scale": [0.5, 0.5, 0.5]
		},
		"firstperson_righthand": {
			"rotation": [0, 20, 0],
			"translation": [-0.25, 3.5, 0],
			"scale": [0.5, 0.5, 0.5]
		},
		"firstperson_lefthand": {
			"rotation": [0, 20, 0],
			"translation": [-0.25, 3.5, 0],
			"scale": [0.5, 0.5, 0.5]
		},
		"ground": {
			"translation": [0, 3.25, 0],
			"scale": [0.7, 0.7, 0.7]
		},
		"gui": {
			"rotation": [30, -145, 0],
			"translation": [0.5, 2.5, 0],
			"scale": [0.85, 0.85, 0.85]
		},
		"head": {
			"translation": [0, 6.5, 0.5],
			"scale": [1.7, 1.7, 1.7]
		},
		"fixed": {
			"rotation": [-48, 0, 0],
			"translation": [0, 2.25, -9.5]
		}
	},
	"groups": [
		0,
		1,
		2,
		3,
		4,
		5,
		6,
		7,
		{
			"name": "group",
			"origin": [8, 12.7961, 11.9588],
			"color": 0,
			"boneType": "",
			"children": [8, 9, 10, 11, 12, 13, 14, 15, 16]
		},
		{
			"name": "group",
			"origin": [8, 12.7961, 11.9588],
			"color": 0,
			"boneType": "",
			"children": [17, 18, 19, 20, 21, 22, 23, 24, 25]
		}
	]
}