{
	"ambientocclusion": false,
	"textures": {
		"0": "item/crates/halloween21_crate/scream_mask"
	},
	"elements": [
		{
			"name": "head",
			"from": [3.5, 0.5, 4],
			"to": [12.5, 9.5, 12],
			"faces": {
				"north": {"uv": [6, 0, 8.25, 2.25], "texture": "#0"},
				"east": {"uv": [6, 5, 8, 7.25], "texture": "#0"},
				"south": {"uv": [6, 2.5, 8.25, 4.75], "texture": "#0"},
				"west": {"uv": [6, 7.5, 8, 9.75], "texture": "#0"},
				"up": {"uv": [10.5, 7, 8.25, 5], "texture": "#0"},
				"down": {"uv": [10.5, 7.25, 8.25, 9.25], "texture": "#0"}
			}
		},
		{
			"name": "head",
			"from": [3.5, 9.5, 1],
			"to": [12.5, 9.5, 4],
			"faces": {
				"north": {"uv": [11.25, 5.5, 13.5, 5.5], "texture": "#0"},
				"east": {"uv": [11.25, 5.75, 12, 5.75], "texture": "#0"},
				"south": {"uv": [11.25, 8.5, 13.5, 8.5], "texture": "#0"},
				"west": {"uv": [7.25, 11.25, 8, 11.25], "texture": "#0"},
				"up": {"uv": [10.75, 2.25, 8.5, 1.5], "texture": "#0"},
				"down": {"uv": [4.75, 8.5, 2.5, 9.25], "texture": "#0"}
			}
		},
		{
			"name": "head",
			"from": [3.5, -4.5, 12],
			"to": [12.5, 0.5, 12],
			"faces": {
				"north": {"uv": [0, 8.5, 2.25, 9.75], "texture": "#0"},
				"east": {"uv": [11.25, 11.25, 11.25, 12.5], "texture": "#0"},
				"south": {"uv": [8.5, 0, 10.75, 1.25], "texture": "#0"},
				"west": {"uv": [11.5, 0, 11.5, 1.25], "texture": "#0"},
				"up": {"uv": [13.5, 8.75, 11.25, 8.75], "texture": "#0"},
				"down": {"uv": [13.5, 10.25, 11.25, 10.25], "texture": "#0"}
			}
		},
		{
			"name": "head",
			"from": [12.475, -6.5, 1],
			"to": [12.475, 9.5, 12],
			"rotation": {"angle": 0, "axis": "y", "origin": [16, 0, 0]},
			"faces": {
				"north": {"uv": [10.25, 11.25, 10.25, 15.25], "texture": "#0"},
				"east": {"uv": [0, 4.25, 2.75, 8.25], "texture": "#0"},
				"south": {"uv": [10.5, 11.25, 10.5, 15.25], "texture": "#0"},
				"west": {"uv": [3, 4.25, 5.75, 8.25], "texture": "#0"},
				"up": {"uv": [10.75, 14, 10.75, 11.25], "texture": "#0"},
				"down": {"uv": [11, 11.25, 11, 14], "texture": "#0"}
			}
		},
		{
			"name": "head",
			"from": [3.525, -6.5, 1],
			"to": [3.525, 9.5, 12],
			"faces": {
				"north": {"uv": [10.25, 11.25, 10.25, 15.25], "texture": "#0"},
				"east": {"uv": [5.75, 4.25, 3, 8.25], "texture": "#0"},
				"south": {"uv": [10.5, 11.25, 10.5, 15.25], "texture": "#0"},
				"west": {"uv": [2.75, 4.25, 0, 8.25], "texture": "#0"},
				"up": {"uv": [10.75, 14, 10.75, 11.25], "texture": "#0"},
				"down": {"uv": [11, 11.25, 11, 14], "texture": "#0"}
			}
		},
		{
			"from": [6.5, -3, 3],
			"to": [9.5, 0, 4],
			"faces": {
				"north": {"uv": [5, 8.5, 5.75, 9.25], "texture": "#0"},
				"east": {"uv": [9.75, 10.5, 10, 11.25], "texture": "#0"},
				"south": {"uv": [6.75, 10, 7.5, 10.75], "texture": "#0"},
				"west": {"uv": [10.75, 5, 11, 5.75], "texture": "#0"},
				"up": {"uv": [11.5, 6.25, 10.75, 6], "texture": "#0"},
				"down": {"uv": [11.5, 6.5, 10.75, 6.75], "texture": "#0"}
			}
		},
		{
			"from": [5.5, 0, 3],
			"to": [10.5, 3, 4],
			"faces": {
				"north": {"uv": [4.5, 9.5, 5.75, 10.25], "texture": "#0"},
				"east": {"uv": [10.75, 7, 11, 7.75], "texture": "#0"},
				"south": {"uv": [0, 10, 1.25, 10.75], "texture": "#0"},
				"west": {"uv": [10.75, 8, 11, 8.75], "texture": "#0"},
				"up": {"uv": [5.75, 10.75, 4.5, 10.5], "texture": "#0"},
				"down": {"uv": [12, 3, 10.75, 3.25], "texture": "#0"}
			}
		},
		{
			"from": [4, 3, 3],
			"to": [12, 6, 4],
			"faces": {
				"north": {"uv": [8.5, 2.5, 10.5, 3.25], "texture": "#0"},
				"east": {"uv": [0, 11, 0.25, 11.75], "texture": "#0"},
				"south": {"uv": [8.5, 3.5, 10.5, 4.25], "texture": "#0"},
				"west": {"uv": [11, 0, 11.25, 0.75], "texture": "#0"},
				"up": {"uv": [10.5, 4.75, 8.5, 4.5], "texture": "#0"},
				"down": {"uv": [12.25, 9.5, 10.25, 9.75], "texture": "#0"}
			}
		},
		{
			"from": [4.5, 6, 3],
			"to": [11.5, 9, 4],
			"faces": {
				"north": {"uv": [2.5, 9.5, 4.25, 10.25], "texture": "#0"},
				"east": {"uv": [0.5, 11, 0.75, 11.75], "texture": "#0"},
				"south": {"uv": [8.25, 9.5, 10, 10.25], "texture": "#0"},
				"west": {"uv": [1, 11, 1.25, 11.75], "texture": "#0"},
				"up": {"uv": [9.5, 10.75, 7.75, 10.5], "texture": "#0"},
				"down": {"uv": [12.5, 2.5, 10.75, 2.75], "texture": "#0"}
			}
		},
		{
			"from": [7, -5, 3],
			"to": [9, -3, 4],
			"faces": {
				"north": {"uv": [10.75, 3.5, 11.25, 4], "texture": "#0"},
				"east": {"uv": [11, 1, 11.25, 1.5], "texture": "#0"},
				"south": {"uv": [10.75, 4.25, 11.25, 4.75], "texture": "#0"},
				"west": {"uv": [11, 1.75, 11.25, 2.25], "texture": "#0"},
				"up": {"uv": [11.25, 9.25, 10.75, 9], "texture": "#0"},
				"down": {"uv": [5, 11, 4.5, 11.25], "texture": "#0"}
			}
		},
		{
			"from": [9, 3, 2.975],
			"to": [11, 7, 2.975],
			"rotation": {"angle": 22.5, "axis": "z", "origin": [9.5, 4.5, 2.975]},
			"faces": {
				"north": {"uv": [10.25, 10, 10.75, 11], "texture": "#0"},
				"east": {"uv": [5.75, 11, 5.75, 12], "texture": "#0"},
				"south": {"uv": [2.25, 10.5, 2.75, 11.5], "texture": "#0"},
				"west": {"uv": [6.75, 11, 6.75, 12], "texture": "#0"},
				"up": {"uv": [7.5, 11, 7, 11], "texture": "#0"},
				"down": {"uv": [8.25, 11, 7.75, 11], "texture": "#0"}
			}
		},
		{
			"from": [5, 3, 2.975],
			"to": [7, 7, 2.975],
			"rotation": {"angle": -22.5, "axis": "z", "origin": [6.5, 4.5, 2.975]},
			"faces": {
				"north": {"uv": [3, 10.5, 3.5, 11.5], "texture": "#0"},
				"east": {"uv": [8.5, 11, 8.5, 12], "texture": "#0"},
				"south": {"uv": [3.75, 10.5, 4.25, 11.5], "texture": "#0"},
				"west": {"uv": [8.75, 11, 8.75, 12], "texture": "#0"},
				"up": {"uv": [9.5, 11, 9, 11], "texture": "#0"},
				"down": {"uv": [11.5, 10, 11, 10], "texture": "#0"}
			}
		},
		{
			"from": [7.5, 2, 2.975],
			"to": [8.5, 3, 2.975],
			"rotation": {"angle": 45, "axis": "z", "origin": [8, 2.5, 2.975]},
			"faces": {
				"north": {"uv": [7.75, 10, 8, 10.25], "texture": "#0"},
				"east": {"uv": [2.25, 10, 2.25, 10.25], "texture": "#0"},
				"south": {"uv": [5.25, 11, 5.5, 11.25], "texture": "#0"},
				"west": {"uv": [11, 10.25, 11, 10.5], "texture": "#0"},
				"up": {"uv": [11.25, 10.75, 11, 10.75], "texture": "#0"},
				"down": {"uv": [11.25, 11, 11, 11], "texture": "#0"}
			}
		},
		{
			"from": [7.25, -4, 2.975],
			"to": [8.75, 1, 2.975],
			"faces": {
				"north": {"uv": [1.5, 10, 2, 11.25], "texture": "#0"},
				"east": {"uv": [7, 11.25, 7, 12.5], "texture": "#0"},
				"south": {"uv": [6, 10, 6.5, 11.25], "texture": "#0"},
				"west": {"uv": [11.25, 7, 11.25, 8.25], "texture": "#0"},
				"up": {"uv": [11.75, 5, 11.25, 5], "texture": "#0"},
				"down": {"uv": [11.75, 5.25, 11.25, 5.25], "texture": "#0"}
			}
		}
	],
	"gui_light": "front",
	"display": {
		"thirdperson_righthand": {
			"translation": [-1.75, 0, 0],
			"scale": [0.35, 0.35, 0.35]
		},
		"thirdperson_lefthand": {
			"translation": [-1.75, 0, 0],
			"scale": [0.35, 0.35, 0.35]
		},
		"firstperson_righthand": {
			"translation": [0, 2.25, 0],
			"scale": [0.5, 0.5, 0.5]
		},
		"firstperson_lefthand": {
			"translation": [0, 2.25, 0],
			"scale": [0.5, 0.5, 0.5]
		},
		"ground": {
			"translation": [0, 7.5, 0],
			"scale": [0.7, 0.7, 0.7]
		},
		"gui": {
			"rotation": [30, -145, 0],
			"translation": [0, 4.5, 0],
			"scale": [0.8, 0.8, 0.8]
		},
		"head": {
			"translation": [0, 7, 0],
			"scale": [1.81, 1.81, 1.81]
		},
		"fixed": {
			"translation": [0, 6.25, 0]
		}
	}
}