{
	"textures": {
		"0": "item/crates/halloween21_crate/spooky_lantern"
	},
	"elements": [
		{
			"from": [5, 0, 5],
			"to": [11, 1, 11],
			"faces": {
				"north": {"uv": [9.5, 5, 11, 5.25], "texture": "#0"},
				"east": {"uv": [9.5, 5.5, 11, 5.75], "texture": "#0"},
				"south": {"uv": [9.75, 2.75, 11.25, 3], "texture": "#0"},
				"west": {"uv": [9.75, 3.25, 11.25, 3.5], "texture": "#0"},
				"up": {"uv": [5, 6.5, 3.5, 5], "texture": "#0"},
				"down": {"uv": [6.75, 5, 5.25, 6.5], "texture": "#0"}
			}
		},
		{
			"from": [5.5, 1, 5.5],
			"to": [10.5, 2, 10.5],
			"faces": {
				"north": {"uv": [10.25, 9.5, 11.5, 9.75], "texture": "#0"},
				"east": {"uv": [10.25, 10, 11.5, 10.25], "texture": "#0"},
				"south": {"uv": [10.5, 6, 11.75, 6.25], "texture": "#0"},
				"west": {"uv": [10.5, 6.5, 11.75, 6.75], "texture": "#0"},
				"up": {"uv": [7.25, 4.25, 6, 3], "texture": "#0"},
				"down": {"uv": [4.75, 6.75, 3.5, 8], "texture": "#0"}
			}
		},
		{
			"from": [4.8076, 2.70357, 7.525],
			"to": [5.8076, 9.70357, 8.475],
			"rotation": {"angle": 22.5, "axis": "z", "origin": [8.3076, 1.20357, 8]},
			"faces": {
				"north": {"uv": [8.25, 9, 8.5, 10.75], "texture": "#0"},
				"east": {"uv": [8.75, 9, 9, 10.75], "texture": "#0"},
				"south": {"uv": [3.5, 9.25, 3.75, 11], "texture": "#0"},
				"west": {"uv": [4, 9.25, 4.25, 11], "texture": "#0"},
				"up": {"uv": [5.75, 11.75, 5.5, 11.5], "texture": "#0"},
				"down": {"uv": [6.25, 11.5, 6, 11.75], "texture": "#0"}
			}
		},
		{
			"from": [-2.31482, 0.73188, 7.55],
			"to": [-1.31482, 4.73188, 8.45],
			"rotation": {"angle": -45, "axis": "z", "origin": [8.18518, -0.76812, 8]},
			"faces": {
				"north": {"uv": [3, 11, 3.25, 12], "texture": "#0"},
				"east": {"uv": [8.25, 11, 8.5, 12], "texture": "#0"},
				"south": {"uv": [8.75, 11, 9, 12], "texture": "#0"},
				"west": {"uv": [11, 10.5, 11.25, 11.5], "texture": "#0"},
				"up": {"uv": [9.5, 11.75, 9.25, 11.5], "texture": "#0"},
				"down": {"uv": [11.75, 10.5, 11.5, 10.75], "texture": "#0"}
			}
		},
		{
			"from": [4.5, 1.25, 7.5],
			"to": [11.5, 2.25, 8.5],
			"rotation": {"angle": 0, "axis": "z", "origin": [7, 4.5, 6]},
			"faces": {
				"north": {"uv": [9.25, 0, 11, 0.25], "texture": "#0"},
				"east": {"uv": [6.5, 11.5, 6.75, 11.75], "texture": "#0"},
				"south": {"uv": [9.25, 0.5, 11, 0.75], "texture": "#0"},
				"west": {"uv": [7, 11.5, 7.25, 11.75], "texture": "#0"},
				"up": {"uv": [11, 9.25, 9.25, 9], "texture": "#0"},
				"down": {"uv": [11.25, 4.5, 9.5, 4.75], "texture": "#0"}
			}
		},
		{
			"from": [4.35675, 9.83848, 7.575],
			"to": [5.35675, 15.83848, 8.425],
			"rotation": {"angle": 0, "axis": "z", "origin": [6.85675, 5.08848, 6]},
			"faces": {
				"north": {"uv": [5, 9.75, 5.25, 11.25], "texture": "#0"},
				"east": {"uv": [5.5, 9.75, 5.75, 11.25], "texture": "#0"},
				"south": {"uv": [6, 9.75, 6.25, 11.25], "texture": "#0"},
				"west": {"uv": [6.5, 9.75, 6.75, 11.25], "texture": "#0"},
				"up": {"uv": [11.75, 11.25, 11.5, 11], "texture": "#0"},
				"down": {"uv": [11.75, 11.5, 11.5, 11.75], "texture": "#0"}
			}
		},
		{
			"from": [10.64325, 9.83848, 7.575],
			"to": [11.64325, 15.83848, 8.425],
			"rotation": {"angle": 0, "axis": "z", "origin": [9.14325, 5.08848, 6]},
			"faces": {
				"north": {"uv": [5.25, 9.75, 5, 11.25], "texture": "#0"},
				"east": {"uv": [6.75, 9.75, 6.5, 11.25], "texture": "#0"},
				"south": {"uv": [6.25, 9.75, 6, 11.25], "texture": "#0"},
				"west": {"uv": [5.75, 9.75, 5.5, 11.25], "texture": "#0"},
				"up": {"uv": [11.5, 11.25, 11.75, 11], "texture": "#0"},
				"down": {"uv": [11.5, 11.5, 11.75, 11.75], "texture": "#0"}
			}
		},
		{
			"name": "skull",
			"from": [7, 5.25, 7.025],
			"to": [8, 6.25, 7.025],
			"rotation": {"angle": -45, "axis": "y", "origin": [8, 6.25, 8.025]},
			"faces": {
				"north": {"uv": [10.25, 11.25, 10.5, 11.5], "texture": "#0"},
				"east": {"uv": [2.5, 11.75, 2.5, 12], "texture": "#0"},
				"south": {"uv": [5, 11.5, 5.25, 11.75], "texture": "#0"},
				"west": {"uv": [2.75, 11.75, 2.75, 12], "texture": "#0"},
				"up": {"uv": [7.25, 6.5, 7, 6.5], "texture": "#0"},
				"down": {"uv": [7.75, 4.25, 7.5, 4.25], "texture": "#0"}
			}
		},
		{
			"name": "skull",
			"from": [7, 5.25, 7.025],
			"to": [7, 6.25, 8.025],
			"rotation": {"angle": -45, "axis": "y", "origin": [8, 6.25, 8.025]},
			"faces": {
				"north": {"uv": [1, 9.75, 1, 10], "texture": "#0"},
				"east": {"uv": [7, 6, 7.25, 6.25], "texture": "#0"},
				"south": {"uv": [9.75, 6, 9.75, 6.25], "texture": "#0"},
				"west": {"uv": [4.5, 8.25, 4.75, 8.5], "texture": "#0"},
				"up": {"uv": [9.75, 6.75, 9.75, 6.5], "texture": "#0"},
				"down": {"uv": [10.75, 11.25, 10.75, 11.5], "texture": "#0"}
			}
		},
		{
			"name": "skull",
			"from": [7, 5.75, 7],
			"to": [9, 7.75, 9],
			"rotation": {"angle": -45, "axis": "y", "origin": [8, 6.25, 8]},
			"faces": {
				"north": {"uv": [7.5, 10.25, 8, 10.75], "texture": "#0"},
				"east": {"uv": [10.5, 7, 11, 7.5], "texture": "#0"},
				"south": {"uv": [10.25, 10.5, 10.75, 11], "texture": "#0"},
				"west": {"uv": [1.5, 11, 2, 11.5], "texture": "#0"},
				"up": {"uv": [2.75, 11.5, 2.25, 11], "texture": "#0"},
				"down": {"uv": [11.5, 3.75, 11, 4.25], "texture": "#0"}
			}
		},
		{
			"from": [17.31482, 0.73188, 7.55],
			"to": [18.31482, 4.73188, 8.45],
			"rotation": {"angle": 45, "axis": "z", "origin": [7.81482, -0.76812, 8]},
			"faces": {
				"north": {"uv": [3.25, 11, 3, 12], "texture": "#0"},
				"east": {"uv": [11.25, 10.5, 11, 11.5], "texture": "#0"},
				"south": {"uv": [9, 11, 8.75, 12], "texture": "#0"},
				"west": {"uv": [8.5, 11, 8.25, 12], "texture": "#0"},
				"up": {"uv": [9.25, 11.75, 9.5, 11.5], "texture": "#0"},
				"down": {"uv": [11.5, 10.5, 11.75, 10.75], "texture": "#0"}
			}
		},
		{
			"from": [10.1924, 2.70357, 7.525],
			"to": [11.1924, 9.70357, 8.475],
			"rotation": {"angle": -22.5, "axis": "z", "origin": [7.6924, 1.20357, 8]},
			"faces": {
				"north": {"uv": [8.5, 9, 8.25, 10.75], "texture": "#0"},
				"east": {"uv": [4.25, 9.25, 4, 11], "texture": "#0"},
				"south": {"uv": [3.75, 9.25, 3.5, 11], "texture": "#0"},
				"west": {"uv": [9, 9, 8.75, 10.75], "texture": "#0"},
				"up": {"uv": [5.5, 11.75, 5.75, 11.5], "texture": "#0"},
				"down": {"uv": [6, 11.5, 6.25, 11.75], "texture": "#0"}
			}
		},
		{
			"from": [6, 1.5, 6],
			"to": [10, 3.5, 10],
			"faces": {
				"north": {"uv": [8.75, 3.75, 9.75, 4.25], "texture": "#0"},
				"east": {"uv": [8.75, 7, 9.75, 7.5], "texture": "#0"},
				"south": {"uv": [8.75, 7.75, 9.75, 8.25], "texture": "#0"},
				"west": {"uv": [0, 9, 1, 9.5], "texture": "#0"},
				"up": {"uv": [8.5, 4, 7.5, 3], "texture": "#0"},
				"down": {"uv": [6, 7.5, 5, 8.5], "texture": "#0"}
			}
		},
		{
			"from": [3.5, 15.83848, 3.5],
			"to": [12.5, 17.83848, 12.5],
			"rotation": {"angle": 0, "axis": "y", "origin": [7.89325, 17.17181, 8]},
			"faces": {
				"north": {"uv": [5, 6.75, 7.25, 7.25], "texture": "#0"},
				"east": {"uv": [0, 7, 2.25, 7.5], "texture": "#0"},
				"south": {"uv": [7, 4.5, 9.25, 5], "texture": "#0"},
				"west": {"uv": [7, 5.25, 9.25, 5.75], "texture": "#0"},
				"up": {"uv": [5.75, 2.25, 3.5, 0], "texture": "#0"},
				"down": {"uv": [5.75, 2.5, 3.5, 4.75], "texture": "#0"}
			}
		},
		{
			"from": [6.39325, 17.83848, 6.5],
			"to": [9.39325, 19.83848, 9.5],
			"rotation": {"angle": 0, "axis": "y", "origin": [7.89325, 17.17181, 8]},
			"faces": {
				"north": {"uv": [10, 3.75, 10.75, 4.25], "texture": "#0"},
				"east": {"uv": [10, 7.75, 10.75, 8.25], "texture": "#0"},
				"south": {"uv": [1.5, 10.25, 2.25, 10.75], "texture": "#0"},
				"west": {"uv": [2.5, 10.25, 3.25, 10.75], "texture": "#0"},
				"up": {"uv": [9.5, 6.75, 8.75, 6], "texture": "#0"},
				"down": {"uv": [7.25, 8.75, 6.5, 9.5], "texture": "#0"}
			}
		},
		{
			"from": [4.39325, 18.33848, 8],
			"to": [11.39325, 23.33848, 8],
			"rotation": {"angle": 0, "axis": "y", "origin": [1.64325, -0.66152, 1.5]},
			"faces": {
				"north": {"uv": [6, 0, 7.75, 1.25], "texture": "#0"},
				"east": {"uv": [4.5, 11.75, 4.5, 13], "texture": "#0"},
				"south": {"uv": [6, 1.5, 7.75, 2.75], "texture": "#0"},
				"west": {"uv": [4.75, 11.75, 4.75, 13], "texture": "#0"},
				"up": {"uv": [11, 1, 9.25, 1], "texture": "#0"},
				"down": {"uv": [13, 7.5, 11.25, 7.5], "texture": "#0"}
			}
		},
		{
			"from": [1.5, 15.33848, 1.5],
			"to": [14.5, 16.33848, 14.5],
			"rotation": {"angle": 0, "axis": "y", "origin": [7.89325, 17.17181, 8]},
			"faces": {
				"north": {"uv": [8, 1.25, 11.25, 1.5], "texture": "#0"},
				"east": {"uv": [8, 1.75, 11.25, 2], "texture": "#0"},
				"south": {"uv": [8, 2.25, 11.25, 2.5], "texture": "#0"},
				"west": {"uv": [7.5, 8.5, 10.75, 8.75], "texture": "#0"},
				"up": {"uv": [3.25, 3.25, 0, 0], "texture": "#0"},
				"down": {"uv": [3.25, 3.5, 0, 6.75], "texture": "#0"}
			}
		},
		{
			"from": [6.5, 3.5, 6.5],
			"to": [9.5, 4.5, 9.5],
			"faces": {
				"north": {"uv": [6, 4.5, 6.75, 4.75], "texture": "#0"},
				"east": {"uv": [11, 8.5, 11.75, 8.75], "texture": "#0"},
				"south": {"uv": [11.25, 5, 12, 5.25], "texture": "#0"},
				"west": {"uv": [11.25, 5.5, 12, 5.75], "texture": "#0"},
				"up": {"uv": [3.25, 7.75, 2.5, 7], "texture": "#0"},
				"down": {"uv": [3.25, 8, 2.5, 8.75], "texture": "#0"}
			}
		},
		{
			"name": "glass",
			"from": [6, 4.5, 6],
			"to": [10, 8.5, 10],
			"rotation": {"angle": -45, "axis": "y", "origin": [8, 5.5, 8]},
			"faces": {
				"north": {"uv": [7.5, 6, 8.5, 7], "texture": "#0"},
				"east": {"uv": [6.25, 7.5, 7.25, 8.5], "texture": "#0"},
				"south": {"uv": [7.5, 7.25, 8.5, 8.25], "texture": "#0"},
				"west": {"uv": [0, 7.75, 1, 8.75], "texture": "#0"},
				"up": {"uv": [2.25, 8.75, 1.25, 7.75], "texture": "#0"},
				"down": {"uv": [9, 0, 8, 1], "texture": "#0"}
			}
		},
		{
			"name": "glass",
			"from": [6.5, 8.5, 6.5],
			"to": [9.5, 9.5, 9.5],
			"rotation": {"angle": -45, "axis": "y", "origin": [8, 9.5, 8]},
			"faces": {
				"north": {"uv": [11.25, 7, 12, 7.25], "texture": "#0"},
				"east": {"uv": [11.25, 9, 12, 9.25], "texture": "#0"},
				"south": {"uv": [11.5, 1.25, 12.25, 1.5], "texture": "#0"},
				"west": {"uv": [11.5, 1.75, 12.25, 2], "texture": "#0"},
				"up": {"uv": [4.25, 9, 3.5, 8.25], "texture": "#0"},
				"down": {"uv": [9.5, 2.75, 8.75, 3.5], "texture": "#0"}
			}
		},
		{
			"name": "glass",
			"from": [7, 9.5, 7],
			"to": [9, 13.5, 9],
			"rotation": {"angle": -45, "axis": "y", "origin": [8, 9.5, 8]},
			"faces": {
				"north": {"uv": [1.25, 9, 1.75, 10], "texture": "#0"},
				"east": {"uv": [2, 9, 2.5, 10], "texture": "#0"},
				"south": {"uv": [2.75, 9, 3.25, 10], "texture": "#0"},
				"west": {"uv": [7.5, 9, 8, 10], "texture": "#0"},
				"up": {"uv": [8, 11.5, 7.5, 11], "texture": "#0"},
				"down": {"uv": [11.5, 7.75, 11, 8.25], "texture": "#0"}
			}
		},
		{
			"name": "glass",
			"from": [6.5, 13.5, 6.5],
			"to": [9.5, 14.5, 9.5],
			"rotation": {"angle": -45, "axis": "y", "origin": [8, 9.5, 8]},
			"faces": {
				"north": {"uv": [11.5, 2.25, 12.25, 2.5], "texture": "#0"},
				"east": {"uv": [11.5, 2.75, 12.25, 3], "texture": "#0"},
				"south": {"uv": [11.5, 3.25, 12.25, 3.5], "texture": "#0"},
				"west": {"uv": [11.5, 4.5, 12.25, 4.75], "texture": "#0"},
				"up": {"uv": [5.25, 9.5, 4.5, 8.75], "texture": "#0"},
				"down": {"uv": [6.25, 8.75, 5.5, 9.5], "texture": "#0"}
			}
		}
	],
	"gui_light": "front",
	"display": {
		"thirdperson_righthand": {
			"rotation": [66, 0, 0],
			"translation": [0, -4.5, -4.5],
			"scale": [0.4, 0.4, 0.4]
		},
		"thirdperson_lefthand": {
			"rotation": [66, 0, 0],
			"translation": [0, -4.5, -4.5],
			"scale": [0.4, 0.4, 0.4]
		},
		"firstperson_righthand": {
			"translation": [0, -1, 0],
			"scale": [0.5, 0.5, 0.5]
		},
		"firstperson_lefthand": {
			"translation": [0, -1, 0],
			"scale": [0.5, 0.5, 0.5]
		},
		"ground": {
			"scale": [0.3, 0.3, 0.3]
		},
		"gui": {
			"rotation": [30, 45, 0],
			"translation": [0, -1.5, 0],
			"scale": [0.65, 0.65, 0.65]
		},
		"head": {
			"translation": [0, 11.75, 0],
			"scale": [0.7, 0.7, 0.7]
		},
		"fixed": {
			"translation": [0, -1.75, -2.75],
			"scale": [0.8, 0.8, 0.8]
		}
	},
	"groups": [
		0,
		1,
		2,
		3,
		4,
		5,
		6,
		{
			"name": "group",
			"origin": [8, 6.25, 8],
			"color": 0,
			"boneType": "",
			"children": [7, 8, 9]
		},
		10,
		11,
		12,
		13,
		14,
		15,
		16,
		17,
		{
			"name": "group",
			"origin": [8, 9.5, 8],
			"color": 0,
			"boneType": "",
			"children": [18, 19, 20, 21]
		}
	]
}