{"textures":{"0":"item/crates/valentine20_crate/bow"},"elements":[{"from":[7.75,-3,7.75],"to":[8.25,15.25,8.25],"rotation":{"angle":0,"axis":"y","origin":[8,-0.25,8]},"faces":{"north":{"uv":[0,2.5,0.5,11.5],"texture":"#0"},"east":{"uv":[0.5,2.5,1,11.5],"texture":"#0"},"south":{"uv":[1,2.5,1.5,11.5],"texture":"#0"},"west":{"uv":[1.5,2.5,2,11.5],"texture":"#0"},"up":{"uv":[7,10,6.5,9.5],"texture":"#0"},"down":{"uv":[3.5,11.5,3,12],"texture":"#0"}}},{"from":[6.7736,14.77352,7.5],"to":[9.2736,16.52352,8.5],"rotation":{"angle":45,"axis":"z","origin":[8.02356,15.24996,8.0236]},"faces":{"north":{"uv":[2,9.5,3.5,10.5],"texture":"#0"},"east":{"uv":[8.5,11,9,12],"texture":"#0"},"south":{"uv":[3.5,9.5,5,10.5],"texture":"#0"},"west":{"uv":[6,14,6.5,15],"texture":"#0"},"up":{"uv":[14.5,13,13,12.5],"texture":"#0"},"down":{"uv":[15,11,13.5,11.5],"texture":"#0"}}},{"from":[8.4764,14.77352,7.5],"to":[9.2264,16.52352,8.5],"rotation":{"angle":-45,"axis":"z","origin":[7.97644,15.24996,8.0236]},"faces":{"north":{"uv":[6.5,14,7,15],"texture":"#0"},"east":{"uv":[7,14,7.5,15],"texture":"#0"},"south":{"uv":[7.5,14,8,15],"texture":"#0"},"west":{"uv":[8,14,8.5,15],"texture":"#0"},"up":{"uv":[12.5,4,12,3.5],"texture":"#0"},"down":{"uv":[12.5,10.5,12,11],"texture":"#0"}}},{"from":[6.25,-5,8],"to":[9.75,-0.25,8],"rotation":{"angle":0,"axis":"y","origin":[8,-0.25,8]},"faces":{"north":{"uv":[4,2,2,4.5],"texture":"#0"},"east":{"uv":[0,0,0,2.5],"texture":"#0"},"south":{"uv":[2,2,4,4.5],"texture":"#0"},"west":{"uv":[0,0,0,2.5],"texture":"#0"},"up":{"uv":[2,0,0,0],"texture":"#0"},"down":{"uv":[2,0,0,0],"texture":"#0"}}},{"from":[3.75,9.5,6.85],"to":[6.1,11.75,8.95],"rotation":{"angle":22.5,"axis":"z","origin":[3.99695,9.7465,8.00654]},"faces":{"north":{"uv":[11,10,12,11],"texture":"#0"},"east":{"uv":[10,11.5,11,12.5],"texture":"#0"},"south":{"uv":[11.5,6.5,12.5,7.5],"texture":"#0"},"west":{"uv":[3,12,4,13],"texture":"#0"},"up":{"uv":[5,13,4,12],"texture":"#0"},"down":{"uv":[6,12,5,13],"texture":"#0"}}},{"from":[9.9,9.5,6.85],"to":[12.25,11.75,8.95],"rotation":{"angle":-22.5,"axis":"z","origin":[12.00305,9.7465,8.00654]},"faces":{"north":{"uv":[6,12,7,13],"texture":"#0"},"east":{"uv":[7,12,8,13],"texture":"#0"},"south":{"uv":[8,12,9,13],"texture":"#0"},"west":{"uv":[9,12,10,13],"texture":"#0"},"up":{"uv":[12,13,11,12],"texture":"#0"},"down":{"uv":[13,12,12,13],"texture":"#0"}}},{"from":[23.85,6.2,6.65],"to":[25.35,7.7,9.15],"rotation":{"angle":45,"axis":"z","origin":[19.85964,10.61465,7.92038]},"faces":{"north":{"uv":[12,0,13,1],"texture":"#0"},"east":{"uv":[5,9.5,6.5,10.5],"texture":"#0"},"south":{"uv":[12,1,13,2],"texture":"#0"},"west":{"uv":[6.5,10,8,11],"texture":"#0"},"up":{"uv":[11,11.5,10,10],"texture":"#0"},"down":{"uv":[11,8.5,10,10],"texture":"#0"}}},{"from":[-9.35,6.2,6.65],"to":[-7.85,7.7,9.15],"rotation":{"angle":-45,"axis":"z","origin":[-3.85964,10.61465,7.92038]},"faces":{"north":{"uv":[12,8.5,13,9.5],"texture":"#0"},"east":{"uv":[10,6.5,11.5,7.5],"texture":"#0"},"south":{"uv":[12,9.5,13,10.5],"texture":"#0"},"west":{"uv":[2,10.5,3.5,11.5],"texture":"#0"},"up":{"uv":[4.5,12,3.5,10.5],"texture":"#0"},"down":{"uv":[5.5,10.5,4.5,12],"texture":"#0"}}},{"from":[21.9,4.7,7.4],"to":[23.65,5.7,8.4],"rotation":{"angle":45,"axis":"z","origin":[19.85964,10.61465,7.92038]},"faces":{"north":{"uv":[7,6.5,8,7],"texture":"#0"},"east":{"uv":[12.5,8,13,8.5],"texture":"#0"},"south":{"uv":[8,7.5,9,8],"texture":"#0"},"west":{"uv":[12.5,11.5,13,12],"texture":"#0"},"up":{"uv":[10,9,9,8.5],"texture":"#0"},"down":{"uv":[6.5,10.5,5.5,11],"texture":"#0"}}},{"from":[-7.65,4.7,7.4],"to":[-5.9,5.7,8.4],"rotation":{"angle":-45,"axis":"z","origin":[-3.85964,10.61465,7.92038]},"faces":{"north":{"uv":[8.5,14,9.5,14.5],"texture":"#0"},"east":{"uv":[13,10,13.5,10.5],"texture":"#0"},"south":{"uv":[11,14,12,14.5],"texture":"#0"},"west":{"uv":[14.5,1,15,1.5],"texture":"#0"},"up":{"uv":[13,14.5,12,14],"texture":"#0"},"down":{"uv":[14,14,13,14.5],"texture":"#0"}}},{"from":[25.76706,9.09427,7.15],"to":[26.76706,11.34427,8.65],"rotation":{"angle":0,"axis":"z","origin":[19.85964,10.61465,7.92038]},"faces":{"north":{"uv":[9.5,14,10,15],"texture":"#0"},"east":{"uv":[10,12.5,11,13.5],"texture":"#0"},"south":{"uv":[14,14,14.5,15],"texture":"#0"},"west":{"uv":[12.5,2,13.5,3],"texture":"#0"},"up":{"uv":[14.5,1,14,0],"texture":"#0"},"down":{"uv":[14.5,1,14,2],"texture":"#0"}}},{"from":[-10.76706,9.09427,7.15],"to":[-9.76706,11.34427,8.65],"rotation":{"angle":0,"axis":"z","origin":[-3.85964,10.61465,7.92038]},"faces":{"north":{"uv":[14,8,14.5,9],"texture":"#0"},"east":{"uv":[12.5,3,13.5,4],"texture":"#0"},"south":{"uv":[14,9,14.5,10],"texture":"#0"},"west":{"uv":[12.5,4,13.5,5],"texture":"#0"},"up":{"uv":[14.5,12.5,14,11.5],"texture":"#0"},"down":{"uv":[14.5,13,14,14],"texture":"#0"}}},{"from":[-0.25,13,7.05],"to":[2.75,15,8.75],"rotation":{"angle":0,"axis":"y","origin":[6,8,8]},"faces":{"north":{"uv":[10.5,0,12,1],"texture":"#0"},"east":{"uv":[12.5,5,13.5,6],"texture":"#0"},"south":{"uv":[10.5,1,12,2],"texture":"#0"},"west":{"uv":[12.5,6,13.5,7],"texture":"#0"},"up":{"uv":[7,12,5.5,11],"texture":"#0"},"down":{"uv":[8.5,11,7,12],"texture":"#0"}}},{"from":[13.25,13,7.05],"to":[16.25,15,8.75],"rotation":{"angle":0,"axis":"y","origin":[10,8,8]},"faces":{"north":{"uv":[11,11,12.5,12],"texture":"#0"},"east":{"uv":[12.5,7,13.5,8],"texture":"#0"},"south":{"uv":[11,4.5,12.5,5.5],"texture":"#0"},"west":{"uv":[12.5,10.5,13.5,11.5],"texture":"#0"},"up":{"uv":[12.5,6.5,11,5.5],"texture":"#0"},"down":{"uv":[12.5,7.5,11,8.5],"texture":"#0"}}},{"from":[3.70878,10.94962,7],"to":[5.70878,12.69962,8.75],"rotation":{"angle":22.5,"axis":"z","origin":[4.70385,10.70135,8.00698]},"faces":{"north":{"uv":[0,13,1,14],"texture":"#0"},"east":{"uv":[1,13,2,14],"texture":"#0"},"south":{"uv":[2,13,3,14],"texture":"#0"},"west":{"uv":[3,13,4,14],"texture":"#0"},"up":{"uv":[5,14,4,13],"texture":"#0"},"down":{"uv":[6,13,5,14],"texture":"#0"}}},{"from":[10.29122,10.94962,7],"to":[12.29122,12.69962,8.75],"rotation":{"angle":-22.5,"axis":"z","origin":[11.29615,10.70135,8.00698]},"faces":{"north":{"uv":[6,13,7,14],"texture":"#0"},"east":{"uv":[7,13,8,14],"texture":"#0"},"south":{"uv":[8,13,9,14],"texture":"#0"},"west":{"uv":[9,13,10,14],"texture":"#0"},"up":{"uv":[12,14,11,13],"texture":"#0"},"down":{"uv":[13,13,12,14],"texture":"#0"}}},{"from":[2.94448,12.04609,7.25],"to":[4.64448,15.29609,8.5],"rotation":{"angle":45,"axis":"z","origin":[3.93577,12.54579,8.01154]},"faces":{"north":{"uv":[11,8.5,12,10],"texture":"#0"},"east":{"uv":[4,14,4.5,15.5],"texture":"#0"},"south":{"uv":[0,11.5,1,13],"texture":"#0"},"west":{"uv":[4.5,14,5,15.5],"texture":"#0"},"up":{"uv":[9.5,15,8.5,14.5],"texture":"#0"},"down":{"uv":[11,14.5,10,15],"texture":"#0"}}},{"from":[11.25552,12.04609,7.25],"to":[13.05552,15.04609,8.5],"rotation":{"angle":-45,"axis":"z","origin":[12.06423,12.54579,8.01154]},"faces":{"north":{"uv":[1,11.5,2,13],"texture":"#0"},"east":{"uv":[5,14,5.5,15.5],"texture":"#0"},"south":{"uv":[2,11.5,3,13],"texture":"#0"},"west":{"uv":[5.5,14,6,15.5],"texture":"#0"},"up":{"uv":[12,15,11,14.5],"texture":"#0"},"down":{"uv":[13,14.5,12,15],"texture":"#0"}}},{"from":[13.69448,2.04609,7.15],"to":[15.44448,8.29609,8.65],"rotation":{"angle":45,"axis":"z","origin":[7.93577,12.54579,7.91154]},"faces":{"north":{"uv":[2,6.5,3,9.5],"texture":"#0"},"east":{"uv":[3,6.5,4,9.5],"texture":"#0"},"south":{"uv":[4,6.5,5,9.5],"texture":"#0"},"west":{"uv":[5,6.5,6,9.5],"texture":"#0"},"up":{"uv":[14,14,13,13],"texture":"#0"},"down":{"uv":[14,0,13,1],"texture":"#0"}}},{"from":[0.55552,2.04609,7.15],"to":[2.30552,8.29609,8.65],"rotation":{"angle":-45,"axis":"z","origin":[8.06423,12.54579,7.91154]},"faces":{"north":{"uv":[6,6.5,7,9.5],"texture":"#0"},"east":{"uv":[7,7,8,10],"texture":"#0"},"south":{"uv":[8,8,9,11],"texture":"#0"},"west":{"uv":[9,9,10,12],"texture":"#0"},"up":{"uv":[14,2,13,1],"texture":"#0"},"down":{"uv":[14,8,13,9],"texture":"#0"}}},{"from":[19.82565,9.28163,7.4],"to":[24.07565,10.78163,8.4],"rotation":{"angle":-22.5,"axis":"z","origin":[19.85964,10.61465,7.92038]},"faces":{"north":{"uv":[8,6.5,10,7.5],"texture":"#0"},"east":{"uv":[13,14.5,13.5,15.5],"texture":"#0"},"south":{"uv":[9,4.5,11,5.5],"texture":"#0"},"west":{"uv":[13.5,14.5,14,15.5],"texture":"#0"},"up":{"uv":[6,4,4,3.5],"texture":"#0"},"down":{"uv":[8,3.5,6,4],"texture":"#0"}}},{"from":[-8.07565,9.28163,7.4],"to":[-3.82565,10.78163,8.4],"rotation":{"angle":22.5,"axis":"z","origin":[-3.85964,10.61465,7.92038]},"faces":{"north":{"uv":[9,5.5,11,6.5],"texture":"#0"},"east":{"uv":[14.5,14.5,15,15.5],"texture":"#0"},"south":{"uv":[9,7.5,11,8.5],"texture":"#0"},"west":{"uv":[14.5,0,15,1],"texture":"#0"},"up":{"uv":[10,4,8,3.5],"texture":"#0"},"down":{"uv":[12,3.5,10,4],"texture":"#0"}}},{"from":[23.15145,7.82466,7.15],"to":[25.45145,9.32466,8.65],"rotation":{"angle":0,"axis":"z","origin":[19.85964,10.61465,7.92038]},"faces":{"north":{"uv":[13,9,14,10],"texture":"#0"},"east":{"uv":[13,11.5,14,12.5],"texture":"#0"},"south":{"uv":[10,13.5,11,14.5],"texture":"#0"},"west":{"uv":[13.5,2,14.5,3],"texture":"#0"},"up":{"uv":[14.5,4,13.5,3],"texture":"#0"},"down":{"uv":[14.5,4,13.5,5],"texture":"#0"}}},{"from":[-9.45145,7.82466,7.15],"to":[-7.15145,9.32466,8.65],"rotation":{"angle":0,"axis":"z","origin":[-3.85964,10.61465,7.92038]},"faces":{"north":{"uv":[13.5,5,14.5,6],"texture":"#0"},"east":{"uv":[13.5,6,14.5,7],"texture":"#0"},"south":{"uv":[13.5,7,14.5,8],"texture":"#0"},"west":{"uv":[13.5,10,14.5,11],"texture":"#0"},"up":{"uv":[1,15,0,14],"texture":"#0"},"down":{"uv":[2,14,1,15],"texture":"#0"}}},{"from":[6.5,7.75,7.75],"to":[24.5,8,8],"rotation":{"angle":22.5,"axis":"z","origin":[24.5026,7.88396,7.86345]},"faces":{"north":{"uv":[2,0,10.5,0.5],"texture":"#0"},"east":{"uv":[14.5,1.5,15,2],"texture":"#0"},"south":{"uv":[2,0.5,10.5,1],"texture":"#0"},"west":{"uv":[14.5,2,15,2.5],"texture":"#0"},"up":{"uv":[10.5,1.5,2,1],"texture":"#0"},"down":{"uv":[10.5,1.5,2,2],"texture":"#0"}}},{"from":[-8.5,7.75,7.75],"to":[9.5,8,8],"rotation":{"angle":-22.5,"axis":"z","origin":[-8.4974,7.88396,7.86345]},"faces":{"north":{"uv":[4,4,12.5,4.5],"texture":"#0"},"east":{"uv":[14.5,2.5,15,3],"texture":"#0"},"south":{"uv":[4,2,12.5,2.5],"texture":"#0"},"west":{"uv":[14.5,3,15,3.5],"texture":"#0"},"up":{"uv":[12.5,3,4,2.5],"texture":"#0"},"down":{"uv":[12.5,3,4,3.5],"texture":"#0"}}},{"from":[4.5,9.75,7.175],"to":[11.5,11.25,8.675],"rotation":{"angle":0,"axis":"y","origin":[13.5,17.5,14.925]},"faces":{"north":{"uv":[2,4.5,5.5,5.5],"texture":"#0"},"east":{"uv":[2,14,3,15],"texture":"#0"},"south":{"uv":[2,5.5,5.5,6.5],"texture":"#0"},"west":{"uv":[3,14,4,15],"texture":"#0"},"up":{"uv":[9,6.5,5.5,5.5],"texture":"#0"},"down":{"uv":[9,4.5,5.5,5.5],"texture":"#0"}}}],"gui_light":"front","display":{"thirdperson_righthand":{"rotation":[-86,-93,0],"translation":[0,-2,3],"scale":[0.8,0.8,0.8]},"thirdperson_lefthand":{"rotation":[-86,-93,0],"translation":[0,-2,3],"scale":[0.8,0.8,0.8]},"firstperson_righthand":{"rotation":[-71,-90,-11],"translation":[7.5,3.5,-1]},"firstperson_lefthand":{"rotation":[-71,-90,-11],"translation":[7.5,3.5,-1]},"gui":{"rotation":[0,0,-45],"translation":[-0.75,-0.75,0],"scale":[0.6,0.6,0.6]}},"groups":[{"name":"main","origin":[8,8,8],"children":[{"name":"arrow","origin":[8,9.25,8],"children":[0,1,2,3]},{"name":"bow","origin":[13.5,17.5,15],"children":[4,5,6,7,8,9,10,11,12,13,14,15,16,17,18,19,20,21,22,23,24,25,26]}]}]}