{
	"textures": {
		"0": "item/crates/valentine20_crate/wings"
	},
	"elements": [
		{
			"from": [0.83191, 3.08418, 9.125],
			"to": [7.08191, 5.08418, 10.875],
			"rotation": {"angle": 22.5, "axis": "z", "origin": [2.58191, 4.08418, 9.625]},
			"faces": {
				"north": {"uv": [0, 7.25, 1.5625, 7.75], "texture": "#0", "tintindex": 0},
				"east": {"uv": [0.5, 7.75, 1, 8.25], "texture": "#0", "tintindex": 0},
				"south": {"uv": [7.25, 0, 8.75, 0.5], "texture": "#0", "tintindex": 0},
				"west": {"uv": [1, 7.75, 1.5, 8.25], "texture": "#0", "tintindex": 0},
				"up": {"uv": [8.75, 1, 7.25, 0.5], "texture": "#0", "tintindex": 0},
				"down": {"uv": [8.75, 1, 7.25, 1.5], "texture": "#0", "tintindex": 0}
			}
		},
		{
			"from": [-0.16809, -0.91582, 10.25],
			"to": [7.08191, 5.08418, 10.25],
			"rotation": {"angle": 22.5, "axis": "z", "origin": [2.58191, 4.08418, 10]},
			"faces": {
				"north": {"uv": [3.5, 4, 5.3125, 5.5], "texture": "#0", "tintindex": 0},
				"east": {"uv": [0, 0, 0, 1.5], "texture": "#0", "tintindex": 0},
				"south": {"uv": [4.25, 0, 6, 1.5], "texture": "#0", "tintindex": 0},
				"west": {"uv": [0, 0, 0, 1.5], "texture": "#0", "tintindex": 0},
				"up": {"uv": [1.75, 0, 0, 0], "texture": "#0", "tintindex": 0},
				"down": {"uv": [1.75, 0, 0, 0], "texture": "#0", "tintindex": 0}
			}
		},
		{
			"from": [-3.62706, 5.37969, 9],
			"to": [3.37294, 7.62969, 11],
			"rotation": {"angle": -45, "axis": "z", "origin": [-1.12706, 6.37969, 9.75]},
			"faces": {
				"north": {"uv": [6, 3.5, 7.75, 4.0625], "texture": "#0", "tintindex": 0},
				"east": {"uv": [6, 7.75, 6.5, 8.25], "texture": "#0", "tintindex": 0},
				"south": {"uv": [0, 6.25, 1.75, 6.75], "texture": "#0", "tintindex": 0},
				"west": {"uv": [6.5, 7.75, 7, 8.25], "texture": "#0", "tintindex": 0},
				"up": {"uv": [6, 7, 4.25, 6.5], "texture": "#0", "tintindex": 0},
				"down": {"uv": [7.75, 6.5, 6, 7], "texture": "#0", "tintindex": 0}
			}
		},
		{
			"from": [-3.66809, -1.91582, 10],
			"to": [5.33191, 5.33418, 10],
			"rotation": {"angle": -45, "axis": "z", "origin": [-1.16809, 6.08418, 9.75]},
			"faces": {
				"north": {"uv": [2.25, 0, 0, 1.8125], "texture": "#0", "tintindex": 0},
				"east": {"uv": [0, 0, 0, 1.75], "texture": "#0", "tintindex": 0},
				"south": {"uv": [2.25, 1.75, 0, 3.5], "texture": "#0", "tintindex": 0},
				"west": {"uv": [0, 0, 0, 1.75], "texture": "#0", "tintindex": 0},
				"up": {"uv": [0, 0, 2.25, 0], "texture": "#0", "tintindex": 0},
				"down": {"uv": [0, 0, 2.25, 0], "texture": "#0", "tintindex": 0}
			}
		},
		{
			"from": [-7.57681, 2.55127, 9.25],
			"to": [-1.57681, 4.55127, 10.75],
			"rotation": {"angle": 45, "axis": "z", "origin": [-6.07681, 3.55127, 9.75]},
			"faces": {
				"north": {"uv": [7.25, 1.5, 8.75, 2], "texture": "#0", "tintindex": 0},
				"east": {"uv": [7, 7.75, 7.5, 8.25], "texture": "#0", "tintindex": 0},
				"south": {"uv": [7.25, 2, 8.75, 2.5], "texture": "#0", "tintindex": 0},
				"west": {"uv": [7.5, 7.75, 8, 8.25], "texture": "#0", "tintindex": 0},
				"up": {"uv": [8.75, 3, 7.25, 2.5], "texture": "#0", "tintindex": 0},
				"down": {"uv": [3, 7.5, 1.5, 8], "texture": "#0", "tintindex": 0}
			}
		},
		{
			"from": [-13.4795, -0.1818, 9.5],
			"to": [-7.7295, 1.3182, 10.5],
			"rotation": {"angle": 45, "axis": "z", "origin": [-10.7295, 4.9432, 9.75]},
			"faces": {
				"north": {"uv": [3, 7.5, 4.4375, 7.875], "texture": "#0", "tintindex": 0},
				"east": {"uv": [7.75, 3.5, 8, 4], "texture": "#0", "tintindex": 0},
				"south": {"uv": [4.5, 7.5, 6, 8], "texture": "#0", "tintindex": 0},
				"west": {"uv": [7.75, 6.5, 8, 7], "texture": "#0", "tintindex": 0},
				"up": {"uv": [9, 7.75, 7.5, 7.5], "texture": "#0", "tintindex": 0},
				"down": {"uv": [9, 7, 7.5, 7.25], "texture": "#0", "tintindex": 0}
			}
		},
		{
			"from": [-15.75, -4.9318, 9.9375],
			"to": [-10.4795, 0.5682, 9.9375],
			"rotation": {"angle": 45, "axis": "z", "origin": [-10.4795, 5.1932, 9.1875]},
			"faces": {
				"north": {"uv": [1.75, 5.5, 3.06763, 6.875], "texture": "#0", "tintindex": 0},
				"east": {"uv": [0, 0, 0, 1.5], "texture": "#0", "tintindex": 0},
				"south": {"uv": [3, 5.5, 4.25, 7], "texture": "#0", "tintindex": 0},
				"west": {"uv": [0, 0, 0, 1.5], "texture": "#0", "tintindex": 0},
				"up": {"uv": [1.25, 0, 0, 0], "texture": "#0", "tintindex": 0},
				"down": {"uv": [1.25, 0, 0, 0], "texture": "#0", "tintindex": 0}
			}
		},
		{
			"from": [8.91809, -0.91582, 10.25],
			"to": [16.16809, 5.08418, 10.25],
			"rotation": {"angle": -22.5, "axis": "z", "origin": [13.41809, 4.08418, 10]},
			"faces": {
				"north": {"uv": [0, 3.375, 1.75, 4.875], "texture": "#0", "tintindex": 0},
				"east": {"uv": [0, 0, 0, 1.5], "texture": "#0", "tintindex": 0},
				"south": {"uv": [1.75, 4, 3.5, 5.5], "texture": "#0", "tintindex": 0},
				"west": {"uv": [0, 0, 0, 1.5], "texture": "#0", "tintindex": 0},
				"up": {"uv": [1.75, 0, 0, 0], "texture": "#0", "tintindex": 0},
				"down": {"uv": [1.75, 0, 0, 0], "texture": "#0", "tintindex": 0}
			}
		},
		{
			"from": [8.91809, 3.08418, 9.125],
			"to": [15.16809, 5.08418, 10.875],
			"rotation": {"angle": -22.5, "axis": "z", "origin": [13.41809, 4.08418, 9.625]},
			"faces": {
				"north": {"uv": [0, 6.75, 1.5, 7.25], "texture": "#0", "tintindex": 0},
				"east": {"uv": [1.75, 3.5, 2.25, 4], "texture": "#0", "tintindex": 0},
				"south": {"uv": [1.5, 7, 3, 7.5], "texture": "#0", "tintindex": 0},
				"west": {"uv": [4.25, 5.5, 4.75, 6], "texture": "#0", "tintindex": 0},
				"up": {"uv": [4.5, 7.5, 3, 7], "texture": "#0", "tintindex": 0},
				"down": {"uv": [6, 7, 4.5, 7.5], "texture": "#0", "tintindex": 0}
			}
		},
		{
			"from": [10.66809, -1.91582, 10],
			"to": [19.66809, 5.33418, 10],
			"rotation": {"angle": 45, "axis": "z", "origin": [17.16809, 6.08418, 9.75]},
			"faces": {
				"north": {"uv": [0, 0, 2.25, 1.8125], "texture": "#0", "tintindex": 0},
				"east": {"uv": [0, 0, 0, 1.75], "texture": "#0", "tintindex": 0},
				"south": {"uv": [0, 1.75, 2.25, 3.5], "texture": "#0", "tintindex": 0},
				"west": {"uv": [0, 0, 0, 1.75], "texture": "#0", "tintindex": 0},
				"up": {"uv": [2.25, 0, 0, 0], "texture": "#0", "tintindex": 0},
				"down": {"uv": [2.25, 0, 0, 0], "texture": "#0", "tintindex": 0}
			}
		},
		{
			"from": [12.62706, 5.37969, 9],
			"to": [19.62706, 7.62969, 11],
			"rotation": {"angle": 45, "axis": "z", "origin": [17.12706, 6.37969, 9.75]},
			"faces": {
				"north": {"uv": [7.75, 3.5, 6, 4.0625], "texture": "#0", "tintindex": 0},
				"east": {"uv": [7, 7.75, 6.5, 8.25], "texture": "#0", "tintindex": 0},
				"south": {"uv": [1.75, 6.25, 0, 6.75], "texture": "#0", "tintindex": 0},
				"west": {"uv": [6.5, 7.75, 6, 8.25], "texture": "#0", "tintindex": 0},
				"up": {"uv": [4.25, 7, 6, 6.5], "texture": "#0", "tintindex": 0},
				"down": {"uv": [6, 6.5, 7.75, 7], "texture": "#0", "tintindex": 0}
			}
		},
		{
			"from": [17.57681, 2.55127, 9.25],
			"to": [23.57681, 4.55127, 10.75],
			"rotation": {"angle": -45, "axis": "z", "origin": [22.07681, 3.55127, 9.75]},
			"faces": {
				"north": {"uv": [6, 7, 7.5, 7.5], "texture": "#0", "tintindex": 0},
				"east": {"uv": [4.75, 6, 5.25, 6.5], "texture": "#0", "tintindex": 0},
				"south": {"uv": [7, 4, 8.5, 4.5], "texture": "#0", "tintindex": 0},
				"west": {"uv": [0, 7.75, 0.5, 8.25], "texture": "#0", "tintindex": 0},
				"up": {"uv": [8.5, 5, 7, 4.5], "texture": "#0", "tintindex": 0},
				"down": {"uv": [8.5, 5, 7, 5.5], "texture": "#0", "tintindex": 0}
			}
		},
		{
			"from": [23.7295, -0.1818, 9.5],
			"to": [29.4795, 1.3182, 10.5],
			"rotation": {"angle": -45, "axis": "z", "origin": [26.7295, 4.9432, 9.75]},
			"faces": {
				"north": {"uv": [7, 5.5, 8.4375, 5.875], "texture": "#0", "tintindex": 0},
				"east": {"uv": [4, 1.75, 4.25, 2.25], "texture": "#0", "tintindex": 0},
				"south": {"uv": [7, 6, 8.5, 6.5], "texture": "#0", "tintindex": 0},
				"west": {"uv": [7.75, 3, 8, 3.5], "texture": "#0", "tintindex": 0},
				"up": {"uv": [6.75, 5.25, 5.25, 5], "texture": "#0", "tintindex": 0},
				"down": {"uv": [7.5, 7.5, 6, 7.75], "texture": "#0", "tintindex": 0}
			}
		},
		{
			"from": [26.4795, -4.9318, 9.9375],
			"to": [31.75, 0.5682, 9.9375],
			"rotation": {"angle": -45, "axis": "z", "origin": [26.4795, 5.1932, 9.1875]},
			"faces": {
				"north": {"uv": [6, 0, 7.31763, 1.375], "texture": "#0", "tintindex": 0},
				"east": {"uv": [0, 0, 0, 1.5], "texture": "#0", "tintindex": 0},
				"south": {"uv": [6, 1.5, 7.25, 3], "texture": "#0", "tintindex": 0},
				"west": {"uv": [0, 0, 0, 1.5], "texture": "#0", "tintindex": 0},
				"up": {"uv": [1.25, 0, 0, 0], "texture": "#0", "tintindex": 0},
				"down": {"uv": [1.25, 0, 0, 0], "texture": "#0", "tintindex": 0}
			}
		}
	],
	"gui_light": "front",
	"display": {
		"thirdperson_righthand": {
			"translation": [0, -5, 0],
			"scale": [0.5, 0.5, 0.5]
		},
		"thirdperson_lefthand": {
			"translation": [0, -4.75, 0],
			"scale": [0.5, 0.5, 0.5]
		},
		"firstperson_righthand": {
			"rotation": [0, -36, 0],
			"scale": [0.5, 0.5, 0.5]
		},
		"firstperson_lefthand": {
			"rotation": [0, -26, 0],
			"scale": [0.5, 0.5, 0.5]
		},
		"ground": {
			"translation": [0, -4.75, -1.25],
			"scale": [0.5, 0.5, 0.5]
		},
		"gui": {
			"rotation": [30, 45, 0],
			"translation": [-0.75, 3.5, 0],
			"scale": [0.6, 0.6, 0.6]
		},
		"head": {
			"translation": [0, -67.5, 1.75],
			"scale": [2, 2, 2]
		},
		"fixed": {
			"translation": [0, -9.5, -6]
		}
	},
	"groups": [
		{
			"name": "group",
			"origin": [26.4795, 20.1932, 10.1875],
			"color": 0,
			"children": [0, 1, 2, 3, 4, 5, 6, 7, 8, 9, 10, 11, 12, 13]
		}
	]
}