{"textures": {		"0": "item/crates/drseuss21_crate/plain_gold_bow"},	"elements": [		{			"from": [-4.55, 2.8563, 4.55954],			"to": [1.425, 6.8563, 7.55954],			"rotation": {"angle": 22.5, "axis": "x", "origin": [7.5, 10.8563, 12.55954]},			"faces": {				"north": {"uv": [4, 2, 5, 3], "texture": "#0"},				"east": {"uv": [5, 0.75, 5.75, 1.75], "texture": "#0"},				"south": {"uv": [4, 3, 5, 4], "texture": "#0"},				"west": {"uv": [5, 1.75, 5.75, 2.75], "texture": "#0"},				"up": {"uv": [6, 3.5, 5, 2.75], "texture": "#0"},				"down": {"uv": [6, 3.5, 5, 4.25], "texture": "#0"}			}		},		{			"from": [-3.5, 5.5, -0.5],			"to": [1.5, 10.5, 4.5],			"rotation": {"angle": 0, "axis": "y", "origin": [8.5, 14.5, 7.5]},			"faces": {				"north": {"uv": [8.25, 1.5, 9.5, 2.75], "texture": "#0"},				"east": {"uv": [8.25, 2.5, 9.5, 3.75], "texture": "#0"},				"south": {"uv": [2.5, 8.5, 3.5, 9.5], "texture": "#0"},				"west": {"uv": [8.5, 0, 9.75, 1.25], "texture": "#0"},				"up": {"uv": [9.75, 8, 8.5, 6.75], "texture": "#0"},				"down": {"uv": [8, 8.75, 6.75, 10], "texture": "#0"}			}		},		{			"from": [-4, 7.5, -1],			"to": [0, 8.5, 2],			"rotation": {"angle": 0, "axis": "y", "origin": [7, 14.5, 7]},			"faces": {				"north": {"uv": [6.75, 6.5, 7.75, 6.75], "texture": "#0"},				"east": {"uv": [7.25, 0, 8, 0.25], "texture": "#0"},				"south": {"uv": [7, 5.25, 8, 5.5], "texture": "#0"},				"west": {"uv": [7.25, 0.25, 8, 0.5], "texture": "#0"},				"up": {"uv": [6, 5.75, 5, 5], "texture": "#0"},				"down": {"uv": [6, 0, 5, 0.75], "texture": "#0"}			}		},		{			"from": [-4.25, 9, -1.25],			"to": [-0.25, 10, 1.75],			"rotation": {"angle": 0, "axis": "y", "origin": [7.75, 16, 6.75]},			"faces": {				"north": {"uv": [8.5, 4.5, 9.5, 4.75], "texture": "#0"},				"east": {"uv": [7.25, 3.5, 8, 3.75], "texture": "#0"},				"south": {"uv": [7.25, 3.75, 8, 4], "texture": "#0"},				"west": {"uv": [7.25, 4, 8, 4.25], "texture": "#0"},				"up": {"uv": [9.5, 5.75, 8.5, 5], "texture": "#0"},				"down": {"uv": [9.75, 8.75, 8.75, 9.75], "texture": "#0"}			}		},		{			"from": [-6.60852, 6, 0.15561],			"to": [-4.60852, 7, 1.15561],			"rotation": {"angle": -22.5, "axis": "y", "origin": [2.39148, 14, 8.15561]},			"faces": {				"north": {"uv": [7.5, 7.25, 8, 7.5], "texture": "#0"},				"east": {"uv": [7.5, 8, 7.75, 8.25], "texture": "#0"},				"south": {"uv": [7.5, 7.75, 8, 8], "texture": "#0"},				"west": {"uv": [7.75, 8, 8, 8.25], "texture": "#0"},				"up": {"uv": [8.25, 0.75, 7.75, 0.5], "texture": "#0"},				"down": {"uv": [8.25, 0.75, 7.75, 1], "texture": "#0"}			}		},		{			"from": [-9.30711, 6, 2.1066],			"to": [-7.30711, 7, 3.1066],			"rotation": {"angle": -45, "axis": "y", "origin": [-0.30711, 14, 10.1066]},			"faces": {				"north": {"uv": [7.5, 2, 8, 2.25], "texture": "#0"},				"east": {"uv": [5.5, 8, 5.75, 8.25], "texture": "#0"},				"south": {"uv": [7.5, 6, 8, 6.25], "texture": "#0"},				"west": {"uv": [5.75, 8, 6, 8.25], "texture": "#0"},				"up": {"uv": [8, 6.5, 7.5, 6.25], "texture": "#0"},				"down": {"uv": [8, 7, 7.5, 7.25], "texture": "#0"}			}		},		{			"from": [-4.5, 10.02375, 0.66478],			"to": [-3.5, 11.02375, 3.66478],			"rotation": {"angle": 0, "axis": "y", "origin": [3.5, 15.02375, -3.33522]},			"faces": {				"north": {"uv": [8, 8, 8.25, 8.25], "texture": "#0"},				"east": {"uv": [2.25, 2, 3, 2.25], "texture": "#0"},				"south": {"uv": [8, 0, 8.25, 0.25], "texture": "#0"},				"west": {"uv": [7, 6.75, 7.75, 7], "texture": "#0"},				"up": {"uv": [2.5, 8, 2.25, 7.25], "texture": "#0"},				"down": {"uv": [2.75, 7.25, 2.5, 8], "texture": "#0"}			}		},		{			"from": [-4.5, 10.25, 2.5],			"to": [-3.5, 12.25, 3.5],			"rotation": {"angle": 22.5, "axis": "x", "origin": [3.5, 16.25, -1.5]},			"faces": {				"north": {"uv": [0.75, 7.75, 1, 8.25], "texture": "#0"},				"east": {"uv": [1, 7.75, 1.25, 8.25], "texture": "#0"},				"south": {"uv": [7, 7.75, 7.25, 8.25], "texture": "#0"},				"west": {"uv": [7.25, 7.75, 7.5, 8.25], "texture": "#0"},				"up": {"uv": [6.75, 8.25, 6.5, 8], "texture": "#0"},				"down": {"uv": [7, 8, 6.75, 8.25], "texture": "#0"}			}		},		{			"from": [-8.54289, 9, 2.77082],			"to": [-6.54289, 10, 3.77082],			"rotation": {"angle": -45, "axis": "y", "origin": [0.45711, 17, 10.77082]},			"faces": {				"north": {"uv": [7.75, 6.5, 8.25, 6.75], "texture": "#0"},				"east": {"uv": [8, 2.75, 8.25, 3], "texture": "#0"},				"south": {"uv": [7.75, 6.75, 8.25, 7], "texture": "#0"},				"west": {"uv": [8, 3, 8.25, 3.25], "texture": "#0"},				"up": {"uv": [0.5, 8.25, 0, 8], "texture": "#0"},				"down": {"uv": [2.5, 8, 2, 8.25], "texture": "#0"}			}		},		{			"from": [-4, 11.44891, -0.50225],			"to": [-3, 12.44891, 0.49775],			"rotation": {"angle": -22.5, "axis": "x", "origin": [4, 17.44891, 5.49775]},			"faces": {				"north": {"uv": [8, 0.25, 8.25, 0.5], "texture": "#0"},				"east": {"uv": [8, 1, 8.25, 1.25], "texture": "#0"},				"south": {"uv": [8, 1.25, 8.25, 1.5], "texture": "#0"},				"west": {"uv": [8, 1.5, 8.25, 1.75], "texture": "#0"},				"up": {"uv": [8.25, 2, 8, 1.75], "texture": "#0"},				"down": {"uv": [8.25, 2, 8, 2.25], "texture": "#0"}			}		},		{			"from": [-4.5, 10.6806, 7.66478],			"to": [-3.5, 12.6806, 9.66478],			"rotation": {"angle": 45, "axis": "x", "origin": [3.5, 16.6806, 3.66478]},			"faces": {				"north": {"uv": [7.75, 1, 8, 1.5], "texture": "#0"},				"east": {"uv": [7, 1.75, 7.5, 2.25], "texture": "#0"},				"south": {"uv": [7.75, 1.5, 8, 2], "texture": "#0"},				"west": {"uv": [7, 4.75, 7.5, 5.25], "texture": "#0"},				"up": {"uv": [8, 4.75, 7.75, 4.25], "texture": "#0"},				"down": {"uv": [8, 4.75, 7.75, 5.25], "texture": "#0"}			}		},		{			"from": [-3, 3.37868, 6.77817],			"to": [1, 4.37868, 7.77817],			"rotation": {"angle": 45, "axis": "x", "origin": [8, 8.37868, 14.77817]},			"faces": {				"north": {"uv": [7.25, 2.25, 8.25, 2.5], "texture": "#0"},				"east": {"uv": [8, 2.25, 8.25, 2.5], "texture": "#0"},				"south": {"uv": [7.25, 2.5, 8, 2.75], "texture": "#0"},				"west": {"uv": [8, 2.5, 8.25, 2.75], "texture": "#0"},				"up": {"uv": [8.25, 3, 7.25, 2.75], "texture": "#0"},				"down": {"uv": [8, 3, 7.25, 3.25], "texture": "#0"}			}		},		{			"from": [-3.525, 7.5, 4],			"to": [1.525, 10.525, 7],			"rotation": {"angle": 0, "axis": "y", "origin": [8.5, 14.5, 12]},			"faces": {				"north": {"uv": [5, 4.25, 6, 5], "texture": "#0"},				"east": {"uv": [4, 6, 4.75, 6.75], "texture": "#0"},				"south": {"uv": [0, 9.25, 1.25, 10], "texture": "#0"},				"west": {"uv": [6, 6, 6.75, 6.75], "texture": "#0"},				"up": {"uv": [7, 12.75, 5.75, 12], "texture": "#0"},				"down": {"uv": [6.75, 1.5, 5.75, 2.25], "texture": "#0"}			}		},		{			"from": [-3.475, -0.20711, 7.36396],			"to": [1.475, 2.79289, 8.36396],			"rotation": {"angle": 45, "axis": "x", "origin": [8.5, 6.79289, 13.36396]},			"faces": {				"north": {"uv": [1, 6, 2, 6.75], "texture": "#0"},				"east": {"uv": [2.75, 7.25, 3, 8], "texture": "#0"},				"south": {"uv": [2.75, 11, 4, 11.75], "texture": "#0"},				"west": {"uv": [7.25, 0.5, 7.5, 1.25], "texture": "#0"},				"up": {"uv": [8, 5.75, 7, 5.5], "texture": "#0"},				"down": {"uv": [8, 5.75, 7, 6], "texture": "#0"}			}		},		{			"from": [-2.06, 1.04, 1.35],			"to": [-0.3, 6.32, 3.11],			"rotation": {"angle": 0, "axis": "y", "origin": [5.86, -5.12, 7.51]},			"faces": {				"north": {"uv": [0, 4.75, 0.5, 6.25], "texture": "#0"},				"east": {"uv": [0.5, 4.75, 1, 6.25], "texture": "#0"},				"south": {"uv": [2, 4.75, 2.5, 6.25], "texture": "#0"},				"west": {"uv": [2.5, 4.75, 3, 6.25], "texture": "#0"},				"up": {"uv": [7.25, 2.75, 6.75, 2.25], "texture": "#0"},				"down": {"uv": [7.25, 6, 6.75, 6.5], "texture": "#0"}			}		},		{			"from": [-2.5, 4.56, 0.91],			"to": [0.14, 13.36, 3.55],			"rotation": {"angle": 0, "axis": "y", "origin": [6.3, 16, 7.95]},			"faces": {				"north": {"uv": [0, 0, 0.75, 2.5], "texture": "#0"},				"east": {"uv": [0.75, 0.75, 1.5, 3.25], "texture": "#0"},				"south": {"uv": [1.5, 1.5, 2.25, 4], "texture": "#0"},				"west": {"uv": [2.25, 2.25, 3, 4.75], "texture": "#0"},				"up": {"uv": [1.5, 0.75, 0.75, 0], "texture": "#0"},				"down": {"uv": [0.75, 2.5, 0, 3.25], "texture": "#0"}			}		},		{			"from": [-1.219, 6.06474, 25.88051],			"to": [-1.219, 25.06474, 26.88051],			"rotation": {"angle": -22.5, "axis": "x", "origin": [-2.969, -3.63526, 15.88051]},			"faces": {				"north": {"uv": [0, 0, 0, 5.25], "texture": "#0"},				"east": {"uv": [9.75, 0, 10, 5.25], "texture": "#0"},				"south": {"uv": [0, 0, 0, 5.25], "texture": "#0"},				"west": {"uv": [9.75, 0, 10, 5.25], "texture": "#0"},				"up": {"uv": [0, 0, 0, 0.25], "texture": "#0"},				"down": {"uv": [0, 0, 0, 0.25], "texture": "#0"}			}		},		{			"from": [-1.235, -7.14474, 25.88051],			"to": [-1.235, 12.85526, 26.88051],			"rotation": {"angle": 22.5, "axis": "x", "origin": [-2.985, 21.55526, 15.88051]},			"faces": {				"north": {"uv": [0, 5.25, 0, 0], "texture": "#0"},				"east": {"uv": [9.75, 5.25, 10, 0], "texture": "#0"},				"south": {"uv": [0, 5.25, 0, 0], "texture": "#0"},				"west": {"uv": [9.75, 5.25, 10, 0], "texture": "#0"},				"up": {"uv": [0, 0.25, 0, 0], "texture": "#0"},				"down": {"uv": [0, 0.25, 0, 0], "texture": "#0"}			}		},		{			"from": [-2.038, 11.6, 1.35],			"to": [-0.322, 16.88, 3.11],			"rotation": {"angle": 0, "axis": "x", "origin": [-1.18, 14.24, 2.23]},			"faces": {				"north": {"uv": [3, 4.5, 3.5, 6], "texture": "#0"},				"east": {"uv": [3.5, 4.5, 4, 6], "texture": "#0"},				"south": {"uv": [4.5, 4.5, 5, 6], "texture": "#0"},				"west": {"uv": [4.5, 0, 5, 1.5], "texture": "#0"},				"up": {"uv": [2, 1.5, 1.5, 1], "texture": "#0"},				"down": {"uv": [5, 1.5, 4.5, 2], "texture": "#0"}			}		},		{			"from": [-1.994, 13.65185, 5.259],			"to": [-0.344, 17.17185, 7.019],			"rotation": {"angle": 22.5, "axis": "x", "origin": [5.86, 25.09185, 11.419]},			"faces": {				"north": {"uv": [6, 3, 6.5, 4], "texture": "#0"},				"east": {"uv": [6, 4, 6.5, 5], "texture": "#0"},				"south": {"uv": [6, 5, 6.5, 6], "texture": "#0"},				"west": {"uv": [0, 6.25, 0.5, 7.25], "texture": "#0"},				"up": {"uv": [5, 4.5, 4.5, 4], "texture": "#0"},				"down": {"uv": [7.25, 0.75, 6.75, 1.25], "texture": "#0"}			}		},		{			"from": [-2.01, 0.74815, 5.259],			"to": [-0.36, 4.26815, 7.019],			"rotation": {"angle": -22.5, "axis": "x", "origin": [5.844, -7.17185, 11.419]},			"faces": {				"north": {"uv": [6, 4, 6.5, 3], "texture": "#0"},				"east": {"uv": [6, 5, 6.5, 4], "texture": "#0"},				"south": {"uv": [6, 6, 6.5, 5], "texture": "#0"},				"west": {"uv": [0, 7.25, 0.5, 6.25], "texture": "#0"},				"up": {"uv": [7.25, 1.25, 6.75, 0.75], "texture": "#0"},				"down": {"uv": [5, 4, 4.5, 4.5], "texture": "#0"}			}		},		{			"from": [-1.594, 25.77656, 4.73311],			"to": [-0.714, 27.53656, 11.77311],			"rotation": {"angle": -45, "axis": "x", "origin": [4.946, 21.37656, 12.65311]},			"faces": {				"north": {"uv": [6, 2.25, 5.75, 2.75], "rotation": 180, "texture": "#0"},				"east": {"uv": [1, 3.25, 1.5, 5.25], "rotation": 270, "texture": "#0"},				"south": {"uv": [2.25, 1.5, 2, 1], "texture": "#0"},				"west": {"uv": [1.5, 4, 2, 6], "rotation": 90, "texture": "#0"},				"up": {"uv": [4.75, 6, 5, 8], "rotation": 180, "texture": "#0"},				"down": {"uv": [0.5, 6.25, 0.75, 8.25], "texture": "#0"}			}		},		{			"from": [-1.61, -9.61656, 4.73311],			"to": [-0.73, -7.85656, 11.77311],			"rotation": {"angle": 45, "axis": "x", "origin": [4.93, -3.45656, 12.65311]},			"faces": {				"north": {"uv": [6, 2.75, 5.75, 2.25], "rotation": 180, "texture": "#0"},				"east": {"uv": [1.5, 3.25, 1, 5.25], "rotation": 270, "texture": "#0"},				"south": {"uv": [2.25, 1, 2, 1.5], "texture": "#0"},				"west": {"uv": [2, 4, 1.5, 6], "rotation": 90, "texture": "#0"},				"up": {"uv": [0.5, 8.25, 0.75, 6.25], "texture": "#0"},				"down": {"uv": [4.75, 8, 5, 6], "rotation": 180, "texture": "#0"}			}		},		{			"from": [-1.969, 20.1379, 3.16559],			"to": [-0.369, 23.6579, 4.04559],			"rotation": {"angle": 45, "axis": "x", "origin": [-1.2, 20.11872, 2.69423]},			"faces": {				"north": {"uv": [2, 6.25, 2.5, 7.25], "texture": "#0"},				"east": {"uv": [3.75, 1, 4, 2], "texture": "#0"},				"south": {"uv": [2.5, 6.25, 3, 7.25], "texture": "#0"},				"west": {"uv": [6.75, 1.25, 7, 2.25], "texture": "#0"},				"up": {"uv": [7.75, 4.5, 7.25, 4.25], "texture": "#0"},				"down": {"uv": [7.75, 4.5, 7.25, 4.75], "texture": "#0"}			}		},		{			"from": [-1.985, -5.7379, 3.16559],			"to": [-0.385, -2.2179, 4.04559],			"rotation": {"angle": -45, "axis": "x", "origin": [-1.216, -2.19872, 2.69423]},			"faces": {				"north": {"uv": [2, 7.25, 2.5, 6.25], "texture": "#0"},				"east": {"uv": [3.75, 2, 4, 1], "texture": "#0"},				"south": {"uv": [2.5, 7.25, 3, 6.25], "texture": "#0"},				"west": {"uv": [6.75, 2.25, 7, 1.25], "texture": "#0"},				"up": {"uv": [7.75, 4.75, 7.25, 4.5], "texture": "#0"},				"down": {"uv": [7.75, 4.25, 7.25, 4.5], "texture": "#0"}			}		},		{			"from": [-1.569, 23.92222, 7.91136],			"to": [-0.733, 25.68222, 10.55136],			"rotation": {"angle": -22.5, "axis": "x", "origin": [-1.176, 24.80222, 9.23136]},			"faces": {				"north": {"uv": [7.5, 6, 7.25, 6.5], "rotation": 180, "texture": "#0"},				"east": {"uv": [1, 5.25, 1.5, 6], "rotation": 270, "texture": "#0"},				"south": {"uv": [1, 6.75, 0.75, 6.25], "texture": "#0"},				"west": {"uv": [3.75, 6.75, 4.25, 7.5], "rotation": 90, "texture": "#0"},				"up": {"uv": [2, 4, 2.25, 4.75], "rotation": 180, "texture": "#0"},				"down": {"uv": [0, 7.25, 0.25, 8], "texture": "#0"}			}		},		{			"from": [-1.585, -7.76222, 7.91136],			"to": [-0.749, -6.00222, 10.55136],			"rotation": {"angle": 22.5, "axis": "x", "origin": [-1.192, -6.88222, 9.23136]},			"faces": {				"north": {"uv": [7.5, 6.5, 7.25, 6], "rotation": 180, "texture": "#0"},				"east": {"uv": [1.5, 5.25, 1, 6], "rotation": 270, "texture": "#0"},				"south": {"uv": [1, 6.25, 0.75, 6.75], "texture": "#0"},				"west": {"uv": [4.25, 6.75, 3.75, 7.5], "rotation": 90, "texture": "#0"},				"up": {"uv": [0, 8, 0.25, 7.25], "texture": "#0"},				"down": {"uv": [2, 4.75, 2.25, 4], "rotation": 180, "texture": "#0"}			}		},		{			"from": [-1.569, 25.8828, 12.33748],			"to": [-0.733, 26.7628, 17.20182],			"rotation": {"angle": -22.5, "axis": "x", "origin": [5.449, 21.1028, 14.09748]},			"faces": {				"north": {"uv": [2.75, 8, 2.5, 8.25], "rotation": 180, "texture": "#0"},				"east": {"uv": [3, 6.75, 3.25, 8.25], "rotation": 270, "texture": "#0"},				"south": {"uv": [7, 3, 6.75, 2.75], "texture": "#0"},				"west": {"uv": [3.5, 6.75, 3.75, 8.25], "rotation": 90, "texture": "#0"},				"up": {"uv": [1.75, 6.75, 2, 8.25], "rotation": 180, "texture": "#0"},				"down": {"uv": [3.25, 6.75, 3.5, 8.25], "texture": "#0"}			}		},		{			"from": [-1.585, -8.8428, 12.33748],			"to": [-0.749, -7.9628, 17.20182],			"rotation": {"angle": 22.5, "axis": "x", "origin": [5.433, -3.1828, 14.09748]},			"faces": {				"north": {"uv": [2.75, 8.25, 2.5, 8], "rotation": 180, "texture": "#0"},				"east": {"uv": [3.25, 6.75, 3, 8.25], "rotation": 270, "texture": "#0"},				"south": {"uv": [7, 2.75, 6.75, 3], "texture": "#0"},				"west": {"uv": [3.75, 6.75, 3.5, 8.25], "rotation": 90, "texture": "#0"},				"up": {"uv": [3.25, 8.25, 3.5, 6.75], "texture": "#0"},				"down": {"uv": [1.75, 8.25, 2, 6.75], "rotation": 180, "texture": "#0"}			}		},		{			"from": [-1.544, 26.70692, 14.25629],			"to": [-0.802, 28.62692, 15.13629],			"rotation": {"angle": 0, "axis": "x", "origin": [5.427, 21.68858, 11.15195]},			"faces": {				"north": {"uv": [3.75, 7.5, 4, 8], "texture": "#0"},				"east": {"uv": [4, 7.5, 4.25, 8], "texture": "#0"},				"south": {"uv": [5, 7.5, 5.25, 8], "texture": "#0"},				"west": {"uv": [5.25, 7.5, 5.5, 8], "texture": "#0"},				"up": {"uv": [3, 8.25, 2.75, 8], "texture": "#0"},				"down": {"uv": [4, 8, 3.75, 8.25], "texture": "#0"}			}		},		{			"from": [-1.56, -10.70692, 14.25629],			"to": [-0.818, -8.78692, 15.13629],			"rotation": {"angle": 0, "axis": "x", "origin": [5.411, -3.76858, 11.15195]},			"faces": {				"north": {"uv": [3.75, 8, 4, 7.5], "texture": "#0"},				"east": {"uv": [4, 8, 4.25, 7.5], "texture": "#0"},				"south": {"uv": [5, 8, 5.25, 7.5], "texture": "#0"},				"west": {"uv": [5.25, 8, 5.5, 7.5], "texture": "#0"},				"up": {"uv": [4, 8.25, 3.75, 8], "texture": "#0"},				"down": {"uv": [3, 8, 2.75, 8.25], "texture": "#0"}			}		},		{			"from": [-3.675, 9.25, -13.5],			"to": [1.325, 9.25, 18.5],			"rotation": {"angle": 0, "axis": "y", "origin": [-1.675, 9.25, -6.5]},			"faces": {				"north": {"uv": [0, 0, 1.25, 0], "texture": "#0"},				"east": {"uv": [0, 0, 8, 0], "texture": "#0"},				"south": {"uv": [0, 0, 1.25, 0], "texture": "#0"},				"west": {"uv": [0, 0, 8, 0], "texture": "#0"},				"up": {"uv": [13, 0.25, 14.25, 8], "texture": "#0"},				"down": {"uv": [13, 8, 14.25, 0.25], "texture": "#0"}			}		},		{			"from": [-3.675, 9.25, 18.5],			"to": [1.325, 9.25, 23.5],			"rotation": {"angle": 0, "axis": "y", "origin": [-1.675, 9.25, -1.5]},			"faces": {				"north": {"uv": [0, 0, 1.25, 0], "texture": "#0"},				"east": {"uv": [0, 0, 1.25, 0], "texture": "#0"},				"south": {"uv": [0, 0, 1.25, 0], "texture": "#0"},				"west": {"uv": [0, 0, 1.25, 0], "texture": "#0"},				"up": {"uv": [10.5, 7.75, 11.75, 9], "texture": "#0"},				"down": {"uv": [10.5, 9, 11.75, 7.75], "texture": "#0"}			}		},		{			"from": [-1.175, 6.75, -13.5],			"to": [-1.175, 11.75, 18.5],			"rotation": {"angle": 0, "axis": "z", "origin": [-1.175, 9.25, 11.75]},			"faces": {				"north": {"uv": [0, 0, 1.25, 0], "rotation": 90, "texture": "#0"},				"east": {"uv": [13, 8, 14.25, 0.25], "rotation": 270, "texture": "#0"},				"south": {"uv": [0, 0, 1.25, 0], "rotation": 270, "texture": "#0"},				"west": {"uv": [14.75, 0, 16, 8], "rotation": 270, "texture": "#0"},				"up": {"uv": [0, 0, 8, 0], "rotation": 270, "texture": "#0"},				"down": {"uv": [0, 0, 8, 0], "rotation": 270, "texture": "#0"}			}		},		{			"from": [-1.175, 6.75, 18.5],			"to": [-1.175, 11.75, 23.5],			"rotation": {"angle": 0, "axis": "z", "origin": [-1.175, 9.25, 11.75]},			"faces": {				"north": {"uv": [0, 0, 1.25, 0], "rotation": 90, "texture": "#0"},				"east": {"uv": [10.5, 1.25, 11.75, 0], "rotation": 270, "texture": "#0"},				"south": {"uv": [0, 0, 1.25, 0], "rotation": 270, "texture": "#0"},				"west": {"uv": [10.5, 0, 11.75, 1.25], "rotation": 270, "texture": "#0"},				"up": {"uv": [0, 0, 1.25, 0], "rotation": 270, "texture": "#0"},				"down": {"uv": [0, 0, 1.25, 0], "rotation": 270, "texture": "#0"}			}		}	],	"gui_light": "front",	"display": {		"thirdperson_righthand": {			"translation": [9, -2.15, 8.25]		},		"thirdperson_lefthand": {			"rotation": [0, 0, -180],			"translation": [9, -2.15, 8.25],			"scale": [1, -1, 1]		},		"firstperson_righthand": {			"rotation": [26, 3, 0],			"translation": [12, 1, -0.25],			"scale": [0.8, 0.8, 0.8]		},		"ground": {			"rotation": [72, 55, 0],			"translation": [3, 3, -0.75],			"scale": [0.35, 0.35, 0.35]		},		"gui": {			"rotation": [20, 64, -31],			"translation": [1.25, 0.25, 0],			"scale": [0.5, 0.5, 0.5]		},		"head": {			"rotation": [60, -126, 65],			"translation": [-2.5, -8.5, 12.25]		},		"fixed": {			"rotation": [0, -90, 0],			"translation": [-0.75, 0, 2.5],			"scale": [0.4, 0.4, 0.4]		}	},	"groups": [		{			"name": "group",			"origin": [8, 4.29289, 15.36396],			"children": [0, 1, 2, 3, 4, 5, 6, 7, 8, 9, 10, 11, 12, 13]		},		{			"name": "group",			"origin": [7.5, 16, 8.5],			"children": [14, 15, 16, 17]		},		{			"name": "arrow",			"origin": [8, 8, 8],			"children": []		},		{			"name": "group",			"origin": [5.42, 25.06166, 13.18818],			"children": [18, 19, 20,				{					"name": "group",					"origin": [5.42, 25.06166, 10.37218],					"children": [21, 22, 23, 24,						{							"name": "group",							"origin": [5.42, 25.06166, 10.37218],							"children": [25, 26, 27, 28, 29, 30]						}					]				}			]		},		{			"name": "arrow",			"origin": [-0.75, 9.25, 15.25],			"children": [31, 32, 33, 34]		}	]}