{"textures": {		"0": "item/crates/drseuss21_crate/plain_gold_bow"},	"elements": [		{			"from": [-4.55, 2.8563, 4.55954],			"to": [1.425, 6.8563, 7.55954],			"rotation": {"angle": 22.5, "axis": "x", "origin": [7.5, 10.8563, 12.55954]},			"faces": {				"north": {"uv": [4, 2, 5, 3], "texture": "#0"},				"east": {"uv": [5, 0.75, 5.75, 1.75], "texture": "#0"},				"south": {"uv": [4, 3, 5, 4], "texture": "#0"},				"west": {"uv": [5, 1.75, 5.75, 2.75], "texture": "#0"},				"up": {"uv": [6, 3.5, 5, 2.75], "texture": "#0"},				"down": {"uv": [6, 3.5, 5, 4.25], "texture": "#0"}			}		},		{			"from": [-3.5, 5.5, -0.5],			"to": [1.5, 10.5, 4.5],			"rotation": {"angle": 0, "axis": "y", "origin": [8.5, 14.5, 7.5]},			"faces": {				"north": {"uv": [8.25, 1.5, 9.5, 2.75], "texture": "#0"},				"east": {"uv": [8.25, 2.5, 9.5, 3.75], "texture": "#0"},				"south": {"uv": [2.5, 8.5, 3.5, 9.5], "texture": "#0"},				"west": {"uv": [8.5, 0, 9.75, 1.25], "texture": "#0"},				"up": {"uv": [9.75, 8, 8.5, 6.75], "texture": "#0"},				"down": {"uv": [8, 8.75, 6.75, 10], "texture": "#0"}			}		},		{			"from": [-4, 7.5, -1],			"to": [0, 8.5, 2],			"rotation": {"angle": 0, "axis": "y", "origin": [7, 14.5, 7]},			"faces": {				"north": {"uv": [6.75, 6.5, 7.75, 6.75], "texture": "#0"},				"east": {"uv": [7.25, 0, 8, 0.25], "texture": "#0"},				"south": {"uv": [7, 5.25, 8, 5.5], "texture": "#0"},				"west": {"uv": [7.25, 0.25, 8, 0.5], "texture": "#0"},				"up": {"uv": [6, 5.75, 5, 5], "texture": "#0"},				"down": {"uv": [6, 0, 5, 0.75], "texture": "#0"}			}		},		{			"from": [-4.25, 9, -1.25],			"to": [-0.25, 10, 1.75],			"rotation": {"angle": 0, "axis": "y", "origin": [7.75, 16, 6.75]},			"faces": {				"north": {"uv": [8.5, 4.5, 9.5, 4.75], "texture": "#0"},				"east": {"uv": [7.25, 3.5, 8, 3.75], "texture": "#0"},				"south": {"uv": [7.25, 3.75, 8, 4], "texture": "#0"},				"west": {"uv": [7.25, 4, 8, 4.25], "texture": "#0"},				"up": {"uv": [9.5, 5.75, 8.5, 5], "texture": "#0"},				"down": {"uv": [9.75, 8.75, 8.75, 9.75], "texture": "#0"}			}		},		{			"from": [-6.60852, 6, 0.15561],			"to": [-4.60852, 7, 1.15561],			"rotation": {"angle": -22.5, "axis": "y", "origin": [2.39148, 14, 8.15561]},			"faces": {				"north": {"uv": [7.5, 7.25, 8, 7.5], "texture": "#0"},				"east": {"uv": [7.5, 8, 7.75, 8.25], "texture": "#0"},				"south": {"uv": [7.5, 7.75, 8, 8], "texture": "#0"},				"west": {"uv": [7.75, 8, 8, 8.25], "texture": "#0"},				"up": {"uv": [8.25, 0.75, 7.75, 0.5], "texture": "#0"},				"down": {"uv": [8.25, 0.75, 7.75, 1], "texture": "#0"}			}		},		{			"from": [-9.30711, 6, 2.1066],			"to": [-7.30711, 7, 3.1066],			"rotation": {"angle": -45, "axis": "y", "origin": [-0.30711, 14, 10.1066]},			"faces": {				"north": {"uv": [7.5, 2, 8, 2.25], "texture": "#0"},				"east": {"uv": [5.5, 8, 5.75, 8.25], "texture": "#0"},				"south": {"uv": [7.5, 6, 8, 6.25], "texture": "#0"},				"west": {"uv": [5.75, 8, 6, 8.25], "texture": "#0"},				"up": {"uv": [8, 6.5, 7.5, 6.25], "texture": "#0"},				"down": {"uv": [8, 7, 7.5, 7.25], "texture": "#0"}			}		},		{			"from": [-4.5, 10.02375, 0.66478],			"to": [-3.5, 11.02375, 3.66478],			"rotation": {"angle": 0, "axis": "y", "origin": [3.5, 15.02375, -3.33522]},			"faces": {				"north": {"uv": [8, 8, 8.25, 8.25], "texture": "#0"},				"east": {"uv": [2.25, 2, 3, 2.25], "texture": "#0"},				"south": {"uv": [8, 0, 8.25, 0.25], "texture": "#0"},				"west": {"uv": [7, 6.75, 7.75, 7], "texture": "#0"},				"up": {"uv": [2.5, 8, 2.25, 7.25], "texture": "#0"},				"down": {"uv": [2.75, 7.25, 2.5, 8], "texture": "#0"}			}		},		{			"from": [-4.5, 10.25, 2.5],			"to": [-3.5, 12.25, 3.5],			"rotation": {"angle": 22.5, "axis": "x", "origin": [3.5, 16.25, -1.5]},			"faces": {				"north": {"uv": [0.75, 7.75, 1, 8.25], "texture": "#0"},				"east": {"uv": [1, 7.75, 1.25, 8.25], "texture": "#0"},				"south": {"uv": [7, 7.75, 7.25, 8.25], "texture": "#0"},				"west": {"uv": [7.25, 7.75, 7.5, 8.25], "texture": "#0"},				"up": {"uv": [6.75, 8.25, 6.5, 8], "texture": "#0"},				"down": {"uv": [7, 8, 6.75, 8.25], "texture": "#0"}			}		},		{			"from": [-8.54289, 9, 2.77082],			"to": [-6.54289, 10, 3.77082],			"rotation": {"angle": -45, "axis": "y", "origin": [0.45711, 17, 10.77082]},			"faces": {				"north": {"uv": [7.75, 6.5, 8.25, 6.75], "texture": "#0"},				"east": {"uv": [8, 2.75, 8.25, 3], "texture": "#0"},				"south": {"uv": [7.75, 6.75, 8.25, 7], "texture": "#0"},				"west": {"uv": [8, 3, 8.25, 3.25], "texture": "#0"},				"up": {"uv": [0.5, 8.25, 0, 8], "texture": "#0"},				"down": {"uv": [2.5, 8, 2, 8.25], "texture": "#0"}			}		},		{			"from": [-4, 11.44891, -0.50225],			"to": [-3, 12.44891, 0.49775],			"rotation": {"angle": -22.5, "axis": "x", "origin": [4, 17.44891, 5.49775]},			"faces": {				"north": {"uv": [8, 0.25, 8.25, 0.5], "texture": "#0"},				"east": {"uv": [8, 1, 8.25, 1.25], "texture": "#0"},				"south": {"uv": [8, 1.25, 8.25, 1.5], "texture": "#0"},				"west": {"uv": [8, 1.5, 8.25, 1.75], "texture": "#0"},				"up": {"uv": [8.25, 2, 8, 1.75], "texture": "#0"},				"down": {"uv": [8.25, 2, 8, 2.25], "texture": "#0"}			}		},		{			"from": [-4.5, 10.6806, 7.66478],			"to": [-3.5, 12.6806, 9.66478],			"rotation": {"angle": 45, "axis": "x", "origin": [3.5, 16.6806, 3.66478]},			"faces": {				"north": {"uv": [7.75, 1, 8, 1.5], "texture": "#0"},				"east": {"uv": [7, 1.75, 7.5, 2.25], "texture": "#0"},				"south": {"uv": [7.75, 1.5, 8, 2], "texture": "#0"},				"west": {"uv": [7, 4.75, 7.5, 5.25], "texture": "#0"},				"up": {"uv": [8, 4.75, 7.75, 4.25], "texture": "#0"},				"down": {"uv": [8, 4.75, 7.75, 5.25], "texture": "#0"}			}		},		{			"from": [-3, 3.37868, 6.77817],			"to": [1, 4.37868, 7.77817],			"rotation": {"angle": 45, "axis": "x", "origin": [8, 8.37868, 14.77817]},			"faces": {				"north": {"uv": [7.25, 2.25, 8.25, 2.5], "texture": "#0"},				"east": {"uv": [8, 2.25, 8.25, 2.5], "texture": "#0"},				"south": {"uv": [7.25, 2.5, 8, 2.75], "texture": "#0"},				"west": {"uv": [8, 2.5, 8.25, 2.75], "texture": "#0"},				"up": {"uv": [8.25, 3, 7.25, 2.75], "texture": "#0"},				"down": {"uv": [8, 3, 7.25, 3.25], "texture": "#0"}			}		},		{			"from": [-3.525, 7.5, 4],			"to": [1.525, 10.525, 7],			"rotation": {"angle": 0, "axis": "y", "origin": [8.5, 14.5, 12]},			"faces": {				"north": {"uv": [5, 4.25, 6, 5], "texture": "#0"},				"east": {"uv": [4, 6, 4.75, 6.75], "texture": "#0"},				"south": {"uv": [0, 9.25, 1.25, 10], "texture": "#0"},				"west": {"uv": [6, 6, 6.75, 6.75], "texture": "#0"},				"up": {"uv": [7, 12.75, 5.75, 12], "texture": "#0"},				"down": {"uv": [6.75, 1.5, 5.75, 2.25], "texture": "#0"}			}		},		{			"from": [-3.475, -0.20711, 7.36396],			"to": [1.475, 2.79289, 8.36396],			"rotation": {"angle": 45, "axis": "x", "origin": [8.5, 6.79289, 13.36396]},			"faces": {				"north": {"uv": [1, 6, 2, 6.75], "texture": "#0"},				"east": {"uv": [2.75, 7.25, 3, 8], "texture": "#0"},				"south": {"uv": [2.75, 11, 4, 11.75], "texture": "#0"},				"west": {"uv": [7.25, 0.5, 7.5, 1.25], "texture": "#0"},				"up": {"uv": [8, 5.75, 7, 5.5], "texture": "#0"},				"down": {"uv": [8, 5.75, 7, 6], "texture": "#0"}			}		},		{			"from": [-1.598, -10.246, 7.02818],			"to": [-0.762, -5.38166, 7.90818],			"rotation": {"angle": -45, "axis": "x", "origin": [5.42, -7.14166, 13.18818]},			"faces": {				"north": {"uv": [4.25, 6.75, 4.5, 8.25], "texture": "#0"},				"east": {"uv": [4.5, 6.75, 4.75, 8.25], "texture": "#0"},				"south": {"uv": [6, 6.75, 6.25, 8.25], "texture": "#0"},				"west": {"uv": [6.25, 6.75, 6.5, 8.25], "texture": "#0"},				"up": {"uv": [4.25, 8.25, 4, 8], "texture": "#0"},				"down": {"uv": [5, 8, 4.75, 8.25], "texture": "#0"}			}		},		{			"from": [-1.598, -14.18166, 13.47652],			"to": [-0.762, -12.16, 14.35652],			"rotation": {"angle": 22.5, "axis": "x", "origin": [5.42, -7.14166, 10.37218]},			"faces": {				"north": {"uv": [5.5, 7.5, 5.75, 8], "texture": "#0"},				"east": {"uv": [5.75, 7.5, 6, 8], "texture": "#0"},				"south": {"uv": [6.5, 7.5, 6.75, 8], "texture": "#0"},				"west": {"uv": [6.75, 7.5, 7, 8], "texture": "#0"},				"up": {"uv": [5.25, 8.25, 5, 8], "texture": "#0"},				"down": {"uv": [5.5, 8, 5.25, 8.25], "texture": "#0"}			}		},		{			"from": [-2.06, 1.04, 1.35],			"to": [-0.3, 6.32, 3.11],			"rotation": {"angle": 0, "axis": "y", "origin": [5.86, -5.12, 7.51]},			"faces": {				"north": {"uv": [0, 4.75, 0.5, 6.25], "texture": "#0"},				"east": {"uv": [0.5, 4.75, 1, 6.25], "texture": "#0"},				"south": {"uv": [2, 4.75, 2.5, 6.25], "texture": "#0"},				"west": {"uv": [2.5, 4.75, 3, 6.25], "texture": "#0"},				"up": {"uv": [7.25, 2.75, 6.75, 2.25], "texture": "#0"},				"down": {"uv": [7.25, 6, 6.75, 6.5], "texture": "#0"}			}		},		{			"from": [-2.038, 0.74815, 5.259],			"to": [-0.322, 4.26815, 7.019],			"rotation": {"angle": -22.5, "axis": "x", "origin": [5.86, -7.17185, 11.419]},			"faces": {				"north": {"uv": [5, 6.5, 5.5, 7.5], "texture": "#0"},				"east": {"uv": [5.5, 6.5, 6, 7.5], "texture": "#0"},				"south": {"uv": [6.5, 3, 7, 4], "texture": "#0"},				"west": {"uv": [6.5, 4, 7, 5], "texture": "#0"},				"up": {"uv": [7.5, 7.5, 7, 7], "texture": "#0"},				"down": {"uv": [7.5, 1.25, 7, 1.75], "texture": "#0"}			}		},		{			"from": [-2.038, -2.25909, 5.63201],			"to": [-0.322, 1.26091, 6.51201],			"rotation": {"angle": -22.5, "axis": "x", "origin": [-6.46, -6.65909, 12.67201]},			"faces": {				"north": {"uv": [6.5, 5, 7, 6], "texture": "#0"},				"east": {"uv": [7, 2.75, 7.25, 3.75], "texture": "#0"},				"south": {"uv": [0.75, 6.75, 1.25, 7.75], "texture": "#0"},				"west": {"uv": [7, 3.75, 7.25, 4.75], "texture": "#0"},				"up": {"uv": [7.5, 7.75, 7, 7.5], "texture": "#0"},				"down": {"uv": [8, 7.5, 7.5, 7.75], "texture": "#0"}			}		},		{			"from": [-1.62, -6.29185, 5.259],			"to": [-0.74, 0.74815, 7.019],			"rotation": {"angle": -22.5, "axis": "x", "origin": [5.42, -7.17185, 11.419]},			"faces": {				"north": {"uv": [1.25, 6.75, 1.5, 8.75], "texture": "#0"},				"east": {"uv": [4, 4, 4.5, 6], "texture": "#0"},				"south": {"uv": [1.5, 6.75, 1.75, 8.75], "texture": "#0"},				"west": {"uv": [4, 0, 4.5, 2], "texture": "#0"},				"up": {"uv": [7.75, 1, 7.5, 0.5], "texture": "#0"},				"down": {"uv": [7.75, 1, 7.5, 1.5], "texture": "#0"}			}		},		{			"from": [-1.598, -4.68068, 9.1872],			"to": [-0.762, -2.04068, 10.9472],			"rotation": {"angle": -45, "axis": "x", "origin": [5.42, -9.96068, 15.3472]},			"faces": {				"north": {"uv": [0.25, 7.25, 0.5, 8], "texture": "#0"},				"east": {"uv": [6.5, 6.75, 7, 7.5], "texture": "#0"},				"south": {"uv": [2, 7.25, 2.25, 8], "texture": "#0"},				"west": {"uv": [6.75, 0, 7.25, 0.75], "texture": "#0"},				"up": {"uv": [7.75, 2, 7.5, 1.5], "texture": "#0"},				"down": {"uv": [7.75, 4.75, 7.5, 5.25], "texture": "#0"}			}		},		{			"from": [-1.598, 23.30166, 7.02818],			"to": [-0.762, 28.166, 7.90818],			"rotation": {"angle": 45, "axis": "x", "origin": [5.42, 25.06166, 13.18818]},			"faces": {				"north": {"uv": [1.75, 6.75, 2, 8.25], "texture": "#0"},				"east": {"uv": [3, 6.75, 3.25, 8.25], "texture": "#0"},				"south": {"uv": [3.25, 6.75, 3.5, 8.25], "texture": "#0"},				"west": {"uv": [3.5, 6.75, 3.75, 8.25], "texture": "#0"},				"up": {"uv": [7, 3, 6.75, 2.75], "texture": "#0"},				"down": {"uv": [2.75, 8, 2.5, 8.25], "texture": "#0"}			}		},		{			"from": [-1.576, 30.08, 13.47652],			"to": [-0.784, 32, 14.35652],			"rotation": {"angle": -22.5, "axis": "x", "origin": [5.42, 25.06166, 10.37218]},			"faces": {				"north": {"uv": [3.75, 7.5, 4, 8], "texture": "#0"},				"east": {"uv": [4, 7.5, 4.25, 8], "texture": "#0"},				"south": {"uv": [5, 7.5, 5.25, 8], "texture": "#0"},				"west": {"uv": [5.25, 7.5, 5.5, 8], "texture": "#0"},				"up": {"uv": [3, 8.25, 2.75, 8], "texture": "#0"},				"down": {"uv": [4, 8, 3.75, 8.25], "texture": "#0"}			}		},		{			"from": [-2.038, 11.6, 1.35],			"to": [-0.322, 16.88, 3.11],			"rotation": {"angle": 0, "axis": "y", "origin": [5.86, 23.04, 7.51]},			"faces": {				"north": {"uv": [3, 4.5, 3.5, 6], "texture": "#0"},				"east": {"uv": [3.5, 4.5, 4, 6], "texture": "#0"},				"south": {"uv": [4.5, 4.5, 5, 6], "texture": "#0"},				"west": {"uv": [4.5, 0, 5, 1.5], "texture": "#0"},				"up": {"uv": [2, 1.5, 1.5, 1], "texture": "#0"},				"down": {"uv": [5, 1.5, 4.5, 2], "texture": "#0"}			}		},		{			"from": [-1.994, 13.65185, 5.259],			"to": [-0.344, 17.17185, 7.019],			"rotation": {"angle": 22.5, "axis": "x", "origin": [5.86, 25.09185, 11.419]},			"faces": {				"north": {"uv": [6, 3, 6.5, 4], "texture": "#0"},				"east": {"uv": [6, 4, 6.5, 5], "texture": "#0"},				"south": {"uv": [6, 5, 6.5, 6], "texture": "#0"},				"west": {"uv": [0, 6.25, 0.5, 7.25], "texture": "#0"},				"up": {"uv": [5, 4.5, 4.5, 4], "texture": "#0"},				"down": {"uv": [7.25, 0.75, 6.75, 1.25], "texture": "#0"}			}		},		{			"from": [-1.994, 16.65909, 5.63201],			"to": [-0.344, 20.17909, 6.51201],			"rotation": {"angle": 22.5, "axis": "x", "origin": [-6.46, 24.57909, 12.67201]},			"faces": {				"north": {"uv": [2, 6.25, 2.5, 7.25], "texture": "#0"},				"east": {"uv": [3.75, 1, 4, 2], "texture": "#0"},				"south": {"uv": [2.5, 6.25, 3, 7.25], "texture": "#0"},				"west": {"uv": [6.75, 1.25, 7, 2.25], "texture": "#0"},				"up": {"uv": [7.75, 4.5, 7.25, 4.25], "texture": "#0"},				"down": {"uv": [7.75, 4.5, 7.25, 4.75], "texture": "#0"}			}		},		{			"from": [-1.62, 17.17185, 5.259],			"to": [-0.74, 24.21185, 7.019],			"rotation": {"angle": 22.5, "axis": "x", "origin": [5.42, 25.09185, 11.419]},			"faces": {				"north": {"uv": [4.75, 6, 5, 8], "texture": "#0"},				"east": {"uv": [1, 3.25, 1.5, 5.25], "texture": "#0"},				"south": {"uv": [0.5, 6.25, 0.75, 8.25], "texture": "#0"},				"west": {"uv": [1.5, 4, 2, 6], "texture": "#0"},				"up": {"uv": [2.25, 1.5, 2, 1], "texture": "#0"},				"down": {"uv": [6, 2.25, 5.75, 2.75], "texture": "#0"}			}		},		{			"from": [-1.598, 19.96068, 9.1872],			"to": [-0.762, 22.60068, 10.9472],			"rotation": {"angle": 45, "axis": "x", "origin": [5.42, 27.88068, 15.3472]},			"faces": {				"north": {"uv": [2, 4, 2.25, 4.75], "texture": "#0"},				"east": {"uv": [1, 5.25, 1.5, 6], "texture": "#0"},				"south": {"uv": [0, 7.25, 0.25, 8], "texture": "#0"},				"west": {"uv": [3.75, 6.75, 4.25, 7.5], "texture": "#0"},				"up": {"uv": [1, 6.75, 0.75, 6.25], "texture": "#0"},				"down": {"uv": [7.5, 6, 7.25, 6.5], "texture": "#0"}			}		},		{			"from": [-2.5, 4.56, 0.91],			"to": [0.14, 13.36, 3.55],			"rotation": {"angle": 0, "axis": "y", "origin": [6.3, 16, 7.95]},			"faces": {				"north": {"uv": [0, 0, 0.75, 2.5], "texture": "#0"},				"east": {"uv": [0.75, 0.75, 1.5, 3.25], "texture": "#0"},				"south": {"uv": [1.5, 1.5, 2.25, 4], "texture": "#0"},				"west": {"uv": [2.25, 2.25, 3, 4.75], "texture": "#0"},				"up": {"uv": [1.5, 0.75, 0.75, 0], "texture": "#0"},				"down": {"uv": [0.75, 2.5, 0, 3.25], "texture": "#0"}			}		}	],	"gui_light": "front",	"display": {		"thirdperson_righthand": {			"translation": [9, -2.15, 8.25]		},		"thirdperson_lefthand": {			"rotation": [0, 0, -180],			"translation": [9, -2.15, 8.25],			"scale": [1, -1, 1]		},		"firstperson_righthand": {			"rotation": [0, 35, 0],			"translation": [6.25, -1.5, -4],			"scale": [0.5, 0.5, 0.5]		},		"firstperson_lefthand": {			"rotation": [0, 35, 0],			"translation": [6.25, 1.5, 4],			"scale": [0.5, 0.5, 0.5]		},		"ground": {			"rotation": [72, 55, 0],			"translation": [3, 3, -0.75],			"scale": [0.35, 0.35, 0.35]		},		"gui": {			"rotation": [20, 64, -31],			"translation": [1.25, 0.25, 0],			"scale": [0.5, 0.5, 0.5]		},		"head": {			"rotation": [60, -126, 65],			"translation": [-2.5, -8.5, 12.25]		},		"fixed": {			"rotation": [0, -90, 0],			"translation": [-0.75, 0, 2.5],			"scale": [0.4, 0.4, 0.4]		}	},	"groups": [		{			"name": "group",			"origin": [6.5, 29.50077, 16.90591],			"children": []		},		{			"name": "group",			"origin": [6.5, 29.50077, 16.90591],			"children": []		},		{			"name": "group",			"origin": [8, 4.29289, 15.36396],			"children": [0, 1, 2, 3, 4, 5, 6, 7, 8, 9, 10, 11, 12, 13]		},		{			"name": "group",			"origin": [7.5, 16, 8.5],			"children": [14, 15, 16, 17, 18, 19, 20, 21, 22, 23, 24, 25, 26, 27, 28]		}	]}