{
	"textures": {
		"0": "item/crates/bosses/cyber_wings"
	},
	"elements": [
		{
			"name": "hexadecagon",
			"from": [10.24777, -2.07271, 3.1],
			"to": [10.64777, -0.0325, 3.5],
			"rotation": {"angle": 22.5, "axis": "z", "origin": [10.25, 1.65, 3.3]},
			"faces": {
				"north": {"uv": [0, 8, 0.125, 8.5], "texture": "#0"},
				"east": {"uv": [0.5, 8, 0.625, 8.5], "texture": "#0"},
				"south": {"uv": [7.75, 8, 7.875, 8.5], "texture": "#0"},
				"west": {"uv": [8.25, 0.5, 8.375, 1], "texture": "#0"},
				"up": {"uv": [9.875, 1.625, 9.75, 1.5], "texture": "#0"},
				"down": {"uv": [9.875, 2, 9.75, 2.125], "texture": "#0"}
			}
		},
		{
			"name": "hexadecagon",
			"from": [5.35223, -2.07271, 3.1],
			"to": [5.75223, -0.0325, 3.5],
			"rotation": {"angle": -22.5, "axis": "z", "origin": [5.75, 1.65, 3.3]},
			"faces": {
				"north": {"uv": [0.125, 8, 0, 8.5], "texture": "#0"},
				"east": {"uv": [8.375, 0.5, 8.25, 1], "texture": "#0"},
				"south": {"uv": [7.875, 8, 7.75, 8.5], "texture": "#0"},
				"west": {"uv": [0.625, 8, 0.5, 8.5], "texture": "#0"},
				"up": {"uv": [9.75, 1.625, 9.875, 1.5], "texture": "#0"},
				"down": {"uv": [9.75, 2, 9.875, 2.125], "texture": "#0"}
			}
		},
		{
			"name": "hexadecagon",
			"from": [10.14777, -0.07271, 3],
			"to": [10.74777, 1.7175, 3.6],
			"rotation": {"angle": 22.5, "axis": "z", "origin": [10.25, 1.65, 3.3]},
			"faces": {
				"north": {"uv": [7, 8.5, 7.125, 8.9375], "texture": "#0"},
				"east": {"uv": [8.25, 8.5, 8.375, 8.9375], "texture": "#0"},
				"south": {"uv": [0, 8.75, 0.125, 9.1875], "texture": "#0"},
				"west": {"uv": [0.5, 8.75, 0.625, 9.1875], "texture": "#0"},
				"up": {"uv": [9.875, 2.625, 9.75, 2.5], "texture": "#0"},
				"down": {"uv": [9.875, 3, 9.75, 3.125], "texture": "#0"}
			}
		},
		{
			"name": "hexadecagon",
			"from": [5.25223, -0.07271, 3],
			"to": [5.85223, 1.7175, 3.6],
			"rotation": {"angle": -22.5, "axis": "z", "origin": [5.75, 1.65, 3.3]},
			"faces": {
				"north": {"uv": [7.125, 8.5, 7, 8.9375], "texture": "#0"},
				"east": {"uv": [0.625, 8.75, 0.5, 9.1875], "texture": "#0"},
				"south": {"uv": [0.125, 8.75, 0, 9.1875], "texture": "#0"},
				"west": {"uv": [8.375, 8.5, 8.25, 8.9375], "texture": "#0"},
				"up": {"uv": [9.75, 2.625, 9.875, 2.5], "texture": "#0"},
				"down": {"uv": [9.75, 3, 9.875, 3.125], "texture": "#0"}
			}
		},
		{
			"name": "white",
			"from": [7.10489, 0.55, 2.975],
			"to": [8.89511, 1.15, 3.625],
			"rotation": {"angle": 45, "axis": "z", "origin": [8, 5.05, 3.3]},
			"faces": {
				"north": {"uv": [8.5, 2.75, 8.9375, 2.875], "texture": "#0"},
				"east": {"uv": [9.5, 8, 9.6875, 8.125], "texture": "#0"},
				"south": {"uv": [8.75, 0.5, 9.1875, 0.625], "texture": "#0"},
				"west": {"uv": [8.5, 9.5, 8.6875, 9.625], "texture": "#0"},
				"up": {"uv": [6.9375, 7.6875, 6.5, 7.5], "texture": "#0"},
				"down": {"uv": [8.1875, 0, 7.75, 0.1875], "texture": "#0"}
			}
		},
		{
			"name": "white",
			"from": [7.10489, 0.55, 2.975],
			"to": [8.89511, 1.15, 3.625],
			"rotation": {"angle": -45, "axis": "z", "origin": [8, 5.05, 3.3]},
			"faces": {
				"north": {"uv": [8.9375, 2.75, 8.5, 2.875], "texture": "#0"},
				"east": {"uv": [8.6875, 9.5, 8.5, 9.625], "texture": "#0"},
				"south": {"uv": [9.1875, 0.5, 8.75, 0.625], "texture": "#0"},
				"west": {"uv": [9.6875, 8, 9.5, 8.125], "texture": "#0"},
				"up": {"uv": [6.5, 7.6875, 6.9375, 7.5], "texture": "#0"},
				"down": {"uv": [7.75, 0, 8.1875, 0.1875], "texture": "#0"}
			}
		},
		{
			"name": "white",
			"from": [11.33414, 7.18878, 3.05],
			"to": [11.83414, 8.47899, 3.55],
			"rotation": {"angle": -45, "axis": "z", "origin": [11.5, 7.3, 3.3]},
			"faces": {
				"north": {"uv": [9.25, 1.5, 9.375, 1.8125], "texture": "#0"},
				"east": {"uv": [9.25, 2.25, 9.375, 2.5625], "texture": "#0"},
				"south": {"uv": [9.25, 3, 9.375, 3.3125], "texture": "#0"},
				"west": {"uv": [9.25, 4.25, 9.375, 4.5625], "texture": "#0"},
				"up": {"uv": [9.875, 3.625, 9.75, 3.5], "texture": "#0"},
				"down": {"uv": [9.875, 4, 9.75, 4.125], "texture": "#0"}
			}
		},
		{
			"name": "white",
			"from": [4.16586, 7.18878, 3.05],
			"to": [4.66586, 8.47899, 3.55],
			"rotation": {"angle": 45, "axis": "z", "origin": [4.5, 7.3, 3.3]},
			"faces": {
				"north": {"uv": [9.375, 1.5, 9.25, 1.8125], "texture": "#0"},
				"east": {"uv": [9.375, 4.25, 9.25, 4.5625], "texture": "#0"},
				"south": {"uv": [9.375, 3, 9.25, 3.3125], "texture": "#0"},
				"west": {"uv": [9.375, 2.25, 9.25, 2.5625], "texture": "#0"},
				"up": {"uv": [9.75, 3.625, 9.875, 3.5], "texture": "#0"},
				"down": {"uv": [9.75, 4, 9.875, 4.125], "texture": "#0"}
			}
		},
		{
			"name": "hexadecagon",
			"from": [10.9, 4.85489, 3.1],
			"to": [12.475, 5.24511, 3.5],
			"rotation": {"angle": 22.5, "axis": "z", "origin": [8, 5.05, 3.3]},
			"faces": {
				"north": {"uv": [7.5, 8.75, 7.875, 8.875], "texture": "#0"},
				"east": {"uv": [9.75, 4.5, 9.875, 4.625], "texture": "#0"},
				"south": {"uv": [8.75, 8, 9.125, 8.125], "texture": "#0"},
				"west": {"uv": [6, 9.75, 6.125, 9.875], "texture": "#0"},
				"up": {"uv": [9.125, 8.625, 8.75, 8.5], "texture": "#0"},
				"down": {"uv": [9.375, 0, 9, 0.125], "texture": "#0"}
			}
		},
		{
			"name": "hexadecagon",
			"from": [3.525, 4.85489, 3.1],
			"to": [5.1, 5.24511, 3.5],
			"rotation": {"angle": -22.5, "axis": "z", "origin": [8, 5.05, 3.3]},
			"faces": {
				"north": {"uv": [7.875, 8.75, 7.5, 8.875], "texture": "#0"},
				"east": {"uv": [6.125, 9.75, 6, 9.875], "texture": "#0"},
				"south": {"uv": [9.125, 8, 8.75, 8.125], "texture": "#0"},
				"west": {"uv": [9.875, 4.5, 9.75, 4.625], "texture": "#0"},
				"up": {"uv": [8.75, 8.625, 9.125, 8.5], "texture": "#0"},
				"down": {"uv": [9, 0, 9.375, 0.125], "texture": "#0"}
			}
		},
		{
			"name": "hexadecagon",
			"from": [10.9, 4.75489, 3.1],
			"to": [12.45, 5.14511, 3.5],
			"rotation": {"angle": -22.5, "axis": "z", "origin": [8, 4.95, 3.3]},
			"faces": {
				"north": {"uv": [9, 3.75, 9.375, 3.875], "texture": "#0"},
				"east": {"uv": [9.75, 6, 9.875, 6.125], "texture": "#0"},
				"south": {"uv": [9, 6, 9.375, 6.125], "texture": "#0"},
				"west": {"uv": [6.5, 9.75, 6.625, 9.875], "texture": "#0"},
				"up": {"uv": [9.375, 6.625, 9, 6.5], "texture": "#0"},
				"down": {"uv": [9.125, 9, 8.75, 9.125], "texture": "#0"}
			}
		},
		{
			"name": "hexadecagon",
			"from": [3.55, 4.75489, 3.1],
			"to": [5.1, 5.14511, 3.5],
			"rotation": {"angle": 22.5, "axis": "z", "origin": [8, 4.95, 3.3]},
			"faces": {
				"north": {"uv": [9.375, 3.75, 9, 3.875], "texture": "#0"},
				"east": {"uv": [6.625, 9.75, 6.5, 9.875], "texture": "#0"},
				"south": {"uv": [9.375, 6, 9, 6.125], "texture": "#0"},
				"west": {"uv": [9.875, 6, 9.75, 6.125], "texture": "#0"},
				"up": {"uv": [9, 6.625, 9.375, 6.5], "texture": "#0"},
				"down": {"uv": [8.75, 9, 9.125, 9.125], "texture": "#0"}
			}
		},
		{
			"name": "hexadecagon",
			"from": [9.9, 4.90489, 3.15],
			"to": [11, 5.19511, 3.45],
			"rotation": {"angle": 22.5, "axis": "z", "origin": [8, 5.05, 3.3]},
			"faces": {
				"north": {"uv": [9.75, 6.5, 10, 6.5625], "texture": "#0"},
				"east": {"uv": [9, 10, 9.0625, 10.0625], "texture": "#0"},
				"south": {"uv": [7, 9.75, 7.25, 9.8125], "texture": "#0"},
				"west": {"uv": [10, 9, 10.0625, 9.0625], "texture": "#0"},
				"up": {"uv": [10, 7.0625, 9.75, 7], "texture": "#0"},
				"down": {"uv": [7.75, 9.75, 7.5, 9.8125], "texture": "#0"}
			}
		},
		{
			"name": "hexadecagon",
			"from": [5, 4.90489, 3.15],
			"to": [6.1, 5.19511, 3.45],
			"rotation": {"angle": -22.5, "axis": "z", "origin": [8, 5.05, 3.3]},
			"faces": {
				"north": {"uv": [10, 6.5, 9.75, 6.5625], "texture": "#0"},
				"east": {"uv": [10.0625, 9, 10, 9.0625], "texture": "#0"},
				"south": {"uv": [7.25, 9.75, 7, 9.8125], "texture": "#0"},
				"west": {"uv": [9.0625, 10, 9, 10.0625], "texture": "#0"},
				"up": {"uv": [9.75, 7.0625, 10, 7], "texture": "#0"},
				"down": {"uv": [7.5, 9.75, 7.75, 9.8125], "texture": "#0"}
			}
		},
		{
			"name": "hexadecagon",
			"from": [9.9, 4.80489, 3.15],
			"to": [11, 5.09511, 3.45],
			"rotation": {"angle": -22.5, "axis": "z", "origin": [8, 4.95, 3.3]},
			"faces": {
				"north": {"uv": [9.75, 7.5, 10, 7.5625], "texture": "#0"},
				"east": {"uv": [9.5, 10, 9.5625, 10.0625], "texture": "#0"},
				"south": {"uv": [8, 9.75, 8.25, 9.8125], "texture": "#0"},
				"west": {"uv": [10, 9.5, 10.0625, 9.5625], "texture": "#0"},
				"up": {"uv": [0.25, 10.0625, 0, 10], "texture": "#0"},
				"down": {"uv": [0.75, 10, 0.5, 10.0625], "texture": "#0"}
			}
		},
		{
			"name": "hexadecagon",
			"from": [5, 4.80489, 3.15],
			"to": [6.1, 5.09511, 3.45],
			"rotation": {"angle": 22.5, "axis": "z", "origin": [8, 4.95, 3.3]},
			"faces": {
				"north": {"uv": [10, 7.5, 9.75, 7.5625], "texture": "#0"},
				"east": {"uv": [10.0625, 9.5, 10, 9.5625], "texture": "#0"},
				"south": {"uv": [8.25, 9.75, 8, 9.8125], "texture": "#0"},
				"west": {"uv": [9.5625, 10, 9.5, 10.0625], "texture": "#0"},
				"up": {"uv": [0, 10.0625, 0.25, 10], "texture": "#0"},
				"down": {"uv": [0.5, 10, 0.75, 10.0625], "texture": "#0"}
			}
		},
		{
			"name": "white",
			"from": [11.9, 4.15489, 3],
			"to": [12.5, 5.94511, 3.6],
			"rotation": {"angle": -22.5, "axis": "z", "origin": [8, 5.05, 3.3]},
			"faces": {
				"north": {"uv": [8.75, 1, 8.875, 1.4375], "texture": "#0"},
				"east": {"uv": [1.5, 8.75, 1.625, 9.1875], "texture": "#0"},
				"south": {"uv": [2, 8.75, 2.125, 9.1875], "texture": "#0"},
				"west": {"uv": [2.5, 8.75, 2.625, 9.1875], "texture": "#0"},
				"up": {"uv": [10.125, 0.625, 10, 0.5], "texture": "#0"},
				"down": {"uv": [1.125, 10, 1, 10.125], "texture": "#0"}
			}
		},
		{
			"name": "white",
			"from": [3.5, 4.15489, 3],
			"to": [4.1, 5.94511, 3.6],
			"rotation": {"angle": 22.5, "axis": "z", "origin": [8, 5.05, 3.3]},
			"faces": {
				"north": {"uv": [8.875, 1, 8.75, 1.4375], "texture": "#0"},
				"east": {"uv": [2.625, 8.75, 2.5, 9.1875], "texture": "#0"},
				"south": {"uv": [2.125, 8.75, 2, 9.1875], "texture": "#0"},
				"west": {"uv": [1.625, 8.75, 1.5, 9.1875], "texture": "#0"},
				"up": {"uv": [10, 0.625, 10.125, 0.5], "texture": "#0"},
				"down": {"uv": [1, 10, 1.125, 10.125], "texture": "#0"}
			}
		},
		{
			"name": "white",
			"from": [11.9, 4.15489, 2.975],
			"to": [12.5, 5.94511, 3.625],
			"rotation": {"angle": 0, "axis": "z", "origin": [8, 5.05, 3.3]},
			"faces": {
				"north": {"uv": [3, 8.75, 3.125, 9.1875], "texture": "#0"},
				"east": {"uv": [1, 7.75, 1.1875, 8.1875], "texture": "#0"},
				"south": {"uv": [3.5, 8.75, 3.625, 9.1875], "texture": "#0"},
				"west": {"uv": [7.75, 1, 7.9375, 1.4375], "texture": "#0"},
				"up": {"uv": [9.625, 8.6875, 9.5, 8.5], "texture": "#0"},
				"down": {"uv": [9.125, 9.5, 9, 9.6875], "texture": "#0"}
			}
		},
		{
			"name": "white",
			"from": [3.5, 4.15489, 2.975],
			"to": [4.1, 5.94511, 3.625],
			"rotation": {"angle": 0, "axis": "z", "origin": [8, 5.05, 3.3]},
			"faces": {
				"north": {"uv": [3.125, 8.75, 3, 9.1875], "texture": "#0"},
				"east": {"uv": [7.9375, 1, 7.75, 1.4375], "texture": "#0"},
				"south": {"uv": [3.625, 8.75, 3.5, 9.1875], "texture": "#0"},
				"west": {"uv": [1.1875, 7.75, 1, 8.1875], "texture": "#0"},
				"up": {"uv": [9.5, 8.6875, 9.625, 8.5], "texture": "#0"},
				"down": {"uv": [9, 9.5, 9.125, 9.6875], "texture": "#0"}
			}
		},
		{
			"name": "white",
			"from": [11.9, 4.15489, 3],
			"to": [12.5, 5.94511, 3.6],
			"rotation": {"angle": 22.5, "axis": "z", "origin": [8, 5.05, 3.3]},
			"faces": {
				"north": {"uv": [4, 8.75, 4.125, 9.1875], "texture": "#0"},
				"east": {"uv": [4.5, 8.75, 4.625, 9.1875], "texture": "#0"},
				"south": {"uv": [5, 8.75, 5.125, 9.1875], "texture": "#0"},
				"west": {"uv": [5.5, 8.75, 5.625, 9.1875], "texture": "#0"},
				"up": {"uv": [1.625, 10.125, 1.5, 10], "texture": "#0"},
				"down": {"uv": [2.125, 10, 2, 10.125], "texture": "#0"}
			}
		},
		{
			"name": "white",
			"from": [3.5, 4.15489, 3],
			"to": [4.1, 5.94511, 3.6],
			"rotation": {"angle": -22.5, "axis": "z", "origin": [8, 5.05, 3.3]},
			"faces": {
				"north": {"uv": [4.125, 8.75, 4, 9.1875], "texture": "#0"},
				"east": {"uv": [5.625, 8.75, 5.5, 9.1875], "texture": "#0"},
				"south": {"uv": [5.125, 8.75, 5, 9.1875], "texture": "#0"},
				"west": {"uv": [4.625, 8.75, 4.5, 9.1875], "texture": "#0"},
				"up": {"uv": [1.5, 10.125, 1.625, 10], "texture": "#0"},
				"down": {"uv": [2, 10, 2.125, 10.125], "texture": "#0"}
			}
		},
		{
			"from": [9.47368, -1.138, 1.7876],
			"to": [13.56568, -0.022, 3.0524],
			"rotation": {"angle": 22.5, "axis": "z", "origin": [5.19568, -0.952, 2.048]},
			"faces": {
				"north": {"uv": [5.25, 4.5, 6.25, 4.75], "texture": "#0"},
				"east": {"uv": [7.75, 2.75, 8.0625, 3], "texture": "#0"},
				"south": {"uv": [5.25, 4.5, 6.25, 4.75], "texture": "#0"},
				"west": {"uv": [3, 7.75, 3.3125, 8], "texture": "#0"},
				"up": {"uv": [5, 5.8125, 4, 5.5], "texture": "#0"},
				"down": {"uv": [5, 5.8125, 4, 5.5], "texture": "#0"}
			}
		},
		{
			"from": [2.43432, -1.138, 1.7876],
			"to": [6.52632, -0.022, 3.0524],
			"rotation": {"angle": -22.5, "axis": "z", "origin": [10.80432, -0.952, 2.048]},
			"faces": {
				"north": {"uv": [6.25, 4.5, 5.25, 4.75], "texture": "#0"},
				"east": {"uv": [3.3125, 7.75, 3, 8], "texture": "#0"},
				"south": {"uv": [6.25, 4.5, 5.25, 4.75], "texture": "#0"},
				"west": {"uv": [8.0625, 2.75, 7.75, 3], "texture": "#0"},
				"up": {"uv": [4, 5.8125, 5, 5.5], "texture": "#0"},
				"down": {"uv": [4, 5.8125, 5, 5.5], "texture": "#0"}
			}
		},
		{
			"from": [6.698, 0.536, 1.862],
			"to": [9.302, 1.652, 2.978],
			"rotation": {"angle": 0, "axis": "z", "origin": [10.79, -0.952, 2.048]},
			"faces": {
				"north": {"uv": [6.5, 5.5, 7.125, 5.75], "texture": "#0"},
				"east": {"uv": [1.5, 6.25, 1.75, 6.5], "texture": "#0"},
				"south": {"uv": [6.5, 5.5, 7.125, 5.75], "texture": "#0"},
				"west": {"uv": [8.25, 1.25, 8.5, 1.5], "texture": "#0"},
				"up": {"uv": [1.625, 7, 1, 6.75], "texture": "#0"},
				"down": {"uv": [1.625, 7, 1, 6.75], "texture": "#0"}
			}
		},
		{
			"from": [11.60798, 2.00947, 1.862],
			"to": [12.72398, 12.05347, 2.978],
			"rotation": {"angle": -22.5, "axis": "z", "origin": [12.63568, 2.024, 2.048]},
			"faces": {
				"north": {"uv": [2, 4, 2.25, 6.5], "texture": "#0"},
				"east": {"uv": [3.5, 4, 3.75, 6.5], "texture": "#0"},
				"south": {"uv": [2, 4, 2.25, 6.5], "texture": "#0"},
				"west": {"uv": [3.5, 4, 3.75, 6.5], "texture": "#0"},
				"up": {"uv": [1.75, 8.5, 1.5, 8.25], "texture": "#0"},
				"down": {"uv": [2.25, 8.25, 2, 8.5], "texture": "#0"}
			}
		},
		{
			"from": [3.27602, 2.00947, 1.862],
			"to": [4.39202, 12.05347, 2.978],
			"rotation": {"angle": 22.5, "axis": "z", "origin": [3.36432, 2.024, 2.048]},
			"faces": {
				"north": {"uv": [2.25, 4, 2, 6.5], "texture": "#0"},
				"east": {"uv": [3.75, 4, 3.5, 6.5], "texture": "#0"},
				"south": {"uv": [2.25, 4, 2, 6.5], "texture": "#0"},
				"west": {"uv": [3.75, 4, 3.5, 6.5], "texture": "#0"},
				"up": {"uv": [1.5, 8.5, 1.75, 8.25], "texture": "#0"},
				"down": {"uv": [2, 8.25, 2.25, 8.5], "texture": "#0"}
			}
		},
		{
			"name": "white",
			"from": [11.42198, 5.91547, 2.048],
			"to": [11.60798, 6.65947, 2.792],
			"rotation": {"angle": -22.5, "axis": "z", "origin": [12.63568, 2.024, 2.048]},
			"faces": {
				"north": {"uv": [4.5, 10, 4.5625, 10.1875], "texture": "#0"},
				"east": {"uv": [6, 9.25, 6.1875, 9.4375], "texture": "#0"},
				"south": {"uv": [5, 10, 5.0625, 10.1875], "texture": "#0"},
				"west": {"uv": [6.5, 9.25, 6.6875, 9.4375], "texture": "#0"},
				"up": {"uv": [10.0625, 5.1875, 10, 5], "texture": "#0"},
				"down": {"uv": [5.5625, 10, 5.5, 10.1875], "texture": "#0"}
			}
		},
		{
			"name": "white",
			"from": [4.39202, 5.91547, 2.048],
			"to": [4.57802, 6.65947, 2.792],
			"rotation": {"angle": 22.5, "axis": "z", "origin": [3.36432, 2.024, 2.048]},
			"faces": {
				"north": {"uv": [4.5625, 10, 4.5, 10.1875], "texture": "#0"},
				"east": {"uv": [6.6875, 9.25, 6.5, 9.4375], "texture": "#0"},
				"south": {"uv": [5.0625, 10, 5, 10.1875], "texture": "#0"},
				"west": {"uv": [6.1875, 9.25, 6, 9.4375], "texture": "#0"},
				"up": {"uv": [10, 5.1875, 10.0625, 5], "texture": "#0"},
				"down": {"uv": [5.5, 10, 5.5625, 10.1875], "texture": "#0"}
			}
		},
		{
			"name": "white",
			"from": [11.23598, 7.40347, 2.048],
			"to": [11.60798, 8.14747, 2.792],
			"rotation": {"angle": -22.5, "axis": "z", "origin": [12.63568, 2.024, 2.048]},
			"faces": {
				"north": {"uv": [10, 5.5, 10.0625, 5.6875], "texture": "#0"},
				"east": {"uv": [7, 9.25, 7.1875, 9.4375], "texture": "#0"},
				"south": {"uv": [10, 8, 10.0625, 8.1875], "texture": "#0"},
				"west": {"uv": [9.25, 7, 9.4375, 7.1875], "texture": "#0"},
				"up": {"uv": [8.5625, 10.1875, 8.5, 10], "texture": "#0"},
				"down": {"uv": [10.0625, 8.5, 10, 8.6875], "texture": "#0"}
			}
		},
		{
			"name": "white",
			"from": [4.39202, 7.40347, 2.048],
			"to": [4.76402, 8.14747, 2.792],
			"rotation": {"angle": 22.5, "axis": "z", "origin": [3.36432, 2.024, 2.048]},
			"faces": {
				"north": {"uv": [10.0625, 5.5, 10, 5.6875], "texture": "#0"},
				"east": {"uv": [9.4375, 7, 9.25, 7.1875], "texture": "#0"},
				"south": {"uv": [10.0625, 8, 10, 8.1875], "texture": "#0"},
				"west": {"uv": [7.1875, 9.25, 7, 9.4375], "texture": "#0"},
				"up": {"uv": [8.5, 10.1875, 8.5625, 10], "texture": "#0"},
				"down": {"uv": [10, 8.5, 10.0625, 8.6875], "texture": "#0"}
			}
		},
		{
			"name": "white",
			"from": [11.04998, 8.89147, 2.048],
			"to": [11.60798, 9.63547, 2.792],
			"rotation": {"angle": -22.5, "axis": "z", "origin": [12.63568, 2.024, 2.048]},
			"faces": {
				"north": {"uv": [9.5, 9, 9.625, 9.1875], "texture": "#0"},
				"east": {"uv": [7.5, 9.25, 7.6875, 9.4375], "texture": "#0"},
				"south": {"uv": [9.5, 9.5, 9.625, 9.6875], "texture": "#0"},
				"west": {"uv": [9.25, 7.5, 9.4375, 7.6875], "texture": "#0"},
				"up": {"uv": [9.875, 0.1875, 9.75, 0], "texture": "#0"},
				"down": {"uv": [9.875, 1, 9.75, 1.1875], "texture": "#0"}
			}
		},
		{
			"name": "white",
			"from": [4.39202, 8.89147, 2.048],
			"to": [4.95002, 9.63547, 2.792],
			"rotation": {"angle": 22.5, "axis": "z", "origin": [3.36432, 2.024, 2.048]},
			"faces": {
				"north": {"uv": [9.625, 9, 9.5, 9.1875], "texture": "#0"},
				"east": {"uv": [9.4375, 7.5, 9.25, 7.6875], "texture": "#0"},
				"south": {"uv": [9.625, 9.5, 9.5, 9.6875], "texture": "#0"},
				"west": {"uv": [7.6875, 9.25, 7.5, 9.4375], "texture": "#0"},
				"up": {"uv": [9.75, 0.1875, 9.875, 0], "texture": "#0"},
				"down": {"uv": [9.75, 1, 9.875, 1.1875], "texture": "#0"}
			}
		},
		{
			"name": "white",
			"from": [10.86398, 10.37947, 2.048],
			"to": [11.60798, 11.12347, 2.792],
			"rotation": {"angle": -22.5, "axis": "z", "origin": [12.63568, 2.024, 2.048]},
			"faces": {
				"north": {"uv": [8, 9.25, 8.1875, 9.4375], "texture": "#0"},
				"east": {"uv": [0, 9.5, 0.1875, 9.6875], "texture": "#0"},
				"south": {"uv": [0.5, 9.5, 0.6875, 9.6875], "texture": "#0"},
				"west": {"uv": [9.5, 0.5, 9.6875, 0.6875], "texture": "#0"},
				"up": {"uv": [1.1875, 9.6875, 1, 9.5], "texture": "#0"},
				"down": {"uv": [1.6875, 9.5, 1.5, 9.6875], "texture": "#0"}
			}
		},
		{
			"name": "white",
			"from": [4.39202, 10.37947, 2.048],
			"to": [5.13602, 11.12347, 2.792],
			"rotation": {"angle": 22.5, "axis": "z", "origin": [3.36432, 2.024, 2.048]},
			"faces": {
				"north": {"uv": [8.1875, 9.25, 8, 9.4375], "texture": "#0"},
				"east": {"uv": [9.6875, 0.5, 9.5, 0.6875], "texture": "#0"},
				"south": {"uv": [0.6875, 9.5, 0.5, 9.6875], "texture": "#0"},
				"west": {"uv": [0.1875, 9.5, 0, 9.6875], "texture": "#0"},
				"up": {"uv": [1, 9.6875, 1.1875, 9.5], "texture": "#0"},
				"down": {"uv": [1.5, 9.5, 1.6875, 9.6875], "texture": "#0"}
			}
		},
		{
			"from": [15.56815, 10.75149, 1.9364],
			"to": [22.45015, 11.86749, 2.9036],
			"rotation": {"angle": 0, "axis": "z", "origin": [16.35568, 10.022, 2.048]},
			"faces": {
				"north": {"uv": [4.5, 1, 6.25, 1.25], "texture": "#0"},
				"east": {"uv": [2.5, 8.25, 2.75, 8.5], "texture": "#0"},
				"south": {"uv": [4.5, 1, 6.25, 1.25], "texture": "#0"},
				"west": {"uv": [3, 8.25, 3.25, 8.5], "texture": "#0"},
				"up": {"uv": [5.75, 5.25, 4, 5], "texture": "#0"},
				"down": {"uv": [5.75, 5.25, 4, 5], "texture": "#0"}
			}
		},
		{
			"from": [-6.45015, 10.75149, 1.9364],
			"to": [0.43185, 11.86749, 2.9036],
			"rotation": {"angle": 0, "axis": "z", "origin": [-0.35568, 10.022, 2.048]},
			"faces": {
				"north": {"uv": [6.25, 1, 4.5, 1.25], "texture": "#0"},
				"east": {"uv": [3.25, 8.25, 3, 8.5], "texture": "#0"},
				"south": {"uv": [6.25, 1, 4.5, 1.25], "texture": "#0"},
				"west": {"uv": [2.75, 8.25, 2.5, 8.5], "texture": "#0"},
				"up": {"uv": [4, 5.25, 5.75, 5], "texture": "#0"},
				"down": {"uv": [4, 5.25, 5.75, 5], "texture": "#0"}
			}
		},
		{
			"from": [22.45015, 10.82589, 2.0108],
			"to": [25.05415, 11.79309, 2.8292],
			"rotation": {"angle": 0, "axis": "z", "origin": [16.35568, 10.022, 2.048]},
			"faces": {
				"north": {"uv": [6.75, 2, 7.375, 2.25], "texture": "#0"},
				"east": {"uv": [1, 9, 1.1875, 9.25], "texture": "#0"},
				"south": {"uv": [6.75, 2, 7.375, 2.25], "texture": "#0"},
				"west": {"uv": [9.25, 1, 9.4375, 1.25], "texture": "#0"},
				"up": {"uv": [7.875, 0.6875, 7.25, 0.5], "texture": "#0"},
				"down": {"uv": [7.875, 0.6875, 7.25, 0.5], "texture": "#0"}
			}
		},
		{
			"from": [-9.05415, 10.82589, 2.0108],
			"to": [-6.45015, 11.79309, 2.8292],
			"rotation": {"angle": 0, "axis": "z", "origin": [-0.35568, 10.022, 2.048]},
			"faces": {
				"north": {"uv": [7.375, 2, 6.75, 2.25], "texture": "#0"},
				"east": {"uv": [9.4375, 1, 9.25, 1.25], "texture": "#0"},
				"south": {"uv": [7.375, 2, 6.75, 2.25], "texture": "#0"},
				"west": {"uv": [1.1875, 9, 1, 9.25], "texture": "#0"},
				"up": {"uv": [7.25, 0.6875, 7.875, 0.5], "texture": "#0"},
				"down": {"uv": [7.25, 0.6875, 7.875, 0.5], "texture": "#0"}
			}
		},
		{
			"from": [25.05415, 10.99329, 2.048],
			"to": [26.91415, 11.73729, 2.792],
			"rotation": {"angle": 22.5, "axis": "z", "origin": [25.28368, 10.952, 2.048]},
			"faces": {
				"north": {"uv": [1.5, 7.75, 1.9375, 7.9375], "texture": "#0"},
				"east": {"uv": [2, 9.5, 2.1875, 9.6875], "texture": "#0"},
				"south": {"uv": [1.5, 7.75, 1.9375, 7.9375], "texture": "#0"},
				"west": {"uv": [2.5, 9.5, 2.6875, 9.6875], "texture": "#0"},
				"up": {"uv": [2.6875, 7.9375, 2.25, 7.75], "texture": "#0"},
				"down": {"uv": [2.6875, 7.9375, 2.25, 7.75], "texture": "#0"}
			}
		},
		{
			"from": [-10.91415, 10.99329, 2.048],
			"to": [-9.05415, 11.73729, 2.792],
			"rotation": {"angle": -22.5, "axis": "z", "origin": [-9.28368, 10.952, 2.048]},
			"faces": {
				"north": {"uv": [1.9375, 7.75, 1.5, 7.9375], "texture": "#0"},
				"east": {"uv": [2.6875, 9.5, 2.5, 9.6875], "texture": "#0"},
				"south": {"uv": [1.9375, 7.75, 1.5, 7.9375], "texture": "#0"},
				"west": {"uv": [2.1875, 9.5, 2, 9.6875], "texture": "#0"},
				"up": {"uv": [2.25, 7.9375, 2.6875, 7.75], "texture": "#0"},
				"down": {"uv": [2.25, 7.9375, 2.6875, 7.75], "texture": "#0"}
			}
		},
		{
			"name": "white",
			"from": [15.61168, 8.72, 2.42],
			"to": [31.97968, 10.952, 2.42],
			"rotation": {"angle": 0, "axis": "y", "origin": [25.28368, -0.952, 2.048]},
			"faces": {
				"north": {"uv": [0, 0, 4.0625, 0.5625], "texture": "#0"},
				"east": {"uv": [10.25, 6, 10.25, 6.5625], "texture": "#0"},
				"south": {"uv": [4.0625, 0, 0, 0.5625], "texture": "#0"},
				"west": {"uv": [10.25, 7, 10.25, 7.5625], "texture": "#0"},
				"up": {"uv": [4.0625, 10.5, 0, 10.5], "texture": "#0"},
				"down": {"uv": [14.5625, 0.5, 10.5, 0.5], "texture": "#0"}
			}
		},
		{
			"name": "white",
			"from": [-15.97968, 8.72, 2.42],
			"to": [0.38832, 10.952, 2.42],
			"rotation": {"angle": 0, "axis": "y", "origin": [-9.28368, -0.952, 2.048]},
			"faces": {
				"north": {"uv": [4.0625, 0, 0, 0.5625], "texture": "#0"},
				"east": {"uv": [10.25, 7, 10.25, 7.5625], "texture": "#0"},
				"south": {"uv": [0, 0, 4.0625, 0.5625], "texture": "#0"},
				"west": {"uv": [10.25, 6, 10.25, 6.5625], "texture": "#0"},
				"up": {"uv": [0, 10.5, 4.0625, 10.5], "texture": "#0"},
				"down": {"uv": [10.5, 0.5, 14.5625, 0.5], "texture": "#0"}
			}
		},
		{
			"name": "white",
			"from": [15.61168, 8.72, 2.345],
			"to": [31.97968, 10.952, 2.345],
			"rotation": {"angle": 0, "axis": "y", "origin": [25.28368, -0.952, 2.048]},
			"faces": {
				"north": {"uv": [0, 1, 4.0625, 1.5625], "texture": "#0"},
				"east": {"uv": [10.25, 6, 10.25, 6.5625], "texture": "#0"},
				"south": {"uv": [4.0625, 1, 0, 1.5625], "texture": "#0"},
				"west": {"uv": [10.25, 7, 10.25, 7.5625], "texture": "#0"},
				"up": {"uv": [4.0625, 10.5, 0, 10.5], "texture": "#0"},
				"down": {"uv": [14.5625, 0.5, 10.5, 0.5], "texture": "#0"}
			}
		},
		{
			"name": "white",
			"from": [-15.97968, 8.72, 2.345],
			"to": [0.38832, 10.952, 2.345],
			"rotation": {"angle": 0, "axis": "y", "origin": [-9.28368, -0.952, 2.048]},
			"faces": {
				"north": {"uv": [4.0625, 1, 0, 1.5625], "texture": "#0"},
				"east": {"uv": [10.25, 7, 10.25, 7.5625], "texture": "#0"},
				"south": {"uv": [0, 1, 4.0625, 1.5625], "texture": "#0"},
				"west": {"uv": [10.25, 6, 10.25, 6.5625], "texture": "#0"},
				"up": {"uv": [0, 10.5, 4.0625, 10.5], "texture": "#0"},
				"down": {"uv": [10.5, 0.5, 14.5625, 0.5], "texture": "#0"}
			}
		},
		{
			"name": "white",
			"from": [15.61168, 8.72, 2.445],
			"to": [31.97968, 10.952, 2.445],
			"rotation": {"angle": 0, "axis": "y", "origin": [25.28368, -0.952, 2.148]},
			"faces": {
				"north": {"uv": [0, 1, 4.0625, 1.5625], "texture": "#0"},
				"east": {"uv": [10.25, 6, 10.25, 6.5625], "texture": "#0"},
				"south": {"uv": [4.0625, 1, 0, 1.5625], "texture": "#0"},
				"west": {"uv": [10.25, 7, 10.25, 7.5625], "texture": "#0"},
				"up": {"uv": [4.0625, 10.5, 0, 10.5], "texture": "#0"},
				"down": {"uv": [14.5625, 0.5, 10.5, 0.5], "texture": "#0"}
			}
		},
		{
			"name": "white",
			"from": [-15.97968, 8.72, 2.445],
			"to": [0.38832, 10.952, 2.445],
			"rotation": {"angle": 0, "axis": "y", "origin": [-9.28368, -0.952, 2.148]},
			"faces": {
				"north": {"uv": [4.0625, 1, 0, 1.5625], "texture": "#0"},
				"east": {"uv": [10.25, 7, 10.25, 7.5625], "texture": "#0"},
				"south": {"uv": [0, 1, 4.0625, 1.5625], "texture": "#0"},
				"west": {"uv": [10.25, 6, 10.25, 6.5625], "texture": "#0"},
				"up": {"uv": [0, 10.5, 4.0625, 10.5], "texture": "#0"},
				"down": {"uv": [10.5, 0.5, 14.5625, 0.5], "texture": "#0"}
			}
		},
		{
			"from": [15.61168, 9.464, 2.048],
			"to": [18.58768, 10.208, 2.792],
			"rotation": {"angle": 0, "axis": "y", "origin": [25.28368, -0.952, 2.048]},
			"faces": {
				"north": {"uv": [3, 6.75, 3.75, 6.9375], "texture": "#0"},
				"east": {"uv": [3, 9.5, 3.1875, 9.6875], "texture": "#0"},
				"south": {"uv": [3, 6.75, 3.75, 6.9375], "texture": "#0"},
				"west": {"uv": [3.5, 9.5, 3.6875, 9.6875], "texture": "#0"},
				"up": {"uv": [7.5, 3.6875, 6.75, 3.5], "texture": "#0"},
				"down": {"uv": [7.5, 3.6875, 6.75, 3.5], "texture": "#0"}
			}
		},
		{
			"from": [-2.58768, 9.464, 2.048],
			"to": [0.38832, 10.208, 2.792],
			"rotation": {"angle": 0, "axis": "y", "origin": [-9.28368, -0.952, 2.048]},
			"faces": {
				"north": {"uv": [3.75, 6.75, 3, 6.9375], "texture": "#0"},
				"east": {"uv": [3.6875, 9.5, 3.5, 9.6875], "texture": "#0"},
				"south": {"uv": [3.75, 6.75, 3, 6.9375], "texture": "#0"},
				"west": {"uv": [3.1875, 9.5, 3, 9.6875], "texture": "#0"},
				"up": {"uv": [6.75, 3.6875, 7.5, 3.5], "texture": "#0"},
				"down": {"uv": [6.75, 3.6875, 7.5, 3.5], "texture": "#0"}
			}
		},
		{
			"from": [18.58768, 9.65, 2.234],
			"to": [23.05168, 10.022, 2.606],
			"rotation": {"angle": 0, "axis": "y", "origin": [25.28368, -0.952, 2.048]},
			"faces": {
				"north": {"uv": [7.75, 3.25, 8.875, 3.3125], "texture": "#0"},
				"east": {"uv": [10, 10, 10.0625, 10.0625], "texture": "#0"},
				"south": {"uv": [7.75, 4.5, 8.875, 4.5625], "texture": "#0"},
				"west": {"uv": [10.25, 0, 10.3125, 0.0625], "texture": "#0"},
				"up": {"uv": [5.875, 7.8125, 4.75, 7.75], "texture": "#0"},
				"down": {"uv": [8.875, 7, 7.75, 7.0625], "texture": "#0"}
			}
		},
		{
			"from": [-7.05168, 9.65, 2.234],
			"to": [-2.58768, 10.022, 2.606],
			"rotation": {"angle": 0, "axis": "y", "origin": [-9.28368, -0.952, 2.048]},
			"faces": {
				"north": {"uv": [8.875, 3.25, 7.75, 3.3125], "texture": "#0"},
				"east": {"uv": [10.3125, 0, 10.25, 0.0625], "texture": "#0"},
				"south": {"uv": [8.875, 4.5, 7.75, 4.5625], "texture": "#0"},
				"west": {"uv": [10.0625, 10, 10, 10.0625], "texture": "#0"},
				"up": {"uv": [4.75, 7.8125, 5.875, 7.75], "texture": "#0"},
				"down": {"uv": [7.75, 7, 8.875, 7.0625], "texture": "#0"}
			}
		},
		{
			"name": "white",
			"from": [14.68168, 7.232, 2.42],
			"to": [25.09768, 9.464, 2.42],
			"rotation": {"angle": -45, "axis": "z", "origin": [14.12368, 7.976, 2.048]},
			"faces": {
				"north": {"uv": [3.75, 2, 6.375, 2.5625], "texture": "#0"},
				"east": {"uv": [7.25, 10.25, 7.25, 10.8125], "texture": "#0"},
				"south": {"uv": [6.375, 2, 3.75, 2.5625], "texture": "#0"},
				"west": {"uv": [7.5, 10.25, 7.5, 10.8125], "texture": "#0"},
				"up": {"uv": [13.125, 0.75, 10.5, 0.75], "texture": "#0"},
				"down": {"uv": [13.125, 3, 10.5, 3], "texture": "#0"}
			}
		},
		{
			"name": "white",
			"from": [-9.09768, 7.232, 2.42],
			"to": [1.31832, 9.464, 2.42],
			"rotation": {"angle": 45, "axis": "z", "origin": [1.87632, 7.976, 2.048]},
			"faces": {
				"north": {"uv": [6.375, 2, 3.75, 2.5625], "texture": "#0"},
				"east": {"uv": [7.5, 10.25, 7.5, 10.8125], "texture": "#0"},
				"south": {"uv": [3.75, 2, 6.375, 2.5625], "texture": "#0"},
				"west": {"uv": [7.25, 10.25, 7.25, 10.8125], "texture": "#0"},
				"up": {"uv": [10.5, 0.75, 13.125, 0.75], "texture": "#0"},
				"down": {"uv": [10.5, 3, 13.125, 3], "texture": "#0"}
			}
		},
		{
			"name": "white",
			"from": [14.68168, 7.232, 2.345],
			"to": [25.09768, 9.464, 2.345],
			"rotation": {"angle": -45, "axis": "z", "origin": [14.12368, 7.976, 2.048]},
			"faces": {
				"north": {"uv": [3.75, 3, 6.375, 3.5625], "texture": "#0"},
				"east": {"uv": [7.25, 10.25, 7.25, 10.8125], "texture": "#0"},
				"south": {"uv": [6.375, 3, 3.75, 3.5625], "texture": "#0"},
				"west": {"uv": [7.5, 10.25, 7.5, 10.8125], "texture": "#0"},
				"up": {"uv": [13.125, 0.75, 10.5, 0.75], "texture": "#0"},
				"down": {"uv": [13.125, 3, 10.5, 3], "texture": "#0"}
			}
		},
		{
			"name": "white",
			"from": [-9.09768, 7.232, 2.345],
			"to": [1.31832, 9.464, 2.345],
			"rotation": {"angle": 45, "axis": "z", "origin": [1.87632, 7.976, 2.048]},
			"faces": {
				"north": {"uv": [6.375, 3, 3.75, 3.5625], "texture": "#0"},
				"east": {"uv": [7.5, 10.25, 7.5, 10.8125], "texture": "#0"},
				"south": {"uv": [3.75, 3, 6.375, 3.5625], "texture": "#0"},
				"west": {"uv": [7.25, 10.25, 7.25, 10.8125], "texture": "#0"},
				"up": {"uv": [10.5, 0.75, 13.125, 0.75], "texture": "#0"},
				"down": {"uv": [10.5, 3, 13.125, 3], "texture": "#0"}
			}
		},
		{
			"name": "white",
			"from": [14.68168, 7.232, 2.445],
			"to": [25.09768, 9.464, 2.445],
			"rotation": {"angle": -45, "axis": "z", "origin": [14.12368, 7.976, 2.148]},
			"faces": {
				"north": {"uv": [3.75, 3, 6.375, 3.5625], "texture": "#0"},
				"east": {"uv": [7.25, 10.25, 7.25, 10.8125], "texture": "#0"},
				"south": {"uv": [6.375, 3, 3.75, 3.5625], "texture": "#0"},
				"west": {"uv": [7.5, 10.25, 7.5, 10.8125], "texture": "#0"},
				"up": {"uv": [13.125, 0.75, 10.5, 0.75], "texture": "#0"},
				"down": {"uv": [13.125, 3, 10.5, 3], "texture": "#0"}
			}
		},
		{
			"name": "white",
			"from": [-9.09768, 7.232, 2.445],
			"to": [1.31832, 9.464, 2.445],
			"rotation": {"angle": 45, "axis": "z", "origin": [1.87632, 7.976, 2.148]},
			"faces": {
				"north": {"uv": [6.375, 3, 3.75, 3.5625], "texture": "#0"},
				"east": {"uv": [7.5, 10.25, 7.5, 10.8125], "texture": "#0"},
				"south": {"uv": [3.75, 3, 6.375, 3.5625], "texture": "#0"},
				"west": {"uv": [7.25, 10.25, 7.25, 10.8125], "texture": "#0"},
				"up": {"uv": [10.5, 0.75, 13.125, 0.75], "texture": "#0"},
				"down": {"uv": [10.5, 3, 13.125, 3], "texture": "#0"}
			}
		},
		{
			"from": [14.68168, 7.976, 2.048],
			"to": [18.40168, 8.72, 2.792],
			"rotation": {"angle": -45, "axis": "z", "origin": [14.12368, 7.976, 2.048]},
			"faces": {
				"north": {"uv": [5.5, 6.25, 6.4375, 6.4375], "texture": "#0"},
				"east": {"uv": [4, 9.5, 4.1875, 9.6875], "texture": "#0"},
				"south": {"uv": [5.5, 6.25, 6.4375, 6.4375], "texture": "#0"},
				"west": {"uv": [4.5, 9.5, 4.6875, 9.6875], "texture": "#0"},
				"up": {"uv": [7.4375, 1.6875, 6.5, 1.5], "texture": "#0"},
				"down": {"uv": [7.4375, 1.6875, 6.5, 1.5], "texture": "#0"}
			}
		},
		{
			"from": [-2.40168, 7.976, 2.048],
			"to": [1.31832, 8.72, 2.792],
			"rotation": {"angle": 45, "axis": "z", "origin": [1.87632, 7.976, 2.048]},
			"faces": {
				"north": {"uv": [6.4375, 6.25, 5.5, 6.4375], "texture": "#0"},
				"east": {"uv": [4.6875, 9.5, 4.5, 9.6875], "texture": "#0"},
				"south": {"uv": [6.4375, 6.25, 5.5, 6.4375], "texture": "#0"},
				"west": {"uv": [4.1875, 9.5, 4, 9.6875], "texture": "#0"},
				"up": {"uv": [6.5, 1.6875, 7.4375, 1.5], "texture": "#0"},
				"down": {"uv": [6.5, 1.6875, 7.4375, 1.5], "texture": "#0"}
			}
		},
		{
			"from": [18.40168, 8.162, 2.234],
			"to": [22.86568, 8.534, 2.606],
			"rotation": {"angle": -45, "axis": "z", "origin": [14.12368, 7.976, 2.048]},
			"faces": {
				"north": {"uv": [7.75, 7.5, 8.875, 7.5625], "texture": "#0"},
				"east": {"uv": [10.25, 1, 10.3125, 1.0625], "texture": "#0"},
				"south": {"uv": [8, 5, 9.125, 5.0625], "texture": "#0"},
				"west": {"uv": [10.25, 1.5, 10.3125, 1.5625], "texture": "#0"},
				"up": {"uv": [9.125, 5.5625, 8, 5.5], "texture": "#0"},
				"down": {"uv": [7.375, 8, 6.25, 8.0625], "texture": "#0"}
			}
		},
		{
			"from": [-6.86568, 8.162, 2.234],
			"to": [-2.40168, 8.534, 2.606],
			"rotation": {"angle": 45, "axis": "z", "origin": [1.87632, 7.976, 2.048]},
			"faces": {
				"north": {"uv": [8.875, 7.5, 7.75, 7.5625], "texture": "#0"},
				"east": {"uv": [10.3125, 1.5, 10.25, 1.5625], "texture": "#0"},
				"south": {"uv": [9.125, 5, 8, 5.0625], "texture": "#0"},
				"west": {"uv": [10.3125, 1, 10.25, 1.0625], "texture": "#0"},
				"up": {"uv": [8, 5.5625, 9.125, 5.5], "texture": "#0"},
				"down": {"uv": [6.25, 8, 7.375, 8.0625], "texture": "#0"}
			}
		},
		{
			"from": [14.12368, 8.72, 2.048],
			"to": [18.58768, 9.464, 2.792],
			"rotation": {"angle": -22.5, "axis": "z", "origin": [14.12368, 7.976, 2.048]},
			"faces": {
				"north": {"uv": [5.75, 0.5, 6.875, 0.6875], "texture": "#0"},
				"east": {"uv": [5, 9.5, 5.1875, 9.6875], "texture": "#0"},
				"south": {"uv": [5.75, 0.5, 6.875, 0.6875], "texture": "#0"},
				"west": {"uv": [9.5, 5, 9.6875, 5.1875], "texture": "#0"},
				"up": {"uv": [1.125, 6.4375, 0, 6.25], "texture": "#0"},
				"down": {"uv": [1.125, 6.4375, 0, 6.25], "texture": "#0"}
			}
		},
		{
			"from": [-2.58768, 8.72, 2.048],
			"to": [1.87632, 9.464, 2.792],
			"rotation": {"angle": 22.5, "axis": "z", "origin": [1.87632, 7.976, 2.048]},
			"faces": {
				"north": {"uv": [6.875, 0.5, 5.75, 0.6875], "texture": "#0"},
				"east": {"uv": [9.6875, 5, 9.5, 5.1875], "texture": "#0"},
				"south": {"uv": [6.875, 0.5, 5.75, 0.6875], "texture": "#0"},
				"west": {"uv": [5.1875, 9.5, 5, 9.6875], "texture": "#0"},
				"up": {"uv": [0, 6.4375, 1.125, 6.25], "texture": "#0"},
				"down": {"uv": [0, 6.4375, 1.125, 6.25], "texture": "#0"}
			}
		},
		{
			"name": "white",
			"from": [14.12368, 7.976, 2.4386],
			"to": [27.51568, 10.208, 2.4386],
			"rotation": {"angle": -22.5, "axis": "z", "origin": [14.12368, 7.976, 2.0666]},
			"faces": {
				"north": {"uv": [0, 2, 3.375, 2.5625], "texture": "#0"},
				"east": {"uv": [7.75, 10.25, 7.75, 10.8125], "texture": "#0"},
				"south": {"uv": [3.375, 2, 0, 2.5625], "texture": "#0"},
				"west": {"uv": [8, 10.25, 8, 10.8125], "texture": "#0"},
				"up": {"uv": [13.875, 3.25, 10.5, 3.25], "texture": "#0"},
				"down": {"uv": [13.875, 3.5, 10.5, 3.5], "texture": "#0"}
			}
		},
		{
			"name": "white",
			"from": [-11.51568, 7.976, 2.4386],
			"to": [1.87632, 10.208, 2.4386],
			"rotation": {"angle": 22.5, "axis": "z", "origin": [1.87632, 7.976, 2.0666]},
			"faces": {
				"north": {"uv": [3.375, 2, 0, 2.5625], "texture": "#0"},
				"east": {"uv": [8, 10.25, 8, 10.8125], "texture": "#0"},
				"south": {"uv": [0, 2, 3.375, 2.5625], "texture": "#0"},
				"west": {"uv": [7.75, 10.25, 7.75, 10.8125], "texture": "#0"},
				"up": {"uv": [10.5, 3.25, 13.875, 3.25], "texture": "#0"},
				"down": {"uv": [10.5, 3.5, 13.875, 3.5], "texture": "#0"}
			}
		},
		{
			"name": "white",
			"from": [14.12368, 7.976, 2.3636],
			"to": [27.51568, 10.208, 2.3636],
			"rotation": {"angle": -22.5, "axis": "z", "origin": [14.12368, 7.976, 2.0666]},
			"faces": {
				"north": {"uv": [0, 3, 3.375, 3.5625], "texture": "#0"},
				"east": {"uv": [7.75, 10.25, 7.75, 10.8125], "texture": "#0"},
				"south": {"uv": [3.375, 3, 0, 3.5625], "texture": "#0"},
				"west": {"uv": [8, 10.25, 8, 10.8125], "texture": "#0"},
				"up": {"uv": [13.875, 3.25, 10.5, 3.25], "texture": "#0"},
				"down": {"uv": [13.875, 3.5, 10.5, 3.5], "texture": "#0"}
			}
		},
		{
			"name": "white",
			"from": [-11.51568, 7.976, 2.3636],
			"to": [1.87632, 10.208, 2.3636],
			"rotation": {"angle": 22.5, "axis": "z", "origin": [1.87632, 7.976, 2.0666]},
			"faces": {
				"north": {"uv": [3.375, 3, 0, 3.5625], "texture": "#0"},
				"east": {"uv": [8, 10.25, 8, 10.8125], "texture": "#0"},
				"south": {"uv": [0, 3, 3.375, 3.5625], "texture": "#0"},
				"west": {"uv": [7.75, 10.25, 7.75, 10.8125], "texture": "#0"},
				"up": {"uv": [10.5, 3.25, 13.875, 3.25], "texture": "#0"},
				"down": {"uv": [10.5, 3.5, 13.875, 3.5], "texture": "#0"}
			}
		},
		{
			"name": "white",
			"from": [14.12368, 7.976, 2.4636],
			"to": [27.51568, 10.208, 2.4636],
			"rotation": {"angle": -22.5, "axis": "z", "origin": [14.12368, 7.976, 2.1666]},
			"faces": {
				"north": {"uv": [0, 3, 3.375, 3.5625], "texture": "#0"},
				"east": {"uv": [7.75, 10.25, 7.75, 10.8125], "texture": "#0"},
				"south": {"uv": [3.375, 3, 0, 3.5625], "texture": "#0"},
				"west": {"uv": [8, 10.25, 8, 10.8125], "texture": "#0"},
				"up": {"uv": [13.875, 3.25, 10.5, 3.25], "texture": "#0"},
				"down": {"uv": [13.875, 3.5, 10.5, 3.5], "texture": "#0"}
			}
		},
		{
			"name": "white",
			"from": [-11.51568, 7.976, 2.4636],
			"to": [1.87632, 10.208, 2.4636],
			"rotation": {"angle": 22.5, "axis": "z", "origin": [1.87632, 7.976, 2.1666]},
			"faces": {
				"north": {"uv": [3.375, 3, 0, 3.5625], "texture": "#0"},
				"east": {"uv": [8, 10.25, 8, 10.8125], "texture": "#0"},
				"south": {"uv": [0, 3, 3.375, 3.5625], "texture": "#0"},
				"west": {"uv": [7.75, 10.25, 7.75, 10.8125], "texture": "#0"},
				"up": {"uv": [10.5, 3.25, 13.875, 3.25], "texture": "#0"},
				"down": {"uv": [10.5, 3.5, 13.875, 3.5], "texture": "#0"}
			}
		},
		{
			"from": [18.58768, 8.906, 2.234],
			"to": [24.53968, 9.278, 2.606],
			"rotation": {"angle": -22.5, "axis": "z", "origin": [14.12368, 7.976, 2.048]},
			"faces": {
				"north": {"uv": [2, 7.25, 3.5, 7.3125], "texture": "#0"},
				"east": {"uv": [10.25, 2, 10.3125, 2.0625], "texture": "#0"},
				"south": {"uv": [7.25, 4, 8.75, 4.0625], "texture": "#0"},
				"west": {"uv": [10.25, 2.5, 10.3125, 2.5625], "texture": "#0"},
				"up": {"uv": [8.75, 6.0625, 7.25, 6], "texture": "#0"},
				"down": {"uv": [8.75, 6.5, 7.25, 6.5625], "texture": "#0"}
			}
		},
		{
			"from": [-8.53968, 8.906, 2.234],
			"to": [-2.58768, 9.278, 2.606],
			"rotation": {"angle": 22.5, "axis": "z", "origin": [1.87632, 7.976, 2.048]},
			"faces": {
				"north": {"uv": [3.5, 7.25, 2, 7.3125], "texture": "#0"},
				"east": {"uv": [10.3125, 2.5, 10.25, 2.5625], "texture": "#0"},
				"south": {"uv": [8.75, 4, 7.25, 4.0625], "texture": "#0"},
				"west": {"uv": [10.3125, 2, 10.25, 2.0625], "texture": "#0"},
				"up": {"uv": [7.25, 6.0625, 8.75, 6], "texture": "#0"},
				"down": {"uv": [7.25, 6.5, 8.75, 6.5625], "texture": "#0"}
			}
		},
		{
			"name": "white",
			"from": [12.44968, -0.966, 2.4386],
			"to": [14.68168, 6.474, 2.4386],
			"rotation": {"angle": 22.5, "axis": "z", "origin": [14.12368, 7.976, 2.0666]},
			"faces": {
				"north": {"uv": [0, 4, 0.5625, 5.875], "texture": "#0"},
				"east": {"uv": [8.25, 10.25, 8.25, 12.125], "texture": "#0"},
				"south": {"uv": [0.5625, 4, 0, 5.875], "texture": "#0"},
				"west": {"uv": [10.5, 3.75, 10.5, 5.625], "texture": "#0"},
				"up": {"uv": [5.0625, 10.5, 4.5, 10.5], "texture": "#0"},
				"down": {"uv": [6.0625, 10.5, 5.5, 10.5], "texture": "#0"}
			}
		},
		{
			"name": "white",
			"from": [1.31832, -0.966, 2.4386],
			"to": [3.55032, 6.474, 2.4386],
			"rotation": {"angle": -22.5, "axis": "z", "origin": [1.87632, 7.976, 2.0666]},
			"faces": {
				"north": {"uv": [0.5625, 4, 0, 5.875], "texture": "#0"},
				"east": {"uv": [10.5, 3.75, 10.5, 5.625], "texture": "#0"},
				"south": {"uv": [0, 4, 0.5625, 5.875], "texture": "#0"},
				"west": {"uv": [8.25, 10.25, 8.25, 12.125], "texture": "#0"},
				"up": {"uv": [4.5, 10.5, 5.0625, 10.5], "texture": "#0"},
				"down": {"uv": [5.5, 10.5, 6.0625, 10.5], "texture": "#0"}
			}
		},
		{
			"name": "white",
			"from": [12.44968, -0.966, 2.3886],
			"to": [14.68168, 6.474, 2.3886],
			"rotation": {"angle": 22.5, "axis": "z", "origin": [14.12368, 7.976, 2.0666]},
			"faces": {
				"north": {"uv": [1, 4, 1.5625, 5.875], "texture": "#0"},
				"east": {"uv": [8.25, 10.25, 8.25, 12.125], "texture": "#0"},
				"south": {"uv": [1.5625, 4, 1, 5.875], "texture": "#0"},
				"west": {"uv": [10.5, 3.75, 10.5, 5.625], "texture": "#0"},
				"up": {"uv": [5.0625, 10.5, 4.5, 10.5], "texture": "#0"},
				"down": {"uv": [6.0625, 10.5, 5.5, 10.5], "texture": "#0"}
			}
		},
		{
			"name": "white",
			"from": [1.31832, -0.966, 2.3886],
			"to": [3.55032, 6.474, 2.3886],
			"rotation": {"angle": -22.5, "axis": "z", "origin": [1.87632, 7.976, 2.0666]},
			"faces": {
				"north": {"uv": [1.5625, 4, 1, 5.875], "texture": "#0"},
				"east": {"uv": [10.5, 3.75, 10.5, 5.625], "texture": "#0"},
				"south": {"uv": [1, 4, 1.5625, 5.875], "texture": "#0"},
				"west": {"uv": [8.25, 10.25, 8.25, 12.125], "texture": "#0"},
				"up": {"uv": [4.5, 10.5, 5.0625, 10.5], "texture": "#0"},
				"down": {"uv": [5.5, 10.5, 6.0625, 10.5], "texture": "#0"}
			}
		},
		{
			"name": "white",
			"from": [12.44968, -0.966, 2.4886],
			"to": [14.68168, 6.474, 2.4886],
			"rotation": {"angle": 22.5, "axis": "z", "origin": [14.12368, 7.976, 2.1666]},
			"faces": {
				"north": {"uv": [1, 4, 1.5625, 5.875], "texture": "#0"},
				"east": {"uv": [8.25, 10.25, 8.25, 12.125], "texture": "#0"},
				"south": {"uv": [1.5625, 4, 1, 5.875], "texture": "#0"},
				"west": {"uv": [10.5, 3.75, 10.5, 5.625], "texture": "#0"},
				"up": {"uv": [5.0625, 10.5, 4.5, 10.5], "texture": "#0"},
				"down": {"uv": [6.0625, 10.5, 5.5, 10.5], "texture": "#0"}
			}
		},
		{
			"name": "white",
			"from": [1.31832, -0.966, 2.4886],
			"to": [3.55032, 6.474, 2.4886],
			"rotation": {"angle": -22.5, "axis": "z", "origin": [1.87632, 7.976, 2.1666]},
			"faces": {
				"north": {"uv": [1.5625, 4, 1, 5.875], "texture": "#0"},
				"east": {"uv": [10.5, 3.75, 10.5, 5.625], "texture": "#0"},
				"south": {"uv": [1, 4, 1.5625, 5.875], "texture": "#0"},
				"west": {"uv": [8.25, 10.25, 8.25, 12.125], "texture": "#0"},
				"up": {"uv": [4.5, 10.5, 5.0625, 10.5], "texture": "#0"},
				"down": {"uv": [5.5, 10.5, 6.0625, 10.5], "texture": "#0"}
			}
		},
		{
			"from": [13.19368, 3.884, 2.048],
			"to": [13.93768, 6.86, 2.792],
			"rotation": {"angle": 22.5, "axis": "z", "origin": [14.12368, 7.976, 2.048]},
			"faces": {
				"north": {"uv": [5, 6.75, 5.1875, 7.5], "texture": "#0"},
				"east": {"uv": [5.5, 6.75, 5.6875, 7.5], "texture": "#0"},
				"south": {"uv": [5, 6.75, 5.1875, 7.5], "texture": "#0"},
				"west": {"uv": [5.5, 6.75, 5.6875, 7.5], "texture": "#0"},
				"up": {"uv": [5.6875, 9.6875, 5.5, 9.5], "texture": "#0"},
				"down": {"uv": [9.6875, 5.5, 9.5, 5.6875], "texture": "#0"}
			}
		},
		{
			"from": [2.06232, 3.884, 2.048],
			"to": [2.80632, 6.86, 2.792],
			"rotation": {"angle": -22.5, "axis": "z", "origin": [1.87632, 7.976, 2.048]},
			"faces": {
				"north": {"uv": [5.1875, 6.75, 5, 7.5], "texture": "#0"},
				"east": {"uv": [5.6875, 6.75, 5.5, 7.5], "texture": "#0"},
				"south": {"uv": [5.1875, 6.75, 5, 7.5], "texture": "#0"},
				"west": {"uv": [5.6875, 6.75, 5.5, 7.5], "texture": "#0"},
				"up": {"uv": [5.5, 9.6875, 5.6875, 9.5], "texture": "#0"},
				"down": {"uv": [9.5, 5.5, 9.6875, 5.6875], "texture": "#0"}
			}
		},
		{
			"from": [13.37968, 0.908, 2.234],
			"to": [13.76568, 3.884, 2.792],
			"rotation": {"angle": 22.5, "axis": "z", "origin": [14.12368, 7.976, 2.048]},
			"faces": {
				"north": {"uv": [3.75, 7.25, 3.875, 8], "texture": "#0"},
				"east": {"uv": [4.25, 7.25, 4.375, 8], "texture": "#0"},
				"south": {"uv": [7.25, 7, 7.375, 7.75], "texture": "#0"},
				"west": {"uv": [7.5, 5, 7.625, 5.75], "texture": "#0"},
				"up": {"uv": [2.625, 10.125, 2.5, 10], "texture": "#0"},
				"down": {"uv": [3.125, 10, 3, 10.125], "texture": "#0"}
			}
		},
		{
			"from": [2.23432, 0.908, 2.234],
			"to": [2.62032, 3.884, 2.792],
			"rotation": {"angle": -22.5, "axis": "z", "origin": [1.87632, 7.976, 2.048]},
			"faces": {
				"north": {"uv": [3.875, 7.25, 3.75, 8], "texture": "#0"},
				"east": {"uv": [7.625, 5, 7.5, 5.75], "texture": "#0"},
				"south": {"uv": [7.375, 7, 7.25, 7.75], "texture": "#0"},
				"west": {"uv": [4.375, 7.25, 4.25, 8], "texture": "#0"},
				"up": {"uv": [2.5, 10.125, 2.625, 10], "texture": "#0"},
				"down": {"uv": [3, 10, 3.125, 10.125], "texture": "#0"}
			}
		},
		{
			"name": "white",
			"from": [12.5, 2, 3],
			"to": [13.5, 3, 4],
			"rotation": {"angle": 45, "axis": "z", "origin": [8, -2.5, 0]},
			"faces": {
				"north": {"uv": [3.5, 8.25, 3.75, 8.5], "texture": "#0"},
				"east": {"uv": [4, 8.25, 4.25, 8.5], "texture": "#0"},
				"south": {"uv": [4.5, 8.25, 4.75, 8.5], "texture": "#0"},
				"west": {"uv": [5, 8.25, 5.25, 8.5], "texture": "#0"},
				"up": {"uv": [5.75, 8.5, 5.5, 8.25], "texture": "#0"},
				"down": {"uv": [8.5, 8, 8.25, 8.25], "texture": "#0"}
			}
		},
		{
			"from": [7.5, 0.2, 2.15],
			"to": [8.5, 1.2, 4.15],
			"rotation": {"angle": 45, "axis": "x", "origin": [7.5, 0.5, 3]},
			"faces": {
				"north": {"uv": [8.5, 0, 8.75, 0.25], "texture": "#0"},
				"east": {"uv": [7, 0, 7.5, 0.25], "texture": "#0"},
				"south": {"uv": [1, 8.5, 1.25, 8.75], "texture": "#0"},
				"west": {"uv": [6.5, 7, 7, 7.25], "texture": "#0"},
				"up": {"uv": [0.25, 7.75, 0, 7.25], "texture": "#0"},
				"down": {"uv": [0.75, 7.25, 0.5, 7.75], "texture": "#0"}
			}
		},
		{
			"from": [7.75, 0.45, 4.15],
			"to": [8.25, 0.95, 6.15],
			"rotation": {"angle": 45, "axis": "x", "origin": [7.5, 0.5, 3]},
			"faces": {
				"north": {"uv": [3.5, 10, 3.625, 10.125], "texture": "#0"},
				"east": {"uv": [8.5, 1.75, 9, 1.875], "texture": "#0"},
				"south": {"uv": [4, 10, 4.125, 10.125], "texture": "#0"},
				"west": {"uv": [8.5, 2.25, 9, 2.375], "texture": "#0"},
				"up": {"uv": [6.125, 9, 6, 8.5], "texture": "#0"},
				"down": {"uv": [6.625, 8.5, 6.5, 9], "texture": "#0"}
			}
		}
	],
	"gui_light": "front",
	"display": {
		"thirdperson_righthand": {
			"translation": [0, 1.75, 5.25],
			"scale": [0.5, 0.5, 0.5]
		},
		"thirdperson_lefthand": {
			"translation": [0, 1.75, 5.25],
			"scale": [0.5, 0.5, 0.5]
		},
		"firstperson_righthand": {
			"translation": [5.75, 0, 0],
			"scale": [0.5, 0.5, 0.5]
		},
		"firstperson_lefthand": {
			"translation": [7, 0, 0],
			"scale": [0.5, 0.5, 0.5]
		},
		"ground": {
			"rotation": [-90, 0, 0],
			"translation": [0, 1.75, 0],
			"scale": [0.5, 0.5, 0.5]
		},
		"gui": {
			"rotation": [30, -145, 0],
			"translation": [-1.5, 1, 0],
			"scale": [0.4, 0.4, 0.4]
		},
		"head": {
			"rotation": [8, 0, 0],
			"translation": [0, -65, 21.5],
			"scale": [2.6, 2.6, 2.6]
		},
		"fixed": {
			"translation": [0, 1, 8.25],
			"scale": [2, 2, 2]
		}
	},
	"groups": [
		{
			"name": "main",
			"origin": [8, 8, 8],
			"color": 0,
			"children": [
				{
					"name": "hexadecagon",
					"origin": [8, 8, 8],
					"color": 0,
					"children": [0, 1, 2, 3, 4, 5, 6, 7, 8, 9, 10, 11, 12, 13, 14, 15, 16, 17, 18, 19, 20, 21]
				},
				{
					"name": "group",
					"origin": [8, 8, 8],
					"color": 0,
					"children": [
						22,
						23,
						24,
						25,
						26,
						27,
						28,
						29,
						30,
						31,
						32,
						33,
						34,
						35,
						36,
						37,
						38,
						39,
						40,
						41,
						42,
						43,
						44,
						45,
						46,
						47,
						48,
						49,
						50,
						51,
						52,
						53,
						54,
						55,
						56,
						57,
						58,
						59,
						60,
						61,
						62,
						63,
						64,
						65,
						66,
						67,
						68,
						69,
						70,
						71,
						72,
						73,
						74,
						75,
						76,
						77,
						78,
						79,
						80,
						81,
						82,
						83
					]
				},
				{
					"name": "animated",
					"origin": [8, 8, 8],
					"color": 0,
					"children": []
				}
			]
		}
	]
}