{"textures":{"0":"item/crates/bosses/ice_pickaxe"},"elements":[{"name":"rare_pickaxe_0","from":[6.75,0,2],"to":[9.25,0.45,2.75],"faces":{"north":{"uv":[9.25,2,6.75,2.25],"texture":"#0"},"east":{"uv":[9,2,9.25,2.75],"rotation":90,"texture":"#0"},"south":{"uv":[6.75,2.5,9.25,2.75],"texture":"#0"},"west":{"uv":[6.75,2,7,2.75],"rotation":270,"texture":"#0"},"up":{"uv":[6.75,2,9.25,2.75],"texture":"#0"},"down":{"uv":[6.75,2.75,9.25,2],"texture":"#0"}}},{"name":"rare_pickaxe_1","from":[6.25,0,2.25],"to":[6.75,0.45,2.5],"faces":{"north":{"uv":[6.75,2.25,6.25,2.5],"texture":"#0"},"east":{"uv":[6.5,2.25,6.75,2.5],"rotation":90,"texture":"#0"},"south":{"uv":[6.25,2.25,6.75,2.5],"texture":"#0"},"west":{"uv":[6.25,2.25,6.5,2.5],"rotation":270,"texture":"#0"},"up":{"uv":[6.25,2.25,6.75,2.5],"texture":"#0"},"down":{"uv":[6.25,2.5,6.75,2.25],"texture":"#0"}}},{"name":"rare_pickaxe_2","from":[9.25,0,2.25],"to":[10.25,0.45,3.5],"faces":{"north":{"uv":[10.25,2.25,9.25,2.5],"texture":"#0"},"east":{"uv":[10,2.25,10.25,3.5],"rotation":90,"texture":"#0"},"south":{"uv":[9.25,3.25,10.25,3.5],"texture":"#0"},"west":{"uv":[9.25,2.25,9.5,3.5],"rotation":270,"texture":"#0"},"up":{"uv":[9.25,2.25,10.25,3.5],"texture":"#0"},"down":{"uv":[9.25,3.5,10.25,2.25],"texture":"#0"}}},{"name":"rare_pickaxe_3","from":[10.25,0,2.5],"to":[11.25,0.45,4.25],"faces":{"north":{"uv":[11.25,2.5,10.25,2.75],"texture":"#0"},"east":{"uv":[11,2.5,11.25,4.25],"rotation":90,"texture":"#0"},"south":{"uv":[10.25,4,11.25,4.25],"texture":"#0"},"west":{"uv":[10.25,2.5,10.5,4.25],"rotation":270,"texture":"#0"},"up":{"uv":[10.25,2.5,11.25,4.25],"texture":"#0"},"down":{"uv":[10.25,4.25,11.25,2.5],"texture":"#0"}}},{"name":"rare_pickaxe_4","from":[7.75,0,2.75],"to":[9.25,0.45,3],"faces":{"north":{"uv":[9.25,2.75,7.75,3],"texture":"#0"},"east":{"uv":[9,2.75,9.25,3],"rotation":90,"texture":"#0"},"south":{"uv":[7.75,2.75,9.25,3],"texture":"#0"},"west":{"uv":[7.75,2.75,8,3],"rotation":270,"texture":"#0"},"up":{"uv":[7.75,2.75,9.25,3],"texture":"#0"},"down":{"uv":[7.75,3,9.25,2.75],"texture":"#0"}}},{"name":"rare_pickaxe_5","from":[11.25,0,2.75],"to":[11.75,0.45,5.5],"faces":{"north":{"uv":[11.75,2.75,11.25,3],"texture":"#0"},"east":{"uv":[11.5,2.75,11.75,5.5],"rotation":90,"texture":"#0"},"south":{"uv":[11.25,5.25,11.75,5.5],"texture":"#0"},"west":{"uv":[11.25,2.75,11.5,5.5],"rotation":270,"texture":"#0"},"up":{"uv":[11.25,2.75,11.75,5.5],"texture":"#0"},"down":{"uv":[11.25,5.5,11.75,2.75],"texture":"#0"}}},{"name":"rare_pickaxe_6","from":[12,0,2.75],"to":[12.75,0.45,6],"faces":{"north":{"uv":[12.75,2.75,12,3],"texture":"#0"},"east":{"uv":[12.5,2.75,12.75,6],"rotation":90,"texture":"#0"},"south":{"uv":[12,5.75,12.75,6],"texture":"#0"},"west":{"uv":[12,2.75,12.25,6],"rotation":270,"texture":"#0"},"up":{"uv":[12,2.75,12.75,6],"texture":"#0"},"down":{"uv":[12,6,12.75,2.75],"texture":"#0"}}},{"name":"rare_pickaxe_7","from":[8.5,0,3],"to":[9.25,0.45,3.25],"faces":{"north":{"uv":[9.25,3,8.5,3.25],"texture":"#0"},"east":{"uv":[9,3,9.25,3.25],"rotation":90,"texture":"#0"},"south":{"uv":[8.5,3,9.25,3.25],"texture":"#0"},"west":{"uv":[8.5,3,8.75,3.25],"rotation":270,"texture":"#0"},"up":{"uv":[8.5,3,9.25,3.25],"texture":"#0"},"down":{"uv":[8.5,3.25,9.25,3],"texture":"#0"}}},{"name":"rare_pickaxe_8","from":[11.75,0,3],"to":[12,0.45,5.75],"faces":{"north":{"uv":[12,3,11.75,3.25],"texture":"#0"},"east":{"uv":[11.75,3,12,5.75],"rotation":90,"texture":"#0"},"south":{"uv":[11.75,5.5,12,5.75],"texture":"#0"},"west":{"uv":[11.75,3,12,5.75],"rotation":270,"texture":"#0"},"up":{"uv":[11.75,3,12,5.75],"texture":"#0"},"down":{"uv":[11.75,5.75,12,3],"texture":"#0"}}},{"name":"rare_pickaxe_9","from":[9,0,3.25],"to":[9.25,0.45,3.5],"faces":{"north":{"uv":[9.25,3.25,9,3.5],"texture":"#0"},"east":{"uv":[9,3.25,9.25,3.5],"rotation":90,"texture":"#0"},"south":{"uv":[9,3.25,9.25,3.5],"texture":"#0"},"west":{"uv":[9,3.25,9.25,3.5],"rotation":270,"texture":"#0"},"up":{"uv":[9,3.25,9.25,3.5],"texture":"#0"},"down":{"uv":[9,3.5,9.25,3.25],"texture":"#0"}}},{"name":"rare_pickaxe_10","from":[12.75,0,3.25],"to":[13.25,0.45,4],"faces":{"north":{"uv":[13.25,3.25,12.75,3.5],"texture":"#0"},"east":{"uv":[13,3.25,13.25,4],"rotation":90,"texture":"#0"},"south":{"uv":[12.75,3.75,13.25,4],"texture":"#0"},"west":{"uv":[12.75,3.25,13,4],"rotation":270,"texture":"#0"},"up":{"uv":[12.75,3.25,13.25,4],"texture":"#0"},"down":{"uv":[12.75,4,13.25,3.25],"texture":"#0"}}},{"name":"rare_pickaxe_11","from":[9.5,0,3.5],"to":[10.25,0.45,3.75],"faces":{"north":{"uv":[10.25,3.5,9.5,3.75],"texture":"#0"},"east":{"uv":[10,3.5,10.25,3.75],"rotation":90,"texture":"#0"},"south":{"uv":[9.5,3.5,10.25,3.75],"texture":"#0"},"west":{"uv":[9.5,3.5,9.75,3.75],"rotation":270,"texture":"#0"},"up":{"uv":[9.5,3.5,10.25,3.75],"texture":"#0"},"down":{"uv":[9.5,3.75,10.25,3.5],"texture":"#0"}}},{"name":"rare_pickaxe_12","from":[10,0,3.75],"to":[10.25,0.45,4],"faces":{"north":{"uv":[10.25,3.75,10,4],"texture":"#0"},"east":{"uv":[10,3.75,10.25,4],"rotation":90,"texture":"#0"},"south":{"uv":[10,3.75,10.25,4],"texture":"#0"},"west":{"uv":[10,3.75,10.25,4],"rotation":270,"texture":"#0"},"up":{"uv":[10,3.75,10.25,4],"texture":"#0"},"down":{"uv":[10,4,10.25,3.75],"texture":"#0"}}},{"name":"rare_pickaxe_13","from":[12.75,0,4],"to":[13,0.45,7.5],"faces":{"north":{"uv":[13,4,12.75,4.25],"texture":"#0"},"east":{"uv":[12.75,4,13,7.5],"rotation":90,"texture":"#0"},"south":{"uv":[12.75,7.25,13,7.5],"texture":"#0"},"west":{"uv":[12.75,4,13,7.5],"rotation":270,"texture":"#0"},"up":{"uv":[12.75,4,13,7.5],"texture":"#0"},"down":{"uv":[12.75,7.5,13,4],"texture":"#0"}}},{"name":"rare_pickaxe_14","from":[10.5,0,4.25],"to":[11.25,0.45,5.75],"faces":{"north":{"uv":[11.25,4.25,10.5,4.5],"texture":"#0"},"east":{"uv":[11,4.25,11.25,5.75],"rotation":90,"texture":"#0"},"south":{"uv":[10.5,5.5,11.25,5.75],"texture":"#0"},"west":{"uv":[10.5,4.25,10.75,5.75],"rotation":270,"texture":"#0"},"up":{"uv":[10.5,4.25,11.25,5.75],"texture":"#0"},"down":{"uv":[10.5,5.75,11.25,4.25],"texture":"#0"}}},{"name":"rare_pickaxe_15","from":[13,0,4.25],"to":[13.25,0.45,8.25],"faces":{"north":{"uv":[13.25,4.25,13,4.5],"texture":"#0"},"east":{"uv":[13,4.25,13.25,8.25],"rotation":90,"texture":"#0"},"south":{"uv":[13,8,13.25,8.25],"texture":"#0"},"west":{"uv":[13,4.25,13.25,8.25],"rotation":270,"texture":"#0"},"up":{"uv":[13,4.25,13.25,8.25],"texture":"#0"},"down":{"uv":[13,8.25,13.25,4.25],"texture":"#0"}}},{"name":"rare_pickaxe_16","from":[10.25,0,4.75],"to":[10.5,0.45,6.5],"faces":{"north":{"uv":[10.5,4.75,10.25,5],"texture":"#0"},"east":{"uv":[10.25,4.75,10.5,6.5],"rotation":90,"texture":"#0"},"south":{"uv":[10.25,6.25,10.5,6.5],"texture":"#0"},"west":{"uv":[10.25,4.75,10.5,6.5],"rotation":270,"texture":"#0"},"up":{"uv":[10.25,4.75,10.5,6.5],"texture":"#0"},"down":{"uv":[10.25,6.5,10.5,4.75],"texture":"#0"}}},{"name":"rare_pickaxe_17","from":[13.25,0,4.75],"to":[13.5,0.45,9.25],"faces":{"north":{"uv":[13.5,4.75,13.25,5],"texture":"#0"},"east":{"uv":[13.25,4.75,13.5,9.25],"rotation":90,"texture":"#0"},"south":{"uv":[13.25,9,13.5,9.25],"texture":"#0"},"west":{"uv":[13.25,4.75,13.5,9.25],"rotation":270,"texture":"#0"},"up":{"uv":[13.25,4.75,13.5,9.25],"texture":"#0"},"down":{"uv":[13.25,9.25,13.5,4.75],"texture":"#0"}}},{"name":"rare_pickaxe_18","from":[10,0,5.25],"to":[10.25,0.45,6.5],"faces":{"north":{"uv":[10.25,5.25,10,5.5],"texture":"#0"},"east":{"uv":[10,5.25,10.25,6.5],"rotation":90,"texture":"#0"},"south":{"uv":[10,6.25,10.25,6.5],"texture":"#0"},"west":{"uv":[10,5.25,10.25,6.5],"rotation":270,"texture":"#0"},"up":{"uv":[10,5.25,10.25,6.5],"texture":"#0"},"down":{"uv":[10,6.5,10.25,5.25],"texture":"#0"}}},{"name":"rare_pickaxe_19","from":[9.5,0,5.5],"to":[10,0.45,6.75],"faces":{"north":{"uv":[10,5.5,9.5,5.75],"texture":"#0"},"east":{"uv":[9.75,5.5,10,6.75],"rotation":90,"texture":"#0"},"south":{"uv":[9.5,6.5,10,6.75],"texture":"#0"},"west":{"uv":[9.5,5.5,9.75,6.75],"rotation":270,"texture":"#0"},"up":{"uv":[9.5,5.5,10,6.75],"texture":"#0"},"down":{"uv":[9.5,6.75,10,5.5],"texture":"#0"}}},{"name":"rare_pickaxe_20","from":[10.5,0,5.75],"to":[10.75,0.45,6],"faces":{"north":{"uv":[10.75,5.75,10.5,6],"texture":"#0"},"east":{"uv":[10.5,5.75,10.75,6],"rotation":90,"texture":"#0"},"south":{"uv":[10.5,5.75,10.75,6],"texture":"#0"},"west":{"uv":[10.5,5.75,10.75,6],"rotation":270,"texture":"#0"},"up":{"uv":[10.5,5.75,10.75,6],"texture":"#0"},"down":{"uv":[10.5,6,10.75,5.75],"texture":"#0"}}},{"name":"rare_pickaxe_21","from":[13.5,0,5.75],"to":[13.75,0.45,9.75],"faces":{"north":{"uv":[13.75,5.75,13.5,6],"texture":"#0"},"east":{"uv":[13.5,5.75,13.75,9.75],"rotation":90,"texture":"#0"},"south":{"uv":[13.5,9.5,13.75,9.75],"texture":"#0"},"west":{"uv":[13.5,5.75,13.75,9.75],"rotation":270,"texture":"#0"},"up":{"uv":[13.5,5.75,13.75,9.75],"texture":"#0"},"down":{"uv":[13.5,9.75,13.75,5.75],"texture":"#0"}}},{"name":"rare_pickaxe_22","from":[9.25,0,6],"to":[9.5,0.45,7.25],"faces":{"north":{"uv":[9.5,6,9.25,6.25],"texture":"#0"},"east":{"uv":[9.25,6,9.5,7.25],"rotation":90,"texture":"#0"},"south":{"uv":[9.25,7,9.5,7.25],"texture":"#0"},"west":{"uv":[9.25,6,9.5,7.25],"rotation":270,"texture":"#0"},"up":{"uv":[9.25,6,9.5,7.25],"texture":"#0"},"down":{"uv":[9.25,7.25,9.5,6],"texture":"#0"}}},{"name":"rare_pickaxe_23","from":[12.25,0,6],"to":[12.75,0.45,6.5],"faces":{"north":{"uv":[12.75,6,12.25,6.25],"texture":"#0"},"east":{"uv":[12.5,6,12.75,6.5],"rotation":90,"texture":"#0"},"south":{"uv":[12.25,6.25,12.75,6.5],"texture":"#0"},"west":{"uv":[12.25,6,12.5,6.5],"rotation":270,"texture":"#0"},"up":{"uv":[12.25,6,12.75,6.5],"texture":"#0"},"down":{"uv":[12.25,6.5,12.75,6],"texture":"#0"}}},{"name":"rare_pickaxe_24","from":[8.75,0,6.25],"to":[9.25,0.45,7.5],"faces":{"north":{"uv":[9.25,6.25,8.75,6.5],"texture":"#0"},"east":{"uv":[9,6.25,9.25,7.5],"rotation":90,"texture":"#0"},"south":{"uv":[8.75,7.25,9.25,7.5],"texture":"#0"},"west":{"uv":[8.75,6.25,9,7.5],"rotation":270,"texture":"#0"},"up":{"uv":[8.75,6.25,9.25,7.5],"texture":"#0"},"down":{"uv":[8.75,7.5,9.25,6.25],"texture":"#0"}}},{"name":"rare_pickaxe_25","from":[12.5,0,6.5],"to":[12.75,0.45,7],"faces":{"north":{"uv":[12.75,6.5,12.5,6.75],"texture":"#0"},"east":{"uv":[12.5,6.5,12.75,7],"rotation":90,"texture":"#0"},"south":{"uv":[12.5,6.75,12.75,7],"texture":"#0"},"west":{"uv":[12.5,6.5,12.75,7],"rotation":270,"texture":"#0"},"up":{"uv":[12.5,6.5,12.75,7],"texture":"#0"},"down":{"uv":[12.5,7,12.75,6.5],"texture":"#0"}}},{"name":"rare_pickaxe_26","from":[8.5,0,6.75],"to":[8.75,0.45,8],"faces":{"north":{"uv":[8.75,6.75,8.5,7],"texture":"#0"},"east":{"uv":[8.5,6.75,8.75,8],"rotation":90,"texture":"#0"},"south":{"uv":[8.5,7.75,8.75,8],"texture":"#0"},"west":{"uv":[8.5,6.75,8.75,8],"rotation":270,"texture":"#0"},"up":{"uv":[8.5,6.75,8.75,8],"texture":"#0"},"down":{"uv":[8.5,8,8.75,6.75],"texture":"#0"}}},{"name":"rare_pickaxe_27","from":[9.5,0,6.75],"to":[9.75,0.45,7.25],"faces":{"north":{"uv":[9.75,6.75,9.5,7],"texture":"#0"},"east":{"uv":[9.5,6.75,9.75,7.25],"rotation":90,"texture":"#0"},"south":{"uv":[9.5,7,9.75,7.25],"texture":"#0"},"west":{"uv":[9.5,6.75,9.75,7.25],"rotation":270,"texture":"#0"},"up":{"uv":[9.5,6.75,9.75,7.25],"texture":"#0"},"down":{"uv":[9.5,7.25,9.75,6.75],"texture":"#0"}}},{"name":"rare_pickaxe_28","from":[13.75,0,6.75],"to":[14,0.45,9.25],"faces":{"north":{"uv":[14,6.75,13.75,7],"texture":"#0"},"east":{"uv":[13.75,6.75,14,9.25],"rotation":90,"texture":"#0"},"south":{"uv":[13.75,9,14,9.25],"texture":"#0"},"west":{"uv":[13.75,6.75,14,9.25],"rotation":270,"texture":"#0"},"up":{"uv":[13.75,6.75,14,9.25],"texture":"#0"},"down":{"uv":[13.75,9.25,14,6.75],"texture":"#0"}}},{"name":"rare_pickaxe_29","from":[8.25,0,7],"to":[8.5,0.45,8.25],"faces":{"north":{"uv":[8.5,7,8.25,7.25],"texture":"#0"},"east":{"uv":[8.25,7,8.5,8.25],"rotation":90,"texture":"#0"},"south":{"uv":[8.25,8,8.5,8.25],"texture":"#0"},"west":{"uv":[8.25,7,8.5,8.25],"rotation":270,"texture":"#0"},"up":{"uv":[8.25,7,8.5,8.25],"texture":"#0"},"down":{"uv":[8.25,8.25,8.5,7],"texture":"#0"}}},{"name":"rare_pickaxe_30","from":[8,0,7.25],"to":[8.25,0.45,8.5],"faces":{"north":{"uv":[8.25,7.25,8,7.5],"texture":"#0"},"east":{"uv":[8,7.25,8.25,8.5],"rotation":90,"texture":"#0"},"south":{"uv":[8,8.25,8.25,8.5],"texture":"#0"},"west":{"uv":[8,7.25,8.25,8.5],"rotation":270,"texture":"#0"},"up":{"uv":[8,7.25,8.25,8.5],"texture":"#0"},"down":{"uv":[8,8.5,8.25,7.25],"texture":"#0"}}},{"name":"rare_pickaxe_31","from":[7.75,0,7.5],"to":[8,0.45,8.75],"faces":{"north":{"uv":[8,7.5,7.75,7.75],"texture":"#0"},"east":{"uv":[7.75,7.5,8,8.75],"rotation":90,"texture":"#0"},"south":{"uv":[7.75,8.5,8,8.75],"texture":"#0"},"west":{"uv":[7.75,7.5,8,8.75],"rotation":270,"texture":"#0"},"up":{"uv":[7.75,7.5,8,8.75],"texture":"#0"},"down":{"uv":[7.75,8.75,8,7.5],"texture":"#0"}}},{"name":"rare_pickaxe_32","from":[8.75,0,7.5],"to":[9,0.45,7.75],"faces":{"north":{"uv":[9,7.5,8.75,7.75],"texture":"#0"},"east":{"uv":[8.75,7.5,9,7.75],"rotation":90,"texture":"#0"},"south":{"uv":[8.75,7.5,9,7.75],"texture":"#0"},"west":{"uv":[8.75,7.5,9,7.75],"rotation":270,"texture":"#0"},"up":{"uv":[8.75,7.5,9,7.75],"texture":"#0"},"down":{"uv":[8.75,7.75,9,7.5],"texture":"#0"}}},{"name":"rare_pickaxe_33","from":[7.5,0,7.75],"to":[7.75,0.45,9],"faces":{"north":{"uv":[7.75,7.75,7.5,8],"texture":"#0"},"east":{"uv":[7.5,7.75,7.75,9],"rotation":90,"texture":"#0"},"south":{"uv":[7.5,8.75,7.75,9],"texture":"#0"},"west":{"uv":[7.5,7.75,7.75,9],"rotation":270,"texture":"#0"},"up":{"uv":[7.5,7.75,7.75,9],"texture":"#0"},"down":{"uv":[7.5,9,7.75,7.75],"texture":"#0"}}},{"name":"rare_pickaxe_34","from":[7.25,0,8],"to":[7.5,0.45,9.25],"faces":{"north":{"uv":[7.5,8,7.25,8.25],"texture":"#0"},"east":{"uv":[7.25,8,7.5,9.25],"rotation":90,"texture":"#0"},"south":{"uv":[7.25,9,7.5,9.25],"texture":"#0"},"west":{"uv":[7.25,8,7.5,9.25],"rotation":270,"texture":"#0"},"up":{"uv":[7.25,8,7.5,9.25],"texture":"#0"},"down":{"uv":[7.25,9.25,7.5,8],"texture":"#0"}}},{"name":"rare_pickaxe_35","from":[7,0,8.25],"to":[7.25,0.45,9.5],"faces":{"north":{"uv":[7.25,8.25,7,8.5],"texture":"#0"},"east":{"uv":[7,8.25,7.25,9.5],"rotation":90,"texture":"#0"},"south":{"uv":[7,9.25,7.25,9.5],"texture":"#0"},"west":{"uv":[7,8.25,7.25,9.5],"rotation":270,"texture":"#0"},"up":{"uv":[7,8.25,7.25,9.5],"texture":"#0"},"down":{"uv":[7,9.5,7.25,8.25],"texture":"#0"}}},{"name":"rare_pickaxe_36","from":[6.75,0,8.5],"to":[7,0.45,9.75],"faces":{"north":{"uv":[7,8.5,6.75,8.75],"texture":"#0"},"east":{"uv":[6.75,8.5,7,9.75],"rotation":90,"texture":"#0"},"south":{"uv":[6.75,9.5,7,9.75],"texture":"#0"},"west":{"uv":[6.75,8.5,7,9.75],"rotation":270,"texture":"#0"},"up":{"uv":[6.75,8.5,7,9.75],"texture":"#0"},"down":{"uv":[6.75,9.75,7,8.5],"texture":"#0"}}},{"name":"rare_pickaxe_37","from":[6.5,0,8.75],"to":[6.75,0.45,10],"faces":{"north":{"uv":[6.75,8.75,6.5,9],"texture":"#0"},"east":{"uv":[6.5,8.75,6.75,10],"rotation":90,"texture":"#0"},"south":{"uv":[6.5,9.75,6.75,10],"texture":"#0"},"west":{"uv":[6.5,8.75,6.75,10],"rotation":270,"texture":"#0"},"up":{"uv":[6.5,8.75,6.75,10],"texture":"#0"},"down":{"uv":[6.5,10,6.75,8.75],"texture":"#0"}}},{"name":"rare_pickaxe_38","from":[6.25,0,9],"to":[6.5,0.45,10.25],"faces":{"north":{"uv":[6.5,9,6.25,9.25],"texture":"#0"},"east":{"uv":[6.25,9,6.5,10.25],"rotation":90,"texture":"#0"},"south":{"uv":[6.25,10,6.5,10.25],"texture":"#0"},"west":{"uv":[6.25,9,6.5,10.25],"rotation":270,"texture":"#0"},"up":{"uv":[6.25,9,6.5,10.25],"texture":"#0"},"down":{"uv":[6.25,10.25,6.5,9],"texture":"#0"}}},{"name":"rare_pickaxe_39","from":[6,0,9.25],"to":[6.25,0.45,10.5],"faces":{"north":{"uv":[6.25,9.25,6,9.5],"texture":"#0"},"east":{"uv":[6,9.25,6.25,10.5],"rotation":90,"texture":"#0"},"south":{"uv":[6,10.25,6.25,10.5],"texture":"#0"},"west":{"uv":[6,9.25,6.25,10.5],"rotation":270,"texture":"#0"},"up":{"uv":[6,9.25,6.25,10.5],"texture":"#0"},"down":{"uv":[6,10.5,6.25,9.25],"texture":"#0"}}},{"name":"rare_pickaxe_40","from":[5.75,0,9.5],"to":[6,0.45,10.75],"faces":{"north":{"uv":[6,9.5,5.75,9.75],"texture":"#0"},"east":{"uv":[5.75,9.5,6,10.75],"rotation":90,"texture":"#0"},"south":{"uv":[5.75,10.5,6,10.75],"texture":"#0"},"west":{"uv":[5.75,9.5,6,10.75],"rotation":270,"texture":"#0"},"up":{"uv":[5.75,9.5,6,10.75],"texture":"#0"},"down":{"uv":[5.75,10.75,6,9.5],"texture":"#0"}}},{"name":"rare_pickaxe_41","from":[5.5,0,9.75],"to":[5.75,0.45,11],"faces":{"north":{"uv":[5.75,9.75,5.5,10],"texture":"#0"},"east":{"uv":[5.5,9.75,5.75,11],"rotation":90,"texture":"#0"},"south":{"uv":[5.5,10.75,5.75,11],"texture":"#0"},"west":{"uv":[5.5,9.75,5.75,11],"rotation":270,"texture":"#0"},"up":{"uv":[5.5,9.75,5.75,11],"texture":"#0"},"down":{"uv":[5.5,11,5.75,9.75],"texture":"#0"}}},{"name":"rare_pickaxe_42","from":[5.25,0,10],"to":[5.5,0.45,11.25],"faces":{"north":{"uv":[5.5,10,5.25,10.25],"texture":"#0"},"east":{"uv":[5.25,10,5.5,11.25],"rotation":90,"texture":"#0"},"south":{"uv":[5.25,11,5.5,11.25],"texture":"#0"},"west":{"uv":[5.25,10,5.5,11.25],"rotation":270,"texture":"#0"},"up":{"uv":[5.25,10,5.5,11.25],"texture":"#0"},"down":{"uv":[5.25,11.25,5.5,10],"texture":"#0"}}},{"name":"rare_pickaxe_43","from":[5,0,10.25],"to":[5.25,0.45,11.5],"faces":{"north":{"uv":[5.25,10.25,5,10.5],"texture":"#0"},"east":{"uv":[5,10.25,5.25,11.5],"rotation":90,"texture":"#0"},"south":{"uv":[5,11.25,5.25,11.5],"texture":"#0"},"west":{"uv":[5,10.25,5.25,11.5],"rotation":270,"texture":"#0"},"up":{"uv":[5,10.25,5.25,11.5],"texture":"#0"},"down":{"uv":[5,11.5,5.25,10.25],"texture":"#0"}}},{"name":"rare_pickaxe_44","from":[4.75,0,10.5],"to":[5,0.45,11.75],"faces":{"north":{"uv":[5,10.5,4.75,10.75],"texture":"#0"},"east":{"uv":[4.75,10.5,5,11.75],"rotation":90,"texture":"#0"},"south":{"uv":[4.75,11.5,5,11.75],"texture":"#0"},"west":{"uv":[4.75,10.5,5,11.75],"rotation":270,"texture":"#0"},"up":{"uv":[4.75,10.5,5,11.75],"texture":"#0"},"down":{"uv":[4.75,11.75,5,10.5],"texture":"#0"}}},{"name":"rare_pickaxe_45","from":[4.5,0,10.75],"to":[4.75,0.45,12.5],"faces":{"north":{"uv":[4.75,10.75,4.5,11],"texture":"#0"},"east":{"uv":[4.5,10.75,4.75,12.5],"rotation":90,"texture":"#0"},"south":{"uv":[4.5,12.25,4.75,12.5],"texture":"#0"},"west":{"uv":[4.5,10.75,4.75,12.5],"rotation":270,"texture":"#0"},"up":{"uv":[4.5,10.75,4.75,12.5],"texture":"#0"},"down":{"uv":[4.5,12.5,4.75,10.75],"texture":"#0"}}},{"name":"rare_pickaxe_46","from":[4.25,0,11],"to":[4.5,0.45,13.75],"faces":{"north":{"uv":[4.5,11,4.25,11.25],"texture":"#0"},"east":{"uv":[4.25,11,4.5,13.75],"rotation":90,"texture":"#0"},"south":{"uv":[4.25,13.5,4.5,13.75],"texture":"#0"},"west":{"uv":[4.25,11,4.5,13.75],"rotation":270,"texture":"#0"},"up":{"uv":[4.25,11,4.5,13.75],"texture":"#0"},"down":{"uv":[4.25,13.75,4.5,11],"texture":"#0"}}},{"name":"rare_pickaxe_47","from":[2.25,0,11.25],"to":[3,0.45,12.25],"faces":{"north":{"uv":[3,11.25,2.25,11.5],"texture":"#0"},"east":{"uv":[2.75,11.25,3,12.25],"rotation":90,"texture":"#0"},"south":{"uv":[2.25,12,3,12.25],"texture":"#0"},"west":{"uv":[2.25,11.25,2.5,12.25],"rotation":270,"texture":"#0"},"up":{"uv":[2.25,11.25,3,12.25],"texture":"#0"},"down":{"uv":[2.25,12.25,3,11.25],"texture":"#0"}}},{"name":"rare_pickaxe_48","from":[3.5,0,11.25],"to":[4.25,0.45,12],"faces":{"north":{"uv":[4.25,11.25,3.5,11.5],"texture":"#0"},"east":{"uv":[4,11.25,4.25,12],"rotation":90,"texture":"#0"},"south":{"uv":[3.5,11.75,4.25,12],"texture":"#0"},"west":{"uv":[3.5,11.25,3.75,12],"rotation":270,"texture":"#0"},"up":{"uv":[3.5,11.25,4.25,12],"texture":"#0"},"down":{"uv":[3.5,12,4.25,11.25],"texture":"#0"}}},{"name":"rare_pickaxe_49","from":[3,0,11.5],"to":[3.5,0.45,12.25],"faces":{"north":{"uv":[3.5,11.5,3,11.75],"texture":"#0"},"east":{"uv":[3.25,11.5,3.5,12.25],"rotation":90,"texture":"#0"},"south":{"uv":[3,12,3.5,12.25],"texture":"#0"},"west":{"uv":[3,11.5,3.25,12.25],"rotation":270,"texture":"#0"},"up":{"uv":[3,11.5,3.5,12.25],"texture":"#0"},"down":{"uv":[3,12.25,3.5,11.5],"texture":"#0"}}},{"name":"rare_pickaxe_50","from":[4,0,12],"to":[4.25,0.45,13.75],"faces":{"north":{"uv":[4.25,12,4,12.25],"texture":"#0"},"east":{"uv":[4,12,4.25,13.75],"rotation":90,"texture":"#0"},"south":{"uv":[4,13.5,4.25,13.75],"texture":"#0"},"west":{"uv":[4,12,4.25,13.75],"rotation":270,"texture":"#0"},"up":{"uv":[4,12,4.25,13.75],"texture":"#0"},"down":{"uv":[4,13.75,4.25,12],"texture":"#0"}}},{"name":"rare_pickaxe_51","from":[2.75,0,12.25],"to":[3.25,0.45,13.75],"faces":{"north":{"uv":[3.25,12.25,2.75,12.5],"texture":"#0"},"east":{"uv":[3,12.25,3.25,13.75],"rotation":90,"texture":"#0"},"south":{"uv":[2.75,13.5,3.25,13.75],"texture":"#0"},"west":{"uv":[2.75,12.25,3,13.75],"rotation":270,"texture":"#0"},"up":{"uv":[2.75,12.25,3.25,13.75],"texture":"#0"},"down":{"uv":[2.75,13.75,3.25,12.25],"texture":"#0"}}},{"name":"rare_pickaxe_52","from":[2.5,0,12.5],"to":[2.75,0.45,13.75],"faces":{"north":{"uv":[2.75,12.5,2.5,12.75],"texture":"#0"},"east":{"uv":[2.5,12.5,2.75,13.75],"rotation":90,"texture":"#0"},"south":{"uv":[2.5,13.5,2.75,13.75],"texture":"#0"},"west":{"uv":[2.5,12.5,2.75,13.75],"rotation":270,"texture":"#0"},"up":{"uv":[2.5,12.5,2.75,13.75],"texture":"#0"},"down":{"uv":[2.5,13.75,2.75,12.5],"texture":"#0"}}},{"name":"rare_pickaxe_53","from":[3.75,0,12.5],"to":[4,0.45,13.75],"faces":{"north":{"uv":[4,12.5,3.75,12.75],"texture":"#0"},"east":{"uv":[3.75,12.5,4,13.75],"rotation":90,"texture":"#0"},"south":{"uv":[3.75,13.5,4,13.75],"texture":"#0"},"west":{"uv":[3.75,12.5,4,13.75],"rotation":270,"texture":"#0"},"up":{"uv":[3.75,12.5,4,13.75],"texture":"#0"},"down":{"uv":[3.75,13.75,4,12.5],"texture":"#0"}}},{"name":"rare_pickaxe_54","from":[2.25,0,12.75],"to":[2.5,0.45,13.75],"faces":{"north":{"uv":[2.5,12.75,2.25,13],"texture":"#0"},"east":{"uv":[2.25,12.75,2.5,13.75],"rotation":90,"texture":"#0"},"south":{"uv":[2.25,13.5,2.5,13.75],"texture":"#0"},"west":{"uv":[2.25,12.75,2.5,13.75],"rotation":270,"texture":"#0"},"up":{"uv":[2.25,12.75,2.5,13.75],"texture":"#0"},"down":{"uv":[2.25,13.75,2.5,12.75],"texture":"#0"}}},{"name":"rare_pickaxe_55","from":[3.25,0,12.75],"to":[3.75,0.45,13.25],"faces":{"north":{"uv":[3.75,12.75,3.25,13],"texture":"#0"},"east":{"uv":[3.5,12.75,3.75,13.25],"rotation":90,"texture":"#0"},"south":{"uv":[3.25,13,3.75,13.25],"texture":"#0"},"west":{"uv":[3.25,12.75,3.5,13.25],"rotation":270,"texture":"#0"},"up":{"uv":[3.25,12.75,3.75,13.25],"texture":"#0"},"down":{"uv":[3.25,13.25,3.75,12.75],"texture":"#0"}}},{"name":"rare_pickaxe_56","from":[4.5,0,13],"to":[4.75,0.45,13.75],"faces":{"north":{"uv":[4.75,13,4.5,13.25],"texture":"#0"},"east":{"uv":[4.5,13,4.75,13.75],"rotation":90,"texture":"#0"},"south":{"uv":[4.5,13.5,4.75,13.75],"texture":"#0"},"west":{"uv":[4.5,13,4.75,13.75],"rotation":270,"texture":"#0"},"up":{"uv":[4.5,13,4.75,13.75],"texture":"#0"},"down":{"uv":[4.5,13.75,4.75,13],"texture":"#0"}}},{"name":"rare_pickaxe_57","from":[3.25,0,13.25],"to":[3.5,0.45,13.5],"faces":{"north":{"uv":[3.5,13.25,3.25,13.5],"texture":"#0"},"east":{"uv":[3.25,13.25,3.5,13.5],"rotation":90,"texture":"#0"},"south":{"uv":[3.25,13.25,3.5,13.5],"texture":"#0"},"west":{"uv":[3.25,13.25,3.5,13.5],"rotation":270,"texture":"#0"},"up":{"uv":[3.25,13.25,3.5,13.5],"texture":"#0"},"down":{"uv":[3.25,13.5,3.5,13.25],"texture":"#0"}}}],"gui_light":"front","display":{"thirdperson_righthand":{"rotation":[45,0,90],"translation":[-15.5,-0.25,1.75],"scale":[2,2,2]},"thirdperson_lefthand":{"rotation":[45,0,-90],"translation":[15.5,-0.25,1.75],"scale":[2,2,2]},"firstperson_righthand":{"rotation":[120,-5,-93],"translation":[6,2.25,5]},"firstperson_lefthand":{"rotation":[-65,-171,-91],"translation":[-8,3.75,4]},"ground":{"translation":[0,6,0]},"gui":{"rotation":[90,0,0],"scale":[1.5,1.5,1.5]},"head":{"rotation":[90,0,0],"translation":[0,-17,19.5],"scale":[2,2,2]},"fixed":{"rotation":[90,0,0],"translation":[0,1.75,7],"scale":[2,2,2]}},"groups":[{"name":"rare_pickaxe","origin":[8,8,8],"children":[0,1,2,3,4,5,6,7,8,9,10,11,12,13,14,15,16,17,18,19,20,21,22,23,24,25,26,27,28,29,30,31,32,33,34,35,36,37,38,39,40,41,42,43,44,45,46,47,48,49,50,51,52,53,54,55,56,57]}]}