{
	"textures": {
		"0": "item/crates/bosses/krykna_bow"
	},
	"elements": [
		{
			"from": [7.5, 6.5, 7],
			"to": [8.5, 9.5, 8],
			"rotation": {"angle": 0, "axis": "y", "origin": [7.5, -1, 0]},
			"faces": {
				"north": {"uv": [4, 5.5, 4.5, 7], "texture": "#0"},
				"east": {"uv": [5.5, 5, 6, 6.5], "texture": "#0"},
				"south": {"uv": [0.5, 6, 1, 7.5], "texture": "#0"},
				"west": {"uv": [1, 6, 1.5, 7.5], "texture": "#0"},
				"up": {"uv": [5.5, 1.5, 5, 1], "texture": "#0"},
				"down": {"uv": [6, 3.5, 5.5, 4], "texture": "#0"}
			}
		},
		{
			"from": [7.9, 7.25, 11.4],
			"to": [8.1, 17.5, 11.6],
			"rotation": {"angle": -22.5, "axis": "x", "origin": [8, 16.75, 11.5]},
			"faces": {
				"north": {"uv": [2.5, 0, 2.75, 9.5], "texture": "#0"},
				"east": {"uv": [2.5, 0, 2.75, 9.5], "texture": "#0"},
				"south": {"uv": [2.5, 0, 2.75, 9.5], "texture": "#0"},
				"west": {"uv": [2.5, 0, 2.75, 9.5], "texture": "#0"},
				"up": {"uv": [8.25, 5.75, 8, 5.5], "texture": "#0"},
				"down": {"uv": [8.25, 6, 8, 6.25], "texture": "#0"}
			}
		},
		{
			"from": [7.9, -1.5, 11.4],
			"to": [8.1, 8.75, 11.6],
			"rotation": {"angle": 22.5, "axis": "x", "origin": [8, -0.75, 11.5]},
			"faces": {
				"north": {"uv": [2.5, 0, 2.75, 9.5], "texture": "#0"},
				"east": {"uv": [2.5, 0, 2.75, 9.5], "texture": "#0"},
				"south": {"uv": [2.5, 0, 2.75, 9.5], "texture": "#0"},
				"west": {"uv": [2.5, 0, 2.75, 9.5], "texture": "#0"},
				"up": {"uv": [8.25, 5.75, 8, 5.5], "texture": "#0"},
				"down": {"uv": [8.25, 6, 8, 6.25], "texture": "#0"}
			}
		},
		{
			"from": [7.25, 10.5, 6.75],
			"to": [8.75, 13.5, 8.25],
			"rotation": {"angle": 22.5, "axis": "x", "origin": [8, 10.5, 6.75]},
			"faces": {
				"north": {"uv": [3.5, 1.5, 4.25, 3], "texture": "#0"},
				"east": {"uv": [3.5, 3, 4.25, 4.5], "texture": "#0"},
				"south": {"uv": [0.5, 4.5, 1.25, 6], "texture": "#0"},
				"west": {"uv": [4.5, 1.5, 5.25, 3], "texture": "#0"},
				"up": {"uv": [7.25, 2.25, 6.5, 1.5], "texture": "#0"},
				"down": {"uv": [6.75, 6.5, 6, 7.25], "texture": "#0"}
			}
		},
		{
			"from": [7.25, 2.5, 6.75],
			"to": [8.75, 5.5, 8.25],
			"rotation": {"angle": -22.5, "axis": "x", "origin": [8, 5.5, 6.75]},
			"faces": {
				"north": {"uv": [3.5, 3, 4.25, 1.5], "texture": "#0"},
				"east": {"uv": [3.5, 4.5, 4.25, 3], "texture": "#0"},
				"south": {"uv": [0.5, 6, 1.25, 4.5], "texture": "#0"},
				"west": {"uv": [4.5, 3, 5.25, 1.5], "texture": "#0"},
				"up": {"uv": [6.75, 7.25, 6, 6.5], "texture": "#0"},
				"down": {"uv": [7.25, 1.5, 6.5, 2.25], "texture": "#0"}
			}
		},
		{
			"from": [7.45, 11.57261, 8.63387],
			"to": [8.55, 14.57261, 9.73387],
			"rotation": {"angle": -22.5, "axis": "x", "origin": [8, 10.5, 6.75]},
			"faces": {
				"north": {"uv": [6, 3.5, 6.5, 5], "texture": "#0"},
				"east": {"uv": [6, 5, 6.5, 6.5], "texture": "#0"},
				"south": {"uv": [6.5, 0, 7, 1.5], "texture": "#0"},
				"west": {"uv": [6.5, 3.5, 7, 5], "texture": "#0"},
				"up": {"uv": [8, 2.5, 7.5, 2], "texture": "#0"},
				"down": {"uv": [8, 7, 7.5, 7.5], "texture": "#0"}
			}
		},
		{
			"from": [7.45, 0.625, 7.6],
			"to": [8.55, 3.625, 8.7],
			"rotation": {"angle": 22.5, "axis": "x", "origin": [8, 2.5, 8.25]},
			"faces": {
				"north": {"uv": [6, 5, 6.5, 3.5], "texture": "#0"},
				"east": {"uv": [6, 6.5, 6.5, 5], "texture": "#0"},
				"south": {"uv": [6.5, 1.5, 7, 0], "texture": "#0"},
				"west": {"uv": [6.5, 5, 7, 3.5], "texture": "#0"},
				"up": {"uv": [8, 7.5, 7.5, 7], "texture": "#0"},
				"down": {"uv": [8, 2, 7.5, 2.5], "texture": "#0"}
			}
		},
		{
			"from": [7.25, 13.07261, 9.73387],
			"to": [8.75, 14.57261, 12.23387],
			"rotation": {"angle": -22.5, "axis": "x", "origin": [8, 10.5, 6.75]},
			"faces": {
				"north": {"uv": [7, 0, 7.75, 0.75], "texture": "#0"},
				"east": {"uv": [4.5, 4, 5.75, 4.75], "texture": "#0"},
				"south": {"uv": [7, 3.5, 7.75, 4.25], "texture": "#0"},
				"west": {"uv": [5, 0, 6.25, 0.75], "texture": "#0"},
				"up": {"uv": [5.25, 6.25, 4.5, 5], "texture": "#0"},
				"down": {"uv": [6.25, 1, 5.5, 2.25], "texture": "#0"}
			}
		},
		{
			"from": [7.25, 0.625, 8.7],
			"to": [8.75, 2.125, 11.2],
			"rotation": {"angle": 22.5, "axis": "x", "origin": [8, 2.5, 8.25]},
			"faces": {
				"north": {"uv": [7, 0.75, 7.75, 0], "texture": "#0"},
				"east": {"uv": [4.5, 4.75, 5.75, 4], "texture": "#0"},
				"south": {"uv": [7, 4.25, 7.75, 3.5], "texture": "#0"},
				"west": {"uv": [5, 0.75, 6.25, 0], "texture": "#0"},
				"up": {"uv": [6.25, 2.25, 5.5, 1], "texture": "#0"},
				"down": {"uv": [5.25, 5, 4.5, 6.25], "texture": "#0"}
			}
		},
		{
			"from": [7.45, 11.4033, 12.37462],
			"to": [8.55, 12.5033, 15.37462],
			"rotation": {"angle": -45, "axis": "x", "origin": [8, 10.5, 6.75]},
			"faces": {
				"north": {"uv": [8.5, 0, 8, 0.5], "rotation": 180, "texture": "#0"},
				"east": {"uv": [5, 6.5, 5.5, 8], "rotation": 270, "texture": "#0"},
				"south": {"uv": [8, 8, 7.5, 7.5], "texture": "#0"},
				"west": {"uv": [5.5, 6.5, 6, 8], "rotation": 90, "texture": "#0"},
				"up": {"uv": [4.5, 6.5, 5, 8], "rotation": 180, "texture": "#0"},
				"down": {"uv": [6.5, 5, 7, 6.5], "texture": "#0"}
			}
		},
		{
			"from": [7.45, -4.7, 11.55],
			"to": [8.55, -1.7, 12.65],
			"rotation": {"angle": -45, "axis": "x", "origin": [8, -3.5, 8.25]},
			"faces": {
				"north": {"uv": [4.5, 8, 5, 6.5], "texture": "#0"},
				"east": {"uv": [5, 8, 5.5, 6.5], "texture": "#0"},
				"south": {"uv": [6.5, 6.5, 7, 5], "texture": "#0"},
				"west": {"uv": [5.5, 8, 6, 6.5], "texture": "#0"},
				"up": {"uv": [8.5, 0.5, 8, 0], "texture": "#0"},
				"down": {"uv": [8, 7.5, 7.5, 8], "texture": "#0"}
			}
		},
		{
			"from": [7, 9.5, 6.5],
			"to": [9, 10.5, 8.5],
			"rotation": {"angle": 0, "axis": "y", "origin": [7.5, -1.5, 0]},
			"faces": {
				"north": {"uv": [7, 1, 8, 1.5], "texture": "#0"},
				"east": {"uv": [7, 4.5, 8, 5], "texture": "#0"},
				"south": {"uv": [7, 5, 8, 5.5], "texture": "#0"},
				"west": {"uv": [7, 5.5, 8, 6], "texture": "#0"},
				"up": {"uv": [5.5, 4, 4.5, 3], "texture": "#0"},
				"down": {"uv": [4.5, 4.5, 3.5, 5.5], "texture": "#0"}
			}
		},
		{
			"from": [7, 5.5, 6.5],
			"to": [9, 6.5, 8.5],
			"rotation": {"angle": 0, "axis": "y", "origin": [7.5, 17.5, 0]},
			"faces": {
				"north": {"uv": [7, 1.5, 8, 1], "texture": "#0"},
				"east": {"uv": [7, 5, 8, 4.5], "texture": "#0"},
				"south": {"uv": [7, 5.5, 8, 5], "texture": "#0"},
				"west": {"uv": [7, 6, 8, 5.5], "texture": "#0"},
				"up": {"uv": [4.5, 5.5, 3.5, 4.5], "texture": "#0"},
				"down": {"uv": [5.5, 3, 4.5, 4], "texture": "#0"}
			}
		},
		{
			"from": [7.5, 12.57507, 5.64105],
			"to": [8.5, 13.57507, 7.64105],
			"rotation": {"angle": 22.5, "axis": "x", "origin": [8, 10.5, 6.75]},
			"faces": {
				"north": {"uv": [0.5, 8, 1, 8.5], "texture": "#0"},
				"east": {"uv": [7, 6, 8, 6.5], "texture": "#0"},
				"south": {"uv": [8, 0.5, 8.5, 1], "texture": "#0"},
				"west": {"uv": [7, 6.5, 8, 7], "texture": "#0"},
				"up": {"uv": [4.5, 8, 4, 7], "texture": "#0"},
				"down": {"uv": [7.5, 7, 7, 8], "texture": "#0"}
			}
		},
		{
			"from": [7.5, 3, 6.75],
			"to": [8.5, 4, 8.75],
			"rotation": {"angle": -22.5, "axis": "x", "origin": [8, 3, 8.75]},
			"faces": {
				"north": {"uv": [0.5, 8.5, 1, 8], "texture": "#0"},
				"east": {"uv": [7, 6.5, 8, 6], "texture": "#0"},
				"south": {"uv": [8, 1, 8.5, 0.5], "texture": "#0"},
				"west": {"uv": [7, 7, 8, 6.5], "texture": "#0"},
				"up": {"uv": [7.5, 8, 7, 7], "texture": "#0"},
				"down": {"uv": [4.5, 7, 4, 8], "texture": "#0"}
			}
		},
		{
			"from": [7.6, 12.85, 4.95],
			"to": [8.4, 13.65, 6.95],
			"rotation": {"angle": 0, "axis": "x", "origin": [8, 10.5, 6.75]},
			"faces": {
				"north": {"uv": [1, 8, 1.5, 8.5], "texture": "#0"},
				"east": {"uv": [0.5, 7.5, 1.5, 8], "texture": "#0"},
				"south": {"uv": [8, 1, 8.5, 1.5], "texture": "#0"},
				"west": {"uv": [7.5, 1.5, 8.5, 2], "texture": "#0"},
				"up": {"uv": [6.5, 8.5, 6, 7.5], "texture": "#0"},
				"down": {"uv": [7, 7.5, 6.5, 8.5], "texture": "#0"}
			}
		},
		{
			"from": [7.6, 2.35, 4.95],
			"to": [8.4, 3.15, 6.95],
			"rotation": {"angle": 0, "axis": "x", "origin": [8, 2.25, 8.95]},
			"faces": {
				"north": {"uv": [1, 8.5, 1.5, 8], "texture": "#0"},
				"east": {"uv": [0.5, 8, 1.5, 7.5], "texture": "#0"},
				"south": {"uv": [8, 1.5, 8.5, 1], "texture": "#0"},
				"west": {"uv": [7.5, 2, 8.5, 1.5], "texture": "#0"},
				"up": {"uv": [7, 8.5, 6.5, 7.5], "texture": "#0"},
				"down": {"uv": [6.5, 7.5, 6, 8.5], "texture": "#0"}
			}
		},
		{
			"from": [7.75, 13.29246, 6.02873],
			"to": [8.25, 13.79246, 7.77873],
			"rotation": {"angle": -45, "axis": "x", "origin": [8, 10.5, 6.75]},
			"faces": {
				"north": {"uv": [8, 6.5, 8.25, 6.75], "texture": "#0"},
				"east": {"uv": [8, 2, 9, 2.25], "texture": "#0"},
				"south": {"uv": [7, 8, 7.25, 8.25], "texture": "#0"},
				"west": {"uv": [8, 3.5, 9, 3.75], "texture": "#0"},
				"up": {"uv": [1.75, 9, 1.5, 8], "texture": "#0"},
				"down": {"uv": [4.25, 8, 4, 9], "texture": "#0"}
			}
		},
		{
			"from": [7.75, -0.3, 4.375],
			"to": [8.25, 0.2, 6.125],
			"rotation": {"angle": 45, "axis": "x", "origin": [8, 2.25, 8.95]},
			"faces": {
				"north": {"uv": [8, 6.75, 8.25, 6.5], "texture": "#0"},
				"east": {"uv": [8, 2.25, 9, 2], "texture": "#0"},
				"south": {"uv": [7, 8.25, 7.25, 8], "texture": "#0"},
				"west": {"uv": [8, 3.75, 9, 3.5], "texture": "#0"},
				"up": {"uv": [4.25, 9, 4, 8], "texture": "#0"},
				"down": {"uv": [1.75, 8, 1.5, 9], "texture": "#0"}
			}
		},
		{
			"from": [8, 10.84148, 6.88724],
			"to": [8, 14.84148, 9.88724],
			"rotation": {"angle": 22.5, "axis": "x", "origin": [8, 10.5, 6.75]},
			"faces": {
				"north": {"uv": [0, 2, 0, 0], "rotation": 180, "texture": "#0"},
				"east": {"uv": [2, 1.5, 0, 3], "rotation": 90, "texture": "#0"},
				"south": {"uv": [0, 0, 0, 2], "texture": "#0"},
				"west": {"uv": [0, 1.5, 2, 3], "rotation": 270, "texture": "#0"},
				"up": {"uv": [0, 0, 0, 1.5], "texture": "#0"},
				"down": {"uv": [0, 0, 0, 1.5], "rotation": 180, "texture": "#0"}
			}
		},
		{
			"from": [8, 8.96612, 10.71231],
			"to": [8, 11.96612, 14.71231],
			"rotation": {"angle": -45, "axis": "x", "origin": [8, 10.5, 6.75]},
			"faces": {
				"north": {"uv": [0, 0, 0, 1.5], "texture": "#0"},
				"east": {"uv": [2, 1.5, 0, 3], "texture": "#0"},
				"south": {"uv": [0, 0, 0, 1.5], "texture": "#0"},
				"west": {"uv": [0, 1.5, 2, 3], "texture": "#0"},
				"up": {"uv": [0, 2, 0, 0], "texture": "#0"},
				"down": {"uv": [0, 0, 0, 2], "texture": "#0"}
			}
		},
		{
			"from": [8, 2.25, 7.9],
			"to": [8, 6.25, 10.9],
			"rotation": {"angle": -22.5, "axis": "x", "origin": [8, 3.5, 10]},
			"faces": {
				"north": {"uv": [0, 0, 0, 2], "rotation": 180, "texture": "#0"},
				"east": {"uv": [0, 1.5, 2, 3], "rotation": 90, "texture": "#0"},
				"south": {"uv": [0, 2, 0, 0], "texture": "#0"},
				"west": {"uv": [2, 1.5, 0, 3], "rotation": 270, "texture": "#0"},
				"up": {"uv": [0, 1.5, 0, 0], "rotation": 180, "texture": "#0"},
				"down": {"uv": [0, 1.5, 0, 0], "texture": "#0"}
			}
		},
		{
			"from": [8, 1.15, 10.25],
			"to": [8, 4.15, 14.25],
			"rotation": {"angle": 45, "axis": "x", "origin": [8, 3.5, 10]},
			"faces": {
				"north": {"uv": [0, 1.5, 0, 0], "texture": "#0"},
				"east": {"uv": [2, 3, 0, 1.5], "texture": "#0"},
				"south": {"uv": [0, 1.5, 0, 0], "texture": "#0"},
				"west": {"uv": [0, 3, 2, 1.5], "texture": "#0"},
				"up": {"uv": [0, 2, 0, 0], "texture": "#0"},
				"down": {"uv": [0, 0, 0, 2], "texture": "#0"}
			}
		},
		{
			"from": [7.85, 7.85, 3],
			"to": [8.15, 8.15, 10],
			"rotation": {"angle": 0, "axis": "y", "origin": [7.5, 0, 0]},
			"faces": {
				"north": {"uv": [8, 7, 8.25, 7.25], "texture": "#0"},
				"east": {"uv": [5.5, 2.5, 9, 2.75], "texture": "#0"},
				"south": {"uv": [7.5, 8, 7.75, 8.25], "texture": "#0"},
				"west": {"uv": [5.5, 3, 9, 3.25], "texture": "#0"},
				"up": {"uv": [1.75, 8, 1.5, 4.5], "texture": "#0"},
				"down": {"uv": [3.75, 5.5, 3.5, 9], "texture": "#0"}
			}
		},
		{
			"from": [7.85, 7.85, 10],
			"to": [8.15, 8.15, 17],
			"rotation": {"angle": 0, "axis": "y", "origin": [7.5, 0, 0]},
			"faces": {
				"north": {"uv": [8, 7, 8.25, 7.25], "texture": "#0"},
				"east": {"uv": [5.5, 2.5, 9, 2.75], "texture": "#0"},
				"south": {"uv": [7.5, 8, 7.75, 8.25], "texture": "#0"},
				"west": {"uv": [5.5, 3, 9, 3.25], "texture": "#0"},
				"up": {"uv": [1.75, 8, 1.5, 4.5], "texture": "#0"},
				"down": {"uv": [3.75, 5.5, 3.5, 9], "texture": "#0"}
			}
		},
		{
			"from": [7.5, 7.5, 2],
			"to": [8.5, 8.5, 3],
			"rotation": {"angle": 0, "axis": "y", "origin": [0.5, 0, 0]},
			"faces": {
				"north": {"uv": [8, 4, 8.5, 4.5], "texture": "#0"},
				"east": {"uv": [4.5, 8, 5, 8.5], "texture": "#0"},
				"south": {"uv": [8, 4.5, 8.5, 5], "texture": "#0"},
				"west": {"uv": [5, 8, 5.5, 8.5], "texture": "#0"},
				"up": {"uv": [8.5, 5.5, 8, 5], "texture": "#0"},
				"down": {"uv": [6, 8, 5.5, 8.5], "texture": "#0"}
			}
		},
		{
			"from": [8, 6.95, 14.8],
			"to": [8, 9.05, 17.6],
			"rotation": {"angle": 0, "axis": "y", "origin": [3.1, 0, 2.4]},
			"faces": {
				"north": {"uv": [0, 0, 0, 1.5], "texture": "#0"},
				"east": {"uv": [0.25, 0.25, 1.75, 1.25], "texture": "#0"},
				"south": {"uv": [0, 0, 0, 1.5], "texture": "#0"},
				"west": {"uv": [1.75, 0.25, 0.25, 1.25], "texture": "#0"},
				"up": {"uv": [0, 2, 0, 0], "texture": "#0"},
				"down": {"uv": [0, 0, 0, 2], "texture": "#0"}
			}
		}
	],
	"gui_light": "front",
	"display": {
		"thirdperson_righthand": {
			"translation": [0, -2, 1.75],
			"scale": [1.8, 1.8, 1.8]
		},
		"thirdperson_lefthand": {
			"translation": [0, -2, 1.75],
			"scale": [1.8, 1.8, 1.8]
		},
		"firstperson_righthand": {
			"rotation": [31, 0, 0],
			"translation": [3, 2, -1.25]
		},
		"firstperson_lefthand": {
			"rotation": [16, 0, 0],
			"translation": [3, 2, -1.25]
		},
		"ground": {
			"rotation": [0, 0, -45],
			"translation": [0, 3.25, 0]
		},
		"gui": {
			"rotation": [-90, -45, -90],
			"translation": [1.75, -1.25, 0]
		},
		"head": {
			"rotation": [-90, -41, -90],
			"translation": [1.25, -15.5, 5.5],
			"scale": [2, 2, 2]
		},
		"fixed": {
			"rotation": [0, 90, 0],
			"translation": [-0.75, 0, -2],
			"scale": [2, 2, 2]
		}
	},
	"groups": [
		{
			"name": "group2",
			"origin": [8, 8, 8],
			"color": 0,
			"children": [0, 1, 2, 3, 4, 5, 6, 7, 8, 9, 10, 11, 12, 13, 14, 15, 16, 17, 18, 19, 20, 21, 22,
				{
					"name": "arrow",
					"origin": [8, 8, 8],
					"color": 0,
					"children": [23, 24, 25, 26]
				}
			]
		}
	]
}