{"textures":{"0":"item/crates/bosses/magic_book"},"elements":[{"from":[6.5,0,0],"to":[9.5,1,16],"rotation":{"angle":0,"axis":"y","origin":[6.5,0,0]},"faces":{"north":{"uv":[5,11,5.75,11.25],"texture":"#0"},"east":{"uv":[9.75,7.25,13.75,7.5],"texture":"#0"},"south":{"uv":[5.75,11,6.5,11.25],"texture":"#0"},"west":{"uv":[9.75,7.5,13.75,7.75],"texture":"#0"},"up":{"uv":[9,11.25,8.25,7.25],"texture":"#0"},"down":{"uv":[9.75,7.25,9,11.25],"texture":"#0"}}},{"from":[-4.5,0,0],"to":[6.5,1,16],"rotation":{"angle":-22.5,"axis":"z","origin":[6.5,0,0]},"faces":{"north":{"uv":[10.5,2.25,13.25,2.5],"texture":"#0"},"east":{"uv":[9.75,7.75,13.75,8],"texture":"#0"},"south":{"uv":[10.5,2.5,13.25,2.75],"texture":"#0"},"west":{"uv":[9.75,8,13.75,8.25],"texture":"#0"},"up":{"uv":[2.75,4,0,0],"texture":"#0"},"down":{"uv":[5.5,0,2.75,4],"texture":"#0"}}},{"from":[-5.5,-1,6],"to":[8.5,0,10],"rotation":{"angle":-22.5,"axis":"z","origin":[6.5,0,0]},"faces":{"north":{"uv":[10.5,0.25,14,0.5],"texture":"#0"},"east":{"uv":[10.75,9.5,11.75,9.75],"texture":"#0"},"south":{"uv":[10.5,0.5,14,0.75],"texture":"#0"},"west":{"uv":[9.75,10.75,10.75,11],"texture":"#0"},"up":{"uv":[11.75,4.25,8.25,3.25],"texture":"#0"},"down":{"uv":[11.75,4.25,8.25,5.25],"texture":"#0"}}},{"from":[-5.5,0,6],"to":[-3.5,4,10],"rotation":{"angle":-22.5,"axis":"z","origin":[6.5,0,0]},"faces":{"north":{"uv":[5,8,5.5,9],"texture":"#0"},"east":{"uv":[9.75,8.25,10.75,9.25],"texture":"#0"},"south":{"uv":[5,9,5.5,10],"texture":"#0"},"west":{"uv":[9.75,9.25,10.75,10.25],"texture":"#0"},"up":{"uv":[8.25,11.5,7.75,10.5],"texture":"#0"},"down":{"uv":[11.25,8.5,10.75,9.5],"texture":"#0"}}},{"from":[7.5,-1,6],"to":[21.5,0,10],"rotation":{"angle":22.5,"axis":"z","origin":[9.5,0,0]},"faces":{"north":{"uv":[10.5,0.75,14,1],"texture":"#0"},"east":{"uv":[10.75,9.75,11.75,10],"texture":"#0"},"south":{"uv":[10.5,1,14,1.25],"texture":"#0"},"west":{"uv":[10.75,10,11.75,10.25],"texture":"#0"},"up":{"uv":[11.75,6.25,8.25,5.25],"texture":"#0"},"down":{"uv":[11.75,6.25,8.25,7.25],"texture":"#0"}}},{"from":[-3.5,1,1],"to":[7.5,2,15],"rotation":{"angle":-22.5,"axis":"z","origin":[6.5,0,0]},"faces":{"north":{"uv":[10.5,2.75,13.25,3],"texture":"#0"},"east":{"uv":[10.5,1.25,14,1.5],"texture":"#0"},"south":{"uv":[10.5,3,13.25,3.25],"texture":"#0"},"west":{"uv":[10.5,1.5,14,1.75],"texture":"#0"},"up":{"uv":[8.25,3.5,5.5,0],"texture":"#0"},"down":{"uv":[8.25,3.5,5.5,7],"texture":"#0"}}},{"from":[-2.5,2.2,7],"to":[6.5,2.2,20],"rotation":{"angle":-22.5,"axis":"z","origin":[6.5,0,0]},"faces":{"north":{"uv":[0,0,2.25,0],"texture":"#0"},"east":{"uv":[0,0,3.25,0],"texture":"#0"},"south":{"uv":[0,0,2.25,0],"texture":"#0"},"west":{"uv":[0,0,3.25,0],"texture":"#0"},"up":{"uv":[2.875,15.25,0.625,12],"texture":"#0"},"down":{"uv":[2.875,12,0.625,15.25],"texture":"#0"}}},{"from":[8.5,1,1],"to":[19.5,2,15],"rotation":{"angle":22.5,"axis":"z","origin":[9.5,0,0]},"faces":{"north":{"uv":[5,10.5,7.75,10.75],"texture":"#0"},"east":{"uv":[10.5,1.75,14,2],"texture":"#0"},"south":{"uv":[9.75,10.5,12.5,10.75],"texture":"#0"},"west":{"uv":[10.5,2,14,2.25],"texture":"#0"},"up":{"uv":[8.25,10.5,5.5,7],"texture":"#0"},"down":{"uv":[2.75,8,0,11.5],"texture":"#0"}}},{"from":[9.5,0,0],"to":[20.5,1,16],"rotation":{"angle":22.5,"axis":"z","origin":[9.5,0,0]},"faces":{"north":{"uv":[5,10.75,7.75,11],"texture":"#0"},"east":{"uv":[9.75,10.25,13.75,10.5],"texture":"#0"},"south":{"uv":[10.75,8.25,13.5,8.5],"texture":"#0"},"west":{"uv":[10.5,0,14.5,0.25],"texture":"#0"},"up":{"uv":[2.75,8,0,4],"texture":"#0"},"down":{"uv":[5.5,4,2.75,8],"texture":"#0"}}},{"from":[10.5,1,-2],"to":[12.5,1,0],"rotation":{"angle":22.5,"axis":"z","origin":[9.5,0,0]},"faces":{"north":{"uv":[0,0,0.5,0],"texture":"#0"},"east":{"uv":[0,0,0.5,0],"texture":"#0"},"south":{"uv":[0,0,0.5,0],"texture":"#0"},"west":{"uv":[0,0,0.5,0],"texture":"#0"},"up":{"uv":[7.125,12.25,6.625,11.75],"texture":"#0"},"down":{"uv":[7.125,11.75,6.625,12.25],"texture":"#0"}}}],"gui_light":"front","display":{"thirdperson_righthand":{"rotation":[75,-180,0],"translation":[0,3.25,2],"scale":[0.5,0.5,0.5]},"thirdperson_lefthand":{"rotation":[75,-180,0],"translation":[0,3.25,2],"scale":[0.5,0.5,0.5]},"firstperson_righthand":{"rotation":[34,-180,0],"translation":[0,5,1],"scale":[0.5,0.5,0.5]},"firstperson_lefthand":{"rotation":[34,-180,0],"translation":[0,5,1],"scale":[0.5,0.5,0.5]},"ground":{"translation":[0,1.75,0],"scale":[0.5,0.5,0.5]},"gui":{"rotation":[-106,0,-169],"translation":[1,0.5,0],"scale":[0.7,0.7,0.7]},"head":{"translation":[0,14.25,0]},"fixed":{"rotation":[-90,0,0],"translation":[0,0,-8]}},"groups":[{"name":"group","origin":[8,8,8],"children":[0,1,2,3,4,5,6,7,8,9]}]}