{"textures":{"0":"item/crates/bosses/mecha_sword"},"elements":[{"from":[7.5,-5.5,3.5],"to":[8.5,0,4.5],"rotation":{"angle":0,"axis":"y","origin":[8,0,3]},"faces":{"north":{"uv":[5,0,5.5,2.75],"texture":"#0"},"east":{"uv":[5,3,5.5,5.75],"texture":"#0"},"south":{"uv":[5.5,0,6,2.75],"texture":"#0"},"west":{"uv":[5.5,3,6,5.75],"texture":"#0"},"up":{"uv":[10,9.5,9.5,9],"texture":"#0"},"down":{"uv":[10,9.5,9.5,10],"texture":"#0"}}},{"from":[7.06818,1.5,3.75],"to":[10.06818,3,4.25],"rotation":{"angle":0,"axis":"y","origin":[7.06818,0,3]},"faces":{"north":{"uv":[7,2,8.5,2.75],"texture":"#0"},"east":{"uv":[10,0,10.25,0.75],"texture":"#0"},"south":{"uv":[7,3,8.5,3.75],"texture":"#0"},"west":{"uv":[1,10,1.25,10.75],"texture":"#0"},"up":{"uv":[10.5,7.25,9,7],"texture":"#0"},"down":{"uv":[10.5,7.5,9,7.75],"texture":"#0"}}},{"from":[5.46818,0,3.5],"to":[8.96818,1.5,4.5],"rotation":{"angle":-45,"axis":"z","origin":[8.96818,1.5,3]},"faces":{"north":{"uv":[6,0,7.75,0.75],"texture":"#0"},"east":{"uv":[9,8,9.5,8.75],"texture":"#0"},"south":{"uv":[6,1,7.75,1.75],"texture":"#0"},"west":{"uv":[9,9,9.5,9.75],"texture":"#0"},"up":{"uv":[9.75,0.5,8,0],"texture":"#0"},"down":{"uv":[9.75,0.5,8,1],"texture":"#0"}}},{"from":[6.06818,3,3.75],"to":[9.56818,19,4.25],"rotation":{"angle":0,"axis":"y","origin":[7.06818,0,3]},"faces":{"north":{"uv":[0,0,1.75,8],"texture":"#0"},"east":{"uv":[4,0,4.25,8],"texture":"#0"},"south":{"uv":[1.75,0,0,8],"texture":"#0"},"west":{"uv":[4.5,0,4.75,8],"texture":"#0"},"up":{"uv":[4.75,9.25,3,9],"texture":"#0"},"down":{"uv":[10.75,6,9,6.25],"texture":"#0"}}},{"from":[5.46818,2.9,3.475],"to":[6.96818,6.5,4.525],"rotation":{"angle":0,"axis":"y","origin":[7.96818,-1.5,3]},"faces":{"north":{"uv":[6,2,6.75,3.75],"texture":"#0"},"east":{"uv":[1,8,1.5,9.75],"texture":"#0"},"south":{"uv":[6,4,6.75,5.75],"texture":"#0"},"west":{"uv":[1.5,8,2,9.75],"texture":"#0"},"up":{"uv":[10.25,2.5,9.5,2],"texture":"#0"},"down":{"uv":[10.25,2.5,9.5,3],"texture":"#0"}}},{"from":[5.46818,7.15,3.475],"to":[6.96818,7.75,4.525],"rotation":{"angle":0,"axis":"y","origin":[7.96818,-1.5,3]},"faces":{"north":{"uv":[10,1,10.75,1.25],"texture":"#0"},"east":{"uv":[10,3.5,10.5,3.75],"texture":"#0"},"south":{"uv":[1.5,10,2.25,10.25],"texture":"#0"},"west":{"uv":[4.5,10,5,10.25],"texture":"#0"},"up":{"uv":[3.75,10,3,9.5],"texture":"#0"},"down":{"uv":[4.75,9.5,4,10],"texture":"#0"}}},{"from":[5.46818,8.4,3.475],"to":[6.96818,9,4.525],"rotation":{"angle":0,"axis":"y","origin":[7.96818,-1.5,3]},"faces":{"north":{"uv":[10,1.5,10.75,1.75],"texture":"#0"},"east":{"uv":[7,10,7.5,10.25],"texture":"#0"},"south":{"uv":[2.5,10,3.25,10.25],"texture":"#0"},"west":{"uv":[7.5,10,8,10.25],"texture":"#0"},"up":{"uv":[10.25,4.5,9.5,4],"texture":"#0"},"down":{"uv":[10.25,4.5,9.5,5],"texture":"#0"}}},{"from":[5.46818,9.65,3.475],"to":[6.96818,10.25,4.525],"rotation":{"angle":0,"axis":"y","origin":[7.96818,-1.5,3]},"faces":{"north":{"uv":[10,3,10.75,3.25],"texture":"#0"},"east":{"uv":[8,10,8.5,10.25],"texture":"#0"},"south":{"uv":[3.5,10,4.25,10.25],"texture":"#0"},"west":{"uv":[8.5,10,9,10.25],"texture":"#0"},"up":{"uv":[7.75,10,7,9.5],"texture":"#0"},"down":{"uv":[8.75,9.5,8,10],"texture":"#0"}}},{"from":[6.06818,19,3.75],"to":[6.91818,22.25,4.25],"rotation":{"angle":0,"axis":"y","origin":[7.06818,0,3]},"faces":{"north":{"uv":[2,8,2.5,9.75],"texture":"#0"},"east":{"uv":[0,9,0.25,10.75],"texture":"#0"},"south":{"uv":[2.5,8,3,9.75],"texture":"#0"},"west":{"uv":[0.5,9,0.75,10.75],"texture":"#0"},"up":{"uv":[9.5,10.25,9,10],"texture":"#0"},"down":{"uv":[10.5,9,10,9.25],"texture":"#0"}}},{"from":[5.56818,18,3.8],"to":[10.06818,19,4.2],"rotation":{"angle":-45,"axis":"z","origin":[10.06818,19,3.75]},"faces":{"north":{"uv":[7,4,9.25,4.5],"texture":"#0"},"east":{"uv":[9.5,10,9.75,10.5],"texture":"#0"},"south":{"uv":[7,4.5,9.25,5],"texture":"#0"},"west":{"uv":[10,9.5,10.25,10],"texture":"#0"},"up":{"uv":[11.25,5.25,9,5],"texture":"#0"},"down":{"uv":[11.25,5.5,9,5.75],"texture":"#0"}}},{"from":[7.56818,16,3.8],"to":[10.06818,17,4.2],"rotation":{"angle":-45,"axis":"z","origin":[10.06818,19,3.75]},"faces":{"north":{"uv":[8.5,3,9.75,3.5],"texture":"#0"},"east":{"uv":[10,10,10.25,10.5],"texture":"#0"},"south":{"uv":[8.5,3.5,9.75,4],"texture":"#0"},"west":{"uv":[10.5,0,10.75,0.5],"texture":"#0"},"up":{"uv":[10.75,8.25,9.5,8],"texture":"#0"},"down":{"uv":[10.75,8.5,9.5,8.75],"texture":"#0"}}},{"from":[6.56818,17,3.8],"to":[10.06818,18,4.2],"rotation":{"angle":-45,"axis":"z","origin":[10.06818,19,3.75]},"faces":{"north":{"uv":[8,1,9.75,1.5],"texture":"#0"},"east":{"uv":[10.5,0.5,10.75,1],"texture":"#0"},"south":{"uv":[8,1.5,9.75,2],"texture":"#0"},"west":{"uv":[1.5,10.5,1.75,11],"texture":"#0"},"up":{"uv":[10.75,6.75,9,6.5],"texture":"#0"},"down":{"uv":[8.75,9,7,9.25],"texture":"#0"}}},{"from":[9.56818,3.5,3.75],"to":[10.06818,4,4.25],"rotation":{"angle":0,"axis":"y","origin":[7.06818,0,3]},"faces":{"north":{"uv":[2,10.5,2.25,10.75],"texture":"#0"},"east":{"uv":[10.5,2,10.75,2.25],"texture":"#0"},"south":{"uv":[2.5,10.5,2.75,10.75],"texture":"#0"},"west":{"uv":[10.5,2.5,10.75,2.75],"texture":"#0"},"up":{"uv":[3.25,10.75,3,10.5],"texture":"#0"},"down":{"uv":[3.75,10.5,3.5,10.75],"texture":"#0"}}},{"from":[9.56818,5.5,3.75],"to":[10.06818,6,4.25],"rotation":{"angle":0,"axis":"y","origin":[7.06818,0,3]},"faces":{"north":{"uv":[10.5,3.5,10.75,3.75],"texture":"#0"},"east":{"uv":[4,10.5,4.25,10.75],"texture":"#0"},"south":{"uv":[10.5,4,10.75,4.25],"texture":"#0"},"west":{"uv":[4.5,10.5,4.75,10.75],"texture":"#0"},"up":{"uv":[10.75,4.75,10.5,4.5],"texture":"#0"},"down":{"uv":[7.25,10.5,7,10.75],"texture":"#0"}}},{"from":[9.56818,7.5,3.75],"to":[10.06818,8,4.25],"rotation":{"angle":0,"axis":"y","origin":[7.06818,0,3]},"faces":{"north":{"uv":[10.5,7,10.75,7.25],"texture":"#0"},"east":{"uv":[7.5,10.5,7.75,10.75],"texture":"#0"},"south":{"uv":[10.5,7.5,10.75,7.75],"texture":"#0"},"west":{"uv":[8,10.5,8.25,10.75],"texture":"#0"},"up":{"uv":[8.75,10.75,8.5,10.5],"texture":"#0"},"down":{"uv":[9.25,10.5,9,10.75],"texture":"#0"}}},{"from":[9.56818,8.5,3.75],"to":[10.06818,9,4.25],"rotation":{"angle":0,"axis":"y","origin":[7.06818,0,3]},"faces":{"north":{"uv":[10.5,9,10.75,9.25],"texture":"#0"},"east":{"uv":[9.5,10.5,9.75,10.75],"texture":"#0"},"south":{"uv":[10.5,9.5,10.75,9.75],"texture":"#0"},"west":{"uv":[10,10.5,10.25,10.75],"texture":"#0"},"up":{"uv":[10.75,10.25,10.5,10],"texture":"#0"},"down":{"uv":[10.75,10.5,10.5,10.75],"texture":"#0"}}},{"from":[9.56818,4.5,3.75],"to":[10.06818,5,4.25],"rotation":{"angle":0,"axis":"y","origin":[7.06818,0,3]},"faces":{"north":{"uv":[0,11,0.25,11.25],"texture":"#0"},"east":{"uv":[11,0,11.25,0.25],"texture":"#0"},"south":{"uv":[0.5,11,0.75,11.25],"texture":"#0"},"west":{"uv":[11,0.5,11.25,0.75],"texture":"#0"},"up":{"uv":[1.25,11.25,1,11],"texture":"#0"},"down":{"uv":[11.25,1,11,1.25],"texture":"#0"}}},{"from":[9.56818,6.5,3.75],"to":[10.06818,7,4.25],"rotation":{"angle":0,"axis":"y","origin":[7.06818,0,3]},"faces":{"north":{"uv":[1.5,11,1.75,11.25],"texture":"#0"},"east":{"uv":[11,1.5,11.25,1.75],"texture":"#0"},"south":{"uv":[2,11,2.25,11.25],"texture":"#0"},"west":{"uv":[11,2,11.25,2.25],"texture":"#0"},"up":{"uv":[2.75,11.25,2.5,11],"texture":"#0"},"down":{"uv":[11.25,2.5,11,2.75],"texture":"#0"}}},{"from":[9.56818,9.5,3.75],"to":[10.06818,19,4.25],"rotation":{"angle":0,"axis":"y","origin":[7.06818,0,3]},"faces":{"north":{"uv":[5,6,5.25,10.75],"texture":"#0"},"east":{"uv":[5.5,6,5.75,10.75],"texture":"#0"},"south":{"uv":[6,6,6.25,10.75],"texture":"#0"},"west":{"uv":[6.5,6,6.75,10.75],"texture":"#0"},"up":{"uv":[3.25,11.25,3,11],"texture":"#0"},"down":{"uv":[11.25,3,11,3.25],"texture":"#0"}}},{"from":[7,-7,3],"to":[9,-5.5,5],"rotation":{"angle":0,"axis":"y","origin":[8,0,3]},"faces":{"north":{"uv":[3,8,4,8.75],"texture":"#0"},"east":{"uv":[4,8,5,8.75],"texture":"#0"},"south":{"uv":[8,5,9,5.75],"texture":"#0"},"west":{"uv":[8,6,9,6.75],"texture":"#0"},"up":{"uv":[8,6,7,5],"texture":"#0"},"down":{"uv":[8,6,7,7],"texture":"#0"}}},{"from":[7,0,3],"to":[9,1.5,5],"rotation":{"angle":0,"axis":"y","origin":[8,0,3]},"faces":{"north":{"uv":[7,8,8,8.75],"texture":"#0"},"east":{"uv":[8,7,9,7.75],"texture":"#0"},"south":{"uv":[8,8,9,8.75],"texture":"#0"},"west":{"uv":[8.5,2,9.5,2.75],"texture":"#0"},"up":{"uv":[8,8,7,7],"texture":"#0"},"down":{"uv":[1,8,0,9],"texture":"#0"}}}],"gui_light":"front","display":{"thirdperson_righthand":{"rotation":[0,90,0],"translation":[5.5,12.5,1.25],"scale":[1.4,1.4,1.4]},"thirdperson_lefthand":{"rotation":[0,-90,0],"translation":[-5.5,12.5,1.25],"scale":[1.4,1.4,1.4]},"firstperson_righthand":{"rotation":[-2,96,-5],"translation":[5.75,1,0.75]},"firstperson_lefthand":{"rotation":[-2,-83,4],"translation":[-0.5,0.75,0.75]},"ground":{"rotation":[30,0,55],"translation":[-1,2.5,2.5]},"gui":{"rotation":[0,0,-49],"translation":[0.75,0.25,0],"scale":[0.9,0.9,0.9]},"head":{"rotation":[0,0,-139],"translation":[0,-15.5,12.5],"scale":[2,2,2]},"fixed":{"translation":[0,1.5,6.25],"scale":[2,2,2]}},"groups":[{"name":"group","origin":[0,0,0],"children":[0,1,2,3,4,5,6,7,8,9,10,11,12,13,14,15,16,17,18,19,20]}]}