{"textures":{"layer0":"manamodels:entity/sahuagin"},"elements":[{"name":"head_0","from":[4.1504,7.5296,4.1504],"to":[11.8496,15.2288,11.8496],"rotation":{"angle":-45,"axis":"y","origin":[8,7.5392,8]},"faces":{"north":{"uv":[9,3.75,10,4.75],"texture":"#layer0","tintindex":0},"east":{"uv":[9,7.875,10,8.875],"texture":"#layer0","tintindex":0},"south":{"uv":[9.25,6.5,10.25,7.5],"texture":"#layer0","tintindex":0},"west":{"uv":[9.5,4.75,10.5,5.75],"texture":"#layer0","tintindex":0},"up":{"uv":[3.5,10.75,2.5,9.75],"texture":"#layer0","tintindex":0},"down":{"uv":[3.5,9.75,4.5,10.75],"texture":"#layer0","tintindex":0}}},{"name":"head_1","from":[8,5.6192,3.968],"to":[8,26.7392,25.088],"rotation":{"angle":0,"axis":"z","origin":[8,8,8]},"faces":{"north":{"uv":[0,0,0,2.75],"texture":"#layer0","tintindex":0},"east":{"uv":[5,5,7.75,7.75],"texture":"#layer0","tintindex":0},"south":{"uv":[0,0,0,2.75],"texture":"#layer0","tintindex":0},"west":{"uv":[5,0,7.75,2.75],"texture":"#layer0","tintindex":0},"up":{"uv":[0,2.75,0,0],"texture":"#layer0","tintindex":0},"down":{"uv":[0,0,0,2.75],"texture":"#layer0","tintindex":0}}},{"name":"head_2","from":[9.59126,3.6992,9.58991],"to":[24.95126,19.0592,9.58991],"rotation":{"angle":-45,"axis":"y","origin":[13.43126,7.5392,13.4299]},"faces":{"north":{"uv":[5,2.75,7,4.75],"texture":"#layer0","tintindex":0},"east":{"uv":[0,0,0,2],"texture":"#layer0","tintindex":0},"south":{"uv":[3,6,5,8],"texture":"#layer0","tintindex":0},"west":{"uv":[0,0,0,2],"texture":"#layer0","tintindex":0},"up":{"uv":[2,0,0,0],"texture":"#layer0","tintindex":0},"down":{"uv":[0,0,2,0],"texture":"#layer0","tintindex":0}}},{"name":"head_3","from":[-1.27058,3.6992,9.59058],"to":[-1.27058,19.0592,24.95058],"rotation":{"angle":-45,"axis":"y","origin":[2.56942,7.5392,13.43058]},"faces":{"north":{"uv":[0,0,0,2],"texture":"#layer0","tintindex":0},"east":{"uv":[7,2.75,9,4.75],"texture":"#layer0","tintindex":0},"south":{"uv":[0,0,0,2],"texture":"#layer0","tintindex":0},"west":{"uv":[5,7.75,7,9.75],"texture":"#layer0","tintindex":0},"up":{"uv":[0,2,0,0],"texture":"#layer0","tintindex":0},"down":{"uv":[0,0,0,2],"texture":"#layer0","tintindex":0}}}],"gui_light":"front","display":{"gui":{"rotation":[12,-138,0],"translation":[4,-4.75,0],"scale":[0.625,0.625,0.625]},"head":{"translation":[0,6.6,-4.5]}}}