{"textures":{"0":"item/crates/bosses/water_scythe"},"elements":[{"from":[7,15,7],"to":[9,18,9],"rotation":{"angle":0,"axis":"y","origin":[7,-7,0]},"faces":{"north":{"uv":[5.5,0,5.75,0.375],"texture":"#0"},"east":{"uv":[5.5,0,5.75,0.375],"texture":"#0"},"south":{"uv":[5.5,0,5.75,0.375],"texture":"#0"},"west":{"uv":[5.5,0,5.75,0.375],"texture":"#0"},"up":{"uv":[5.75,5.75,5.5,5.5],"texture":"#0"},"down":{"uv":[6,1.25,5.75,1.5],"texture":"#0"}}},{"from":[7,4,7],"to":[9,7,9],"rotation":{"angle":0,"axis":"y","origin":[7,-23,0]},"faces":{"north":{"uv":[1.25,5.5,1.5,5.875],"texture":"#0"},"east":{"uv":[1.25,5.5,1.5,5.875],"texture":"#0"},"south":{"uv":[1.25,5.5,1.5,5.875],"texture":"#0"},"west":{"uv":[1.25,5.5,1.5,5.875],"texture":"#0"},"up":{"uv":[6,1.875,5.75,1.625],"texture":"#0"},"down":{"uv":[6,2,5.75,2.25],"texture":"#0"}}},{"from":[5,6,7],"to":[7,6.5,9],"rotation":{"angle":-22.5,"axis":"y","origin":[7,6,9]},"faces":{"north":{"uv":[6.125,2.25,6.375,2.3125],"texture":"#0"},"east":{"uv":[6.125,2.5,6.375,2.5625],"texture":"#0"},"south":{"uv":[6.125,2.75,6.375,2.8125],"texture":"#0"},"west":{"uv":[6.125,3,6.375,3.0625],"texture":"#0"},"up":{"uv":[6,3.375,5.75,3.125],"texture":"#0"},"down":{"uv":[6,3.5,5.75,3.75],"texture":"#0"}}},{"from":[9,6,7],"to":[11,6.5,9],"rotation":{"angle":22.5,"axis":"y","origin":[9,6,9]},"faces":{"north":{"uv":[6.375,2.25,6.125,2.3125],"texture":"#0"},"east":{"uv":[6.375,3,6.125,3.0625],"texture":"#0"},"south":{"uv":[6.375,2.75,6.125,2.8125],"texture":"#0"},"west":{"uv":[6.375,2.5,6.125,2.5625],"texture":"#0"},"up":{"uv":[5.75,3.375,6,3.125],"texture":"#0"},"down":{"uv":[5.75,3.5,6,3.75],"texture":"#0"}}},{"from":[1,6.3,5],"to":[7,6.3,9],"rotation":{"angle":-22.5,"axis":"y","origin":[7,6,9]},"faces":{"north":{"uv":[6.125,3.5,6.875,3.5],"texture":"#0"},"east":{"uv":[6.125,3.625,6.625,3.625],"texture":"#0"},"south":{"uv":[6.125,3.75,6.875,3.75],"texture":"#0"},"west":{"uv":[6.125,4.5,6.625,4.5],"texture":"#0"},"up":{"uv":[4.5,5.375,3.75,4.875],"texture":"#0"},"down":{"uv":[4.5,4.875,3.75,5.375],"texture":"#0"}}},{"from":[9,6.3,5],"to":[15,6.3,9],"rotation":{"angle":22.5,"axis":"y","origin":[9,6,9]},"faces":{"north":{"uv":[6.875,3.5,6.125,3.5],"texture":"#0"},"east":{"uv":[6.625,4.5,6.125,4.5],"texture":"#0"},"south":{"uv":[6.875,3.75,6.125,3.75],"texture":"#0"},"west":{"uv":[6.625,3.625,6.125,3.625],"texture":"#0"},"up":{"uv":[3.75,5.375,4.5,4.875],"texture":"#0"},"down":{"uv":[3.75,4.875,4.5,5.375],"texture":"#0"}}},{"from":[8,2.25,3.25],"to":[8,20.25,7.25],"rotation":{"angle":0,"axis":"y","origin":[6,-23,0]},"faces":{"north":{"uv":[4.75,6.125,4.75,8.375],"texture":"#0"},"east":{"uv":[2.5,2.375,3,4.625],"texture":"#0"},"south":{"uv":[4.875,6.125,4.875,8.375],"texture":"#0"},"west":{"uv":[3,2.375,2.5,4.625],"texture":"#0"},"up":{"uv":[5,6.625,5,6.125],"texture":"#0"},"down":{"uv":[5.125,6.125,5.125,6.625],"texture":"#0"}}},{"from":[8,-16,3.5],"to":[8,-6,12.5],"rotation":{"angle":0,"axis":"y","origin":[6,-23,0]},"faces":{"north":{"uv":[5.25,6.125,5.25,7.375],"texture":"#0"},"east":{"uv":[2.375,2.375,1.25,3.625],"texture":"#0"},"south":{"uv":[5.375,6.125,5.375,7.375],"texture":"#0"},"west":{"uv":[1.25,2.375,2.375,3.625],"texture":"#0"},"up":{"uv":[0,7.375,0,6.25],"texture":"#0"},"down":{"uv":[0.125,6.25,0.125,7.375],"texture":"#0"}}},{"from":[7.25,-6,7.25],"to":[8.75,15,8.75],"rotation":{"angle":0,"axis":"y","origin":[7,-7,0]},"faces":{"north":{"uv":[2.625,4.75,2.8125,7.375],"texture":"#0"},"east":{"uv":[2.625,4.75,2.8125,7.375],"texture":"#0"},"south":{"uv":[2.625,4.75,2.8125,7.375],"texture":"#0"},"west":{"uv":[2.625,4.75,2.8125,7.375],"texture":"#0"},"up":{"uv":[1.0625,6.1875,0.875,6],"texture":"#0"},"down":{"uv":[1.4375,6,1.25,6.1875],"texture":"#0"}}},{"from":[7.5,-12,7.5],"to":[8.5,-8,8.5],"rotation":{"angle":0,"axis":"y","origin":[7,-7,0]},"faces":{"north":{"uv":[3.75,5.75,3.875,6.25],"texture":"#0"},"east":{"uv":[3.75,5.75,3.875,6.25],"texture":"#0"},"south":{"uv":[3.75,5.75,3.875,6.25],"texture":"#0"},"west":{"uv":[3.75,5.75,3.875,6.25],"texture":"#0"},"up":{"uv":[2.375,4.5,2.25,4.375],"texture":"#0"},"down":{"uv":[4.75,4.875,4.625,5],"texture":"#0"}}},{"from":[6.5,18,6.5],"to":[9.5,21,9.5],"rotation":{"angle":0,"axis":"y","origin":[7,-4,0]},"faces":{"north":{"uv":[1,5,1.375,5.375],"texture":"#0"},"east":{"uv":[1,5,1.375,5.375],"texture":"#0"},"south":{"uv":[1,5,1.375,5.375],"texture":"#0"},"west":{"uv":[1,5,1.375,5.375],"texture":"#0"},"up":{"uv":[1.5,5,1.875,5.375],"texture":"#0"},"down":{"uv":[1.5,5,1.875,5.375],"texture":"#0"}}},{"from":[6.5,20,9.5],"to":[9.5,21,18.5],"rotation":{"angle":0,"axis":"y","origin":[8,21,10.5]},"faces":{"north":{"uv":[5.875,0.75,6.25,0.875],"texture":"#0"},"east":{"uv":[5,1,6.125,1.125],"texture":"#0"},"south":{"uv":[5.875,5.5,6.25,5.625],"texture":"#0"},"west":{"uv":[5.125,5.25,6.25,5.375],"texture":"#0"},"up":{"uv":[4.875,1.125,4.5,0],"texture":"#0"},"down":{"uv":[5.25,1.25,4.875,2.375],"texture":"#0"}}},{"from":[8,6,8.5],"to":[8,24,25.5],"rotation":{"angle":0,"axis":"y","origin":[8.5,21,10.5]},"faces":{"north":{"uv":[0.25,6.25,0.25,8.5],"texture":"#0"},"east":{"uv":[4.375,0,2.25,2.25],"texture":"#0"},"south":{"uv":[0.375,6.25,0.375,8.5],"texture":"#0"},"west":{"uv":[2.25,0,4.375,2.25],"texture":"#0"},"up":{"uv":[0.5,8.375,0.5,6.25],"texture":"#0"},"down":{"uv":[0.625,6.25,0.625,8.375],"texture":"#0"}}},{"from":[6.75,15.72016,16.71349],"to":[9.25,16.72016,22.71349],"rotation":{"angle":45,"axis":"x","origin":[8,16.7,22.675]},"faces":{"north":{"uv":[5.875,5.75,6.1875,5.875],"texture":"#0"},"east":{"uv":[5.375,4.875,6.125,5],"texture":"#0"},"south":{"uv":[0.375,6,0.6875,6.125],"texture":"#0"},"west":{"uv":[3.75,5.5,4.5,5.625],"texture":"#0"},"up":{"uv":[5.1875,5.125,4.875,4.375],"texture":"#0"},"down":{"uv":[0.3125,5,0,5.75],"texture":"#0"}}},{"from":[7,12.7077,21.62603],"to":[9,16.7077,22.62603],"rotation":{"angle":0,"axis":"x","origin":[8,16.7,22.625]},"faces":{"north":{"uv":[4.5,1.25,4.75,1.75],"texture":"#0"},"east":{"uv":[5.75,3.875,5.875,4.375],"texture":"#0"},"south":{"uv":[5.375,1.25,5.625,1.75],"texture":"#0"},"west":{"uv":[4,5.75,4.125,6.25],"texture":"#0"},"up":{"uv":[6.25,4,6,3.875],"texture":"#0"},"down":{"uv":[6.25,4.125,6,4.25],"texture":"#0"}}},{"from":[7.25,9.1077,23.12603],"to":[8.75,13.1077,24.12603],"rotation":{"angle":22.5,"axis":"x","origin":[8,16.7,22.625]},"faces":{"north":{"uv":[1.625,5.5,1.8125,6],"texture":"#0"},"east":{"uv":[4.25,5.75,4.375,6.25],"texture":"#0"},"south":{"uv":[5.125,5.5,5.3125,6],"texture":"#0"},"west":{"uv":[4.5,5.75,4.625,6.25],"texture":"#0"},"up":{"uv":[6.0625,6.125,5.875,6],"texture":"#0"},"down":{"uv":[6.3125,1.25,6.125,1.375],"texture":"#0"}}},{"from":[7.5,16,0.5],"to":[7.5,25,8.5],"rotation":{"angle":22.5,"axis":"y","origin":[7.5,18,8.25]},"faces":{"north":{"uv":[5.625,6.25,5.625,7.375],"texture":"#0"},"east":{"uv":[4.75,3.625,3.75,4.75],"texture":"#0"},"south":{"uv":[5.75,6.25,5.75,7.375],"texture":"#0"},"west":{"uv":[3.75,3.625,4.75,4.75],"texture":"#0"},"up":{"uv":[5.875,7.25,5.875,6.25],"texture":"#0"},"down":{"uv":[6,6.25,6,7.25],"texture":"#0"}}},{"from":[8.5,16,0.5],"to":[8.5,25,8.5],"rotation":{"angle":-22.5,"axis":"y","origin":[8.5,18,8.25]},"faces":{"north":{"uv":[5.625,6.25,5.625,7.375],"texture":"#0"},"east":{"uv":[4.75,3.625,3.75,4.75],"texture":"#0"},"south":{"uv":[5.75,6.25,5.75,7.375],"texture":"#0"},"west":{"uv":[3.75,3.625,4.75,4.75],"texture":"#0"},"up":{"uv":[5.875,7.25,5.875,6.25],"texture":"#0"},"down":{"uv":[6,6.25,6,7.25],"texture":"#0"}}},{"from":[7,-8,7],"to":[9,-6,9],"rotation":{"angle":0,"axis":"y","origin":[7,-7,0]},"faces":{"north":{"uv":[5.875,0,6.125,0.25],"texture":"#0"},"east":{"uv":[5.875,0,6.125,0.25],"texture":"#0"},"south":{"uv":[5.875,0,6.125,0.25],"texture":"#0"},"west":{"uv":[5.875,0,6.125,0.25],"texture":"#0"},"up":{"uv":[6.125,0.625,5.875,0.375],"texture":"#0"},"down":{"uv":[5.75,5.875,5.5,6.125],"texture":"#0"}}}],"gui_light":"front","display":{"thirdperson_righthand":{"rotation":[0,-180,0],"translation":[0,4.5,0.75],"scale":[0.7,0.7,0.7]},"thirdperson_lefthand":{"rotation":[0,-180,0],"translation":[0,4.5,0.75],"scale":[0.7,0.7,0.7]},"firstperson_righthand":{"rotation":[0,-180,0],"translation":[2.75,0,0],"scale":[0.7,0.7,0.7]},"firstperson_lefthand":{"rotation":[0,-180,0],"translation":[2.75,0,0],"scale":[0.7,0.7,0.7]},"ground":{"rotation":[0,0,-60],"translation":[2,4.25,0],"scale":[0.7,0.7,0.7]},"gui":{"rotation":[53,57,-52],"translation":[-0.5,1,0],"scale":[0.5,0.5,0.5]},"head":{"rotation":[-90,145,-90],"translation":[-3.25,-15.25,4.5]},"fixed":{"rotation":[0,-90,0],"translation":[2.25,4.75,-1.5]}},"groups":[{"name":"group","origin":[7,0,0],"children":[0,1,2,3,4,5,6,7,8,9,10,11,12,13,14,15,16,17,18]}]}