{
	"textures": {
		"0": "item/crates/stpatrick21_crate/armor/stpatrick_helmet"
	},
	"elements": [
		{
			"name": "stpatrick_helmet_0",
			"from": [5, 0, 3],
			"to": [11, 1, 12],
			"faces": {
				"north": {"uv": [11, 3, 5, 4], "texture": "#0"},
				"east": {"uv": [10, 3, 11, 12], "rotation": 90, "texture": "#0"},
				"south": {"uv": [5, 11, 11, 12], "texture": "#0"},
				"west": {"uv": [5, 3, 6, 12], "rotation": 270, "texture": "#0"},
				"up": {"uv": [5, 3, 11, 12], "texture": "#0"},
				"down": {"uv": [5, 12, 11, 3], "texture": "#0"}
			}
		},
		{
			"name": "stpatrick_helmet_1",
			"from": [4, 0, 4],
			"to": [5, 1, 13],
			"faces": {
				"north": {"uv": [5, 4, 4, 5], "texture": "#0"},
				"east": {"uv": [4, 4, 5, 13], "rotation": 90, "texture": "#0"},
				"south": {"uv": [4, 12, 5, 13], "texture": "#0"},
				"west": {"uv": [4, 4, 5, 13], "rotation": 270, "texture": "#0"},
				"up": {"uv": [4, 4, 5, 13], "texture": "#0"},
				"down": {"uv": [4, 13, 5, 4], "texture": "#0"}
			}
		},
		{
			"name": "stpatrick_helmet_2",
			"from": [11, 0, 4],
			"to": [12, 1, 13],
			"faces": {
				"north": {"uv": [12, 4, 11, 5], "texture": "#0"},
				"east": {"uv": [11, 4, 12, 13], "rotation": 90, "texture": "#0"},
				"south": {"uv": [11, 12, 12, 13], "texture": "#0"},
				"west": {"uv": [11, 4, 12, 13], "rotation": 270, "texture": "#0"},
				"up": {"uv": [11, 4, 12, 13], "texture": "#0"},
				"down": {"uv": [11, 13, 12, 4], "texture": "#0"}
			}
		},
		{
			"name": "stpatrick_helmet_3",
			"from": [3, 0, 5],
			"to": [4, 1, 12],
			"faces": {
				"north": {"uv": [4, 5, 3, 6], "texture": "#0"},
				"east": {"uv": [3, 5, 4, 12], "rotation": 90, "texture": "#0"},
				"south": {"uv": [3, 11, 4, 12], "texture": "#0"},
				"west": {"uv": [3, 5, 4, 12], "rotation": 270, "texture": "#0"},
				"up": {"uv": [3, 5, 4, 12], "texture": "#0"},
				"down": {"uv": [3, 12, 4, 5], "texture": "#0"}
			}
		},
		{
			"name": "stpatrick_helmet_4",
			"from": [12, 0, 5],
			"to": [13, 1, 12],
			"faces": {
				"north": {"uv": [13, 5, 12, 6], "texture": "#0"},
				"east": {"uv": [12, 5, 13, 12], "rotation": 90, "texture": "#0"},
				"south": {"uv": [12, 11, 13, 12], "texture": "#0"},
				"west": {"uv": [12, 5, 13, 12], "rotation": 270, "texture": "#0"},
				"up": {"uv": [12, 5, 13, 12], "texture": "#0"},
				"down": {"uv": [12, 12, 13, 5], "texture": "#0"}
			}
		},
		{
			"name": "stpatrick_helmet_5",
			"from": [5, 0, 12],
			"to": [6, 1, 13],
			"faces": {
				"north": {"uv": [6, 12, 5, 13], "texture": "#0"},
				"east": {"uv": [5, 12, 6, 13], "rotation": 90, "texture": "#0"},
				"south": {"uv": [5, 12, 6, 13], "texture": "#0"},
				"west": {"uv": [5, 12, 6, 13], "rotation": 270, "texture": "#0"},
				"up": {"uv": [5, 12, 6, 13], "texture": "#0"},
				"down": {"uv": [5, 13, 6, 12], "texture": "#0"}
			}
		},
		{
			"name": "stpatrick_helmet_6",
			"from": [10, 0, 12],
			"to": [11, 1, 13],
			"faces": {
				"north": {"uv": [11, 12, 10, 13], "texture": "#0"},
				"east": {"uv": [10, 12, 11, 13], "rotation": 90, "texture": "#0"},
				"south": {"uv": [10, 12, 11, 13], "texture": "#0"},
				"west": {"uv": [10, 12, 11, 13], "rotation": 270, "texture": "#0"},
				"up": {"uv": [10, 12, 11, 13], "texture": "#0"},
				"down": {"uv": [10, 13, 11, 12], "texture": "#0"}
			}
		}
	],
	"gui_light": "front",
	"display": {
		"thirdperson_righthand": {
			"rotation": [-180, 0, 90],
			"translation": [-4.25, 0, 0],
			"scale": [0.6, 0.6, 0.6]
		},
		"thirdperson_lefthand": {
			"rotation": [-180, 0, 90],
			"translation": [-4.25, 0, 0],
			"scale": [0.6, 0.6, 0.6]
		},
		"firstperson_righthand": {
			"rotation": [45, 0, -90],
			"translation": [7, 2.75, -1.25],
			"scale": [0.6, 0.6, 0.6]
		},
		"firstperson_lefthand": {
			"rotation": [45, 0, -90],
			"translation": [7, 2.75, -1.25],
			"scale": [0.6, 0.6, 0.6]
		},
		"ground": {
			"translation": [0, 2.5, 0],
			"scale": [0.6, 0.6, 0.6]
		},
		"gui": {
			"rotation": [90, 0, 0]
		},
		"fixed": {
			"rotation": [90, 0, 0],
			"translation": [0, 0, 6.75]
		}
	},
	"groups": [
		{
			"name": "stpatrick_helmet",
			"origin": [8, 8, 8],
			"color": 0,
			"children": [0, 1, 2, 3, 4, 5, 6]
		}
	]
}