{"textures":{"0":"item/crates/stpatrick21_crate/wings"},"elements":[{"name":"stpatrick_wings_0","from":[1.5,0,0],"to":[2.5,0.5,0.5],"rotation":{"angle":0,"axis":"y","origin":[0,0,0]},"faces":{"north":{"uv":[2.5,0,1.5,0.5],"texture":"#0"},"east":{"uv":[2,0,2.5,0.5],"rotation":90,"texture":"#0"},"south":{"uv":[1.5,0,2.5,0.5],"texture":"#0"},"west":{"uv":[1.5,0,2,0.5],"rotation":270,"texture":"#0"},"up":{"uv":[1.5,0,2.5,0.5],"texture":"#0"},"down":{"uv":[1.5,0.5,2.5,0],"texture":"#0"}}},{"name":"stpatrick_wings_1","from":[13.5,0,0],"to":[14.5,0.5,0.5],"rotation":{"angle":0,"axis":"y","origin":[0,0,0]},"faces":{"north":{"uv":[14.5,0,13.5,0.5],"texture":"#0"},"east":{"uv":[14,0,14.5,0.5],"rotation":90,"texture":"#0"},"south":{"uv":[13.5,0,14.5,0.5],"texture":"#0"},"west":{"uv":[13.5,0,14,0.5],"rotation":270,"texture":"#0"},"up":{"uv":[13.5,0,14.5,0.5],"texture":"#0"},"down":{"uv":[13.5,0.5,14.5,0],"texture":"#0"}}},{"name":"stpatrick_wings_2","from":[2,0,0.5],"to":[3,0.5,12],"rotation":{"angle":0,"axis":"y","origin":[0,0,0]},"faces":{"north":{"uv":[3,0.5,2,1],"texture":"#0"},"east":{"uv":[2.5,0.5,3,12],"rotation":90,"texture":"#0"},"south":{"uv":[2,11.5,3,12],"texture":"#0"},"west":{"uv":[2,0.5,2.5,12],"rotation":270,"texture":"#0"},"up":{"uv":[2,0.5,3,12],"texture":"#0"},"down":{"uv":[2,12,3,0.5],"texture":"#0"}}},{"name":"stpatrick_wings_3","from":[13,0,0.5],"to":[14,0.5,12],"rotation":{"angle":0,"axis":"y","origin":[0,0,0]},"faces":{"north":{"uv":[14,0.5,13,1],"texture":"#0"},"east":{"uv":[13.5,0.5,14,12],"rotation":90,"texture":"#0"},"south":{"uv":[13,11.5,14,12],"texture":"#0"},"west":{"uv":[13,0.5,13.5,12],"rotation":270,"texture":"#0"},"up":{"uv":[13,0.5,14,12],"texture":"#0"},"down":{"uv":[13,12,14,0.5],"texture":"#0"}}},{"name":"stpatrick_wings_4","from":[1.5,0,1],"to":[2,0.5,11.5],"rotation":{"angle":0,"axis":"y","origin":[0,0,0]},"faces":{"north":{"uv":[2,1,1.5,1.5],"texture":"#0"},"east":{"uv":[1.5,1,2,11.5],"rotation":90,"texture":"#0"},"south":{"uv":[1.5,11,2,11.5],"texture":"#0"},"west":{"uv":[1.5,1,2,11.5],"rotation":270,"texture":"#0"},"up":{"uv":[1.5,1,2,11.5],"texture":"#0"},"down":{"uv":[1.5,11.5,2,1],"texture":"#0"}}},{"name":"stpatrick_wings_5","from":[3,0,1],"to":[3.5,0.5,12],"rotation":{"angle":0,"axis":"y","origin":[0,0,0]},"faces":{"north":{"uv":[3.5,1,3,1.5],"texture":"#0"},"east":{"uv":[3,1,3.5,12],"rotation":90,"texture":"#0"},"south":{"uv":[3,11.5,3.5,12],"texture":"#0"},"west":{"uv":[3,1,3.5,12],"rotation":270,"texture":"#0"},"up":{"uv":[3,1,3.5,12],"texture":"#0"},"down":{"uv":[3,12,3.5,1],"texture":"#0"}}},{"name":"stpatrick_wings_6","from":[6.5,0,1],"to":[7,0.5,1.5],"rotation":{"angle":0,"axis":"y","origin":[0,0,0]},"faces":{"north":{"uv":[7,1,6.5,1.5],"texture":"#0"},"east":{"uv":[6.5,1,7,1.5],"rotation":90,"texture":"#0"},"south":{"uv":[6.5,1,7,1.5],"texture":"#0"},"west":{"uv":[6.5,1,7,1.5],"rotation":270,"texture":"#0"},"up":{"uv":[6.5,1,7,1.5],"texture":"#0"},"down":{"uv":[6.5,1.5,7,1],"texture":"#0"}}},{"name":"stpatrick_wings_7","from":[9,0,1],"to":[9.5,0.5,1.5],"rotation":{"angle":0,"axis":"y","origin":[0,0,0]},"faces":{"north":{"uv":[9.5,1,9,1.5],"texture":"#0"},"east":{"uv":[9,1,9.5,1.5],"rotation":90,"texture":"#0"},"south":{"uv":[9,1,9.5,1.5],"texture":"#0"},"west":{"uv":[9,1,9.5,1.5],"rotation":270,"texture":"#0"},"up":{"uv":[9,1,9.5,1.5],"texture":"#0"},"down":{"uv":[9,1.5,9.5,1],"texture":"#0"}}},{"name":"stpatrick_wings_8","from":[12.5,0,1],"to":[13,0.5,12],"rotation":{"angle":0,"axis":"y","origin":[0,0,0]},"faces":{"north":{"uv":[13,1,12.5,1.5],"texture":"#0"},"east":{"uv":[12.5,1,13,12],"rotation":90,"texture":"#0"},"south":{"uv":[12.5,11.5,13,12],"texture":"#0"},"west":{"uv":[12.5,1,13,12],"rotation":270,"texture":"#0"},"up":{"uv":[12.5,1,13,12],"texture":"#0"},"down":{"uv":[12.5,12,13,1],"texture":"#0"}}},{"name":"stpatrick_wings_9","from":[14,0,1],"to":[14.5,0.5,11.5],"rotation":{"angle":0,"axis":"y","origin":[0,0,0]},"faces":{"north":{"uv":[14.5,1,14,1.5],"texture":"#0"},"east":{"uv":[14,1,14.5,11.5],"rotation":90,"texture":"#0"},"south":{"uv":[14,11,14.5,11.5],"texture":"#0"},"west":{"uv":[14,1,14.5,11.5],"rotation":270,"texture":"#0"},"up":{"uv":[14,1,14.5,11.5],"texture":"#0"},"down":{"uv":[14,11.5,14.5,1],"texture":"#0"}}},{"name":"stpatrick_wings_10","from":[3.5,0,1.5],"to":[4,0.5,15.5],"rotation":{"angle":0,"axis":"y","origin":[0,0,0]},"faces":{"north":{"uv":[4,1.5,3.5,2],"texture":"#0"},"east":{"uv":[3.5,1.5,4,15.5],"rotation":90,"texture":"#0"},"south":{"uv":[3.5,15,4,15.5],"texture":"#0"},"west":{"uv":[3.5,1.5,4,15.5],"rotation":270,"texture":"#0"},"up":{"uv":[3.5,1.5,4,15.5],"texture":"#0"},"down":{"uv":[3.5,15.5,4,1.5],"texture":"#0"}}},{"name":"stpatrick_wings_11","from":[6,0,1.5],"to":[6.5,0.5,2],"rotation":{"angle":0,"axis":"y","origin":[0,0,0]},"faces":{"north":{"uv":[6.5,1.5,6,2],"texture":"#0"},"east":{"uv":[6,1.5,6.5,2],"rotation":90,"texture":"#0"},"south":{"uv":[6,1.5,6.5,2],"texture":"#0"},"west":{"uv":[6,1.5,6.5,2],"rotation":270,"texture":"#0"},"up":{"uv":[6,1.5,6.5,2],"texture":"#0"},"down":{"uv":[6,2,6.5,1.5],"texture":"#0"}}},{"name":"stpatrick_wings_12","from":[9.5,0,1.5],"to":[10,0.5,2],"rotation":{"angle":0,"axis":"y","origin":[0,0,0]},"faces":{"north":{"uv":[10,1.5,9.5,2],"texture":"#0"},"east":{"uv":[9.5,1.5,10,2],"rotation":90,"texture":"#0"},"south":{"uv":[9.5,1.5,10,2],"texture":"#0"},"west":{"uv":[9.5,1.5,10,2],"rotation":270,"texture":"#0"},"up":{"uv":[9.5,1.5,10,2],"texture":"#0"},"down":{"uv":[9.5,2,10,1.5],"texture":"#0"}}},{"name":"stpatrick_wings_13","from":[12,0,1.5],"to":[12.5,0.5,15.5],"rotation":{"angle":0,"axis":"y","origin":[0,0,0]},"faces":{"north":{"uv":[12.5,1.5,12,2],"texture":"#0"},"east":{"uv":[12,1.5,12.5,15.5],"rotation":90,"texture":"#0"},"south":{"uv":[12,15,12.5,15.5],"texture":"#0"},"west":{"uv":[12,1.5,12.5,15.5],"rotation":270,"texture":"#0"},"up":{"uv":[12,1.5,12.5,15.5],"texture":"#0"},"down":{"uv":[12,15.5,12.5,1.5],"texture":"#0"}}},{"name":"stpatrick_wings_14","from":[1,0,2],"to":[1.5,0.5,8],"rotation":{"angle":0,"axis":"y","origin":[0,0,0]},"faces":{"north":{"uv":[1.5,2,1,2.5],"texture":"#0"},"east":{"uv":[1,2,1.5,8],"rotation":90,"texture":"#0"},"south":{"uv":[1,7.5,1.5,8],"texture":"#0"},"west":{"uv":[1,2,1.5,8],"rotation":270,"texture":"#0"},"up":{"uv":[1,2,1.5,8],"texture":"#0"},"down":{"uv":[1,8,1.5,2],"texture":"#0"}}},{"name":"stpatrick_wings_15","from":[4,0,2],"to":[4.5,0.5,15.5],"rotation":{"angle":0,"axis":"y","origin":[0,0,0]},"faces":{"north":{"uv":[4.5,2,4,2.5],"texture":"#0"},"east":{"uv":[4,2,4.5,15.5],"rotation":90,"texture":"#0"},"south":{"uv":[4,15,4.5,15.5],"texture":"#0"},"west":{"uv":[4,2,4.5,15.5],"rotation":270,"texture":"#0"},"up":{"uv":[4,2,4.5,15.5],"texture":"#0"},"down":{"uv":[4,15.5,4.5,2],"texture":"#0"}}},{"name":"stpatrick_wings_16","from":[6.5,0,2],"to":[7,0.5,3.5],"rotation":{"angle":0,"axis":"y","origin":[0,0,0]},"faces":{"north":{"uv":[7,2,6.5,2.5],"texture":"#0"},"east":{"uv":[6.5,2,7,3.5],"rotation":90,"texture":"#0"},"south":{"uv":[6.5,3,7,3.5],"texture":"#0"},"west":{"uv":[6.5,2,7,3.5],"rotation":270,"texture":"#0"},"up":{"uv":[6.5,2,7,3.5],"texture":"#0"},"down":{"uv":[6.5,3.5,7,2],"texture":"#0"}}},{"name":"stpatrick_wings_17","from":[9,0,2],"to":[9.5,0.5,3.5],"rotation":{"angle":0,"axis":"y","origin":[0,0,0]},"faces":{"north":{"uv":[9.5,2,9,2.5],"texture":"#0"},"east":{"uv":[9,2,9.5,3.5],"rotation":90,"texture":"#0"},"south":{"uv":[9,3,9.5,3.5],"texture":"#0"},"west":{"uv":[9,2,9.5,3.5],"rotation":270,"texture":"#0"},"up":{"uv":[9,2,9.5,3.5],"texture":"#0"},"down":{"uv":[9,3.5,9.5,2],"texture":"#0"}}},{"name":"stpatrick_wings_18","from":[11.5,0,2],"to":[12,0.5,15.5],"rotation":{"angle":0,"axis":"y","origin":[0,0,0]},"faces":{"north":{"uv":[12,2,11.5,2.5],"texture":"#0"},"east":{"uv":[11.5,2,12,15.5],"rotation":90,"texture":"#0"},"south":{"uv":[11.5,15,12,15.5],"texture":"#0"},"west":{"uv":[11.5,2,12,15.5],"rotation":270,"texture":"#0"},"up":{"uv":[11.5,2,12,15.5],"texture":"#0"},"down":{"uv":[11.5,15.5,12,2],"texture":"#0"}}},{"name":"stpatrick_wings_19","from":[14.5,0,2],"to":[15,0.5,8],"rotation":{"angle":0,"axis":"y","origin":[0,0,0]},"faces":{"north":{"uv":[15,2,14.5,2.5],"texture":"#0"},"east":{"uv":[14.5,2,15,8],"rotation":90,"texture":"#0"},"south":{"uv":[14.5,7.5,15,8],"texture":"#0"},"west":{"uv":[14.5,2,15,8],"rotation":270,"texture":"#0"},"up":{"uv":[14.5,2,15,8],"texture":"#0"},"down":{"uv":[14.5,8,15,2],"texture":"#0"}}},{"name":"stpatrick_wings_20","from":[4.5,0,2.5],"to":[5,0.5,15.5],"rotation":{"angle":0,"axis":"y","origin":[0,0,0]},"faces":{"north":{"uv":[5,2.5,4.5,3],"texture":"#0"},"east":{"uv":[4.5,2.5,5,15.5],"rotation":90,"texture":"#0"},"south":{"uv":[4.5,15,5,15.5],"texture":"#0"},"west":{"uv":[4.5,2.5,5,15.5],"rotation":270,"texture":"#0"},"up":{"uv":[4.5,2.5,5,15.5],"texture":"#0"},"down":{"uv":[4.5,15.5,5,2.5],"texture":"#0"}}},{"name":"stpatrick_wings_21","from":[11,0,2.5],"to":[11.5,0.5,15.5],"rotation":{"angle":0,"axis":"y","origin":[0,0,0]},"faces":{"north":{"uv":[11.5,2.5,11,3],"texture":"#0"},"east":{"uv":[11,2.5,11.5,15.5],"rotation":90,"texture":"#0"},"south":{"uv":[11,15,11.5,15.5],"texture":"#0"},"west":{"uv":[11,2.5,11.5,15.5],"rotation":270,"texture":"#0"},"up":{"uv":[11,2.5,11.5,15.5],"texture":"#0"},"down":{"uv":[11,15.5,11.5,2.5],"texture":"#0"}}},{"name":"stpatrick_wings_22","from":[0.5,0,3],"to":[1,0.5,6.5],"rotation":{"angle":0,"axis":"y","origin":[0,0,0]},"faces":{"north":{"uv":[1,3,0.5,3.5],"texture":"#0"},"east":{"uv":[0.5,3,1,6.5],"rotation":90,"texture":"#0"},"south":{"uv":[0.5,6,1,6.5],"texture":"#0"},"west":{"uv":[0.5,3,1,6.5],"rotation":270,"texture":"#0"},"up":{"uv":[0.5,3,1,6.5],"texture":"#0"},"down":{"uv":[0.5,6.5,1,3],"texture":"#0"}}},{"name":"stpatrick_wings_23","from":[5,0,3],"to":[5.5,0.5,15],"rotation":{"angle":0,"axis":"y","origin":[0,0,0]},"faces":{"north":{"uv":[5.5,3,5,3.5],"texture":"#0"},"east":{"uv":[5,3,5.5,15],"rotation":90,"texture":"#0"},"south":{"uv":[5,14.5,5.5,15],"texture":"#0"},"west":{"uv":[5,3,5.5,15],"rotation":270,"texture":"#0"},"up":{"uv":[5,3,5.5,15],"texture":"#0"},"down":{"uv":[5,15,5.5,3],"texture":"#0"}}},{"name":"stpatrick_wings_24","from":[10.5,0,3],"to":[11,0.5,15],"rotation":{"angle":0,"axis":"y","origin":[0,0,0]},"faces":{"north":{"uv":[11,3,10.5,3.5],"texture":"#0"},"east":{"uv":[10.5,3,11,15],"rotation":90,"texture":"#0"},"south":{"uv":[10.5,14.5,11,15],"texture":"#0"},"west":{"uv":[10.5,3,11,15],"rotation":270,"texture":"#0"},"up":{"uv":[10.5,3,11,15],"texture":"#0"},"down":{"uv":[10.5,15,11,3],"texture":"#0"}}},{"name":"stpatrick_wings_25","from":[15,0,3],"to":[15.5,0.5,6.5],"rotation":{"angle":0,"axis":"y","origin":[0,0,0]},"faces":{"north":{"uv":[15.5,3,15,3.5],"texture":"#0"},"east":{"uv":[15,3,15.5,6.5],"rotation":90,"texture":"#0"},"south":{"uv":[15,6,15.5,6.5],"texture":"#0"},"west":{"uv":[15,3,15.5,6.5],"rotation":270,"texture":"#0"},"up":{"uv":[15,3,15.5,6.5],"texture":"#0"},"down":{"uv":[15,6.5,15.5,3],"texture":"#0"}}},{"name":"stpatrick_wings_26","from":[6,0,3.5],"to":[6.5,0.5,4],"rotation":{"angle":0,"axis":"y","origin":[0,0,0]},"faces":{"north":{"uv":[6.5,3.5,6,4],"texture":"#0"},"east":{"uv":[6,3.5,6.5,4],"rotation":90,"texture":"#0"},"south":{"uv":[6,3.5,6.5,4],"texture":"#0"},"west":{"uv":[6,3.5,6.5,4],"rotation":270,"texture":"#0"},"up":{"uv":[6,3.5,6.5,4],"texture":"#0"},"down":{"uv":[6,4,6.5,3.5],"texture":"#0"}}},{"name":"stpatrick_wings_27","from":[9.5,0,3.5],"to":[10,0.5,4],"rotation":{"angle":0,"axis":"y","origin":[0,0,0]},"faces":{"north":{"uv":[10,3.5,9.5,4],"texture":"#0"},"east":{"uv":[9.5,3.5,10,4],"rotation":90,"texture":"#0"},"south":{"uv":[9.5,3.5,10,4],"texture":"#0"},"west":{"uv":[9.5,3.5,10,4],"rotation":270,"texture":"#0"},"up":{"uv":[9.5,3.5,10,4],"texture":"#0"},"down":{"uv":[9.5,4,10,3.5],"texture":"#0"}}},{"name":"stpatrick_wings_28","from":[5.5,0,4],"to":[6,0.5,14.5],"rotation":{"angle":0,"axis":"y","origin":[0,0,0]},"faces":{"north":{"uv":[6,4,5.5,4.5],"texture":"#0"},"east":{"uv":[5.5,4,6,14.5],"rotation":90,"texture":"#0"},"south":{"uv":[5.5,14,6,14.5],"texture":"#0"},"west":{"uv":[5.5,4,6,14.5],"rotation":270,"texture":"#0"},"up":{"uv":[5.5,4,6,14.5],"texture":"#0"},"down":{"uv":[5.5,14.5,6,4],"texture":"#0"}}},{"name":"stpatrick_wings_29","from":[10,0,4],"to":[10.5,0.5,14.5],"rotation":{"angle":0,"axis":"y","origin":[0,0,0]},"faces":{"north":{"uv":[10.5,4,10,4.5],"texture":"#0"},"east":{"uv":[10,4,10.5,14.5],"rotation":90,"texture":"#0"},"south":{"uv":[10,14,10.5,14.5],"texture":"#0"},"west":{"uv":[10,4,10.5,14.5],"rotation":270,"texture":"#0"},"up":{"uv":[10,4,10.5,14.5],"texture":"#0"},"down":{"uv":[10,14.5,10.5,4],"texture":"#0"}}},{"name":"stpatrick_wings_30","from":[6.5,0,4.5],"to":[7,0.5,5],"rotation":{"angle":0,"axis":"y","origin":[0,0,0]},"faces":{"north":{"uv":[7,4.5,6.5,5],"texture":"#0"},"east":{"uv":[6.5,4.5,7,5],"rotation":90,"texture":"#0"},"south":{"uv":[6.5,4.5,7,5],"texture":"#0"},"west":{"uv":[6.5,4.5,7,5],"rotation":270,"texture":"#0"},"up":{"uv":[6.5,4.5,7,5],"texture":"#0"},"down":{"uv":[6.5,5,7,4.5],"texture":"#0"}}},{"name":"stpatrick_wings_31","from":[9,0,4.5],"to":[9.5,0.5,5],"rotation":{"angle":0,"axis":"y","origin":[0,0,0]},"faces":{"north":{"uv":[9.5,4.5,9,5],"texture":"#0"},"east":{"uv":[9,4.5,9.5,5],"rotation":90,"texture":"#0"},"south":{"uv":[9,4.5,9.5,5],"texture":"#0"},"west":{"uv":[9,4.5,9.5,5],"rotation":270,"texture":"#0"},"up":{"uv":[9,4.5,9.5,5],"texture":"#0"},"down":{"uv":[9,5,9.5,4.5],"texture":"#0"}}},{"name":"stpatrick_wings_32","from":[6,0,5],"to":[6.5,0.5,15.5],"rotation":{"angle":0,"axis":"y","origin":[0,0,0]},"faces":{"north":{"uv":[6.5,5,6,5.5],"texture":"#0"},"east":{"uv":[6,5,6.5,15.5],"rotation":90,"texture":"#0"},"south":{"uv":[6,15,6.5,15.5],"texture":"#0"},"west":{"uv":[6,5,6.5,15.5],"rotation":270,"texture":"#0"},"up":{"uv":[6,5,6.5,15.5],"texture":"#0"},"down":{"uv":[6,15.5,6.5,5],"texture":"#0"}}},{"name":"stpatrick_wings_33","from":[7,0,5],"to":[7.5,0.5,5.5],"rotation":{"angle":0,"axis":"y","origin":[0,0,0]},"faces":{"north":{"uv":[7.5,5,7,5.5],"texture":"#0"},"east":{"uv":[7,5,7.5,5.5],"rotation":90,"texture":"#0"},"south":{"uv":[7,5,7.5,5.5],"texture":"#0"},"west":{"uv":[7,5,7.5,5.5],"rotation":270,"texture":"#0"},"up":{"uv":[7,5,7.5,5.5],"texture":"#0"},"down":{"uv":[7,5.5,7.5,5],"texture":"#0"}}},{"name":"stpatrick_wings_34","from":[8.5,0,5],"to":[9,0.5,5.5],"rotation":{"angle":0,"axis":"y","origin":[0,0,0]},"faces":{"north":{"uv":[9,5,8.5,5.5],"texture":"#0"},"east":{"uv":[8.5,5,9,5.5],"rotation":90,"texture":"#0"},"south":{"uv":[8.5,5,9,5.5],"texture":"#0"},"west":{"uv":[8.5,5,9,5.5],"rotation":270,"texture":"#0"},"up":{"uv":[8.5,5,9,5.5],"texture":"#0"},"down":{"uv":[8.5,5.5,9,5],"texture":"#0"}}},{"name":"stpatrick_wings_35","from":[9.5,0,5],"to":[10,0.5,15.5],"rotation":{"angle":0,"axis":"y","origin":[0,0,0]},"faces":{"north":{"uv":[10,5,9.5,5.5],"texture":"#0"},"east":{"uv":[9.5,5,10,15.5],"rotation":90,"texture":"#0"},"south":{"uv":[9.5,15,10,15.5],"texture":"#0"},"west":{"uv":[9.5,5,10,15.5],"rotation":270,"texture":"#0"},"up":{"uv":[9.5,5,10,15.5],"texture":"#0"},"down":{"uv":[9.5,15.5,10,5],"texture":"#0"}}},{"name":"stpatrick_wings_36","from":[6.5,0,7],"to":[9.5,0.5,13],"rotation":{"angle":0,"axis":"y","origin":[0,0,0]},"faces":{"north":{"uv":[9.5,7,6.5,7.5],"texture":"#0"},"east":{"uv":[9,7,9.5,13],"rotation":90,"texture":"#0"},"south":{"uv":[6.5,12.5,9.5,13],"texture":"#0"},"west":{"uv":[6.5,7,7,13],"rotation":270,"texture":"#0"},"up":{"uv":[6.5,7,9.5,13],"texture":"#0"},"down":{"uv":[6.5,13,9.5,7],"texture":"#0"}}},{"name":"stpatrick_wings_37","from":[0,0,8],"to":[0.5,0.5,10.5],"rotation":{"angle":0,"axis":"y","origin":[0,0,0]},"faces":{"north":{"uv":[0.5,8,0,8.5],"texture":"#0"},"east":{"uv":[0,8,0.5,10.5],"rotation":90,"texture":"#0"},"south":{"uv":[0,10,0.5,10.5],"texture":"#0"},"west":{"uv":[0,8,0.5,10.5],"rotation":270,"texture":"#0"},"up":{"uv":[0,8,0.5,10.5],"texture":"#0"},"down":{"uv":[0,10.5,0.5,8],"texture":"#0"}}},{"name":"stpatrick_wings_38","from":[15.5,0,8],"to":[16,0.5,10.5],"rotation":{"angle":0,"axis":"y","origin":[0,0,0]},"faces":{"north":{"uv":[16,8,15.5,8.5],"texture":"#0"},"east":{"uv":[15.5,8,16,10.5],"rotation":90,"texture":"#0"},"south":{"uv":[15.5,10,16,10.5],"texture":"#0"},"west":{"uv":[15.5,8,16,10.5],"rotation":270,"texture":"#0"},"up":{"uv":[15.5,8,16,10.5],"texture":"#0"},"down":{"uv":[15.5,10.5,16,8],"texture":"#0"}}},{"name":"stpatrick_wings_39","from":[0.5,0,8.5],"to":[1,0.5,11],"rotation":{"angle":0,"axis":"y","origin":[0,0,0]},"faces":{"north":{"uv":[1,8.5,0.5,9],"texture":"#0"},"east":{"uv":[0.5,8.5,1,11],"rotation":90,"texture":"#0"},"south":{"uv":[0.5,10.5,1,11],"texture":"#0"},"west":{"uv":[0.5,8.5,1,11],"rotation":270,"texture":"#0"},"up":{"uv":[0.5,8.5,1,11],"texture":"#0"},"down":{"uv":[0.5,11,1,8.5],"texture":"#0"}}},{"name":"stpatrick_wings_40","from":[15,0,8.5],"to":[15.5,0.5,11],"rotation":{"angle":0,"axis":"y","origin":[0,0,0]},"faces":{"north":{"uv":[15.5,8.5,15,9],"texture":"#0"},"east":{"uv":[15,8.5,15.5,11],"rotation":90,"texture":"#0"},"south":{"uv":[15,10.5,15.5,11],"texture":"#0"},"west":{"uv":[15,8.5,15.5,11],"rotation":270,"texture":"#0"},"up":{"uv":[15,8.5,15.5,11],"texture":"#0"},"down":{"uv":[15,11,15.5,8.5],"texture":"#0"}}},{"name":"stpatrick_wings_41","from":[1,0,9],"to":[1.5,0.5,11.5],"rotation":{"angle":0,"axis":"y","origin":[0,0,0]},"faces":{"north":{"uv":[1.5,9,1,9.5],"texture":"#0"},"east":{"uv":[1,9,1.5,11.5],"rotation":90,"texture":"#0"},"south":{"uv":[1,11,1.5,11.5],"texture":"#0"},"west":{"uv":[1,9,1.5,11.5],"rotation":270,"texture":"#0"},"up":{"uv":[1,9,1.5,11.5],"texture":"#0"},"down":{"uv":[1,11.5,1.5,9],"texture":"#0"}}},{"name":"stpatrick_wings_42","from":[14.5,0,9],"to":[15,0.5,11.5],"rotation":{"angle":0,"axis":"y","origin":[0,0,0]},"faces":{"north":{"uv":[15,9,14.5,9.5],"texture":"#0"},"east":{"uv":[14.5,9,15,11.5],"rotation":90,"texture":"#0"},"south":{"uv":[14.5,11,15,11.5],"texture":"#0"},"west":{"uv":[14.5,9,15,11.5],"rotation":270,"texture":"#0"},"up":{"uv":[14.5,9,15,11.5],"texture":"#0"},"down":{"uv":[14.5,11.5,15,9],"texture":"#0"}}},{"name":"stpatrick_wings_43","from":[3,0,12.5],"to":[3.5,0.5,15.5],"rotation":{"angle":0,"axis":"y","origin":[0,0,0]},"faces":{"north":{"uv":[3.5,12.5,3,13],"texture":"#0"},"east":{"uv":[3,12.5,3.5,15.5],"rotation":90,"texture":"#0"},"south":{"uv":[3,15,3.5,15.5],"texture":"#0"},"west":{"uv":[3,12.5,3.5,15.5],"rotation":270,"texture":"#0"},"up":{"uv":[3,12.5,3.5,15.5],"texture":"#0"},"down":{"uv":[3,15.5,3.5,12.5],"texture":"#0"}}},{"name":"stpatrick_wings_44","from":[12.5,0,12.5],"to":[13,0.5,15.5],"rotation":{"angle":0,"axis":"y","origin":[0,0,0]},"faces":{"north":{"uv":[13,12.5,12.5,13],"texture":"#0"},"east":{"uv":[12.5,12.5,13,15.5],"rotation":90,"texture":"#0"},"south":{"uv":[12.5,15,13,15.5],"texture":"#0"},"west":{"uv":[12.5,12.5,13,15.5],"rotation":270,"texture":"#0"},"up":{"uv":[12.5,12.5,13,15.5],"texture":"#0"},"down":{"uv":[12.5,15.5,13,12.5],"texture":"#0"}}},{"name":"stpatrick_wings_45","from":[6.5,0,13],"to":[7.5,0.5,14.5],"rotation":{"angle":0,"axis":"y","origin":[0,0,0]},"faces":{"north":{"uv":[7.5,13,6.5,13.5],"texture":"#0"},"east":{"uv":[7,13,7.5,14.5],"rotation":90,"texture":"#0"},"south":{"uv":[6.5,14,7.5,14.5],"texture":"#0"},"west":{"uv":[6.5,13,7,14.5],"rotation":270,"texture":"#0"},"up":{"uv":[6.5,13,7.5,14.5],"texture":"#0"},"down":{"uv":[6.5,14.5,7.5,13],"texture":"#0"}}},{"name":"stpatrick_wings_46","from":[8.5,0,13],"to":[9.5,0.5,14.5],"rotation":{"angle":0,"axis":"y","origin":[0,0,0]},"faces":{"north":{"uv":[9.5,13,8.5,13.5],"texture":"#0"},"east":{"uv":[9,13,9.5,14.5],"rotation":90,"texture":"#0"},"south":{"uv":[8.5,14,9.5,14.5],"texture":"#0"},"west":{"uv":[8.5,13,9,14.5],"rotation":270,"texture":"#0"},"up":{"uv":[8.5,13,9.5,14.5],"texture":"#0"},"down":{"uv":[8.5,14.5,9.5,13],"texture":"#0"}}},{"name":"stpatrick_wings_47","from":[2.5,0,13.5],"to":[3,0.5,15.5],"rotation":{"angle":0,"axis":"y","origin":[0,0,0]},"faces":{"north":{"uv":[3,13.5,2.5,14],"texture":"#0"},"east":{"uv":[2.5,13.5,3,15.5],"rotation":90,"texture":"#0"},"south":{"uv":[2.5,15,3,15.5],"texture":"#0"},"west":{"uv":[2.5,13.5,3,15.5],"rotation":270,"texture":"#0"},"up":{"uv":[2.5,13.5,3,15.5],"texture":"#0"},"down":{"uv":[2.5,15.5,3,13.5],"texture":"#0"}}},{"name":"stpatrick_wings_48","from":[13,0,13.5],"to":[13.5,0.5,15.5],"rotation":{"angle":0,"axis":"y","origin":[0,0,0]},"faces":{"north":{"uv":[13.5,13.5,13,14],"texture":"#0"},"east":{"uv":[13,13.5,13.5,15.5],"rotation":90,"texture":"#0"},"south":{"uv":[13,15,13.5,15.5],"texture":"#0"},"west":{"uv":[13,13.5,13.5,15.5],"rotation":270,"texture":"#0"},"up":{"uv":[13,13.5,13.5,15.5],"texture":"#0"},"down":{"uv":[13,15.5,13.5,13.5],"texture":"#0"}}},{"name":"stpatrick_wings_49","from":[1,0,14.5],"to":[1.5,0.5,15],"rotation":{"angle":0,"axis":"y","origin":[0,0,0]},"faces":{"north":{"uv":[1.5,14.5,1,15],"texture":"#0"},"east":{"uv":[1,14.5,1.5,15],"rotation":90,"texture":"#0"},"south":{"uv":[1,14.5,1.5,15],"texture":"#0"},"west":{"uv":[1,14.5,1.5,15],"rotation":270,"texture":"#0"},"up":{"uv":[1,14.5,1.5,15],"texture":"#0"},"down":{"uv":[1,15,1.5,14.5],"texture":"#0"}}},{"name":"stpatrick_wings_50","from":[2,0,14.5],"to":[2.5,0.5,15.5],"rotation":{"angle":0,"axis":"y","origin":[0,0,0]},"faces":{"north":{"uv":[2.5,14.5,2,15],"texture":"#0"},"east":{"uv":[2,14.5,2.5,15.5],"rotation":90,"texture":"#0"},"south":{"uv":[2,15,2.5,15.5],"texture":"#0"},"west":{"uv":[2,14.5,2.5,15.5],"rotation":270,"texture":"#0"},"up":{"uv":[2,14.5,2.5,15.5],"texture":"#0"},"down":{"uv":[2,15.5,2.5,14.5],"texture":"#0"}}},{"name":"stpatrick_wings_51","from":[6.5,0,14.5],"to":[7,0.5,15],"rotation":{"angle":0,"axis":"y","origin":[0,0,0]},"faces":{"north":{"uv":[7,14.5,6.5,15],"texture":"#0"},"east":{"uv":[6.5,14.5,7,15],"rotation":90,"texture":"#0"},"south":{"uv":[6.5,14.5,7,15],"texture":"#0"},"west":{"uv":[6.5,14.5,7,15],"rotation":270,"texture":"#0"},"up":{"uv":[6.5,14.5,7,15],"texture":"#0"},"down":{"uv":[6.5,15,7,14.5],"texture":"#0"}}},{"name":"stpatrick_wings_52","from":[9,0,14.5],"to":[9.5,0.5,15],"rotation":{"angle":0,"axis":"y","origin":[0,0,0]},"faces":{"north":{"uv":[9.5,14.5,9,15],"texture":"#0"},"east":{"uv":[9,14.5,9.5,15],"rotation":90,"texture":"#0"},"south":{"uv":[9,14.5,9.5,15],"texture":"#0"},"west":{"uv":[9,14.5,9.5,15],"rotation":270,"texture":"#0"},"up":{"uv":[9,14.5,9.5,15],"texture":"#0"},"down":{"uv":[9,15,9.5,14.5],"texture":"#0"}}},{"name":"stpatrick_wings_53","from":[13.5,0,14.5],"to":[14,0.5,15.5],"rotation":{"angle":0,"axis":"y","origin":[0,0,0]},"faces":{"north":{"uv":[14,14.5,13.5,15],"texture":"#0"},"east":{"uv":[13.5,14.5,14,15.5],"rotation":90,"texture":"#0"},"south":{"uv":[13.5,15,14,15.5],"texture":"#0"},"west":{"uv":[13.5,14.5,14,15.5],"rotation":270,"texture":"#0"},"up":{"uv":[13.5,14.5,14,15.5],"texture":"#0"},"down":{"uv":[13.5,15.5,14,14.5],"texture":"#0"}}},{"name":"stpatrick_wings_54","from":[14.5,0,14.5],"to":[15,0.5,15],"rotation":{"angle":0,"axis":"y","origin":[0,0,0]},"faces":{"north":{"uv":[15,14.5,14.5,15],"texture":"#0"},"east":{"uv":[14.5,14.5,15,15],"rotation":90,"texture":"#0"},"south":{"uv":[14.5,14.5,15,15],"texture":"#0"},"west":{"uv":[14.5,14.5,15,15],"rotation":270,"texture":"#0"},"up":{"uv":[14.5,14.5,15,15],"texture":"#0"},"down":{"uv":[14.5,15,15,14.5],"texture":"#0"}}},{"name":"stpatrick_wings_55","from":[1.5,0,15],"to":[2,0.5,15.5],"rotation":{"angle":0,"axis":"y","origin":[0,0,0]},"faces":{"north":{"uv":[2,15,1.5,15.5],"texture":"#0"},"east":{"uv":[1.5,15,2,15.5],"rotation":90,"texture":"#0"},"south":{"uv":[1.5,15,2,15.5],"texture":"#0"},"west":{"uv":[1.5,15,2,15.5],"rotation":270,"texture":"#0"},"up":{"uv":[1.5,15,2,15.5],"texture":"#0"},"down":{"uv":[1.5,15.5,2,15],"texture":"#0"}}},{"name":"stpatrick_wings_56","from":[14,0,15],"to":[14.5,0.5,15.5],"rotation":{"angle":0,"axis":"y","origin":[0,0,0]},"faces":{"north":{"uv":[14.5,15,14,15.5],"texture":"#0"},"east":{"uv":[14,15,14.5,15.5],"rotation":90,"texture":"#0"},"south":{"uv":[14,15,14.5,15.5],"texture":"#0"},"west":{"uv":[14,15,14.5,15.5],"rotation":270,"texture":"#0"},"up":{"uv":[14,15,14.5,15.5],"texture":"#0"},"down":{"uv":[14,15.5,14.5,15],"texture":"#0"}}},{"name":"stpatrick_wings_57","from":[5.5,0,15.5],"to":[6,0.5,16],"rotation":{"angle":0,"axis":"y","origin":[0,0,0]},"faces":{"north":{"uv":[6,15.5,5.5,16],"texture":"#0"},"east":{"uv":[5.5,15.5,6,16],"rotation":90,"texture":"#0"},"south":{"uv":[5.5,15.5,6,16],"texture":"#0"},"west":{"uv":[5.5,15.5,6,16],"rotation":270,"texture":"#0"},"up":{"uv":[5.5,15.5,6,16],"texture":"#0"},"down":{"uv":[5.5,16,6,15.5],"texture":"#0"}}},{"name":"stpatrick_wings_58","from":[10,0,15.5],"to":[10.5,0.5,16],"rotation":{"angle":0,"axis":"y","origin":[0,0,0]},"faces":{"north":{"uv":[10.5,15.5,10,16],"texture":"#0"},"east":{"uv":[10,15.5,10.5,16],"rotation":90,"texture":"#0"},"south":{"uv":[10,15.5,10.5,16],"texture":"#0"},"west":{"uv":[10,15.5,10.5,16],"rotation":270,"texture":"#0"},"up":{"uv":[10,15.5,10.5,16],"texture":"#0"},"down":{"uv":[10,16,10.5,15.5],"texture":"#0"}}}],"gui_light":"front","display":{"thirdperson_righthand":{"rotation":[154,0,90],"translation":[-7.75,0,0],"scale":[0.7,1,0.7]},"thirdperson_lefthand":{"rotation":[154,0,90],"translation":[-7.75,0,0],"scale":[0.7,1,0.7]},"firstperson_righthand":{"rotation":[85,0,42],"translation":[2.5,2,0]},"firstperson_lefthand":{"rotation":[85,0,42],"translation":[2.5,2,0]},"ground":{"translation":[0,6,0]},"gui":{"rotation":[90,0,0]},"fixed":{"rotation":[90,0,0],"translation":[0,0,7.5]}},"groups":[{"name":"stpatrick_wings","origin":[8,8,8],"children":[0,1,2,3,4,5,6,7,8,9,10,11,12,13,14,15,16,17,18,19,20,21,22,23,24,25,26,27,28,29,30,31,32,33,34,35,36,37,38,39,40,41,42,43,44,45,46,47,48,49,50,51,52,53,54,55,56,57,58]}]}