{
	"credit": "Made with Blockbench",
	"texture_size": [128, 128],
	"textures": {
		"0": "item/crates/ancient/ancient_axe"	},
	"elements": [
		{
			"from": [7.724, 6.29915, 0.4037],
			"to": [8.274, 9.29915, 1.4037],
			"rotation": {"angle": -45, "axis": "x", "origin": [7.499, 11.29915, 1.9037]},
			"faces": {
				"north": {"uv": [6.75, 3.5, 6.875, 3.875], "texture": "#0"},
				"east": {"uv": [5.375, 6.75, 5.5, 7.125], "texture": "#0"},
				"south": {"uv": [5.625, 6.75, 5.75, 7.125], "texture": "#0"},
				"west": {"uv": [5.125, 6.625, 5.25, 7], "texture": "#0"},
				"up": {"uv": [7.375, 1.375, 7.25, 1.25], "rotation": 270, "texture": "#0"},
				"down": {"uv": [7.375, 1.5, 7.25, 1.625], "rotation": 90, "texture": "#0"}
			}
		},
		{
			"from": [7.999, 8.54915, -1.3463],
			"to": [7.999, 10.54915, 0.6537],
			"rotation": {"angle": -22.5, "axis": "x", "origin": [7.999, 10.54915, 1.1537]},
			"faces": {
				"north": {"uv": [5.75, 7.25, 5.75, 7.5], "texture": "#0"},
				"east": {"uv": [6.625, 0.875, 6.875, 1.125], "texture": "#0"},
				"south": {"uv": [6.125, 7.25, 6.125, 7.5], "texture": "#0"},
				"west": {"uv": [6.625, 0.5, 6.875, 0.75], "texture": "#0"},
				"up": {"uv": [7.5, 7.125, 7.25, 7.125], "rotation": 270, "texture": "#0"},
				"down": {"uv": [7.625, 0.5, 7.375, 0.5], "rotation": 90, "texture": "#0"}
			}
		},
		{
			"from": [7.999, 8.02403, -1.07854],
			"to": [7.999, 12.02403, 1.92146],
			"rotation": {"angle": 45, "axis": "x", "origin": [7.499, 11.02403, 1.42146]},
			"faces": {
				"north": {"uv": [5.5, 7.25, 5.5, 7.75], "texture": "#0"},
				"east": {"uv": [4.25, 3.75, 4.625, 4.25], "texture": "#0"},
				"south": {"uv": [5.625, 7.25, 5.625, 7.75], "texture": "#0"},
				"west": {"uv": [3.375, 4.25, 3.75, 4.75], "texture": "#0"},
				"up": {"uv": [7.625, 6.875, 7.25, 6.875], "rotation": 270, "texture": "#0"},
				"down": {"uv": [7.625, 7, 7.25, 7], "rotation": 90, "texture": "#0"}
			}
		},
		{
			"from": [7.999, 27.70061, -4.36347],
			"to": [7.999, 29.70061, -3.36347],
			"rotation": {"angle": 45, "axis": "x", "origin": [7.999, 14.95061, 5.38653]},
			"faces": {
				"north": {"uv": [0.875, 6.75, 0.875, 7], "texture": "#0"},
				"east": {"uv": [4.625, 7.125, 4.75, 7.375], "texture": "#0"},
				"south": {"uv": [5.375, 7.25, 5.375, 7.5], "texture": "#0"},
				"west": {"uv": [7.125, 4.375, 7.25, 4.625], "texture": "#0"},
				"up": {"uv": [3.75, 4.875, 3.625, 4.875], "rotation": 270, "texture": "#0"},
				"down": {"uv": [4.125, 5, 4, 5], "rotation": 90, "texture": "#0"}
			}
		},
		{
			"from": [7.524, 25.70061, -4.61347],
			"to": [8.474, 27.70061, -2.61347],
			"rotation": {"angle": 45, "axis": "x", "origin": [7.999, 14.95061, 5.38653]},
			"faces": {
				"north": {"uv": [3.25, 7.125, 3.375, 7.375], "texture": "#0"},
				"east": {"uv": [0, 6.625, 0.25, 6.875], "texture": "#0"},
				"south": {"uv": [3.5, 7.125, 3.625, 7.375], "texture": "#0"},
				"west": {"uv": [6.5, 5.375, 6.75, 5.625], "texture": "#0"},
				"up": {"uv": [7.375, 4.25, 7.125, 4.125], "rotation": 270, "texture": "#0"},
				"down": {"uv": [4.5, 7.125, 4.25, 7.25], "rotation": 90, "texture": "#0"}
			}
		},
		{
			"from": [7.524, 23.70061, -4.61347],
			"to": [8.474, 25.70061, -1.61347],
			"rotation": {"angle": 45, "axis": "x", "origin": [7.999, 14.95061, 5.38653]},
			"faces": {
				"north": {"uv": [7.125, 2.875, 7.25, 3.125], "texture": "#0"},
				"east": {"uv": [5.75, 3.125, 6.125, 3.375], "texture": "#0"},
				"south": {"uv": [3, 7.125, 3.125, 7.375], "texture": "#0"},
				"west": {"uv": [5.625, 5.25, 6, 5.5], "texture": "#0"},
				"up": {"uv": [0.75, 6.875, 0.375, 6.75], "rotation": 270, "texture": "#0"},
				"down": {"uv": [3, 6.75, 2.625, 6.875], "rotation": 90, "texture": "#0"}
			}
		},
		{
			"from": [7.499, 19.50481, -1.90314],
			"to": [8.499, 25.50481, 1.09686],
			"rotation": {"angle": 22.5, "axis": "x", "origin": [7.999, 10.75481, 8.09686]},
			"faces": {
				"north": {"uv": [0.875, 5.625, 1, 6.375], "texture": "#0"},
				"east": {"uv": [0.875, 3.625, 1.25, 4.375], "texture": "#0"},
				"south": {"uv": [2.125, 5.75, 2.25, 6.5], "texture": "#0"},
				"west": {"uv": [3.5, 2, 3.875, 2.75], "texture": "#0"},
				"up": {"uv": [6.5, 6.75, 6.125, 6.625], "rotation": 270, "texture": "#0"},
				"down": {"uv": [7, 6.625, 6.625, 6.75], "rotation": 90, "texture": "#0"}
			}
		},
		{
			"from": [7.999, 23.6403, 10.9711],
			"to": [7.999, 24.6403, 12.9711],
			"rotation": {"angle": 22.5, "axis": "x", "origin": [7.999, 14.3903, 5.2211]},
			"faces": {
				"north": {"uv": [0.875, 3.375, 0.875, 3.5], "texture": "#0"},
				"east": {"uv": [7.125, 2.625, 7.375, 2.75], "texture": "#0"},
				"south": {"uv": [5.375, 1.75, 5.375, 1.875], "texture": "#0"},
				"west": {"uv": [7.125, 2.375, 7.375, 2.5], "texture": "#0"},
				"up": {"uv": [5.75, 2.25, 5.5, 2.25], "rotation": 270, "texture": "#0"},
				"down": {"uv": [7, 6.5, 6.75, 6.5], "rotation": 90, "texture": "#0"}
			}
		},
		{
			"from": [7.524, 23.1403, 8.9711],
			"to": [8.449, 25.1403, 10.9711],
			"rotation": {"angle": 22.5, "axis": "x", "origin": [7.999, 14.3903, 5.2211]},
			"faces": {
				"north": {"uv": [1.75, 7.125, 1.875, 7.375], "texture": "#0"},
				"east": {"uv": [6.5, 5, 6.75, 5.25], "texture": "#0"},
				"south": {"uv": [7.125, 1.75, 7.25, 2], "texture": "#0"},
				"west": {"uv": [3.75, 6.5, 4, 6.75], "texture": "#0"},
				"up": {"uv": [2.25, 7.25, 2, 7.125], "rotation": 270, "texture": "#0"},
				"down": {"uv": [7.375, 2.125, 7.125, 2.25], "rotation": 90, "texture": "#0"}
			}
		},
		{
			"from": [7.524, 22.3903, 6.9711],
			"to": [8.449, 25.3903, 8.9711],
			"rotation": {"angle": 22.5, "axis": "x", "origin": [7.999, 14.3903, 5.2211]},
			"faces": {
				"north": {"uv": [4.625, 6.625, 4.75, 7], "texture": "#0"},
				"east": {"uv": [1.75, 5.75, 2, 6.125], "texture": "#0"},
				"south": {"uv": [4.875, 6.625, 5, 7], "texture": "#0"},
				"west": {"uv": [1.375, 5.75, 1.625, 6.125], "texture": "#0"},
				"up": {"uv": [7.375, 0.375, 7.125, 0.25], "rotation": 270, "texture": "#0"},
				"down": {"uv": [1.625, 7.125, 1.375, 7.25], "rotation": 90, "texture": "#0"}
			}
		},
		{
			"from": [7.499, 18.75481, 9.84686],
			"to": [8.499, 21.75481, 15.84686],
			"rotation": {"angle": -22.5, "axis": "x", "origin": [7.999, 10.75481, 8.09686]},
			"faces": {
				"north": {"uv": [1.5, 6.625, 1.625, 7], "texture": "#0"},
				"east": {"uv": [3, 3.25, 3.75, 3.625], "texture": "#0"},
				"south": {"uv": [3.125, 6.625, 3.25, 7], "texture": "#0"},
				"west": {"uv": [3.25, 0.375, 4, 0.75], "texture": "#0"},
				"up": {"uv": [6.375, 0.5, 5.625, 0.375], "rotation": 270, "texture": "#0"},
				"down": {"uv": [5.625, 5.625, 4.875, 5.75], "rotation": 90, "texture": "#0"}
			}
		},
		{
			"from": [7.999, 18.03084, 7.17153],
			"to": [7.999, 20.03084, 11.17153],
			"rotation": {"angle": 22.5, "axis": "x", "origin": [7.499, 10.78084, 7.42153]},
			"faces": {
				"north": {"uv": [1, 5.25, 1, 5.5], "texture": "#0"},
				"east": {"uv": [5.25, 2.75, 5.75, 3], "texture": "#0"},
				"south": {"uv": [3.375, 6.625, 3.375, 6.875], "texture": "#0"},
				"west": {"uv": [5.25, 2.375, 5.75, 2.625], "texture": "#0"},
				"up": {"uv": [7.75, 5.625, 7.25, 5.625], "rotation": 270, "texture": "#0"},
				"down": {"uv": [7.25, 7.25, 6.75, 7.25], "rotation": 90, "texture": "#0"}
			}
		},
		{
			"from": [7.499, 15.75481, 9.84686],
			"to": [8.499, 17.75481, 13.84686],
			"rotation": {"angle": -22.5, "axis": "x", "origin": [7.999, 10.75481, 8.09686]},
			"faces": {
				"north": {"uv": [0.875, 7.125, 1, 7.375], "texture": "#0"},
				"east": {"uv": [5.25, 1, 5.75, 1.25], "texture": "#0"},
				"south": {"uv": [1.125, 7.125, 1.25, 7.375], "texture": "#0"},
				"west": {"uv": [5.25, 0.625, 5.75, 0.875], "texture": "#0"},
				"up": {"uv": [7, 4.25, 6.5, 4.125], "rotation": 270, "texture": "#0"},
				"down": {"uv": [7, 4.375, 6.5, 4.5], "rotation": 90, "texture": "#0"}
			}
		},
		{
			"from": [7.999, 15.00481, 8.84686],
			"to": [7.999, 17.00481, 12.84686],
			"rotation": {"angle": 22.5, "axis": "x", "origin": [7.999, 10.75481, 8.09686]},
			"faces": {
				"north": {"uv": [3.875, 1.625, 3.875, 1.875], "texture": "#0"},
				"east": {"uv": [0.375, 5.25, 0.875, 5.5], "texture": "#0"},
				"south": {"uv": [4.75, 1.5, 4.75, 1.75], "texture": "#0"},
				"west": {"uv": [4.875, 2, 5.375, 2.25], "texture": "#0"},
				"up": {"uv": [7.75, 5, 7.25, 5], "rotation": 270, "texture": "#0"},
				"down": {"uv": [7.75, 5.5, 7.25, 5.5], "rotation": 90, "texture": "#0"}
			}
		},
		{
			"from": [7.499, 12.50481, 8.09686],
			"to": [8.499, 16.50481, 10.09686],
			"rotation": {"angle": 22.5, "axis": "x", "origin": [7.999, 10.75481, 8.09686]},
			"faces": {
				"north": {"uv": [3.5, 6.5, 3.625, 7], "texture": "#0"},
				"east": {"uv": [5.25, 0, 5.5, 0.5], "texture": "#0"},
				"south": {"uv": [6.5, 3.5, 6.625, 4], "texture": "#0"},
				"west": {"uv": [0, 5.25, 0.25, 5.75], "texture": "#0"},
				"up": {"uv": [7.25, 4, 7, 3.875], "rotation": 270, "texture": "#0"},
				"down": {"uv": [7.375, 0, 7.125, 0.125], "rotation": 90, "texture": "#0"}
			}
		},
		{
			"from": [7.499, 9.75481, 5.84686],
			"to": [8.499, 10.75481, 9.84686],
			"rotation": {"angle": 22.5, "axis": "x", "origin": [7.999, 10.75481, 8.09686]},
			"faces": {
				"north": {"uv": [7.25, 0.75, 7.375, 0.875], "texture": "#0"},
				"east": {"uv": [6.5, 0, 7, 0.125], "texture": "#0"},
				"south": {"uv": [7.25, 1, 7.375, 1.125], "texture": "#0"},
				"west": {"uv": [6.125, 6.375, 6.625, 6.5], "texture": "#0"},
				"up": {"uv": [7, 0.375, 6.5, 0.25], "rotation": 270, "texture": "#0"},
				"down": {"uv": [0.875, 6.5, 0.375, 6.625], "rotation": 90, "texture": "#0"}
			}
		},
		{
			"from": [6.999, 10.22303, 10.89611],
			"to": [8.999, 12.22303, 11.89611],
			"rotation": {"angle": -22.5, "axis": "x", "origin": [7.999, 6.72303, 4.89611]},
			"faces": {
				"north": {"uv": [5.75, 6.375, 6, 6.625], "texture": "#0"},
				"east": {"uv": [2.75, 7, 2.875, 7.25], "texture": "#0"},
				"south": {"uv": [6.375, 6, 6.625, 6.25], "texture": "#0"},
				"west": {"uv": [2.5, 7, 2.625, 7.25], "texture": "#0"},
				"up": {"uv": [7.125, 3.75, 7, 3.5], "rotation": 270, "texture": "#0"},
				"down": {"uv": [7.125, 6.875, 7, 7.125], "rotation": 90, "texture": "#0"}
			}
		},
		{
			"from": [5.499, 16.985, 3.19259],
			"to": [10.499, 19.985, 6.19259],
			"rotation": {"angle": 45, "axis": "x", "origin": [7.999, 23.485, 6.69259]},
			"faces": {
				"north": {"uv": [2.375, 3.75, 3, 4.125], "texture": "#0"},
				"east": {"uv": [2.375, 4.875, 2.75, 5.25], "texture": "#0"},
				"south": {"uv": [3.125, 3.75, 3.75, 4.125], "texture": "#0"},
				"west": {"uv": [4.875, 1.5, 5.25, 1.875], "texture": "#0"},
				"up": {"uv": [0.75, 4.375, 0.375, 3.75], "rotation": 270, "texture": "#0"},
				"down": {"uv": [4.25, 0.875, 3.875, 1.5], "rotation": 90, "texture": "#0"}
			}
		},
		{
			"from": [4.499, 19.985, 3.19259],
			"to": [11.499, 25.985, 10.19259],
			"rotation": {"angle": 45, "axis": "x", "origin": [7.999, 23.485, 6.69259]},
			"faces": {
				"north": {"uv": [1, 0.875, 1.875, 1.625], "texture": "#0"},
				"east": {"uv": [1, 1.75, 1.875, 2.5], "texture": "#0"},
				"south": {"uv": [0, 2, 0.875, 2.75], "texture": "#0"},
				"west": {"uv": [1, 0, 1.875, 0.75], "texture": "#0"},
				"up": {"uv": [0.875, 0.875, 0, 0], "rotation": 270, "texture": "#0"},
				"down": {"uv": [0.875, 1, 0, 1.875], "rotation": 90, "texture": "#0"}
			}
		},
		{
			"from": [6.999, 18.485, -1.30741],
			"to": [8.999, 21.485, 7.69259],
			"rotation": {"angle": 0, "axis": "z", "origin": [7.499, 17.735, -3.55741]},
			"faces": {
				"north": {"uv": [3.625, 5.625, 3.875, 6], "texture": "#0"},
				"east": {"uv": [2.625, 1.5, 3.75, 1.875], "texture": "#0"},
				"south": {"uv": [5.625, 4.75, 5.875, 5.125], "texture": "#0"},
				"west": {"uv": [2.625, 1, 3.75, 1.375], "texture": "#0"},
				"up": {"uv": [4.125, 3.125, 3, 2.875], "rotation": 270, "texture": "#0"},
				"down": {"uv": [4.375, 0, 3.25, 0.25], "rotation": 90, "texture": "#0"}
			}
		},
		{
			"from": [7.524, 14.25445, -1.94856],
			"to": [8.474, 20.25445, 1.05144],
			"rotation": {"angle": -45, "axis": "x", "origin": [7.499, 17.25445, -3.44856]},
			"faces": {
				"north": {"uv": [0.375, 5.625, 0.5, 6.375], "texture": "#0"},
				"east": {"uv": [3, 2, 3.375, 2.75], "texture": "#0"},
				"south": {"uv": [0.625, 5.625, 0.75, 6.375], "texture": "#0"},
				"west": {"uv": [0.375, 2.875, 0.75, 3.625], "texture": "#0"},
				"up": {"uv": [7, 3.125, 6.625, 3], "rotation": 270, "texture": "#0"},
				"down": {"uv": [4.5, 6.625, 4.125, 6.75], "rotation": 90, "texture": "#0"}
			}
		},
		{
			"from": [7.998, 19.04684, -6.17627],
			"to": [7.998, 26.04684, -2.17627],
			"rotation": {"angle": 0, "axis": "z", "origin": [7.498, 9.79684, 2.32373]},
			"faces": {
				"north": {"uv": [4, 7.25, 4, 8.125], "texture": "#0"},
				"east": {"uv": [1, 2.625, 1.5, 3.5], "texture": "#0"},
				"south": {"uv": [4.125, 7.25, 4.125, 8.125], "texture": "#0"},
				"west": {"uv": [2.625, 0, 3.125, 0.875], "texture": "#0"},
				"up": {"uv": [7.625, 6.75, 7.125, 6.75], "rotation": 270, "texture": "#0"},
				"down": {"uv": [7.75, 4.875, 7.25, 4.875], "rotation": 90, "texture": "#0"}
			}
		},
		{
			"from": [7.999, 13.54915, -2.5963],
			"to": [7.999, 21.54915, -1.5963],
			"rotation": {"angle": -22.5, "axis": "x", "origin": [7.499, 11.29915, 1.9037]},
			"faces": {
				"north": {"uv": [3.75, 7.25, 3.75, 8.25], "texture": "#0"},
				"east": {"uv": [4.625, 5.125, 4.75, 6.125], "texture": "#0"},
				"south": {"uv": [3.875, 7.25, 3.875, 8.25], "texture": "#0"},
				"west": {"uv": [4.375, 5.125, 4.5, 6.125], "texture": "#0"},
				"up": {"uv": [2.875, 3.625, 2.75, 3.625], "rotation": 270, "texture": "#0"},
				"down": {"uv": [1.875, 4.25, 1.75, 4.25], "rotation": 90, "texture": "#0"}
			}
		},
		{
			"from": [7.999, 8.54915, -0.3463],
			"to": [7.999, 12.54915, 2.6537],
			"rotation": {"angle": 0, "axis": "z", "origin": [7.499, 11.54915, 2.1537]},
			"faces": {
				"north": {"uv": [0.5, 7.25, 0.5, 7.75], "texture": "#0"},
				"east": {"uv": [4.25, 3.125, 4.625, 3.625], "texture": "#0"},
				"south": {"uv": [7.25, 3.25, 7.25, 3.75], "texture": "#0"},
				"west": {"uv": [2.875, 4.25, 3.25, 4.75], "texture": "#0"},
				"up": {"uv": [7.5, 4.75, 7.125, 4.75], "rotation": 270, "texture": "#0"},
				"down": {"uv": [7.5, 5.375, 7.125, 5.375], "rotation": 90, "texture": "#0"}
			}
		},
		{
			"from": [7.649, 19.25445, -5.19856],
			"to": [8.349, 23.25445, -2.19856],
			"rotation": {"angle": 0, "axis": "z", "origin": [7.499, 17.25445, -3.44856]},
			"faces": {
				"north": {"uv": [1.375, 3.625, 1.5, 4.125], "texture": "#0"},
				"east": {"uv": [4.25, 2.5, 4.625, 3], "texture": "#0"},
				"south": {"uv": [1.875, 6.25, 2, 6.75], "texture": "#0"},
				"west": {"uv": [2.375, 4.25, 2.75, 4.75], "texture": "#0"},
				"up": {"uv": [7, 2.625, 6.625, 2.5], "rotation": 270, "texture": "#0"},
				"down": {"uv": [7, 2.75, 6.625, 2.875], "rotation": 90, "texture": "#0"}
			}
		},
		{
			"from": [7.674, 10.83759, -0.73957],
			"to": [8.324, 20.83759, 3.26043],
			"rotation": {"angle": -22.5, "axis": "x", "origin": [7.499, 8.83759, 1.01043]},
			"faces": {
				"north": {"uv": [2.125, 4.375, 2.25, 5.625], "texture": "#0"},
				"east": {"uv": [2, 1.375, 2.5, 2.625], "texture": "#0"},
				"south": {"uv": [1.125, 4.5, 1.25, 5.75], "texture": "#0"},
				"west": {"uv": [2, 0, 2.5, 1.25], "texture": "#0"},
				"up": {"uv": [6.625, 5.875, 6.125, 5.75], "rotation": 270, "texture": "#0"},
				"down": {"uv": [6.75, 3.25, 6.25, 3.375], "rotation": 90, "texture": "#0"}
			}
		},
		{
			"from": [7.699, 7.96903, -1.08263],
			"to": [8.299, 9.96903, 1.91737],
			"rotation": {"angle": 22.5, "axis": "x", "origin": [7.499, 9.71903, 3.91737]},
			"faces": {
				"north": {"uv": [0.625, 7, 0.75, 7.25], "texture": "#0"},
				"east": {"uv": [5.625, 0, 6, 0.25], "texture": "#0"},
				"south": {"uv": [7, 0.75, 7.125, 1], "texture": "#0"},
				"west": {"uv": [3.125, 5.5, 3.5, 5.75], "texture": "#0"},
				"up": {"uv": [2.5, 6.75, 2.125, 6.625], "rotation": 270, "texture": "#0"},
				"down": {"uv": [7, 2.25, 6.625, 2.375], "rotation": 90, "texture": "#0"}
			}
		},
		{
			"from": [7.999, 6.29915, -0.0963],
			"to": [7.999, 9.29915, 1.9037],
			"rotation": {"angle": -45, "axis": "x", "origin": [7.499, 11.29915, 1.9037]},
			"faces": {
				"north": {"uv": [0.875, 2.875, 0.875, 3.25], "texture": "#0"},
				"east": {"uv": [2.75, 5.5, 3, 5.875], "texture": "#0"},
				"south": {"uv": [4.875, 5.125, 4.875, 5.5], "texture": "#0"},
				"west": {"uv": [5.5, 1.75, 5.75, 2.125], "texture": "#0"},
				"up": {"uv": [2.625, 3.625, 2.375, 3.625], "rotation": 270, "texture": "#0"},
				"down": {"uv": [4.625, 2.375, 4.375, 2.375], "rotation": 90, "texture": "#0"}
			}
		},
		{
			"from": [7.749, 6.71903, 3.91737],
			"to": [8.249, 7.71903, 4.91737],
			"rotation": {"angle": 0, "axis": "z", "origin": [7.499, 9.71903, 3.91737]},
			"faces": {
				"north": {"uv": [7.125, 6, 7.25, 6.125], "texture": "#0"},
				"east": {"uv": [7.125, 6.25, 7.25, 6.375], "texture": "#0"},
				"south": {"uv": [6.375, 7.125, 6.5, 7.25], "texture": "#0"},
				"west": {"uv": [5.875, 7.125, 6, 7.25], "texture": "#0"},
				"up": {"uv": [7.25, 6.625, 7.125, 6.5], "rotation": 270, "texture": "#0"},
				"down": {"uv": [0.375, 7.25, 0.25, 7.375], "rotation": 90, "texture": "#0"}
			}
		},
		{
			"from": [7.649, 7.71903, 2.91737],
			"to": [8.349, 9.71903, 4.91737],
			"rotation": {"angle": 0, "axis": "z", "origin": [7.499, 9.71903, 3.91737]},
			"faces": {
				"north": {"uv": [6.75, 6.875, 6.875, 7.125], "texture": "#0"},
				"east": {"uv": [5.375, 6.375, 5.625, 6.625], "texture": "#0"},
				"south": {"uv": [0, 7, 0.125, 7.25], "texture": "#0"},
				"west": {"uv": [6.375, 4.625, 6.625, 4.875], "texture": "#0"},
				"up": {"uv": [0.5, 7.125, 0.25, 7], "rotation": 270, "texture": "#0"},
				"down": {"uv": [7.25, 0.5, 7, 0.625], "rotation": 90, "texture": "#0"}
			}
		},
		{
			"from": [7.624, 8.71903, 2.91737],
			"to": [8.374, 10.71903, 4.91737],
			"rotation": {"angle": 22.5, "axis": "x", "origin": [7.499, 9.71903, 3.91737]},
			"faces": {
				"north": {"uv": [6.875, 5.125, 7, 5.375], "texture": "#0"},
				"east": {"uv": [2.75, 6.375, 3, 6.625], "texture": "#0"},
				"south": {"uv": [6.125, 6.875, 6.25, 7.125], "texture": "#0"},
				"west": {"uv": [5, 6.25, 5.25, 6.5], "texture": "#0"},
				"up": {"uv": [7.125, 5.625, 6.875, 5.5], "rotation": 270, "texture": "#0"},
				"down": {"uv": [6.625, 6.875, 6.375, 7], "rotation": 90, "texture": "#0"}
			}
		},
		{
			"from": [7.599, 9.29915, -0.0963],
			"to": [8.399, 12.29915, 2.9037],
			"rotation": {"angle": -45, "axis": "x", "origin": [7.499, 11.29915, 1.9037]},
			"faces": {
				"north": {"uv": [1.25, 6.625, 1.375, 7], "texture": "#0"},
				"east": {"uv": [4.75, 3.875, 5.125, 4.25], "texture": "#0"},
				"south": {"uv": [6.625, 1.25, 6.75, 1.625], "texture": "#0"},
				"west": {"uv": [4.75, 3.375, 5.125, 3.75], "texture": "#0"},
				"up": {"uv": [7, 1.875, 6.625, 1.75], "rotation": 270, "texture": "#0"},
				"down": {"uv": [7, 2, 6.625, 2.125], "rotation": 90, "texture": "#0"}
			}
		},
		{
			"from": [7.574, 11.60572, 0.03068],
			"to": [8.424, 13.60572, 2.03068],
			"rotation": {"angle": -22.5, "axis": "x", "origin": [7.499, 12.60572, 1.03068]},
			"faces": {
				"north": {"uv": [3.75, 6.875, 3.875, 7.125], "texture": "#0"},
				"east": {"uv": [4.625, 6.25, 4.875, 6.5], "texture": "#0"},
				"south": {"uv": [4, 6.875, 4.125, 7.125], "texture": "#0"},
				"west": {"uv": [4.25, 6.25, 4.5, 6.5], "texture": "#0"},
				"up": {"uv": [4.5, 7, 4.25, 6.875], "rotation": 270, "texture": "#0"},
				"down": {"uv": [7.125, 4.875, 6.875, 5], "rotation": 90, "texture": "#0"}
			}
		},
		{
			"from": [7.549, 13.14691, -0.27588],
			"to": [8.449, 16.14691, 1.72412],
			"rotation": {"angle": 0, "axis": "z", "origin": [7.499, 15.14691, 0.72412]},
			"faces": {
				"north": {"uv": [4.125, 0.375, 4.25, 0.75], "texture": "#0"},
				"east": {"uv": [5.375, 4.25, 5.625, 4.625], "texture": "#0"},
				"south": {"uv": [1, 6.625, 1.125, 7], "texture": "#0"},
				"west": {"uv": [2.375, 5.375, 2.625, 5.75], "texture": "#0"},
				"up": {"uv": [2.375, 7, 2.125, 6.875], "rotation": 270, "texture": "#0"},
				"down": {"uv": [7.125, 3.25, 6.875, 3.375], "rotation": 90, "texture": "#0"}
			}
		},
		{
			"from": [7.499, 15.76423, -0.352],
			"to": [8.499, 16.76423, 1.648],
			"rotation": {"angle": 22.5, "axis": "x", "origin": [7.499, 15.76423, 0.648]},
			"faces": {
				"north": {"uv": [7.125, 5.125, 7.25, 5.25], "texture": "#0"},
				"east": {"uv": [6.875, 1.25, 7.125, 1.375], "texture": "#0"},
				"south": {"uv": [7.125, 5.75, 7.25, 5.875], "texture": "#0"},
				"west": {"uv": [6.75, 6.25, 7, 6.375], "texture": "#0"},
				"up": {"uv": [7.125, 1.625, 6.875, 1.5], "rotation": 270, "texture": "#0"},
				"down": {"uv": [2, 6.875, 1.75, 7], "rotation": 90, "texture": "#0"}
			}
		},
		{
			"from": [7.174, 16.07079, 0.52101],
			"to": [8.824, 20.07079, 2.52101],
			"rotation": {"angle": -45, "axis": "x", "origin": [7.999, 17.07079, 1.52101]},
			"faces": {
				"north": {"uv": [1.375, 5.125, 1.625, 5.625], "texture": "#0"},
				"east": {"uv": [1.75, 5.125, 2, 5.625], "texture": "#0"},
				"south": {"uv": [4, 5.125, 4.25, 5.625], "texture": "#0"},
				"west": {"uv": [5, 5, 5.25, 5.5], "texture": "#0"},
				"up": {"uv": [6.5, 3.125, 6.25, 2.875], "rotation": 270, "texture": "#0"},
				"down": {"uv": [3.375, 6.25, 3.125, 6.5], "rotation": 90, "texture": "#0"}
			}
		},
		{
			"from": [7.149, 16.94381, 1.82758],
			"to": [8.849, 18.94381, 3.82758],
			"rotation": {"angle": -22.5, "axis": "x", "origin": [7.999, 17.94381, 2.82758]},
			"faces": {
				"north": {"uv": [1.5, 6.25, 1.75, 6.5], "texture": "#0"},
				"east": {"uv": [6.25, 1.75, 6.5, 2], "texture": "#0"},
				"south": {"uv": [6.25, 2.125, 6.5, 2.375], "texture": "#0"},
				"west": {"uv": [6.25, 1.375, 6.5, 1.625], "texture": "#0"},
				"up": {"uv": [2.625, 6.5, 2.375, 6.25], "rotation": 270, "texture": "#0"},
				"down": {"uv": [6.5, 2.5, 6.25, 2.75], "rotation": 90, "texture": "#0"}
			}
		},
		{
			"from": [7.124, 17.25037, 3.36877],
			"to": [8.874, 19.25037, 5.36877],
			"rotation": {"angle": 0, "axis": "z", "origin": [7.999, 14.25037, 13.86877]},
			"faces": {
				"north": {"uv": [6.125, 5.375, 6.375, 5.625], "texture": "#0"},
				"east": {"uv": [0, 6.25, 0.25, 6.5], "texture": "#0"},
				"south": {"uv": [6.25, 0.625, 6.5, 0.875], "texture": "#0"},
				"west": {"uv": [6.125, 5, 6.375, 5.25], "texture": "#0"},
				"up": {"uv": [6.5, 1.25, 6.25, 1], "rotation": 270, "texture": "#0"},
				"down": {"uv": [1.375, 6.25, 1.125, 6.5], "rotation": 90, "texture": "#0"}
			}
		},
		{
			"from": [7.099, 13.6128, 2.65609],
			"to": [8.899, 15.6128, 4.65609],
			"rotation": {"angle": 22.5, "axis": "x", "origin": [7.999, 10.6128, 13.15609]},
			"faces": {
				"north": {"uv": [3.5, 6.125, 3.75, 6.375], "texture": "#0"},
				"east": {"uv": [6.125, 3.5, 6.375, 3.75], "texture": "#0"},
				"south": {"uv": [3.875, 6.125, 4.125, 6.375], "texture": "#0"},
				"west": {"uv": [6.125, 0, 6.375, 0.25], "texture": "#0"},
				"up": {"uv": [6.375, 4.125, 6.125, 3.875], "rotation": 270, "texture": "#0"},
				"down": {"uv": [6.375, 4.25, 6.125, 4.5], "rotation": 90, "texture": "#0"}
			}
		},
		{
			"from": [7.074, 10.52485, 0.60562],
			"to": [8.924, 12.52485, 2.60562],
			"rotation": {"angle": 45, "axis": "x", "origin": [7.999, 7.52485, 11.10562]},
			"faces": {
				"north": {"uv": [5.25, 5.875, 5.5, 6.125], "texture": "#0"},
				"east": {"uv": [2.75, 6, 3, 6.25], "texture": "#0"},
				"south": {"uv": [6, 4.625, 6.25, 4.875], "texture": "#0"},
				"west": {"uv": [4.875, 5.875, 5.125, 6.125], "texture": "#0"},
				"up": {"uv": [5.875, 6.25, 5.625, 6], "rotation": 270, "texture": "#0"},
				"down": {"uv": [6.25, 6, 6, 6.25], "rotation": 90, "texture": "#0"}
			}
		},
		{
			"from": [7.049, 13.95664, 11.02952],
			"to": [8.949, 18.95664, 13.02952],
			"rotation": {"angle": -22.5, "axis": "x", "origin": [7.999, 5.45664, 8.02952]},
			"faces": {
				"north": {"uv": [0.375, 4.5, 0.625, 5.125], "texture": "#0"},
				"east": {"uv": [0.75, 4.5, 1, 5.125], "texture": "#0"},
				"south": {"uv": [4.625, 4.375, 4.875, 5], "texture": "#0"},
				"west": {"uv": [0, 4.5, 0.25, 5.125], "texture": "#0"},
				"up": {"uv": [6.125, 2.75, 5.875, 2.5], "rotation": 270, "texture": "#0"},
				"down": {"uv": [3.375, 5.875, 3.125, 6.125], "rotation": 90, "texture": "#0"}
			}
		},
		{
			"from": [7.024, 11.22303, 7.39611],
			"to": [8.974, 15.22303, 9.39611],
			"rotation": {"angle": 0, "axis": "z", "origin": [7.999, 6.72303, 4.89611]},
			"faces": {
				"north": {"uv": [3.25, 4.875, 3.5, 5.375], "texture": "#0"},
				"east": {"uv": [3.625, 5, 3.875, 5.5], "texture": "#0"},
				"south": {"uv": [5, 4.375, 5.25, 4.875], "texture": "#0"},
				"west": {"uv": [2.875, 4.875, 3.125, 5.375], "texture": "#0"},
				"up": {"uv": [6.125, 2.375, 5.875, 2.125], "rotation": 270, "texture": "#0"},
				"down": {"uv": [2.625, 5.875, 2.375, 6.125], "rotation": 90, "texture": "#0"}
			}
		},
		{
			"from": [6.999, 8.22303, 8.89611],
			"to": [8.999, 10.22303, 11.89611],
			"rotation": {"angle": -22.5, "axis": "x", "origin": [7.999, 6.72303, 4.89611]},
			"faces": {
				"north": {"uv": [5.875, 1.375, 6.125, 1.625], "texture": "#0"},
				"east": {"uv": [5.25, 3.5, 5.625, 3.75], "texture": "#0"},
				"south": {"uv": [5.875, 1.75, 6.125, 2], "texture": "#0"},
				"west": {"uv": [5.25, 3.125, 5.625, 3.375], "texture": "#0"},
				"up": {"uv": [5.625, 4.125, 5.25, 3.875], "rotation": 270, "texture": "#0"},
				"down": {"uv": [5.75, 1.375, 5.375, 1.625], "rotation": 90, "texture": "#0"}
			}
		},
		{
			"from": [7.499, -9.34225, 21.84099],
			"to": [8.499, -7.34225, 22.84099],
			"rotation": {"angle": 45, "axis": "x", "origin": [7.999, 8.15775, 6.59099]},
			"faces": {
				"north": {"uv": [4.5, 0, 4.625, 0.25], "texture": "#0"},
				"east": {"uv": [1.125, 5.875, 1.25, 6.125], "texture": "#0"},
				"south": {"uv": [5.875, 6.75, 6, 7], "texture": "#0"},
				"west": {"uv": [4, 2.5, 4.125, 2.75], "texture": "#0"},
				"up": {"uv": [5, 7.25, 4.875, 7.125], "rotation": 270, "texture": "#0"},
				"down": {"uv": [5.25, 7.125, 5.125, 7.25], "rotation": 90, "texture": "#0"}
			}
		},
		{
			"from": [6.999, -7.34225, 21.34099],
			"to": [8.999, -6.34225, 23.34099],
			"rotation": {"angle": 45, "axis": "x", "origin": [7.999, 8.15775, 6.59099]},
			"faces": {
				"north": {"uv": [6.75, 4.625, 7, 4.75], "texture": "#0"},
				"east": {"uv": [6.75, 5.75, 7, 5.875], "texture": "#0"},
				"south": {"uv": [6.75, 6, 7, 6.125], "texture": "#0"},
				"west": {"uv": [5.875, 2.875, 6.125, 3], "texture": "#0"},
				"up": {"uv": [6.125, 0.875, 5.875, 0.625], "rotation": 270, "texture": "#0"},
				"down": {"uv": [6.125, 1, 5.875, 1.25], "rotation": 90, "texture": "#0"}
			}
		},
		{
			"from": [6.499, -6.34225, 20.84099],
			"to": [9.499, -3.34225, 23.84099],
			"rotation": {"angle": 45, "axis": "x", "origin": [7.999, 8.15775, 6.59099]},
			"faces": {
				"north": {"uv": [4.75, 0, 5.125, 0.375], "texture": "#0"},
				"east": {"uv": [4.75, 0.5, 5.125, 0.875], "texture": "#0"},
				"south": {"uv": [4.75, 1, 5.125, 1.375], "texture": "#0"},
				"west": {"uv": [4.375, 1.875, 4.75, 2.25], "texture": "#0"},
				"up": {"uv": [5.125, 2.75, 4.75, 2.375], "rotation": 270, "texture": "#0"},
				"down": {"uv": [5.125, 2.875, 4.75, 3.25], "rotation": 90, "texture": "#0"}
			}
		},
		{
			"from": [6.999, 2.22303, 8.89611],
			"to": [8.999, 8.22303, 10.89611],
			"rotation": {"angle": -22.5, "axis": "x", "origin": [7.999, 6.72303, 4.89611]},
			"faces": {
				"north": {"uv": [4, 1.625, 4.25, 2.375], "texture": "#0"},
				"east": {"uv": [3.875, 4.125, 4.125, 4.875], "texture": "#0"},
				"south": {"uv": [1.375, 4.25, 1.625, 5], "texture": "#0"},
				"west": {"uv": [3.875, 3.25, 4.125, 4], "texture": "#0"},
				"up": {"uv": [6, 5.875, 5.75, 5.625], "rotation": 270, "texture": "#0"},
				"down": {"uv": [0.25, 5.875, 0, 6.125], "rotation": 90, "texture": "#0"}
			}
		},
		{
			"from": [7.024, -7.13833, 10.16146],
			"to": [8.974, 4.86167, 12.16146],
			"rotation": {"angle": 0, "axis": "z", "origin": [7.999, 9.86167, -1.83854]},
			"faces": {
				"north": {"uv": [2.625, 2, 2.875, 3.5], "texture": "#0"},
				"east": {"uv": [2, 2.75, 2.25, 4.25], "texture": "#0"},
				"south": {"uv": [0, 2.875, 0.25, 4.375], "texture": "#0"},
				"west": {"uv": [1.625, 2.625, 1.875, 4.125], "texture": "#0"},
				"up": {"uv": [4.25, 6, 4, 5.75], "rotation": 270, "texture": "#0"},
				"down": {"uv": [6, 4.25, 5.75, 4.5], "rotation": 90, "texture": "#0"}
			}
		},
		{
			"from": [7.049, -8.84225, 15.59099],
			"to": [8.949, -3.84225, 17.59099],
			"rotation": {"angle": 22.5, "axis": "x", "origin": [7.999, 8.15775, 6.59099]},
			"faces": {
				"north": {"uv": [4.375, 1.125, 4.625, 1.75], "texture": "#0"},
				"east": {"uv": [1.75, 4.375, 2, 5], "texture": "#0"},
				"south": {"uv": [4.25, 4.375, 4.5, 5], "texture": "#0"},
				"west": {"uv": [4.375, 0.375, 4.625, 1], "texture": "#0"},
				"up": {"uv": [6, 3.75, 5.75, 3.5], "rotation": 270, "texture": "#0"},
				"down": {"uv": [6, 3.875, 5.75, 4.125], "rotation": 90, "texture": "#0"}
			}
		},
		{
			"from": [7.999, 3.71903, 3.91737],
			"to": [7.999, 9.71903, 4.91737],
			"rotation": {"angle": 0, "axis": "z", "origin": [7.499, 9.71903, 3.91737]},
			"faces": {
				"north": {"uv": [2.375, 7.125, 2.375, 7.875], "texture": "#0"},
				"east": {"uv": [5.375, 4.75, 5.5, 5.5], "texture": "#0"},
				"south": {"uv": [6.625, 7.125, 6.625, 7.875], "texture": "#0"},
				"west": {"uv": [2.375, 2.75, 2.5, 3.5], "texture": "#0"},
				"up": {"uv": [3.375, 0.875, 3.25, 0.875], "rotation": 270, "texture": "#0"},
				"down": {"uv": [3.625, 0.875, 3.5, 0.875], "rotation": 90, "texture": "#0"}
			}
		}
	],
	"gui_light": "front",
	"display": {
		"thirdperson_righthand": {
			"translation": [0, 4, -0.5],
			"scale": [0.65, 0.65, 0.65]
		},
		"thirdperson_lefthand": {
			"translation": [0, 4, -0.5],
			"scale": [0.65, 0.65, 0.65]
		},
		"firstperson_righthand": {
			"scale": [0.65, 0.65, 0.65]
		},
		"firstperson_lefthand": {
			"scale": [0.65, 0.65, 0.65]
		},
		"ground": {
			"rotation": [44, -44, -7],
			"scale": [0.25, 0.25, 0.25]
		},
		"gui": {
			"rotation": [98, -128, 107],
			"translation": [-0.75, 2, 0],
			"scale": [0.5, 0.5, 0.5]
		},
		"head": {
			"rotation": [-128, -45, -38],
			"translation": [-15.75, 9.5, 0]
		},
		"fixed": {
			"rotation": [90, 120, -90],
			"translation": [1, 0.5, -1],
			"scale": [0.5, 0.5, 0.5]
		}
	}
}