{
	"textures": {
		"0": "item/crates/ancient/ancient_pickaxe"
	},
	"elements": [
		{
			"from": [4.5, 21, 7.5],
			"to": [5.5, 28, 8.5],
			"rotation": {"angle": -45, "axis": "y", "origin": [5, 24.5, 8]},
			"faces": {
				"north": {"uv": [2, 5.875, 2.125, 6.75], "texture": "#0"},
				"east": {"uv": [5.875, 5.75, 6, 6.625], "texture": "#0"},
				"south": {"uv": [2.25, 6, 2.375, 6.875], "texture": "#0"},
				"west": {"uv": [2.5, 6, 2.625, 6.875], "texture": "#0"},
				"up": {"uv": [5.5, 3.125, 5.375, 3], "texture": "#0"},
				"down": {"uv": [1.875, 6.375, 1.75, 6.5], "texture": "#0"}
			}
		},
		{
			"from": [1.5, 23, 7.5],
			"to": [2.5, 28, 8.5],
			"rotation": {"angle": -45, "axis": "y", "origin": [2, 25.5, 8]},
			"faces": {
				"north": {"uv": [4.75, 6.125, 4.875, 6.75], "texture": "#0"},
				"east": {"uv": [5, 6.125, 5.125, 6.75], "texture": "#0"},
				"south": {"uv": [6.125, 5.5, 6.25, 6.125], "texture": "#0"},
				"west": {"uv": [5.25, 6.25, 5.375, 6.875], "texture": "#0"},
				"up": {"uv": [1.875, 6.75, 1.75, 6.625], "texture": "#0"},
				"down": {"uv": [5.125, 6.875, 5, 7], "texture": "#0"}
			}
		},
		{
			"from": [10.5, 21, 7.5],
			"to": [11.5, 28, 8.5],
			"rotation": {"angle": 45, "axis": "y", "origin": [11, 24.5, 8]},
			"faces": {
				"north": {"uv": [6.125, 0.25, 6.25, 1.125], "texture": "#0"},
				"east": {"uv": [6.125, 1.25, 6.25, 2.125], "texture": "#0"},
				"south": {"uv": [6.125, 2.25, 6.25, 3.125], "texture": "#0"},
				"west": {"uv": [2.75, 6.125, 2.875, 7], "texture": "#0"},
				"up": {"uv": [7.125, 3.875, 7, 3.75], "texture": "#0"},
				"down": {"uv": [7.125, 4.25, 7, 4.375], "texture": "#0"}
			}
		},
		{
			"from": [13.5, 23, 7.5],
			"to": [14.5, 28, 8.5],
			"rotation": {"angle": 45, "axis": "y", "origin": [14, 25.5, 8]},
			"faces": {
				"north": {"uv": [5.5, 6.25, 5.625, 6.875], "texture": "#0"},
				"east": {"uv": [6.375, 0.5, 6.5, 1.125], "texture": "#0"},
				"south": {"uv": [6.375, 1.25, 6.5, 1.875], "texture": "#0"},
				"west": {"uv": [1.5, 6.375, 1.625, 7], "texture": "#0"},
				"up": {"uv": [7.125, 3.375, 7, 3.25], "texture": "#0"},
				"down": {"uv": [7.125, 3.5, 7, 3.625], "texture": "#0"}
			}
		},
		{
			"from": [7, 1, 7],
			"to": [9, 32, 9],
			"faces": {
				"north": {"uv": [0, 3.25, 0.25, 7.125], "texture": "#0"},
				"east": {"uv": [0.375, 3.25, 0.625, 7.125], "texture": "#0"},
				"south": {"uv": [0.75, 3.25, 1, 7.125], "texture": "#0"},
				"west": {"uv": [1.125, 3.25, 1.375, 7.125], "texture": "#0"},
				"up": {"uv": [6.625, 2.25, 6.375, 2], "texture": "#0"},
				"down": {"uv": [6.625, 2.375, 6.375, 2.625], "texture": "#0"}
			}
		},
		{
			"from": [-9, 15, 8],
			"to": [25, 27, 8],
			"faces": {
				"north": {"uv": [0, 0, 4.25, 1.5], "texture": "#0"},
				"east": {"uv": [5.25, 7, 5.25, 8.5], "texture": "#0"},
				"south": {"uv": [0, 1.625, 4.25, 3.125], "texture": "#0"},
				"west": {"uv": [5.375, 7, 5.375, 8.5], "texture": "#0"},
				"up": {"uv": [11.125, 6.75, 6.875, 6.75], "texture": "#0"},
				"down": {"uv": [11.25, 4.5, 7, 4.5], "texture": "#0"}
			}
		},
		{
			"from": [7, 17, 6.5],
			"to": [11, 18, 9.5],
			"rotation": {"angle": 45, "axis": "z", "origin": [8, 16.5, 8]},
			"faces": {
				"north": {"uv": [6.625, 1.25, 7.125, 1.375], "texture": "#0"},
				"east": {"uv": [6.75, 6, 7.125, 6.125], "texture": "#0"},
				"south": {"uv": [6.625, 1.5, 7.125, 1.625], "texture": "#0"},
				"west": {"uv": [1.75, 6.875, 2.125, 7], "texture": "#0"},
				"up": {"uv": [5.25, 4.875, 4.75, 4.5], "texture": "#0"},
				"down": {"uv": [2, 5, 1.5, 5.375], "texture": "#0"}
			}
		},
		{
			"from": [5, 17, 6.525],
			"to": [9, 18, 9.525],
			"rotation": {"angle": -45, "axis": "z", "origin": [8, 16.5, 8]},
			"faces": {
				"north": {"uv": [6.625, 1.75, 7.125, 1.875], "texture": "#0"},
				"east": {"uv": [3, 6.875, 3.375, 7], "texture": "#0"},
				"south": {"uv": [3.375, 6.625, 3.875, 6.75], "texture": "#0"},
				"west": {"uv": [3.5, 6.875, 3.875, 7], "texture": "#0"},
				"up": {"uv": [2.625, 5.375, 2.125, 5], "texture": "#0"},
				"down": {"uv": [5.5, 3.25, 5, 3.625], "texture": "#0"}
			}
		},
		{
			"from": [7, 21, 6.5],
			"to": [11, 22, 9.5],
			"rotation": {"angle": 45, "axis": "z", "origin": [8, 20.5, 8]},
			"faces": {
				"north": {"uv": [6.625, 1.25, 7.125, 1.375], "texture": "#0"},
				"east": {"uv": [6.75, 6, 7.125, 6.125], "texture": "#0"},
				"south": {"uv": [6.625, 1.5, 7.125, 1.625], "texture": "#0"},
				"west": {"uv": [1.75, 6.875, 2.125, 7], "texture": "#0"},
				"up": {"uv": [5.25, 4.875, 4.75, 4.5], "texture": "#0"},
				"down": {"uv": [2, 5, 1.5, 5.375], "texture": "#0"}
			}
		},
		{
			"from": [5, 21, 6.525],
			"to": [9, 22, 9.525],
			"rotation": {"angle": -45, "axis": "z", "origin": [8, 20.5, 8]},
			"faces": {
				"north": {"uv": [6.625, 1.75, 7.125, 1.875], "texture": "#0"},
				"east": {"uv": [3, 6.875, 3.375, 7], "texture": "#0"},
				"south": {"uv": [3.375, 6.625, 3.875, 6.75], "texture": "#0"},
				"west": {"uv": [3.5, 6.875, 3.875, 7], "texture": "#0"},
				"up": {"uv": [2.625, 5.375, 2.125, 5], "texture": "#0"},
				"down": {"uv": [5.5, 3.25, 5, 3.625], "texture": "#0"}
			}
		},
		{
			"from": [6.5, 2, 6.5],
			"to": [9.5, 6, 9.5],
			"faces": {
				"north": {"uv": [2.75, 4.5, 3.125, 5], "texture": "#0"},
				"east": {"uv": [3.25, 4.5, 3.625, 5], "texture": "#0"},
				"south": {"uv": [3.75, 4.5, 4.125, 5], "texture": "#0"},
				"west": {"uv": [4.25, 4.5, 4.625, 5], "texture": "#0"},
				"up": {"uv": [5.75, 6.125, 5.375, 5.75], "texture": "#0"},
				"down": {"uv": [1.875, 5.875, 1.5, 6.25], "texture": "#0"}
			}
		},
		{
			"from": [6.5, 28, 6.5],
			"to": [9.5, 31, 9.5],
			"faces": {
				"north": {"uv": [2.25, 5.5, 2.625, 5.875], "texture": "#0"},
				"east": {"uv": [2.75, 5.625, 3.125, 6], "texture": "#0"},
				"south": {"uv": [5.625, 3, 6, 3.375], "texture": "#0"},
				"west": {"uv": [3.25, 5.625, 3.625, 6], "texture": "#0"},
				"up": {"uv": [6, 3.875, 5.625, 3.5], "texture": "#0"},
				"down": {"uv": [4.125, 5.625, 3.75, 6], "texture": "#0"}
			}
		},
		{
			"from": [0, 27, 6.5],
			"to": [4, 28, 9.5],
			"faces": {
				"north": {"uv": [3.375, 6.375, 3.875, 6.5], "texture": "#0"},
				"east": {"uv": [6.75, 5.5, 7.125, 5.625], "texture": "#0"},
				"south": {"uv": [4, 6.375, 4.5, 6.5], "texture": "#0"},
				"west": {"uv": [6.75, 5.75, 7.125, 5.875], "texture": "#0"},
				"up": {"uv": [2, 4.875, 1.5, 4.5], "texture": "#0"},
				"down": {"uv": [2.625, 4.5, 2.125, 4.875], "texture": "#0"}
			}
		},
		{
			"from": [12, 27, 6.5],
			"to": [16, 28, 9.5],
			"rotation": {"angle": 0, "axis": "y", "origin": [16, 0, 0]},
			"faces": {
				"north": {"uv": [6.75, 2.5, 7.25, 2.625], "texture": "#0"},
				"east": {"uv": [6.875, 6.25, 7.25, 6.375], "texture": "#0"},
				"south": {"uv": [6.75, 2.75, 7.25, 2.875], "texture": "#0"},
				"west": {"uv": [6.875, 6.5, 7.25, 6.625], "texture": "#0"},
				"up": {"uv": [4.5, 5.5, 4, 5.125], "texture": "#0"},
				"down": {"uv": [5.875, 0.25, 5.375, 0.625], "texture": "#0"}
			}
		},
		{
			"from": [4, 27, 6],
			"to": [12, 28, 10],
			"rotation": {"angle": 0, "axis": "y", "origin": [16, 0, 0]},
			"faces": {
				"north": {"uv": [5.625, 4, 6.625, 4.125], "texture": "#0"},
				"east": {"uv": [6.75, 3, 7.25, 3.125], "texture": "#0"},
				"south": {"uv": [4.25, 5.875, 5.25, 6], "texture": "#0"},
				"west": {"uv": [6.75, 4, 7.25, 4.125], "texture": "#0"},
				"up": {"uv": [4.875, 3.75, 3.875, 3.25], "texture": "#0"},
				"down": {"uv": [4.875, 3.875, 3.875, 4.375], "texture": "#0"}
			}
		},
		{
			"from": [17, 24, 7],
			"to": [22, 25, 9],
			"faces": {
				"north": {"uv": [6.125, 5, 6.75, 5.125], "texture": "#0"},
				"east": {"uv": [5, 4.25, 5.25, 4.375], "texture": "#0"},
				"south": {"uv": [6.125, 5.25, 6.75, 5.375], "texture": "#0"},
				"west": {"uv": [4.25, 5.625, 4.5, 5.75], "texture": "#0"},
				"up": {"uv": [6, 2.5, 5.375, 2.25], "texture": "#0"},
				"down": {"uv": [6, 2.625, 5.375, 2.875], "texture": "#0"}
			}
		},
		{
			"from": [-6, 24, 7],
			"to": [-1, 25, 9],
			"rotation": {"angle": 0, "axis": "y", "origin": [16, 0, 0]},
			"faces": {
				"north": {"uv": [6.125, 6.25, 6.75, 6.375], "texture": "#0"},
				"east": {"uv": [6.75, 6.875, 7, 7], "texture": "#0"},
				"south": {"uv": [6.375, 0.25, 7, 0.375], "texture": "#0"},
				"west": {"uv": [7, 0.5, 7.25, 0.625], "texture": "#0"},
				"up": {"uv": [2.125, 5.75, 1.5, 5.5], "texture": "#0"},
				"down": {"uv": [5.25, 5.5, 4.625, 5.75], "texture": "#0"}
			}
		},
		{
			"from": [-1, 24, 6.5],
			"to": [17, 25, 9.5],
			"rotation": {"angle": 0, "axis": "y", "origin": [16, 0, 0]},
			"faces": {
				"north": {"uv": [1.5, 4.25, 3.75, 4.375], "texture": "#0"},
				"east": {"uv": [5.75, 6.875, 6.125, 7], "texture": "#0"},
				"south": {"uv": [4.375, 0, 6.625, 0.125], "texture": "#0"},
				"west": {"uv": [6.25, 6.875, 6.625, 7], "texture": "#0"},
				"up": {"uv": [3.75, 3.625, 1.5, 3.25], "texture": "#0"},
				"down": {"uv": [3.75, 3.75, 1.5, 4.125], "texture": "#0"}
			}
		},
		{
			"from": [8.5, 28, 7],
			"to": [13.5, 30, 9],
			"faces": {
				"north": {"uv": [5.375, 0.75, 6, 1], "texture": "#0"},
				"east": {"uv": [6.375, 2.75, 6.625, 3], "texture": "#0"},
				"south": {"uv": [5.375, 1.125, 6, 1.375], "texture": "#0"},
				"west": {"uv": [3, 6.375, 3.25, 6.625], "texture": "#0"},
				"up": {"uv": [6, 1.75, 5.375, 1.5], "texture": "#0"},
				"down": {"uv": [6, 1.875, 5.375, 2.125], "texture": "#0"}
			}
		},
		{
			"from": [12.92702, 27.11941, 7],
			"to": [19.92702, 29.11941, 9],
			"rotation": {"angle": -22.5, "axis": "z", "origin": [15.42702, 28.11941, 8]},
			"faces": {
				"north": {"uv": [4.375, 0.25, 5.25, 0.5], "texture": "#0"},
				"east": {"uv": [6.375, 5.5, 6.625, 5.75], "texture": "#0"},
				"south": {"uv": [4.375, 0.625, 5.25, 0.875], "texture": "#0"},
				"west": {"uv": [6.375, 5.875, 6.625, 6.125], "texture": "#0"},
				"up": {"uv": [5.25, 1.25, 4.375, 1], "texture": "#0"},
				"down": {"uv": [5.25, 1.375, 4.375, 1.625], "texture": "#0"}
			}
		},
		{
			"from": [19.92702, 27.11941, 7.5],
			"to": [25.92702, 28.11941, 8.5],
			"rotation": {"angle": -22.5, "axis": "z", "origin": [15.42702, 28.11941, 8]},
			"faces": {
				"north": {"uv": [3, 6.125, 3.75, 6.25], "texture": "#0"},
				"east": {"uv": [7, 0.75, 7.125, 0.875], "texture": "#0"},
				"south": {"uv": [6.125, 3.25, 6.875, 3.375], "texture": "#0"},
				"west": {"uv": [7, 1, 7.125, 1.125], "texture": "#0"},
				"up": {"uv": [6.875, 3.625, 6.125, 3.5], "texture": "#0"},
				"down": {"uv": [6.875, 3.75, 6.125, 3.875], "texture": "#0"}
			}
		},
		{
			"from": [2.5, 28, 7],
			"to": [7.5, 30, 9],
			"rotation": {"angle": 0, "axis": "y", "origin": [16, 0, 0]},
			"faces": {
				"north": {"uv": [5.375, 4.25, 6, 4.5], "texture": "#0"},
				"east": {"uv": [6.625, 0.5, 6.875, 0.75], "texture": "#0"},
				"south": {"uv": [5.375, 4.625, 6, 4.875], "texture": "#0"},
				"west": {"uv": [6.625, 0.875, 6.875, 1.125], "texture": "#0"},
				"up": {"uv": [6, 5.25, 5.375, 5], "texture": "#0"},
				"down": {"uv": [6, 5.375, 5.375, 5.625], "texture": "#0"}
			}
		},
		{
			"from": [-3.92702, 27.11941, 7],
			"to": [3.07298, 29.11941, 9],
			"rotation": {"angle": 22.5, "axis": "z", "origin": [0.57298, 28.11941, 8]},
			"faces": {
				"north": {"uv": [4.375, 1.75, 5.25, 2], "texture": "#0"},
				"east": {"uv": [6.125, 6.5, 6.375, 6.75], "texture": "#0"},
				"south": {"uv": [4.375, 2.125, 5.25, 2.375], "texture": "#0"},
				"west": {"uv": [6.5, 6.5, 6.75, 6.75], "texture": "#0"},
				"up": {"uv": [5.25, 2.75, 4.375, 2.5], "texture": "#0"},
				"down": {"uv": [5.25, 2.875, 4.375, 3.125], "texture": "#0"}
			}
		},
		{
			"from": [-9.92702, 27.11941, 7.5],
			"to": [-3.92702, 28.11941, 8.5],
			"rotation": {"angle": 22.5, "axis": "z", "origin": [0.57298, 28.11941, 8]},
			"faces": {
				"north": {"uv": [3.875, 6.125, 4.625, 6.25], "texture": "#0"},
				"east": {"uv": [2.25, 7, 2.375, 7.125], "texture": "#0"},
				"south": {"uv": [6.125, 4.25, 6.875, 4.375], "texture": "#0"},
				"west": {"uv": [2.5, 7, 2.625, 7.125], "texture": "#0"},
				"up": {"uv": [6.875, 4.625, 6.125, 4.5], "texture": "#0"},
				"down": {"uv": [6.875, 4.75, 6.125, 4.875], "texture": "#0"}
			}
		}
	],
	"gui_light": "front",
	"display": {
		"thirdperson_righthand": {
			"rotation": [0, 90, 0],
			"translation": [0, -3.5, 1.5],
			"scale": [0.5, 0.5, 0.5]
		},
		"thirdperson_lefthand": {
			"rotation": [0, 90, 0],
			"translation": [0, -3.5, 1.5],
			"scale": [0.5, 0.5, 0.5]
		},
		"firstperson_righthand": {
			"rotation": [0, 90, 0],
			"translation": [0, -2.75, 0],
			"scale": [0.5, 0.5, 0.5]
		},
		"firstperson_lefthand": {
			"rotation": [0, 90, 0],
			"translation": [0, -2.75, 0],
			"scale": [0.5, 0.5, 0.5]
		},
		"ground": {
			"rotation": [-42, 0, 0],
			"scale": [0.3, 0.3, 0.3]
		},
		"gui": {
			"rotation": [-4, -21, -52],
			"translation": [-4.5, -4.75, 0],
			"scale": [0.59, 0.59, 0.59]
		},
		"head": {
			"translation": [0, -1.25, 0]
		},
		"fixed": {
			"rotation": [0, 0, 45],
			"translation": [4, -4.25, -0.75],
			"scale": [0.5, 0.5, 0.5]
		}
	}
}